record_type,utc_date,portwatch_current_calls,portwatch_historical_same_calendar_mean,current_7d,history_7d,relative_orbit_number,platform,orbit_direction,sar_current_density_per_100_km2,sar_historical_matched_median_density_per_100_km2,population_weighted_no2_anomaly_mol_m2,rolling_7d,primary_analysis_day_eligible,series,pixel_id,longitude,latitude,grid_row,grid_col,ghsl_population_persons,valid_days_2022,mean_anomaly_2022_mol_m2,valid_days_2023,mean_anomaly_2023_mol_m2,valid_days_2024,mean_anomaly_2024_mol_m2,valid_days_2025,mean_anomaly_2025_mol_m2,valid_days_2026,mean_anomaly_2026_mol_m2,historical_equal_year_mean_anomaly_mol_m2,event_mean_anomaly_mol_m2,event_minus_history_anomaly_mol_m2,support_rule,interpretation,analysis_id,buffer_km,calendar_days_2026,historical_valid_days_by_year_json,mean_population_coverage_fraction,no2_change_vs_historical_bootstrap_ci95_lower,no2_change_vs_historical_bootstrap_ci95_upper,no2_change_vs_historical_mol_m2,no2_equal_year_historical_mean_mol_m2,no2_mean_anomaly_mol_m2,no2_percent_change_vs_historical,no2_valid_days_2026,observed_population_weighted_no2_change_vs_historical_mol_m2,observed_population_weighted_no2_equal_year_historical_mean_mol_m2,observed_population_weighted_no2_mean_mol_m2,observed_population_weighted_no2_percent_change_vs_historical,phase
port_daily,2026-01-01,0.0,2.0,0.5,1.4375,,,,,,,,,,,,,,,,,,,,,,,,,,,,,,,,,,,,,,,,,,,,,,,
port_daily,2026-01-02,0.0,0.5,0.6,1.35,,,,,,,,,,,,,,,,,,,,,,,,,,,,,,,,,,,,,,,,,,,,,,,
port_daily,2026-01-03,1.0,2.25,0.8333333333333334,1.25,,,,,,,,,,,,,,,,,,,,,,,,,,,,,,,,,,,,,,,,,,,,,,,
port_daily,2026-01-04,1.0,1.0,0.7142857142857143,1.1785714285714286,,,,,,,,,,,,,,,,,,,,,,,,,,,,,,,,,,,,,,,,,,,,,,,
port_daily,2026-01-05,1.0,1.0,0.7142857142857143,0.9642857142857143,,,,,,,,,,,,,,,,,,,,,,,,,,,,,,,,,,,,,,,,,,,,,,,
port_daily,2026-01-06,2.0,0.75,0.8571428571428571,0.9642857142857143,,,,,,,,,,,,,,,,,,,,,,,,,,,,,,,,,,,,,,,,,,,,,,,
port_daily,2026-01-07,0.0,0.75,0.8571428571428571,0.9285714285714286,,,,,,,,,,,,,,,,,,,,,,,,,,,,,,,,,,,,,,,,,,,,,,,
port_daily,2026-01-08,0.0,0.5,0.7142857142857143,0.9285714285714286,,,,,,,,,,,,,,,,,,,,,,,,,,,,,,,,,,,,,,,,,,,,,,,
port_daily,2026-01-09,1.0,0.5,0.5714285714285714,1.0,,,,,,,,,,,,,,,,,,,,,,,,,,,,,,,,,,,,,,,,,,,,,,,
port_daily,2026-01-10,1.0,2.0,0.2857142857142857,1.1785714285714286,,,,,,,,,,,,,,,,,,,,,,,,,,,,,,,,,,,,,,,,,,,,,,,
port_daily,2026-01-11,0.0,1.0,0.5714285714285714,1.1428571428571428,,,,,,,,,,,,,,,,,,,,,,,,,,,,,,,,,,,,,,,,,,,,,,,
port_daily,2026-01-12,0.0,1.5,0.8571428571428571,1.25,,,,,,,,,,,,,,,,,,,,,,,,,,,,,,,,,,,,,,,,,,,,,,,
port_daily,2026-01-13,0.0,2.0,0.7142857142857143,1.25,,,,,,,,,,,,,,,,,,,,,,,,,,,,,,,,,,,,,,,,,,,,,,,
port_daily,2026-01-14,2.0,0.5,0.7142857142857143,1.3214285714285714,,,,,,,,,,,,,,,,,,,,,,,,,,,,,,,,,,,,,,,,,,,,,,,
port_daily,2026-01-15,2.0,1.25,0.7142857142857143,1.25,,,,,,,,,,,,,,,,,,,,,,,,,,,,,,,,,,,,,,,,,,,,,,,
port_daily,2026-01-16,0.0,0.5,1.0,1.2857142857142858,,,,,,,,,,,,,,,,,,,,,,,,,,,,,,,,,,,,,,,,,,,,,,,
port_daily,2026-01-17,1.0,2.5,1.0,1.2857142857142858,,,,,,,,,,,,,,,,,,,,,,,,,,,,,,,,,,,,,,,,,,,,,,,
port_daily,2026-01-18,0.0,0.5,0.7142857142857143,1.2857142857142858,,,,,,,,,,,,,,,,,,,,,,,,,,,,,,,,,,,,,,,,,,,,,,,
port_daily,2026-01-19,2.0,1.75,0.5714285714285714,1.25,,,,,,,,,,,,,,,,,,,,,,,,,,,,,,,,,,,,,,,,,,,,,,,
port_daily,2026-01-20,0.0,2.0,0.8571428571428571,1.3571428571428572,,,,,,,,,,,,,,,,,,,,,,,,,,,,,,,,,,,,,,,,,,,,,,,
port_daily,2026-01-21,0.0,0.5,1.0,1.25,,,,,,,,,,,,,,,,,,,,,,,,,,,,,,,,,,,,,,,,,,,,,,,
port_daily,2026-01-22,1.0,1.0,1.1428571428571428,1.3214285714285714,,,,,,,,,,,,,,,,,,,,,,,,,,,,,,,,,,,,,,,,,,,,,,,
port_daily,2026-01-23,2.0,1.25,0.8571428571428571,1.3214285714285714,,,,,,,,,,,,,,,,,,,,,,,,,,,,,,,,,,,,,,,,,,,,,,,
port_daily,2026-01-24,2.0,1.75,1.1428571428571428,1.2857142857142858,,,,,,,,,,,,,,,,,,,,,,,,,,,,,,,,,,,,,,,,,,,,,,,
port_daily,2026-01-25,1.0,1.0,1.2857142857142858,1.4642857142857142,,,,,,,,,,,,,,,,,,,,,,,,,,,,,,,,,,,,,,,,,,,,,,,
port_daily,2026-01-26,0.0,1.75,1.2857142857142858,1.5357142857142858,,,,,,,,,,,,,,,,,,,,,,,,,,,,,,,,,,,,,,,,,,,,,,,
port_daily,2026-01-27,2.0,1.75,1.2857142857142858,1.5357142857142858,,,,,,,,,,,,,,,,,,,,,,,,,,,,,,,,,,,,,,,,,,,,,,,
port_daily,2026-01-28,1.0,1.75,1.0,1.4285714285714286,,,,,,,,,,,,,,,,,,,,,,,,,,,,,,,,,,,,,,,,,,,,,,,
port_daily,2026-01-29,1.0,1.5,0.8571428571428571,1.6428571428571428,,,,,,,,,,,,,,,,,,,,,,,,,,,,,,,,,,,,,,,,,,,,,,,
port_daily,2026-01-30,2.0,1.25,1.4285714285714286,1.5357142857142858,,,,,,,,,,,,,,,,,,,,,,,,,,,,,,,,,,,,,,,,,,,,,,,
port_daily,2026-01-31,0.0,1.0,1.2857142857142858,1.3928571428571428,,,,,,,,,,,,,,,,,,,,,,,,,,,,,,,,,,,,,,,,,,,,,,,
port_daily,2026-02-01,0.0,2.5,1.2857142857142858,1.4285714285714286,,,,,,,,,,,,,,,,,,,,,,,,,,,,,,,,,,,,,,,,,,,,,,,
port_daily,2026-02-02,4.0,1.0,1.1428571428571428,1.5,,,,,,,,,,,,,,,,,,,,,,,,,,,,,,,,,,,,,,,,,,,,,,,
port_daily,2026-02-03,1.0,0.75,0.8571428571428571,1.4642857142857142,,,,,,,,,,,,,,,,,,,,,,,,,,,,,,,,,,,,,,,,,,,,,,,
port_daily,2026-02-04,1.0,2.0,0.8571428571428571,1.3928571428571428,,,,,,,,,,,,,,,,,,,,,,,,,,,,,,,,,,,,,,,,,,,,,,,
port_daily,2026-02-05,0.0,2.0,1.0,1.2857142857142858,,,,,,,,,,,,,,,,,,,,,,,,,,,,,,,,,,,,,,,,,,,,,,,
port_daily,2026-02-06,0.0,1.0,0.42857142857142855,1.3571428571428572,,,,,,,,,,,,,,,,,,,,,,,,,,,,,,,,,,,,,,,,,,,,,,,
port_daily,2026-02-07,0.0,0.5,0.2857142857142857,1.5,,,,,,,,,,,,,,,,,,,,,,,,,,,,,,,,,,,,,,,,,,,,,,,
port_daily,2026-02-08,1.0,1.75,0.2857142857142857,1.2857142857142858,,,,,,,,,,,,,,,,,,,,,,,,,,,,,,,,,,,,,,,,,,,,,,,
port_daily,2026-02-09,0.0,1.5,0.2857142857142857,1.1428571428571428,,,,,,,,,,,,,,,,,,,,,,,,,,,,,,,,,,,,,,,,,,,,,,,
port_daily,2026-02-10,0.0,1.75,0.2857142857142857,1.2857142857142858,,,,,,,,,,,,,,,,,,,,,,,,,,,,,,,,,,,,,,,,,,,,,,,
port_daily,2026-02-11,1.0,0.5,0.2857142857142857,1.3928571428571428,,,,,,,,,,,,,,,,,,,,,,,,,,,,,,,,,,,,,,,,,,,,,,,
port_daily,2026-02-12,0.0,1.0,0.14285714285714285,1.4285714285714286,,,,,,,,,,,,,,,,,,,,,,,,,,,,,,,,,,,,,,,,,,,,,,,
port_daily,2026-02-13,0.0,2.0,0.14285714285714285,1.4642857142857142,,,,,,,,,,,,,,,,,,,,,,,,,,,,,,,,,,,,,,,,,,,,,,,
port_daily,2026-02-14,0.0,1.25,0.42857142857142855,1.3214285714285714,,,,,,,,,,,,,,,,,,,,,,,,,,,,,,,,,,,,,,,,,,,,,,,
port_daily,2026-02-15,0.0,2.0,0.2857142857142857,1.4285714285714286,,,,,,,,,,,,,,,,,,,,,,,,,,,,,,,,,,,,,,,,,,,,,,,
port_daily,2026-02-16,0.0,1.75,0.7142857142857143,1.3571428571428572,,,,,,,,,,,,,,,,,,,,,,,,,,,,,,,,,,,,,,,,,,,,,,,
port_daily,2026-02-17,2.0,0.75,0.8571428571428571,1.3928571428571428,,,,,,,,,,,,,,,,,,,,,,,,,,,,,,,,,,,,,,,,,,,,,,,
port_daily,2026-02-18,0.0,1.25,1.0,1.25,,,,,,,,,,,,,,,,,,,,,,,,,,,,,,,,,,,,,,,,,,,,,,,
port_daily,2026-02-19,3.0,0.5,1.1428571428571428,1.1428571428571428,,,,,,,,,,,,,,,,,,,,,,,,,,,,,,,,,,,,,,,,,,,,,,,
port_daily,2026-02-20,1.0,2.25,1.4285714285714286,1.1785714285714286,,,,,,,,,,,,,,,,,,,,,,,,,,,,,,,,,,,,,,,,,,,,,,,
port_daily,2026-02-21,1.0,0.25,1.2857142857142858,1.2142857142857142,,,,,,,,,,,,,,,,,,,,,,,,,,,,,,,,,,,,,,,,,,,,,,,
port_daily,2026-02-22,1.0,1.25,1.2857142857142858,1.2857142857142858,,,,,,,,,,,,,,,,,,,,,,,,,,,,,,,,,,,,,,,,,,,,,,,
port_daily,2026-02-23,2.0,2.0,1.0,1.3571428571428572,,,,,,,,,,,,,,,,,,,,,,,,,,,,,,,,,,,,,,,,,,,,,,,
port_daily,2026-02-24,1.0,1.0,1.2857142857142858,1.1785714285714286,,,,,,,,,,,,,,,,,,,,,,,,,,,,,,,,,,,,,,,,,,,,,,,
port_daily,2026-02-25,0.0,1.75,1.1428571428571428,1.3571428571428572,,,,,,,,,,,,,,,,,,,,,,,,,,,,,,,,,,,,,,,,,,,,,,,
port_daily,2026-02-26,1.0,1.0,1.2857142857142858,1.3214285714285714,,,,,,,,,,,,,,,,,,,,,,,,,,,,,,,,,,,,,,,,,,,,,,,
port_daily,2026-02-27,3.0,1.0,1.2857142857142858,1.1785714285714286,,,,,,,,,,,,,,,,,,,,,,,,,,,,,,,,,,,,,,,,,,,,,,,
port_daily,2026-02-28,0.0,1.5,1.1428571428571428,1.1428571428571428,,,,,,,,,,,,,,,,,,,,,,,,,,,,,,,,,,,,,,,,,,,,,,,
port_daily,2026-03-01,2.0,1.0,1.1428571428571428,1.1428571428571428,,,,,,,,,,,,,,,,,,,,,,,,,,,,,,,,,,,,,,,,,,,,,,,
port_daily,2026-03-02,2.0,1.0,1.0,1.1428571428571428,,,,,,,,,,,,,,,,,,,,,,,,,,,,,,,,,,,,,,,,,,,,,,,
port_daily,2026-03-03,0.0,0.75,0.5714285714285714,1.0714285714285714,,,,,,,,,,,,,,,,,,,,,,,,,,,,,,,,,,,,,,,,,,,,,,,
port_daily,2026-03-04,0.0,1.75,0.5714285714285714,1.1071428571428572,,,,,,,,,,,,,,,,,,,,,,,,,,,,,,,,,,,,,,,,,,,,,,,
port_daily,2026-03-05,0.0,1.0,0.2857142857142857,1.0714285714285714,,,,,,,,,,,,,,,,,,,,,,,,,,,,,,,,,,,,,,,,,,,,,,,
port_daily,2026-03-06,0.0,0.5,0.0,1.1428571428571428,,,,,,,,,,,,,,,,,,,,,,,,,,,,,,,,,,,,,,,,,,,,,,,
port_daily,2026-03-07,0.0,1.75,0.0,1.1785714285714286,,,,,,,,,,,,,,,,,,,,,,,,,,,,,,,,,,,,,,,,,,,,,,,
port_daily,2026-03-08,0.0,0.75,0.0,1.2142857142857142,,,,,,,,,,,,,,,,,,,,,,,,,,,,,,,,,,,,,,,,,,,,,,,
port_daily,2026-03-09,0.0,1.5,0.2857142857142857,1.2142857142857142,,,,,,,,,,,,,,,,,,,,,,,,,,,,,,,,,,,,,,,,,,,,,,,
port_daily,2026-03-10,0.0,1.0,0.2857142857142857,1.25,,,,,,,,,,,,,,,,,,,,,,,,,,,,,,,,,,,,,,,,,,,,,,,
port_daily,2026-03-11,0.0,2.0,0.5714285714285714,1.2142857142857142,,,,,,,,,,,,,,,,,,,,,,,,,,,,,,,,,,,,,,,,,,,,,,,
port_daily,2026-03-12,2.0,1.0,0.5714285714285714,1.3571428571428572,,,,,,,,,,,,,,,,,,,,,,,,,,,,,,,,,,,,,,,,,,,,,,,
port_daily,2026-03-13,0.0,0.75,0.7142857142857143,1.2857142857142858,,,,,,,,,,,,,,,,,,,,,,,,,,,,,,,,,,,,,,,,,,,,,,,
port_daily,2026-03-14,2.0,1.5,0.7142857142857143,1.25,,,,,,,,,,,,,,,,,,,,,,,,,,,,,,,,,,,,,,,,,,,,,,,
port_daily,2026-03-15,0.0,1.75,0.7142857142857143,1.1785714285714286,,,,,,,,,,,,,,,,,,,,,,,,,,,,,,,,,,,,,,,,,,,,,,,
port_daily,2026-03-16,1.0,1.0,0.42857142857142855,1.1428571428571428,,,,,,,,,,,,,,,,,,,,,,,,,,,,,,,,,,,,,,,,,,,,,,,
port_daily,2026-03-17,0.0,0.75,0.42857142857142855,1.2857142857142858,,,,,,,,,,,,,,,,,,,,,,,,,,,,,,,,,,,,,,,,,,,,,,,
port_daily,2026-03-18,0.0,1.5,0.14285714285714285,1.25,,,,,,,,,,,,,,,,,,,,,,,,,,,,,,,,,,,,,,,,,,,,,,,
port_daily,2026-03-19,0.0,0.75,0.14285714285714285,1.1785714285714286,,,,,,,,,,,,,,,,,,,,,,,,,,,,,,,,,,,,,,,,,,,,,,,
port_daily,2026-03-20,0.0,1.75,0.0,1.1428571428571428,,,,,,,,,,,,,,,,,,,,,,,,,,,,,,,,,,,,,,,,,,,,,,,
port_daily,2026-03-21,0.0,1.25,0.0,1.1785714285714286,,,,,,,,,,,,,,,,,,,,,,,,,,,,,,,,,,,,,,,,,,,,,,,
port_daily,2026-03-22,0.0,1.25,0.0,1.1785714285714286,,,,,,,,,,,,,,,,,,,,,,,,,,,,,,,,,,,,,,,,,,,,,,,
port_daily,2026-03-23,0.0,0.75,0.14285714285714285,1.25,,,,,,,,,,,,,,,,,,,,,,,,,,,,,,,,,,,,,,,,,,,,,,,
port_daily,2026-03-24,0.0,1.0,0.14285714285714285,1.1428571428571428,,,,,,,,,,,,,,,,,,,,,,,,,,,,,,,,,,,,,,,,,,,,,,,
port_daily,2026-03-25,0.0,1.5,0.2857142857142857,1.0714285714285714,,,,,,,,,,,,,,,,,,,,,,,,,,,,,,,,,,,,,,,,,,,,,,,
port_daily,2026-03-26,1.0,1.25,0.42857142857142855,0.9642857142857143,,,,,,,,,,,,,,,,,,,,,,,,,,,,,,,,,,,,,,,,,,,,,,,
port_daily,2026-03-27,0.0,1.0,0.5714285714285714,1.3214285714285714,,,,,,,,,,,,,,,,,,,,,,,,,,,,,,,,,,,,,,,,,,,,,,,
port_daily,2026-03-28,1.0,0.75,0.5714285714285714,1.3571428571428572,,,,,,,,,,,,,,,,,,,,,,,,,,,,,,,,,,,,,,,,,,,,,,,
port_daily,2026-03-29,1.0,0.5,0.5714285714285714,1.3214285714285714,,,,,,,,,,,,,,,,,,,,,,,,,,,,,,,,,,,,,,,,,,,,,,,
port_daily,2026-03-30,1.0,3.25,0.5714285714285714,1.2857142857142858,,,,,,,,,,,,,,,,,,,,,,,,,,,,,,,,,,,,,,,,,,,,,,,
port_daily,2026-03-31,0.0,1.25,0.5714285714285714,1.2857142857142858,,,,,,,,,,,,,,,,,,,,,,,,,,,,,,,,,,,,,,,,,,,,,,,
port_daily,2026-04-01,0.0,1.25,0.5714285714285714,1.3928571428571428,,,,,,,,,,,,,,,,,,,,,,,,,,,,,,,,,,,,,,,,,,,,,,,
port_daily,2026-04-02,1.0,1.0,0.5714285714285714,1.4642857142857142,,,,,,,,,,,,,,,,,,,,,,,,,,,,,,,,,,,,,,,,,,,,,,,
port_daily,2026-04-03,0.0,1.0,0.42857142857142855,1.2142857142857142,,,,,,,,,,,,,,,,,,,,,,,,,,,,,,,,,,,,,,,,,,,,,,,
port_daily,2026-04-04,1.0,1.5,0.42857142857142855,1.25,,,,,,,,,,,,,,,,,,,,,,,,,,,,,,,,,,,,,,,,,,,,,,,
port_daily,2026-04-05,1.0,1.0,0.8571428571428571,1.2857142857142858,,,,,,,,,,,,,,,,,,,,,,,,,,,,,,,,,,,,,,,,,,,,,,,
port_daily,2026-04-06,0.0,1.5,0.7142857142857143,1.3214285714285714,,,,,,,,,,,,,,,,,,,,,,,,,,,,,,,,,,,,,,,,,,,,,,,
port_daily,2026-04-07,0.0,1.5,0.8571428571428571,1.2857142857142858,,,,,,,,,,,,,,,,,,,,,,,,,,,,,,,,,,,,,,,,,,,,,,,
port_daily,2026-04-08,3.0,1.5,1.0,1.2142857142857142,,,,,,,,,,,,,,,,,,,,,,,,,,,,,,,,,,,,,,,,,,,,,,,
port_daily,2026-04-09,0.0,1.25,1.0,1.3928571428571428,,,,,,,,,,,,,,,,,,,,,,,,,,,,,,,,,,,,,,,,,,,,,,,
port_daily,2026-04-10,1.0,0.75,1.1428571428571428,1.2857142857142858,,,,,,,,,,,,,,,,,,,,,,,,,,,,,,,,,,,,,,,,,,,,,,,
port_daily,2026-04-11,2.0,1.0,1.1428571428571428,1.3214285714285714,,,,,,,,,,,,,,,,,,,,,,,,,,,,,,,,,,,,,,,,,,,,,,,
port_daily,2026-04-12,1.0,2.25,0.7142857142857143,1.3571428571428572,,,,,,,,,,,,,,,,,,,,,,,,,,,,,,,,,,,,,,,,,,,,,,,
port_daily,2026-04-13,1.0,0.75,0.8571428571428571,1.3214285714285714,,,,,,,,,,,,,,,,,,,,,,,,,,,,,,,,,,,,,,,,,,,,,,,
port_daily,2026-04-14,0.0,1.75,0.7142857142857143,1.3214285714285714,,,,,,,,,,,,,,,,,,,,,,,,,,,,,,,,,,,,,,,,,,,,,,,
port_daily,2026-04-15,0.0,1.75,0.5714285714285714,1.25,,,,,,,,,,,,,,,,,,,,,,,,,,,,,,,,,,,,,,,,,,,,,,,
port_daily,2026-04-16,1.0,1.0,0.5714285714285714,1.1428571428571428,,,,,,,,,,,,,,,,,,,,,,,,,,,,,,,,,,,,,,,,,,,,,,,
port_daily,2026-04-17,0.0,0.75,0.8571428571428571,1.1785714285714286,,,,,,,,,,,,,,,,,,,,,,,,,,,,,,,,,,,,,,,,,,,,,,,
port_daily,2026-04-18,1.0,0.5,0.8571428571428571,1.0714285714285714,,,,,,,,,,,,,,,,,,,,,,,,,,,,,,,,,,,,,,,,,,,,,,,
port_daily,2026-04-19,1.0,1.5,1.0,0.9285714285714286,,,,,,,,,,,,,,,,,,,,,,,,,,,,,,,,,,,,,,,,,,,,,,,
port_daily,2026-04-20,3.0,1.0,1.0,0.8928571428571429,,,,,,,,,,,,,,,,,,,,,,,,,,,,,,,,,,,,,,,,,,,,,,,
port_daily,2026-04-21,0.0,1.0,1.2857142857142858,1.0,,,,,,,,,,,,,,,,,,,,,,,,,,,,,,,,,,,,,,,,,,,,,,,
port_daily,2026-04-22,1.0,0.75,1.2857142857142858,1.1071428571428572,,,,,,,,,,,,,,,,,,,,,,,,,,,,,,,,,,,,,,,,,,,,,,,
port_daily,2026-04-23,1.0,0.75,1.4285714285714286,1.0,,,,,,,,,,,,,,,,,,,,,,,,,,,,,,,,,,,,,,,,,,,,,,,
port_daily,2026-04-24,2.0,1.5,1.1428571428571428,0.9642857142857143,,,,,,,,,,,,,,,,,,,,,,,,,,,,,,,,,,,,,,,,,,,,,,,
port_daily,2026-04-25,1.0,1.25,1.2857142857142858,1.0357142857142858,,,,,,,,,,,,,,,,,,,,,,,,,,,,,,,,,,,,,,,,,,,,,,,
port_daily,2026-04-26,2.0,0.75,1.4285714285714286,1.1071428571428572,,,,,,,,,,,,,,,,,,,,,,,,,,,,,,,,,,,,,,,,,,,,,,,
port_daily,2026-04-27,1.0,0.75,1.4285714285714286,1.1428571428571428,,,,,,,,,,,,,,,,,,,,,,,,,,,,,,,,,,,,,,,,,,,,,,,
port_daily,2026-04-28,1.0,1.5,1.4285714285714286,1.0,,,,,,,,,,,,,,,,,,,,,,,,,,,,,,,,,,,,,,,,,,,,,,,
port_daily,2026-04-29,2.0,1.25,1.7142857142857142,0.8928571428571429,,,,,,,,,,,,,,,,,,,,,,,,,,,,,,,,,,,,,,,,,,,,,,,
port_daily,2026-04-30,1.0,1.0,1.5714285714285714,1.0357142857142858,,,,,,,,,,,,,,,,,,,,,,,,,,,,,,,,,,,,,,,,,,,,,,,
port_daily,2026-05-01,2.0,0.5,1.4285714285714286,1.0,,,,,,,,,,,,,,,,,,,,,,,,,,,,,,,,,,,,,,,,,,,,,,,
port_daily,2026-05-02,3.0,0.5,1.4285714285714286,1.0,,,,,,,,,,,,,,,,,,,,,,,,,,,,,,,,,,,,,,,,,,,,,,,
port_daily,2026-05-03,1.0,1.75,1.2857142857142858,1.0,,,,,,,,,,,,,,,,,,,,,,,,,,,,,,,,,,,,,,,,,,,,,,,
port_daily,2026-05-04,0.0,0.5,1.4285714285714286,1.0357142857142858,,,,,,,,,,,,,,,,,,,,,,,,,,,,,,,,,,,,,,,,,,,,,,,
port_daily,2026-05-05,1.0,1.5,1.5714285714285714,1.2142857142857142,,,,,,,,,,,,,,,,,,,,,,,,,,,,,,,,,,,,,,,,,,,,,,,
port_daily,2026-05-06,1.0,1.25,1.1428571428571428,1.2857142857142858,,,,,,,,,,,,,,,,,,,,,,,,,,,,,,,,,,,,,,,,,,,,,,,
port_daily,2026-05-07,2.0,1.25,1.2857142857142858,1.1785714285714286,,,,,,,,,,,,,,,,,,,,,,,,,,,,,,,,,,,,,,,,,,,,,,,
port_daily,2026-05-08,3.0,1.75,1.5714285714285714,1.3928571428571428,,,,,,,,,,,,,,,,,,,,,,,,,,,,,,,,,,,,,,,,,,,,,,,
port_daily,2026-05-09,0.0,1.0,1.4285714285714286,1.25,,,,,,,,,,,,,,,,,,,,,,,,,,,,,,,,,,,,,,,,,,,,,,,
port_daily,2026-05-10,2.0,1.0,1.7142857142857142,1.2142857142857142,,,,,,,,,,,,,,,,,,,,,,,,,,,,,,,,,,,,,,,,,,,,,,,
port_daily,2026-05-11,2.0,2.0,1.8571428571428572,1.1785714285714286,,,,,,,,,,,,,,,,,,,,,,,,,,,,,,,,,,,,,,,,,,,,,,,
port_daily,2026-05-12,0.0,0.5,1.5714285714285714,1.1785714285714286,,,,,,,,,,,,,,,,,,,,,,,,,,,,,,,,,,,,,,,,,,,,,,,
port_daily,2026-05-13,3.0,1.0,1.7142857142857142,1.4642857142857142,,,,,,,,,,,,,,,,,,,,,,,,,,,,,,,,,,,,,,,,,,,,,,,
port_daily,2026-05-14,3.0,1.0,1.7142857142857142,1.3214285714285714,,,,,,,,,,,,,,,,,,,,,,,,,,,,,,,,,,,,,,,,,,,,,,,
port_daily,2026-05-15,1.0,1.75,1.4285714285714286,1.1428571428571428,,,,,,,,,,,,,,,,,,,,,,,,,,,,,,,,,,,,,,,,,,,,,,,
port_daily,2026-05-16,1.0,3.0,1.5714285714285714,1.25,,,,,,,,,,,,,,,,,,,,,,,,,,,,,,,,,,,,,,,,,,,,,,,
port_daily,2026-05-17,2.0,0.0,1.2857142857142858,1.2142857142857142,,,,,,,,,,,,,,,,,,,,,,,,,,,,,,,,,,,,,,,,,,,,,,,
port_daily,2026-05-18,0.0,0.75,0.8571428571428571,1.1785714285714286,,,,,,,,,,,,,,,,,,,,,,,,,,,,,,,,,,,,,,,,,,,,,,,
port_daily,2026-05-19,1.0,1.25,0.7142857142857143,1.0714285714285714,,,,,,,,,,,,,,,,,,,,,,,,,,,,,,,,,,,,,,,,,,,,,,,
port_daily,2026-05-20,1.0,0.75,1.1428571428571428,0.9285714285714286,,,,,,,,,,,,,,,,,,,,,,,,,,,,,,,,,,,,,,,,,,,,,,,
port_daily,2026-05-21,0.0,0.75,1.0,1.1071428571428572,,,,,,,,,,,,,,,,,,,,,,,,,,,,,,,,,,,,,,,,,,,,,,,
port_daily,2026-05-22,0.0,1.0,1.0,1.1428571428571428,,,,,,,,,,,,,,,,,,,,,,,,,,,,,,,,,,,,,,,,,,,,,,,
port_daily,2026-05-23,4.0,2.0,1.1428571428571428,1.2857142857142858,,,,,,,,,,,,,,,,,,,,,,,,,,,,,,,,,,,,,,,,,,,,,,,
port_daily,2026-05-24,1.0,1.25,1.1428571428571428,1.3214285714285714,,,,,,,,,,,,,,,,,,,,,,,,,,,,,,,,,,,,,,,,,,,,,,,
port_daily,2026-05-25,0.0,1.0,1.2857142857142858,1.3571428571428572,,,,,,,,,,,,,,,,,,,,,,,,,,,,,,,,,,,,,,,,,,,,,,,
port_daily,2026-05-26,2.0,2.25,1.2857142857142858,1.5357142857142858,,,,,,,,,,,,,,,,,,,,,,,,,,,,,,,,,,,,,,,,,,,,,,,
port_daily,2026-05-27,1.0,1.0,0.7142857142857143,1.4642857142857142,,,,,,,,,,,,,,,,,,,,,,,,,,,,,,,,,,,,,,,,,,,,,,,
port_daily,2026-05-28,1.0,1.0,0.7142857142857143,1.4285714285714286,,,,,,,,,,,,,,,,,,,,,,,,,,,,,,,,,,,,,,,,,,,,,,,
port_daily,2026-05-29,0.0,2.25,0.8571428571428571,1.5,,,,,,,,,,,,,,,,,,,,,,,,,,,,,,,,,,,,,,,,,,,,,,,
port_daily,2026-05-30,0.0,1.5,1.1428571428571428,1.3928571428571428,,,,,,,,,,,,,,,,,,,,,,,,,,,,,,,,,,,,,,,,,,,,,,,
port_daily,2026-05-31,1.0,1.0,1.2857142857142858,1.5,,,,,,,,,,,,,,,,,,,,,,,,,,,,,,,,,,,,,,,,,,,,,,,
port_daily,2026-06-01,1.0,1.5,1.4285714285714286,1.5357142857142858,,,,,,,,,,,,,,,,,,,,,,,,,,,,,,,,,,,,,,,,,,,,,,,
port_daily,2026-06-02,4.0,1.5,1.5714285714285714,1.3571428571428572,,,,,,,,,,,,,,,,,,,,,,,,,,,,,,,,,,,,,,,,,,,,,,,
port_daily,2026-06-03,2.0,1.75,1.7142857142857142,1.3214285714285714,,,,,,,,,,,,,,,,,,,,,,,,,,,,,,,,,,,,,,,,,,,,,,,
port_daily,2026-06-04,2.0,1.25,1.7142857142857142,1.3571428571428572,,,,,,,,,,,,,,,,,,,,,,,,,,,,,,,,,,,,,,,,,,,,,,,
port_daily,2026-06-05,1.0,1.0,2.0,1.25,,,,,,,,,,,,,,,,,,,,,,,,,,,,,,,,,,,,,,,,,,,,,,,
port_daily,2026-06-06,1.0,1.25,1.4285714285714286,1.2142857142857142,,,,,,,,,,,,,,,,,,,,,,,,,,,,,,,,,,,,,,,,,,,,,,,
port_daily,2026-06-07,1.0,1.25,1.5714285714285714,1.1071428571428572,,,,,,,,,,,,,,,,,,,,,,,,,,,,,,,,,,,,,,,,,,,,,,,
port_daily,2026-06-08,3.0,0.75,1.7142857142857142,1.0714285714285714,,,,,,,,,,,,,,,,,,,,,,,,,,,,,,,,,,,,,,,,,,,,,,,
port_daily,2026-06-09,0.0,1.25,1.8571428571428572,1.0714285714285714,,,,,,,,,,,,,,,,,,,,,,,,,,,,,,,,,,,,,,,,,,,,,,,
port_daily,2026-06-10,3.0,1.0,1.7142857142857142,1.1428571428571428,,,,,,,,,,,,,,,,,,,,,,,,,,,,,,,,,,,,,,,,,,,,,,,
port_daily,2026-06-11,3.0,1.0,1.7142857142857142,1.0357142857142858,,,,,,,,,,,,,,,,,,,,,,,,,,,,,,,,,,,,,,,,,,,,,,,
port_daily,2026-06-12,2.0,1.0,1.2857142857142858,1.1785714285714286,,,,,,,,,,,,,,,,,,,,,,,,,,,,,,,,,,,,,,,,,,,,,,,
port_daily,2026-06-13,0.0,1.75,1.7142857142857142,1.1785714285714286,,,,,,,,,,,,,,,,,,,,,,,,,,,,,,,,,,,,,,,,,,,,,,,
port_daily,2026-06-14,1.0,0.5,1.2857142857142858,1.25,,,,,,,,,,,,,,,,,,,,,,,,,,,,,,,,,,,,,,,,,,,,,,,
port_daily,2026-06-15,0.0,1.75,1.2857142857142858,1.2857142857142858,,,,,,,,,,,,,,,,,,,,,,,,,,,,,,,,,,,,,,,,,,,,,,,
port_daily,2026-06-16,3.0,1.25,1.0,1.3214285714285714,,,,,,,,,,,,,,,,,,,,,,,,,,,,,,,,,,,,,,,,,,,,,,,
port_daily,2026-06-17,0.0,1.5,1.0,1.2142857142857142,,,,,,,,,,,,,,,,,,,,,,,,,,,,,,,,,,,,,,,,,,,,,,,
port_daily,2026-06-18,3.0,1.25,1.1428571428571428,1.3571428571428572,,,,,,,,,,,,,,,,,,,,,,,,,,,,,,,,,,,,,,,,,,,,,,,
port_daily,2026-06-19,0.0,1.25,1.4285714285714286,1.25,,,,,,,,,,,,,,,,,,,,,,,,,,,,,,,,,,,,,,,,,,,,,,,
port_daily,2026-06-20,0.0,1.0,1.2857142857142858,1.1785714285714286,,,,,,,,,,,,,,,,,,,,,,,,,,,,,,,,,,,,,,,,,,,,,,,
port_daily,2026-06-21,2.0,1.5,1.4285714285714286,1.1071428571428572,,,,,,,,,,,,,,,,,,,,,,,,,,,,,,,,,,,,,,,,,,,,,,,
port_daily,2026-06-22,2.0,1.0,1.4285714285714286,1.2142857142857142,,,,,,,,,,,,,,,,,,,,,,,,,,,,,,,,,,,,,,,,,,,,,,,
port_daily,2026-06-23,2.0,0.75,1.7142857142857142,1.2142857142857142,,,,,,,,,,,,,,,,,,,,,,,,,,,,,,,,,,,,,,,,,,,,,,,
port_daily,2026-06-24,1.0,1.0,1.8571428571428572,1.3214285714285714,,,,,,,,,,,,,,,,,,,,,,,,,,,,,,,,,,,,,,,,,,,,,,,
port_daily,2026-06-25,3.0,2.0,1.8571428571428572,1.1785714285714286,,,,,,,,,,,,,,,,,,,,,,,,,,,,,,,,,,,,,,,,,,,,,,,
port_daily,2026-06-26,2.0,1.25,1.7142857142857142,1.2857142857142858,,,,,,,,,,,,,,,,,,,,,,,,,,,,,,,,,,,,,,,,,,,,,,,
port_daily,2026-06-27,1.0,1.75,2.0,1.3214285714285714,,,,,,,,,,,,,,,,,,,,,,,,,,,,,,,,,,,,,,,,,,,,,,,
port_daily,2026-06-28,2.0,0.5,2.1666666666666665,1.375,,,,,,,,,,,,,,,,,,,,,,,,,,,,,,,,,,,,,,,,,,,,,,,
port_daily,2026-06-29,1.0,1.75,2.0,1.25,,,,,,,,,,,,,,,,,,,,,,,,,,,,,,,,,,,,,,,,,,,,,,,
port_daily,2026-06-30,4.0,1.0,2.0,1.25,,,,,,,,,,,,,,,,,,,,,,,,,,,,,,,,,,,,,,,,,,,,,,,
sar_scene,2026-01-03,,,,,57.0,S1A,ASCENDING,20.4947094957,18.4452385461,,,,,,,,,,,,,,,,,,,,,,,,,,,,,,,,,,,,,,,,,,
sar_scene,2026-01-06,,,,,93.0,S1A,DESCENDING,22.5441804453,18.855132736,,,,,,,,,,,,,,,,,,,,,,,,,,,,,,,,,,,,,,,,,,
sar_scene,2026-01-11,,,,,166.0,S1A,DESCENDING,18.2608832789,17.6320640344,,,,,,,,,,,,,,,,,,,,,,,,,,,,,,,,,,,,,,,,,,
sar_scene,2026-01-15,,,,,57.0,S1A,ASCENDING,17.6254501663,14.7561908369,,,,,,,,,,,,,,,,,,,,,,,,,,,,,,,,,,,,,,,,,,
sar_scene,2026-01-18,,,,,93.0,S1A,DESCENDING,19.6749211159,14.7561908369,,,,,,,,,,,,,,,,,,,,,,,,,,,,,,,,,,,,,,,,,,
sar_scene,2026-01-23,,,,,166.0,S1A,DESCENDING,24.8926091354,15.9766249963,,,,,,,,,,,,,,,,,,,,,,,,,,,,,,,,,,,,,,,,,,
sar_scene,2026-01-27,,,,,57.0,S1A,ASCENDING,18.0353443562,17.4205030713,,,,,,,,,,,,,,,,,,,,,,,,,,,,,,,,,,,,,,,,,,
sar_scene,2026-01-30,,,,,93.0,S1A,DESCENDING,19.6749211159,15.1660850268,,,,,,,,,,,,,,,,,,,,,,,,,,,,,,,,,,,,,,,,,,
sar_scene,2026-02-04,,,,,166.0,S1A,DESCENDING,19.5139936094,16.6040920614,,,,,,,,,,,,,,,,,,,,,,,,,,,,,,,,,,,,,,,,,,
sar_scene,2026-02-08,,,,,57.0,S1A,ASCENDING,18.4452385461,21.3144978755,,,,,,,,,,,,,,,,,,,,,,,,,,,,,,,,,,,,,,,,,,
sar_scene,2026-02-11,,,,,93.0,S1A,DESCENDING,20.4947094957,18.2402914512,,,,,,,,,,,,,,,,,,,,,,,,,,,,,,,,,,,,,,,,,,
sar_scene,2026-02-16,,,,,166.0,S1A,DESCENDING,19.0944894964,14.3179126972,,,,,,,,,,,,,,,,,,,,,,,,,,,,,,,,,,,,,,,,,,
sar_scene,2026-02-20,,,,,57.0,S1A,ASCENDING,20.4947094957,17.4205030713,,,,,,,,,,,,,,,,,,,,,,,,,,,,,,,,,,,,,,,,,,
sar_scene,2026-02-23,,,,,93.0,S1A,DESCENDING,20.0848153058,16.1908205016,,,,,,,,,,,,,,,,,,,,,,,,,,,,,,,,,,,,,,,,,,
sar_scene,2026-02-28,,,,,166.0,S1A,DESCENDING,19.5040655602,14.9457755183,,,,,,,,,,,,,,,,,,,,,,,,,,,,,,,,,,,,,,,,,,
sar_scene,2026-03-04,,,,,57.0,S1A,ASCENDING,27.4629107242,18.2402914512,,,,,,,,,,,,,,,,,,,,,,,,,,,,,,,,,,,,,,,,,,
sar_scene,2026-03-07,,,,,93.0,S1A,DESCENDING,34.8410061427,20.4947094957,,,,,,,,,,,,,,,,,,,,,,,,,,,,,,,,,,,,,,,,,,
sar_scene,2026-03-12,,,,,166.0,S1A,DESCENDING,27.8111003649,14.5271531141,,,,,,,,,,,,,,,,,,,,,,,,,,,,,,,,,,,,,,,,,,
sar_scene,2026-03-16,,,,,57.0,S1A,ASCENDING,25.8233339646,19.060079831,,,,,,,,,,,,,,,,,,,,,,,,,,,,,,,,,,,,,,,,,,
sar_scene,2026-03-19,,,,,93.0,S1A,DESCENDING,32.7915351931,18.4452385461,,,,,,,,,,,,,,,,,,,,,,,,,,,,,,,,,,,,,,,,,,
sar_scene,2026-03-24,,,,,166.0,S1A,DESCENDING,27.8113312496,14.7404441746,,,,,,,,,,,,,,,,,,,,,,,,,,,,,,,,,,,,,,,,,,
sar_scene,2026-03-28,,,,,57.0,S1A,ASCENDING,26.2332281545,14.5512437419,,,,,,,,,,,,,,,,,,,,,,,,,,,,,,,,,,,,,,,,,,
sar_scene,2026-03-31,,,,,93.0,S1A,DESCENDING,26.6431223444,17.2155559764,,,,,,,,,,,,,,,,,,,,,,,,,,,,,,,,,,,,,,,,,,
sar_scene,2026-04-05,,,,,166.0,S1A,DESCENDING,24.0839483391,18.2713157896,,,,,,,,,,,,,,,,,,,,,,,,,,,,,,,,,,,,,,,,,,
sar_scene,2026-04-09,,,,,57.0,S1A,ASCENDING,25.8233339646,15.9858734066,,,,,,,,,,,,,,,,,,,,,,,,,,,,,,,,,,,,,,,,,,
sar_scene,2026-04-12,,,,,93.0,S1A,DESCENDING,27.0530165343,18.855132736,,,,,,,,,,,,,,,,,,,,,,,,,,,,,,,,,,,,,,,,,,
sar_scene,2026-04-17,,,,,166.0,S1A,DESCENDING,21.6063848529,19.9001674931,,,,,,,,,,,,,,,,,,,,,,,,,,,,,,,,,,,,,,,,,,
sar_scene,2026-04-21,,,,,57.0,S1A,ASCENDING,27.0530165343,19.4699740209,,,,,,,,,,,,,,,,,,,,,,,,,,,,,,,,,,,,,,,,,,
sar_scene,2026-04-24,,,,,93.0,S1A,DESCENDING,25.0035455847,18.855132736,,,,,,,,,,,,,,,,,,,,,,,,,,,,,,,,,,,,,,,,,,
sar_scene,2026-04-29,,,,,166.0,S1A,DESCENDING,27.4088427571,16.6087422081,,,,,,,,,,,,,,,,,,,,,,,,,,,,,,,,,,,,,,,,,,
sar_scene,2026-05-03,,,,,57.0,S1A,ASCENDING,27.0530165343,20.4947094957,,,,,,,,,,,,,,,,,,,,,,,,,,,,,,,,,,,,,,,,,,
sar_scene,2026-05-06,,,,,93.0,S1A,DESCENDING,25.0035455847,17.6254501663,,,,,,,,,,,,,,,,,,,,,,,,,,,,,,,,,,,,,,,,,,
sar_scene,2026-05-11,,,,,166.0,S1A,DESCENDING,27.8283695691,18.4835834345,,,,,,,,,,,,,,,,,,,,,,,,,,,,,,,,,,,,,,,,,,
sar_scene,2026-05-15,,,,,57.0,S1A,ASCENDING,23.3639688251,19.2650269259,,,,,,,,,,,,,,,,,,,,,,,,,,,,,,,,,,,,,,,,,,
sar_scene,2026-05-18,,,,,93.0,S1A,DESCENDING,28.2826991041,16.6007146915,,,,,,,,,,,,,,,,,,,,,,,,,,,,,,,,,,,,,,,,,,
sar_scene,2026-05-23,,,,,166.0,S1A,DESCENDING,29.0722062233,18.4781700515,,,,,,,,,,,,,,,,,,,,,,,,,,,,,,,,,,,,,,,,,,
sar_scene,2026-05-27,,,,,57.0,S1A,ASCENDING,24.1837572049,18.855132736,,,,,,,,,,,,,,,,,,,,,,,,,,,,,,,,,,,,,,,,,,
sar_scene,2026-05-30,,,,,93.0,S1A,DESCENDING,26.6431223444,16.6007146915,,,,,,,,,,,,,,,,,,,,,,,,,,,,,,,,,,,,,,,,,,
sar_scene,2026-06-04,,,,,166.0,S1A,DESCENDING,26.1803058442,17.4350374817,,,,,,,,,,,,,,,,,,,,,,,,,,,,,,,,,,,,,,,,,,
sar_scene,2026-06-08,,,,,57.0,S1A,ASCENDING,29.1024874839,17.6254501663,,,,,,,,,,,,,,,,,,,,,,,,,,,,,,,,,,,,,,,,,,
sar_scene,2026-06-11,,,,,93.0,S1A,DESCENDING,36.8904770922,19.8798682108,,,,,,,,,,,,,,,,,,,,,,,,,,,,,,,,,,,,,,,,,,
sar_scene,2026-06-16,,,,,166.0,S1A,DESCENDING,32.4265268945,15.779927998,,,,,,,,,,,,,,,,,,,,,,,,,,,,,,,,,,,,,,,,,,
sar_scene,2026-06-20,,,,,57.0,S1A,ASCENDING,30.7420642435,16.1908205016,,,,,,,,,,,,,,,,,,,,,,,,,,,,,,,,,,,,,,,,,,
sar_scene,2026-06-23,,,,,93.0,S1A,DESCENDING,29.9222758637,18.4452385461,,,,,,,,,,,,,,,,,,,,,,,,,,,,,,,,,,,,,,,,,,
sar_scene,2026-06-28,,,,,166.0,S1A,DESCENDING,27.840488131,12.6675578537,,,,,,,,,,,,,,,,,,,,,,,,,,,,,,,,,,,,,,,,,,
no2_daily,2026-01-01,,,,,,,,,,2.60208674961e-05,3.0451851872024998e-05,True,event_2026,,,,,,,,,,,,,,,,,,,,,,,,,,,,,,,,,,,,,,
no2_daily,2026-01-02,,,,,,,,,,2.48914796324e-05,2.5493841071149997e-05,True,event_2026,,,,,,,,,,,,,,,,,,,,,,,,,,,,,,,,,,,,,,
no2_daily,2026-01-03,,,,,,,,,,5.27489047501e-05,2.4365571271241668e-05,True,event_2026,,,,,,,,,,,,,,,,,,,,,,,,,,,,,,,,,,,,,,
no2_daily,2026-01-04,,,,,,,,,,1.81461556095e-05,2.146381225287143e-05,True,event_2026,,,,,,,,,,,,,,,,,,,,,,,,,,,,,,,,,,,,,,
no2_daily,2026-01-05,,,,,,,,,,5.66179786765e-06,2.3402333966971432e-05,True,event_2026,,,,,,,,,,,,,,,,,,,,,,,,,,,,,,,,,,,,,,
no2_daily,2026-01-08,,,,,,,,,,1.87242222717e-05,2.6140393032414283e-05,True,event_2026,,,,,,,,,,,,,,,,,,,,,,,,,,,,,,,,,,,,,,
no2_daily,2026-01-11,,,,,,,,,,4.05325814265e-06,2.970691592802857e-05,True,event_2026,,,,,,,,,,,,,,,,,,,,,,,,,,,,,,,,,,,,,,
no2_daily,2026-01-12,,,,,,,,,,3.95905194948e-05,3.0174717220414288e-05,True,event_2026,,,,,,,,,,,,,,,,,,,,,,,,,,,,,,,,,,,,,,
no2_daily,2026-01-13,,,,,,,,,,4.40578930905e-05,4.1801546832449996e-05,True,event_2026,,,,,,,,,,,,,,,,,,,,,,,,,,,,,,,,,,,,,,
no2_daily,2026-01-14,,,,,,,,,,7.77145650194e-05,4.4610047635807145e-05,True,event_2026,,,,,,,,,,,,,,,,,,,,,,,,,,,,,,,,,,,,,,
no2_daily,2026-01-16,,,,,,,,,,2.14207646562e-05,4.942203921121429e-05,True,event_2026,,,,,,,,,,,,,,,,,,,,,,,,,,,,,,,,,,,,,,
no2_daily,2026-01-17,,,,,,,,,,8.70496051519e-05,5.088981359755714e-05,True,event_2026,,,,,,,,,,,,,,,,,,,,,,,,,,,,,,,,,,,,,,
no2_daily,2026-01-18,,,,,,,,,,3.83837278952e-05,4.6993673397728566e-05,True,event_2026,,,,,,,,,,,,,,,,,,,,,,,,,,,,,,,,,,,,,,
no2_daily,2026-01-19,,,,,,,,,,3.77371991705e-05,4.1285983423185715e-05,True,event_2026,,,,,,,,,,,,,,,,,,,,,,,,,,,,,,,,,,,,,,
no2_daily,2026-01-20,,,,,,,,,,4.98649401992e-05,3.9501942235927147e-05,True,event_2026,,,,,,,,,,,,,,,,,,,,,,,,,,,,,,,,,,,,,,
no2_daily,2026-01-21,,,,,,,,,,1.67849116917e-05,3.6102527709070006e-05,True,event_2026,,,,,,,,,,,,,,,,,,,,,,,,,,,,,,,,,,,,,,
no2_daily,2026-01-22,,,,,,,,,,3.77607351976e-05,3.403105458501286e-05,True,event_2026,,,,,,,,,,,,,,,,,,,,,,,,,,,,,,,,,,,,,,
no2_daily,2026-01-28,,,,,,,,,,8.93247634539e-06,3.9922864230712854e-05,True,event_2026,,,,,,,,,,,,,,,,,,,,,,,,,,,,,,,,,,,,,,
no2_daily,2026-01-30,,,,,,,,,,6.32537034639e-05,3.473540167387e-05,True,event_2026,,,,,,,,,,,,,,,,,,,,,,,,,,,,,,,,,,,,,,
no2_daily,2026-01-31,,,,,,,,,,2.38834160268e-05,3.214866886972286e-05,True,event_2026,,,,,,,,,,,,,,,,,,,,,,,,,,,,,,,,,,,,,,
no2_daily,2026-02-01,,,,,,,,,,7.89798666904e-05,2.3990117254508568e-05,True,event_2026,,,,,,,,,,,,,,,,,,,,,,,,,,,,,,,,,,,,,,
no2_daily,2026-02-02,,,,,,,,,,1.35527023013e-05,2.4715268774738573e-05,True,event_2026,,,,,,,,,,,,,,,,,,,,,,,,,,,,,,,,,,,,,,
no2_daily,2026-02-03,,,,,,,,,,-1.32221793733e-06,2.1635409939024284e-05,True,event_2026,,,,,,,,,,,,,,,,,,,,,,,,,,,,,,,,,,,,,,
no2_daily,2026-02-04,,,,,,,,,,-1.93491261089e-05,2.410918905671e-05,True,event_2026,,,,,,,,,,,,,,,,,,,,,,,,,,,,,,,,,,,,,,
no2_daily,2026-02-05,,,,,,,,,,1.4008536987e-05,1.2614841883314284e-05,True,event_2026,,,,,,,,,,,,,,,,,,,,,,,,,,,,,,,,,,,,,,
no2_daily,2026-02-07,,,,,,,,,,4.16946916139e-05,1.2862776710771427e-05,True,event_2026,,,,,,,,,,,,,,,,,,,,,,,,,,,,,,,,,,,,,,
no2_daily,2026-02-09,,,,,,,,,,4.11998698506e-05,1.1750886394209999e-05,True,event_2026,,,,,,,,,,,,,,,,,,,,,,,,,,,,,,,,,,,,,,
no2_daily,2026-02-10,,,,,,,,,,-1.48056352337e-06,1.9239298889224287e-05,True,event_2026,,,,,,,,,,,,,,,,,,,,,,,,,,,,,,,,,,,,,,
no2_daily,2026-02-11,,,,,,,,,,1.52882460935e-05,2.5890150595124283e-05,True,event_2026,,,,,,,,,,,,,,,,,,,,,,,,,,,,,,,,,,,,,,
no2_daily,2026-02-12,,,,,,,,,,-9.10545015326e-06,2.2371156755481428e-05,True,event_2026,,,,,,,,,,,,,,,,,,,,,,,,,,,,,,,,,,,,,,
no2_daily,2026-02-13,,,,,,,,,,3.30697613562e-05,1.9496571079281426e-05,True,event_2026,,,,,,,,,,,,,,,,,,,,,,,,,,,,,,,,,,,,,,
no2_daily,2026-02-14,,,,,,,,,,6.05644989283e-05,1.701476176107714e-05,True,event_2026,,,,,,,,,,,,,,,,,,,,,,,,,,,,,,,,,,,,,,
no2_daily,2026-02-15,,,,,,,,,,1.70617347364e-05,1.4330102822512857e-05,True,event_2026,,,,,,,,,,,,,,,,,,,,,,,,,,,,,,,,,,,,,,
no2_daily,2026-02-16,,,,,,,,,,2.10777701172e-05,1.882609049127857e-05,True,event_2026,,,,,,,,,,,,,,,,,,,,,,,,,,,,,,,,,,,,,,
no2_daily,2026-02-17,,,,,,,,,,-1.88532287508e-05,1.5167381194414286e-05,True,event_2026,,,,,,,,,,,,,,,,,,,,,,,,,,,,,,,,,,,,,,
no2_daily,2026-02-18,,,,,,,,,,-3.50436647645e-06,4.127195006214286e-06,True,event_2026,,,,,,,,,,,,,,,,,,,,,,,,,,,,,,,,,,,,,,
no2_daily,2026-02-19,,,,,,,,,,2.23664635281e-05,6.9117520523e-06,True,event_2026,,,,,,,,,,,,,,,,,,,,,,,,,,,,,,,,,,,,,,
no2_daily,2026-02-20,,,,,,,,,,7.45879627815e-06,7.296159384285714e-06,True,event_2026,,,,,,,,,,,,,,,,,,,,,,,,,,,,,,,,,,,,,,
no2_daily,2026-02-21,,,,,,,,,,-1.67168043891e-05,1.9424891771871428e-05,True,event_2026,,,,,,,,,,,,,,,,,,,,,,,,,,,,,,,,,,,,,,
no2_daily,2026-02-22,,,,,,,,,,3.6553634059e-05,2.916496743962143e-05,True,event_2026,,,,,,,,,,,,,,,,,,,,,,,,,,,,,,,,,,,,,,
no2_daily,2026-02-23,,,,,,,,,,2.37686214411e-05,2.788808955339286e-05,True,event_2026,,,,,,,,,,,,,,,,,,,,,,,,,,,,,,,,,,,,,,
no2_daily,2026-02-24,,,,,,,,,,6.60478979623e-05,2.7249210314105716e-05,True,event_2026,,,,,,,,,,,,,,,,,,,,,,,,,,,,,,,,,,,,,,
no2_daily,2026-02-25,,,,,,,,,,6.46761631978e-05,4.057903957034858e-05,True,event_2026,,,,,,,,,,,,,,,,,,,,,,,,,,,,,,,,,,,,,,
no2_daily,2026-02-26,,,,,,,,,,1.34283183245e-05,3.660448279019429e-05,True,event_2026,,,,,,,,,,,,,,,,,,,,,,,,,,,,,,,,,,,,,,
no2_daily,2026-02-27,,,,,,,,,,2.98664160314e-06,3.276035517251e-05,True,event_2026,,,,,,,,,,,,,,,,,,,,,,,,,,,,,,,,,,,,,,
no2_daily,2026-02-28,,,,,,,,,,7.65920004046e-05,2.190776250905714e-05,True,event_2026,,,,,,,,,,,,,,,,,,,,,,,,,,,,,,,,,,,,,,
no2_daily,2026-03-01,,,,,,,,,,8.73173659792e-06,7.880124547814286e-06,True,event_2026,,,,,,,,,,,,,,,,,,,,,,,,,,,,,,,,,,,,,,
no2_daily,2026-03-02,,,,,,,,,,-3.14027188269e-06,4.499565467100002e-06,True,event_2026,,,,,,,,,,,,,,,,,,,,,,,,,,,,,,,,,,,,,,
no2_daily,2026-03-03,,,,,,,,,,-9.92025068187e-06,2.188788558065143e-05,True,event_2026,,,,,,,,,,,,,,,,,,,,,,,,,,,,,,,,,,,,,,
no2_daily,2026-03-04,,,,,,,,,,-3.35173025309e-05,3.5024901785708575e-05,True,event_2026,,,,,,,,,,,,,,,,,,,,,,,,,,,,,,,,,,,,,,
no2_daily,2026-03-05,,,,,,,,,,-1.02355952405e-05,4.466262831584857e-05,True,event_2026,,,,,,,,,,,,,,,,,,,,,,,,,,,,,,,,,,,,,,
no2_daily,2026-03-13,,,,,,,,,,0.000124704882398,5.7026910648675715e-05,True,event_2026,,,,,,,,,,,,,,,,,,,,,,,,,,,,,,,,,,,,,,
no2_daily,2026-03-14,,,,,,,,,,0.00016855111384,8.945795667165714e-05,True,event_2026,,,,,,,,,,,,,,,,,,,,,,,,,,,,,,,,,,,,,,
no2_daily,2026-03-15,,,,,,,,,,7.61958223089e-05,9.465398829752858e-05,True,event_2026,,,,,,,,,,,,,,,,,,,,,,,,,,,,,,,,,,,,,,
no2_daily,2026-03-16,,,,,,,,,,8.34097044471e-05,9.875128894264285e-05,True,event_2026,,,,,,,,,,,,,,,,,,,,,,,,,,,,,,,,,,,,,,
no2_daily,2026-03-17,,,,,,,,,,0.000217097071479,8.215025241246e-05,True,event_2026,,,,,,,,,,,,,,,,,,,,,,,,,,,,,,,,,,,,,,
no2_daily,2026-03-19,,,,,,,,,,2.8549188502e-06,5.658773829030286e-05,True,event_2026,,,,,,,,,,,,,,,,,,,,,,,,,,,,,,,,,,,,,,
no2_daily,2026-03-22,,,,,,,,,,1.84455092753e-05,5.1620381263631435e-05,True,event_2026,,,,,,,,,,,,,,,,,,,,,,,,,,,,,,,,,,,,,,
no2_daily,2026-03-28,,,,,,,,,,8.49762668672e-06,4.285628394407429e-05,True,event_2026,,,,,,,,,,,,,,,,,,,,,,,,,,,,,,,,,,,,,,
no2_daily,2026-03-29,,,,,,,,,,-1.03864850151e-05,1.1552143549700009e-05,True,event_2026,,,,,,,,,,,,,,,,,,,,,,,,,,,,,,,,,,,,,,
no2_daily,2026-03-30,,,,,,,,,,4.14243231222e-05,1.131595879338572e-05,True,event_2026,,,,,,,,,,,,,,,,,,,,,,,,,,,,,,,,,,,,,,
no2_daily,2026-04-01,,,,,,,,,,2.20610232102e-05,1.3025767847042862e-05,True,event_2026,,,,,,,,,,,,,,,,,,,,,,,,,,,,,,,,,,,,,,
no2_daily,2026-04-02,,,,,,,,,,-2.03191128162e-06,1.0565210449044292e-05,True,event_2026,,,,,,,,,,,,,,,,,,,,,,,,,,,,,,,,,,,,,,
no2_daily,2026-04-03,,,,,,,,,,1.201625556e-06,1.835151890455858e-05,True,event_2026,,,,,,,,,,,,,,,,,,,,,,,,,,,,,,,,,,,,,,
no2_daily,2026-04-04,,,,,,,,,,3.04141726509e-05,1.1721265658740007e-05,True,event_2026,,,,,,,,,,,,,,,,,,,,,,,,,,,,,,,,,,,,,,
no2_daily,2026-04-07,,,,,,,,,,-8.72627509927e-06,2.403747855499715e-05,True,event_2026,,,,,,,,,,,,,,,,,,,,,,,,,,,,,,,,,,,,,,
no2_daily,2026-04-08,,,,,,,,,,4.41176741735e-05,2.7111164560028576e-05,True,event_2026,,,,,,,,,,,,,,,,,,,,,,,,,,,,,,,,,,,,,,
no2_daily,2026-04-13,,,,,,,,,,-4.98744959853e-06,3.053866717075715e-05,True,event_2026,,,,,,,,,,,,,,,,,,,,,,,,,,,,,,,,,,,,,,
no2_daily,2026-04-15,,,,,,,,,,0.000108274513484,2.888420679802858e-05,True,event_2026,,,,,,,,,,,,,,,,,,,,,,,,,,,,,,,,,,,,,,
no2_daily,2026-04-16,,,,,,,,,,1.94838907536e-05,3.318338029472429e-05,True,event_2026,,,,,,,,,,,,,,,,,,,,,,,,,,,,,,,,,,,,,,
no2_daily,2026-04-17,,,,,,,,,,2.51941438311e-05,3.6550726604081435e-05,True,event_2026,,,,,,,,,,,,,,,,,,,,,,,,,,,,,,,,,,,,,,
no2_daily,2026-04-18,,,,,,,,,,1.88329500418e-05,4.1354107888928576e-05,True,event_2026,,,,,,,,,,,,,,,,,,,,,,,,,,,,,,,,,,,,,,
no2_daily,2026-04-19,,,,,,,,,,2.13679393776e-05,2.9292988897900006e-05,True,event_2026,,,,,,,,,,,,,,,,,,,,,,,,,,,,,,,,,,,,,,
no2_daily,2026-04-20,,,,,,,,,,6.7689098339e-05,4.115598045695715e-05,True,event_2026,,,,,,,,,,,,,,,,,,,,,,,,,,,,,,,,,,,,,,
no2_daily,2026-04-23,,,,,,,,,,2.86362193954e-05,4.9391643479728576e-05,True,event_2026,,,,,,,,,,,,,,,,,,,,,,,,,,,,,,,,,,,,,,
no2_daily,2026-04-24,,,,,,,,,,2.38466805468e-05,4.097124904974286e-05,True,event_2026,,,,,,,,,,,,,,,,,,,,,,,,,,,,,,,,,,,,,,
no2_daily,2026-04-25,,,,,,,,,,0.000102524831667,3.862992907330287e-05,True,event_2026,,,,,,,,,,,,,,,,,,,,,,,,,,,,,,,,,,,,,,
no2_daily,2026-04-26,,,,,,,,,,8.28437849905e-05,2.9836525435921437e-05,True,event_2026,,,,,,,,,,,,,,,,,,,,,,,,,,,,,,,,,,,,,,
no2_daily,2026-04-27,,,,,,,,,,-4.01098109681e-05,2.0551358902807153e-05,True,event_2026,,,,,,,,,,,,,,,,,,,,,,,,,,,,,,,,,,,,,,
no2_daily,2026-04-28,,,,,,,,,,4.97869954252e-06,2.761010000630715e-05,True,event_2026,,,,,,,,,,,,,,,,,,,,,,,,,,,,,,,,,,,,,,
no2_daily,2026-04-29,,,,,,,,,,6.13527287733e-06,1.5117558295521438e-05,True,event_2026,,,,,,,,,,,,,,,,,,,,,,,,,,,,,,,,,,,,,,
no2_daily,2026-04-30,,,,,,,,,,-3.63599463364e-05,7.444147921335723e-06,True,event_2026,,,,,,,,,,,,,,,,,,,,,,,,,,,,,,,,,,,,,,
no2_daily,2026-05-01,,,,,,,,,,7.32578682713e-05,1.7348473538921438e-05,True,event_2026,,,,,,,,,,,,,,,,,,,,,,,,,,,,,,,,,,,,,,
no2_daily,2026-05-03,,,,,,,,,,1.50770396915e-05,2.389443742809001e-05,True,event_2026,,,,,,,,,,,,,,,,,,,,,,,,,,,,,,,,,,,,,,
no2_daily,2026-05-04,,,,,,,,,,2.91299123712e-05,1.9378295330214294e-05,True,event_2026,,,,,,,,,,,,,,,,,,,,,,,,,,,,,,,,,,,,,,
no2_daily,2026-05-05,,,,,,,,,,2.9220468355e-05,2.770863290252858e-05,True,event_2026,,,,,,,,,,,,,,,,,,,,,,,,,,,,,,,,,,,,,,
no2_daily,2026-05-06,,,,,,,,,,5.08004467667e-05,1.585060008455858e-05,True,event_2026,,,,,,,,,,,,,,,,,,,,,,,,,,,,,,,,,,,,,,
no2_daily,2026-05-07,,,,,,,,,,-2.54777218078e-05,1.5722777952087152e-05,True,event_2026,,,,,,,,,,,,,,,,,,,,,,,,,,,,,,,,,,,,,,
no2_daily,2026-05-08,,,,,,,,,,2.19524166698e-05,1.536617638658715e-05,True,event_2026,,,,,,,,,,,,,,,,,,,,,,,,,,,,,,,,,,,,,,
no2_daily,2026-05-09,,,,,,,,,,-9.74836145449e-06,2.471835246674429e-05,True,event_2026,,,,,,,,,,,,,,,,,,,,,,,,,,,,,,,,,,,,,,
no2_daily,2026-05-10,,,,,,,,,,1.41822847642e-05,2.477770597288715e-05,True,event_2026,,,,,,,,,,,,,,,,,,,,,,,,,,,,,,,,,,,,,,
no2_daily,2026-05-11,,,,,,,,,,2.66337014127e-05,4.303693237685858e-05,True,event_2026,,,,,,,,,,,,,,,,,,,,,,,,,,,,,,,,,,,,,,
no2_daily,2026-05-12,,,,,,,,,,9.46857009161e-05,4.55501740879443e-05,True,event_2026,,,,,,,,,,,,,,,,,,,,,,,,,,,,,,,,,,,,,,
no2_daily,2026-05-13,,,,,,,,,,5.12159213097e-05,5.2217342735414293e-05,True,event_2026,,,,,,,,,,,,,,,,,,,,,,,,,,,,,,,,,,,,,,
no2_daily,2026-05-14,,,,,,,,,,0.00010233686302,5.4431518623828576e-05,True,event_2026,,,,,,,,,,,,,,,,,,,,,,,,,,,,,,,,,,,,,,
no2_daily,2026-05-15,,,,,,,,,,3.95451086474e-05,5.571422477877144e-05,True,event_2026,,,,,,,,,,,,,,,,,,,,,,,,,,,,,,,,,,,,,,
no2_daily,2026-05-16,,,,,,,,,,3.69218190778e-05,4.7699274137428576e-05,True,event_2026,,,,,,,,,,,,,,,,,,,,,,,,,,,,,,,,,,,,,,
no2_daily,2026-05-17,,,,,,,,,,2.96815159831e-05,4.482924541810001e-05,True,event_2026,,,,,,,,,,,,,,,,,,,,,,,,,,,,,,,,,,,,,,
no2_daily,2026-05-18,,,,,,,,,,3.56126444973e-05,3.7462945977757155e-05,True,event_2026,,,,,,,,,,,,,,,,,,,,,,,,,,,,,,,,,,,,,,
no2_daily,2026-05-19,,,,,,,,,,3.85810464267e-05,4.809046826855715e-05,True,event_2026,,,,,,,,,,,,,,,,,,,,,,,,,,,,,,,,,,,,,,
no2_daily,2026-05-20,,,,,,,,,,3.11257202744e-05,7.435073223030001e-05,True,event_2026,,,,,,,,,,,,,,,,,,,,,,,,,,,,,,,,,,,,,,
no2_daily,2026-05-21,,,,,,,,,,5.07727669376e-05,7.858374678001428e-05,True,event_2026,,,,,,,,,,,,,,,,,,,,,,,,,,,,,,,,,,,,,,
no2_daily,2026-05-22,,,,,,,,,,0.000113937764683,8.13462239177e-05,True,event_2026,,,,,,,,,,,,,,,,,,,,,,,,,,,,,,,,,,,,,,
no2_daily,2026-05-23,,,,,,,,,,0.00022074366681,7.93443720197143e-05,True,event_2026,,,,,,,,,,,,,,,,,,,,,,,,,,,,,,,,,,,,,,
no2_daily,2026-05-24,,,,,,,,,,5.93126178311e-05,8.093744077840001e-05,True,event_2026,,,,,,,,,,,,,,,,,,,,,,,,,,,,,,,,,,,,,,
no2_daily,2026-05-25,,,,,,,,,,5.49499844611e-05,8.301170125734287e-05,True,event_2026,,,,,,,,,,,,,,,,,,,,,,,,,,,,,,,,,,,,,,
no2_daily,2026-05-26,,,,,,,,,,2.45680831408e-05,7.062550738755715e-05,True,event_2026,,,,,,,,,,,,,,,,,,,,,,,,,,,,,,,,,,,,,,
no2_daily,2026-05-27,,,,,,,,,,4.22772015852e-05,4.302316141341428e-05,True,event_2026,,,,,,,,,,,,,,,,,,,,,,,,,,,,,,,,,,,,,,
no2_daily,2026-05-28,,,,,,,,,,6.52925902902e-05,3.316470472633429e-05,True,event_2026,,,,,,,,,,,,,,,,,,,,,,,,,,,,,,,,,,,,,,
no2_daily,2026-05-29,,,,,,,,,,2.72344075945e-05,2.7719770765748582e-05,True,event_2026,,,,,,,,,,,,,,,,,,,,,,,,,,,,,,,,,,,,,,
no2_daily,2026-05-30,,,,,,,,,,2.7527244991e-05,2.9023324919905722e-05,True,event_2026,,,,,,,,,,,,,,,,,,,,,,,,,,,,,,,,,,,,,,
no2_daily,2026-05-31,,,,,,,,,,-9.69657897846e-06,2.7486441947477147e-05,True,event_2026,,,,,,,,,,,,,,,,,,,,,,,,,,,,,,,,,,,,,,
no2_daily,2026-06-01,,,,,,,,,,1.6835446737e-05,2.1918911157534292e-05,True,event_2026,,,,,,,,,,,,,,,,,,,,,,,,,,,,,,,,,,,,,,
no2_daily,2026-06-02,,,,,,,,,,3.36929622199e-05,1.686382327051144e-05,True,event_2026,,,,,,,,,,,,,,,,,,,,,,,,,,,,,,,,,,,,,,
no2_daily,2026-06-03,,,,,,,,,,3.15190207782e-05,1.910753218254001e-05,True,event_2026,,,,,,,,,,,,,,,,,,,,,,,,,,,,,,,,,,,,,,
no2_daily,2026-06-04,,,,,,,,,,2.63198747606e-05,3.310828313707715e-05,True,event_2026,,,,,,,,,,,,,,,,,,,,,,,,,,,,,,,,,,,,,,
no2_daily,2026-06-05,,,,,,,,,,-8.15120761466e-06,3.5326076318520006e-05,True,event_2026,,,,,,,,,,,,,,,,,,,,,,,,,,,,,,,,,,,,,,
no2_daily,2026-06-06,,,,,,,,,,4.32332073752e-05,3.377504510630572e-05,True,event_2026,,,,,,,,,,,,,,,,,,,,,,,,,,,,,,,,,,,,,,
no2_daily,2026-06-07,,,,,,,,,,8.83086777033e-05,3.4086594902177154e-05,True,event_2026,,,,,,,,,,,,,,,,,,,,,,,,,,,,,,,,,,,,,,
no2_daily,2026-06-08,,,,,,,,,,3.23599990071e-05,3.698110226224858e-05,True,event_2026,,,,,,,,,,,,,,,,,,,,,,,,,,,,,,,,,,,,,,
no2_daily,2026-06-09,,,,,,,,,,2.28357437344e-05,4.597772092387144e-05,True,event_2026,,,,,,,,,,,,,,,,,,,,,,,,,,,,,,,,,,,,,,
no2_daily,2026-06-10,,,,,,,,,,3.36998693493e-05,5.232338081462858e-05,True,event_2026,,,,,,,,,,,,,,,,,,,,,,,,,,,,,,,,,,,,,,
no2_daily,2026-06-11,,,,,,,,,,4.65814262811e-05,4.650801079142858e-05,True,event_2026,,,,,,,,,,,,,,,,,,,,,,,,,,,,,,,,,,,,,,
no2_daily,2026-06-12,,,,,,,,,,5.48251230167e-05,4.719909453302858e-05,True,event_2026,,,,,,,,,,,,,,,,,,,,,,,,,,,,,,,,,,,,,,
no2_daily,2026-06-13,,,,,,,,,,8.76528266105e-05,4.660822788375716e-05,True,event_2026,,,,,,,,,,,,,,,,,,,,,,,,,,,,,,,,,,,,,,
no2_daily,2026-06-14,,,,,,,,,,4.76010875409e-05,4.487931628185715e-05,True,event_2026,,,,,,,,,,,,,,,,,,,,,,,,,,,,,,,,,,,,,,
no2_daily,2026-06-15,,,,,,,,,,3.71975851983e-05,4.350118547301429e-05,True,event_2026,,,,,,,,,,,,,,,,,,,,,,,,,,,,,,,,,,,,,,
no2_daily,2026-06-16,,,,,,,,,,1.86996771895e-05,4.590396965271429e-05,True,event_2026,,,,,,,,,,,,,,,,,,,,,,,,,,,,,,,,,,,,,,
no2_daily,2026-06-17,,,,,,,,,,2.1597488136e-05,4.205503429394287e-05,True,event_2026,,,,,,,,,,,,,,,,,,,,,,,,,,,,,,,,,,,,,,
no2_daily,2026-06-18,,,,,,,,,,3.69345106192e-05,3.9916785664757145e-05,True,event_2026,,,,,,,,,,,,,,,,,,,,,,,,,,,,,,,,,,,,,,
no2_daily,2026-06-19,,,,,,,,,,7.16446122746e-05,3.860447779634287e-05,True,event_2026,,,,,,,,,,,,,,,,,,,,,,,,,,,,,,,,,,,,,,
no2_daily,2026-06-20,,,,,,,,,,6.07102790991e-05,4.230437944134287e-05,True,event_2026,,,,,,,,,,,,,,,,,,,,,,,,,,,,,,,,,,,,,,
no2_daily,2026-06-21,,,,,,,,,,3.26333471366e-05,4.664276022104287e-05,True,event_2026,,,,,,,,,,,,,,,,,,,,,,,,,,,,,,,,,,,,,,
no2_daily,2026-06-22,,,,,,,,,,2.80114301194e-05,4.526833511388572e-05,True,event_2026,,,,,,,,,,,,,,,,,,,,,,,,,,,,,,,,,,,,,,
no2_daily,2026-06-23,,,,,,,,,,4.45989887045e-05,3.852700343171429e-05,True,event_2026,,,,,,,,,,,,,,,,,,,,,,,,,,,,,,,,,,,,,,
no2_daily,2026-06-24,,,,,,,,,,5.19661535939e-05,3.703057867498572e-05,True,event_2026,,,,,,,,,,,,,,,,,,,,,,,,,,,,,,,,,,,,,,
no2_daily,2026-06-25,,,,,,,,,,2.73135348691e-05,3.9632087130228585e-05,True,event_2026,,,,,,,,,,,,,,,,,,,,,,,,,,,,,,,,,,,,,,
no2_daily,2026-06-27,,,,,,,,,,2.44552904994e-05,4.096361364062858e-05,True,event_2026,,,,,,,,,,,,,,,,,,,,,,,,,,,,,,,,,,,,,,
no2_daily,2026-06-28,,,,,,,,,,5.0235305802e-05,4.0357717796650006e-05,True,event_2026,,,,,,,,,,,,,,,,,,,,,,,,,,,,,,,,,,,,,,
no2_daily,2026-06-29,,,,,,,,,,5.08439063233e-05,3.803603063720001e-05,True,event_2026,,,,,,,,,,,,,,,,,,,,,,,,,,,,,,,,,,,,,,
no2_daily,2026-06-30,,,,,,,,,,3.73321156922e-05,4.0716654579225006e-05,True,event_2026,,,,,,,,,,,,,,,,,,,,,,,,,,,,,,,,,,,,,,
no2_daily,2026-01-01,,,,,,,,,,3.54585689836e-05,1.5489394068904373e-05,True,historical_equal_year,,,,,,,,,,,,,,,,,,,,,,,,,,,,,,,,,,,,,,
no2_daily,2026-01-02,,,,,,,,,,1.7089960551989997e-05,1.3922347394772831e-05,True,historical_equal_year,,,,,,,,,,,,,,,,,,,,,,,,,,,,,,,,,,,,,,
no2_daily,2026-01-03,,,,,,,,,,-4.6843673118725e-06,1.3725866610980693e-05,True,historical_equal_year,,,,,,,,,,,,,,,,,,,,,,,,,,,,,,,,,,,,,,
no2_daily,2026-01-04,,,,,,,,,,1.4093414051899999e-05,1.4146646203414547e-05,True,historical_equal_year,,,,,,,,,,,,,,,,,,,,,,,,,,,,,,,,,,,,,,
no2_daily,2026-01-05,,,,,,,,,,7.654160698246666e-06,1.1646780807814548e-05,True,historical_equal_year,,,,,,,,,,,,,,,,,,,,,,,,,,,,,,,,,,,,,,
no2_daily,2026-01-06,,,,,,,,,,1.274346269202e-05,1.5419087175240977e-05,True,historical_equal_year,,,,,,,,,,,,,,,,,,,,,,,,,,,,,,,,,,,,,,
no2_daily,2026-01-07,,,,,,,,,,1.667132375801767e-05,1.7650543761821335e-05,True,historical_equal_year,,,,,,,,,,,,,,,,,,,,,,,,,,,,,,,,,,,,,,
no2_daily,2026-01-08,,,,,,,,,,1.79595112144e-05,1.895027970358812e-05,True,historical_equal_year,,,,,,,,,,,,,,,,,,,,,,,,,,,,,,,,,,,,,,
no2_daily,2026-01-09,,,,,,,,,,4.3496105123975e-05,1.9601414338019546e-05,True,historical_equal_year,,,,,,,,,,,,,,,,,,,,,,,,,,,,,,,,,,,,,,
no2_daily,2026-01-10,,,,,,,,,,1.093582879419e-05,2.1362985738040503e-05,True,historical_equal_year,,,,,,,,,,,,,,,,,,,,,,,,,,,,,,,,,,,,,,
no2_daily,2026-01-11,,,,,,,,,,2.31915656442675e-05,2.1354854726191905e-05,True,historical_equal_year,,,,,,,,,,,,,,,,,,,,,,,,,,,,,,,,,,,,,,
no2_daily,2026-01-12,,,,,,,,,,1.2212103139266665e-05,1.9623796015071907e-05,True,historical_equal_year,,,,,,,,,,,,,,,,,,,,,,,,,,,,,,,,,,,,,,
no2_daily,2026-01-13,,,,,,,,,,2.5074462492166662e-05,1.510442303738976e-05,True,historical_equal_year,,,,,,,,,,,,,,,,,,,,,,,,,,,,,,,,,,,,,,
no2_daily,2026-01-14,,,,,,,,,,1.66144066750775e-05,1.2076559586183095e-05,True,historical_equal_year,,,,,,,,,,,,,,,,,,,,,,,,,,,,,,,,,,,,,,
no2_daily,2026-01-15,,,,,,,,,,5.842100236559998e-06,7.015795004371309e-06,True,historical_equal_year,,,,,,,,,,,,,,,,,,,,,,,,,,,,,,,,,,,,,,
no2_daily,2026-01-16,,,,,,,,,,1.1860494280200001e-05,5.027969380481071e-06,True,historical_equal_year,,,,,,,,,,,,,,,,,,,,,,,,,,,,,,,,,,,,,,
no2_daily,2026-01-17,,,,,,,,,,-1.0259215364256666e-05,6.1121025285724996e-06,True,historical_equal_year,,,,,,,,,,,,,,,,,,,,,,,,,,,,,,,,,,,,,,
no2_daily,2026-01-18,,,,,,,,,,-1.2233786428415e-05,4.413634655087619e-06,True,historical_equal_year,,,,,,,,,,,,,,,,,,,,,,,,,,,,,,,,,,,,,,
no2_daily,2026-01-19,,,,,,,,,,-1.7026762279650006e-06,1.7447051867366668e-06,True,historical_equal_year,,,,,,,,,,,,,,,,,,,,,,,,,,,,,,,,,,,,,,
no2_daily,2026-01-20,,,,,,,,,,3.266339452880667e-05,3.976348491089047e-06,True,historical_equal_year,,,,,,,,,,,,,,,,,,,,,,,,,,,,,,,,,,,,,,
no2_daily,2026-01-21,,,,,,,,,,4.725131560683334e-06,1.0577286991806666e-05,True,historical_equal_year,,,,,,,,,,,,,,,,,,,,,,,,,,,,,,,,,,,,,,
no2_daily,2026-01-22,,,,,,,,,,-1.2840406041896667e-05,2.2426958841744527e-05,True,historical_equal_year,,,,,,,,,,,,,,,,,,,,,,,,,,,,,,,,,,,,,,
no2_daily,2026-01-23,,,,,,,,,,2.7481997410666666e-05,2.715292774655381e-05,True,historical_equal_year,,,,,,,,,,,,,,,,,,,,,,,,,,,,,,,,,,,,,,
no2_daily,2026-01-24,,,,,,,,,,3.5947354140766666e-05,3.946136742963143e-05,True,historical_equal_year,,,,,,,,,,,,,,,,,,,,,,,,,,,,,,,,,,,,,,
no2_daily,2026-01-25,,,,,,,,,,7.071391652115e-05,4.45890303638719e-05,True,historical_equal_year,,,,,,,,,,,,,,,,,,,,,,,,,,,,,,,,,,,,,,
no2_daily,2026-01-26,,,,,,,,,,3.1379106105700004e-05,5.184888444450001e-05,True,historical_equal_year,,,,,,,,,,,,,,,,,,,,,,,,,,,,,,,,,,,,,,
no2_daily,2026-01-27,,,,,,,,,,0.00011882247231035,5.3068498135094406e-05,True,historical_equal_year,,,,,,,,,,,,,,,,,,,,,,,,,,,,,,,,,,,,,,
no2_daily,2026-01-28,,,,,,,,,,4.0618772100366663e-05,5.0014186607001545e-05,True,historical_equal_year,,,,,,,,,,,,,,,,,,,,,,,,,,,,,,,,,,,,,,
no2_daily,2026-01-29,,,,,,,,,,3.7978572522500005e-05,4.842298533446083e-05,True,historical_equal_year,,,,,,,,,,,,,,,,,,,,,,,,,,,,,,,,,,,,,,
no2_daily,2026-01-30,,,,,,,,,,3.60192932448275e-05,4.87700753875894e-05,True,historical_equal_year,,,,,,,,,,,,,,,,,,,,,,,,,,,,,,,,,,,,,,
no2_daily,2026-01-31,,,,,,,,,,1.4567173444116667e-05,3.409709598744893e-05,True,historical_equal_year,,,,,,,,,,,,,,,,,,,,,,,,,,,,,,,,,,,,,,
no2_daily,2026-02-01,,,,,,,,,,5.9575507613364995e-05,3.333769839380476e-05,True,historical_equal_year,,,,,,,,,,,,,,,,,,,,,,,,,,,,,,,,,,,,,,
no2_daily,2026-02-02,,,,,,,,,,3.38087364776e-05,3.1143985210680836e-05,True,historical_equal_year,,,,,,,,,,,,,,,,,,,,,,,,,,,,,,,,,,,,,,
no2_daily,2026-02-03,,,,,,,,,,1.6111616509366665e-05,2.7409977401581902e-05,True,historical_equal_year,,,,,,,,,,,,,,,,,,,,,,,,,,,,,,,,,,,,,,
no2_daily,2026-02-04,,,,,,,,,,3.53029889448575e-05,3.065827432689381e-05,True,historical_equal_year,,,,,,,,,,,,,,,,,,,,,,,,,,,,,,,,,,,,,,
no2_daily,2026-02-05,,,,,,,,,,2.26225802406325e-05,2.4764208233800952e-05,True,historical_equal_year,,,,,,,,,,,,,,,,,,,,,,,,,,,,,,,,,,,,,,
no2_daily,2026-02-06,,,,,,,,,,9.881238581135e-06,2.0506511919079043e-05,True,historical_equal_year,,,,,,,,,,,,,,,,,,,,,,,,,,,,,,,,,,,,,,
no2_daily,2026-02-07,,,,,,,,,,3.73052519213e-05,2.3185981183407616e-05,True,historical_equal_year,,,,,,,,,,,,,,,,,,,,,,,,,,,,,,,,,,,,,,
no2_daily,2026-02-08,,,,,,,,,,1.8317044961715e-05,2.2941320161008933e-05,True,historical_equal_year,,,,,,,,,,,,,,,,,,,,,,,,,,,,,,,,,,,,,,
no2_daily,2026-02-09,,,,,,,,,,4.0048622745466655e-06,2.8186293110951906e-05,True,historical_equal_year,,,,,,,,,,,,,,,,,,,,,,,,,,,,,,,,,,,,,,
no2_daily,2026-02-10,,,,,,,,,,3.486790135966667e-05,3.087448085826119e-05,True,historical_equal_year,,,,,,,,,,,,,,,,,,,,,,,,,,,,,,,,,,,,,,
no2_daily,2026-02-11,,,,,,,,,,3.359036178806667e-05,2.521062893607548e-05,True,historical_equal_year,,,,,,,,,,,,,,,,,,,,,,,,,,,,,,,,,,,,,,
no2_daily,2026-02-12,,,,,,,,,,5.933739089023333e-05,2.2761777191688716e-05,True,historical_equal_year,,,,,,,,,,,,,,,,,,,,,,,,,,,,,,,,,,,,,,
no2_daily,2026-02-13,,,,,,,,,,2.86985528123e-05,2.727939171051419e-05,True,historical_equal_year,,,,,,,,,,,,,,,,,,,,,,,,,,,,,,,,,,,,,,
no2_daily,2026-02-14,,,,,,,,,,-2.341711534e-06,2.7009567782609884e-05,True,historical_equal_year,,,,,,,,,,,,,,,,,,,,,,,,,,,,,,,,,,,,,,
no2_daily,2026-02-15,,,,,,,,,,1.1750827510076665e-06,2.3861450075682497e-05,True,historical_equal_year,,,,,,,,,,,,,,,,,,,,,,,,,,,,,,,,,,,,,,
no2_daily,2026-02-16,,,,,,,,,,3.5628163906325e-05,2.0269787666738455e-05,True,historical_equal_year,,,,,,,,,,,,,,,,,,,,,,,,,,,,,,,,,,,,,,
no2_daily,2026-02-17,,,,,,,,,,3.29791338643365e-05,2.2743853791320594e-05,True,historical_equal_year,,,,,,,,,,,,,,,,,,,,,,,,,,,,,,,,,,,,,,
no2_daily,2026-02-18,,,,,,,,,,1.1553537839575e-05,2.585352259505774e-05,True,historical_equal_year,,,,,,,,,,,,,,,,,,,,,,,,,,,,,,,,,,,,,,
no2_daily,2026-02-19,,,,,,,,,,3.4195754027625e-05,3.0058292976682e-05,True,historical_equal_year,,,,,,,,,,,,,,,,,,,,,,,,,,,,,,,,,,,,,,
no2_daily,2026-02-20,,,,,,,,,,4.6017015684375e-05,2.6262392466327358e-05,True,historical_equal_year,,,,,,,,,,,,,,,,,,,,,,,,,,,,,,,,,,,,,,
no2_daily,2026-02-21,,,,,,,,,,1.942597009216e-05,2.7181234387876434e-05,True,historical_equal_year,,,,,,,,,,,,,,,,,,,,,,,,,,,,,,,,,,,,,,
no2_daily,2026-02-22,,,,,,,,,,3.06084754223775e-05,2.8185846834995e-05,True,historical_equal_year,,,,,,,,,,,,,,,,,,,,,,,,,,,,,,,,,,,,,,
no2_daily,2026-02-23,,,,,,,,,,9.0568603338425e-06,2.854635979561393e-05,True,historical_equal_year,,,,,,,,,,,,,,,,,,,,,,,,,,,,,,,,,,,,,,
no2_daily,2026-02-24,,,,,,,,,,3.941102731518e-05,2.706398383387464e-05,True,historical_equal_year,,,,,,,,,,,,,,,,,,,,,,,,,,,,,,,,,,,,,,
no2_daily,2026-02-25,,,,,,,,,,1.8585824969404996e-05,2.894875364570464e-05,True,historical_equal_year,,,,,,,,,,,,,,,,,,,,,,,,,,,,,,,,,,,,,,
no2_daily,2026-02-26,,,,,,,,,,3.67193447519575e-05,2.6749795432474527e-05,True,historical_equal_year,,,,,,,,,,,,,,,,,,,,,,,,,,,,,,,,,,,,,,
no2_daily,2026-02-27,,,,,,,,,,3.56403839522e-05,2.878940996298845e-05,True,historical_equal_year,,,,,,,,,,,,,,,,,,,,,,,,,,,,,,,,,,,,,,
no2_daily,2026-02-28,,,,,,,,,,3.261935877497e-05,2.5214108206931787e-05,True,historical_equal_year,,,,,,,,,,,,,,,,,,,,,,,,,,,,,,,,,,,,,,
no2_daily,2026-03-01,,,,,,,,,,1.5215767929766666e-05,2.1513920679971547e-05,True,historical_equal_year,,,,,,,,,,,,,,,,,,,,,,,,,,,,,,,,,,,,,,
no2_daily,2026-03-02,,,,,,,,,,2.3334162047439998e-05,1.5490081679922902e-05,True,historical_equal_year,,,,,,,,,,,,,,,,,,,,,,,,,,,,,,,,,,,,,,
no2_daily,2026-03-03,,,,,,,,,,1.4383915022783332e-05,1.5726548014518145e-05,True,historical_equal_year,,,,,,,,,,,,,,,,,,,,,,,,,,,,,,,,,,,,,,
no2_daily,2026-03-04,,,,,,,,,,-7.3154877193166655e-06,1.3697740149836714e-05,True,historical_equal_year,,,,,,,,,,,,,,,,,,,,,,,,,,,,,,,,,,,,,,
no2_daily,2026-03-05,,,,,,,,,,-5.447528248383e-06,1.0708493229875858e-05,True,historical_equal_year,,,,,,,,,,,,,,,,,,,,,,,,,,,,,,,,,,,,,,
no2_daily,2026-03-06,,,,,,,,,,3.729564829436667e-05,1.3585673889453e-05,True,historical_equal_year,,,,,,,,,,,,,,,,,,,,,,,,,,,,,,,,,,,,,,
no2_daily,2026-03-07,,,,,,,,,,1.84177037222e-05,1.4505145359919667e-05,True,historical_equal_year,,,,,,,,,,,,,,,,,,,,,,,,,,,,,,,,,,,,,,
no2_daily,2026-03-08,,,,,,,,,,-5.708960509959333e-06,1.8165339317949192e-05,True,historical_equal_year,,,,,,,,,,,,,,,,,,,,,,,,,,,,,,,,,,,,,,
no2_daily,2026-03-09,,,,,,,,,,4.347442666448e-05,2.2318567346642003e-05,True,historical_equal_year,,,,,,,,,,,,,,,,,,,,,,,,,,,,,,,,,,,,,,
no2_daily,2026-03-10,,,,,,,,,,2.0820215316049997e-05,2.411082220748748e-05,True,historical_equal_year,,,,,,,,,,,,,,,,,,,,,,,,,,,,,,,,,,,,,,
no2_daily,2026-03-11,,,,,,,,,,1.8305869986890002e-05,2.661141813186712e-05,True,historical_equal_year,,,,,,,,,,,,,,,,,,,,,,,,,,,,,,,,,,,,,,
no2_daily,2026-03-12,,,,,,,,,,2.3625067952466667e-05,3.112612074368489e-05,True,historical_equal_year,,,,,,,,,,,,,,,,,,,,,,,,,,,,,,,,,,,,,,
no2_daily,2026-03-13,,,,,,,,,,4.9841432320285005e-05,3.070102748568917e-05,True,historical_equal_year,,,,,,,,,,,,,,,,,,,,,,,,,,,,,,,,,,,,,,
no2_daily,2026-03-14,,,,,,,,,,3.59218751928575e-05,2.5873250206439166e-05,True,historical_equal_year,,,,,,,,,,,,,,,,,,,,,,,,,,,,,,,,,,,,,,
no2_daily,2026-03-15,,,,,,,,,,2.5893957772765e-05,2.364821532581381e-05,True,historical_equal_year,,,,,,,,,,,,,,,,,,,,,,,,,,,,,,,,,,,,,,
no2_daily,2026-03-16,,,,,,,,,,4.049877385851e-05,2.3999251078410357e-05,True,historical_equal_year,,,,,,,,,,,,,,,,,,,,,,,,,,,,,,,,,,,,,,
no2_daily,2026-03-17,,,,,,,,,,-1.29742256387e-05,2.043789164063012e-05,True,historical_equal_year,,,,,,,,,,,,,,,,,,,,,,,,,,,,,,,,,,,,,,
no2_daily,2026-03-18,,,,,,,,,,2.7306258225125e-06,1.6450683150362475e-05,True,historical_equal_year,,,,,,,,,,,,,,,,,,,,,,,,,,,,,,,,,,,,,,
no2_daily,2026-03-19,,,,,,,,,,2.6082318220642496e-05,1.7699758579881762e-05,True,historical_equal_year,,,,,,,,,,,,,,,,,,,,,,,,,,,,,,,,,,,,,,
no2_daily,2026-03-20,,,,,,,,,,2.4911916255823332e-05,1.5210153773866048e-05,True,historical_equal_year,,,,,,,,,,,,,,,,,,,,,,,,,,,,,,,,,,,,,,
no2_daily,2026-03-21,,,,,,,,,,8.011415760983999e-06,2.2744386284294144e-05,True,historical_equal_year,,,,,,,,,,,,,,,,,,,,,,,,,,,,,,,,,,,,,,
no2_daily,2026-03-22,,,,,,,,,,3.46374857794e-05,2.3224154281533312e-05,True,historical_equal_year,,,,,,,,,,,,,,,,,,,,,,,,,,,,,,,,,,,,,,
no2_daily,2026-03-23,,,,,,,,,,2.3071540216400005e-05,2.811277629119962e-05,True,historical_equal_year,,,,,,,,,,,,,,,,,,,,,,,,,,,,,,,,,,,,,,
no2_daily,2026-03-24,,,,,,,,,,3.9765401934296667e-05,2.5064717734184856e-05,True,historical_equal_year,,,,,,,,,,,,,,,,,,,,,,,,,,,,,,,,,,,,,,
no2_daily,2026-03-25,,,,,,,,,,6.089001803186667e-06,2.9545178501603573e-05,True,historical_equal_year,,,,,,,,,,,,,,,,,,,,,,,,,,,,,,,,,,,,,,
no2_daily,2026-03-26,,,,,,,,,,6.0302672288306676e-05,2.654763763032536e-05,True,historical_equal_year,,,,,,,,,,,,,,,,,,,,,,,,,,,,,,,,,,,,,,
no2_daily,2026-03-27,,,,,,,,,,3.57550635672e-06,2.3675522154749752e-05,True,historical_equal_year,,,,,,,,,,,,,,,,,,,,,,,,,,,,,,,,,,,,,,
no2_daily,2026-03-28,,,,,,,,,,3.9374641132915e-05,2.2804749179029273e-05,True,historical_equal_year,,,,,,,,,,,,,,,,,,,,,,,,,,,,,,,,,,,,,,
no2_daily,2026-03-29,,,,,,,,,,1.36546996804525e-05,2.9546572370835943e-05,True,historical_equal_year,,,,,,,,,,,,,,,,,,,,,,,,,,,,,,,,,,,,,,
no2_daily,2026-03-30,,,,,,,,,,2.9667318873707498e-06,3.117999461041594e-05,True,historical_equal_year,,,,,,,,,,,,,,,,,,,,,,,,,,,,,,,,,,,,,,
no2_daily,2026-03-31,,,,,,,,,,3.3669991104253333e-05,3.9231809872755946e-05,True,historical_equal_year,,,,,,,,,,,,,,,,,,,,,,,,,,,,,,,,,,,,,,
no2_daily,2026-04-01,,,,,,,,,,5.328176414583333e-05,4.366378380517522e-05,True,historical_equal_year,,,,,,,,,,,,,,,,,,,,,,,,,,,,,,,,,,,,,,
no2_daily,2026-04-02,,,,,,,,,,7.173662796536667e-05,4.5711590083259514e-05,True,historical_equal_year,,,,,,,,,,,,,,,,,,,,,,,,,,,,,,,,,,,,,,
no2_daily,2026-04-03,,,,,,,,,,5.99382131931e-05,5.043943412878119e-05,True,historical_equal_year,,,,,,,,,,,,,,,,,,,,,,,,,,,,,,,,,,,,,,
no2_daily,2026-04-04,,,,,,,,,,7.039845865985001e-05,5.4509892107880355e-05,True,historical_equal_year,,,,,,,,,,,,,,,,,,,,,,,,,,,,,,,,,,,,,,
no2_daily,2026-04-05,,,,,,,,,,2.79893436270425e-05,5.242033539328035e-05,True,historical_equal_year,,,,,,,,,,,,,,,,,,,,,,,,,,,,,,,,,,,,,,
no2_daily,2026-04-06,,,,,,,,,,3.60616402060225e-05,4.417259199573274e-05,True,historical_equal_year,,,,,,,,,,,,,,,,,,,,,,,,,,,,,,,,,,,,,,
no2_daily,2026-04-07,,,,,,,,,,6.216319695794749e-05,3.63983130010215e-05,True,historical_equal_year,,,,,,,,,,,,,,,,,,,,,,,,,,,,,,,,,,,,,,
no2_daily,2026-04-08,,,,,,,,,,3.865486714363333e-05,2.939101144434756e-05,True,historical_equal_year,,,,,,,,,,,,,,,,,,,,,,,,,,,,,,,,,,,,,,
no2_daily,2026-04-09,,,,,,,,,,1.4002424182533334e-05,2.7258670678091486e-05,True,historical_equal_year,,,,,,,,,,,,,,,,,,,,,,,,,,,,,,,,,,,,,,
no2_daily,2026-04-10,,,,,,,,,,5.51826023012125e-06,2.477679708083637e-05,True,historical_equal_year,,,,,,,,,,,,,,,,,,,,,,,,,,,,,,,,,,,,,,
no2_daily,2026-04-11,,,,,,,,,,2.13473477631325e-05,2.0068219705740297e-05,True,historical_equal_year,,,,,,,,,,,,,,,,,,,,,,,,,,,,,,,,,,,,,,
no2_daily,2026-04-12,,,,,,,,,,1.306295826325e-05,2.5377081009954585e-05,True,historical_equal_year,,,,,,,,,,,,,,,,,,,,,,,,,,,,,,,,,,,,,,
no2_daily,2026-04-13,,,,,,,,,,1.868852502523667e-05,2.7748373838585538e-05,True,historical_equal_year,,,,,,,,,,,,,,,,,,,,,,,,,,,,,,,,,,,,,,
no2_daily,2026-04-14,,,,,,,,,,2.9203155332274998e-05,2.688139575767893e-05,True,historical_equal_year,,,,,,,,,,,,,,,,,,,,,,,,,,,,,,,,,,,,,,
no2_daily,2026-04-15,,,,,,,,,,7.581689627313334e-05,2.4249114976430718e-05,True,historical_equal_year,,,,,,,,,,,,,,,,,,,,,,,,,,,,,,,,,,,,,,
no2_daily,2026-04-16,,,,,,,,,,3.060147398295e-05,2.5431560752820714e-05,True,historical_equal_year,,,,,,,,,,,,,,,,,,,,,,,,,,,,,,,,,,,,,,
no2_daily,2026-04-17,,,,,,,,,,-5.505863362250014e-07,2.6426759972840725e-05,True,historical_equal_year,,,,,,,,,,,,,,,,,,,,,,,,,,,,,,,,,,,,,,
no2_daily,2026-04-18,,,,,,,,,,2.9213822943950003e-06,2.4851015954455154e-05,True,historical_equal_year,,,,,,,,,,,,,,,,,,,,,,,,,,,,,,,,,,,,,,
no2_daily,2026-04-19,,,,,,,,,,2.134007869798e-05,1.532455590608714e-05,True,historical_equal_year,,,,,,,,,,,,,,,,,,,,,,,,,,,,,,,,,,,,,,
no2_daily,2026-04-20,,,,,,,,,,2.5654919565376748e-05,1.6866725109190476e-05,True,historical_equal_year,,,,,,,,,,,,,,,,,,,,,,,,,,,,,,,,,,,,,,
no2_daily,2026-04-21,,,,,,,,,,1.8172947203576e-05,2.315982432457976e-05,True,historical_equal_year,,,,,,,,,,,,,,,,,,,,,,,,,,,,,,,,,,,,,,
no2_daily,2026-04-22,,,,,,,,,,9.131675934557249e-06,2.6465722367599526e-05,True,historical_equal_year,,,,,,,,,,,,,,,,,,,,,,,,,,,,,,,,,,,,,,
no2_daily,2026-04-23,,,,,,,,,,4.139665840467333e-05,2.7422314341354168e-05,True,historical_equal_year,,,,,,,,,,,,,,,,,,,,,,,,,,,,,,,,,,,,,,
no2_daily,2026-04-24,,,,,,,,,,4.35011081715e-05,2.956851849561463e-05,True,historical_equal_year,,,,,,,,,,,,,,,,,,,,,,,,,,,,,,,,,,,,,,
no2_daily,2026-04-25,,,,,,,,,,2.6062668595533333e-05,3.494298318745913e-05,True,historical_equal_year,,,,,,,,,,,,,,,,,,,,,,,,,,,,,,,,,,,,,,
no2_daily,2026-04-26,,,,,,,,,,2.8036222514262503e-05,3.483338118607381e-05,True,historical_equal_year,,,,,,,,,,,,,,,,,,,,,,,,,,,,,,,,,,,,,,
no2_daily,2026-04-27,,,,,,,,,,4.0678348645199996e-05,3.136312785230619e-05,True,historical_equal_year,,,,,,,,,,,,,,,,,,,,,,,,,,,,,,,,,,,,,,
no2_daily,2026-04-28,,,,,,,,,,5.57942000464875e-05,3.079782670694905e-05,True,historical_equal_year,,,,,,,,,,,,,,,,,,,,,,,,,,,,,,,,,,,,,,
no2_daily,2026-04-29,,,,,,,,,,8.36446192486e-06,3.0346505230125237e-05,True,historical_equal_year,,,,,,,,,,,,,,,,,,,,,,,,,,,,,,,,,,,,,,
no2_daily,2026-04-30,,,,,,,,,,1.71048850683e-05,2.7757115842062023e-05,True,historical_equal_year,,,,,,,,,,,,,,,,,,,,,,,,,,,,,,,,,,,,,,
no2_daily,2026-05-01,,,,,,,,,,3.9544000154e-05,2.4674866301702382e-05,True,historical_equal_year,,,,,,,,,,,,,,,,,,,,,,,,,,,,,,,,,,,,,,
no2_daily,2026-05-02,,,,,,,,,,2.290341825776667e-05,2.368004500298274e-05,True,historical_equal_year,,,,,,,,,,,,,,,,,,,,,,,,,,,,,,,,,,,,,,
no2_daily,2026-05-03,,,,,,,,,,9.910496797820001e-06,2.9674507629967023e-05,True,historical_equal_year,,,,,,,,,,,,,,,,,,,,,,,,,,,,,,,,,,,,,,
no2_daily,2026-05-04,,,,,,,,,,1.91026018626825e-05,3.1210381837870595e-05,True,historical_equal_year,,,,,,,,,,,,,,,,,,,,,,,,,,,,,,,,,,,,,,
no2_daily,2026-05-05,,,,,,,,,,4.883045095545e-05,3.056693670251702e-05,True,historical_equal_year,,,,,,,,,,,,,,,,,,,,,,,,,,,,,,,,,,,,,,
no2_daily,2026-05-06,,,,,,,,,,5.032570031375e-05,3.1556019476468575e-05,True,historical_equal_year,,,,,,,,,,,,,,,,,,,,,,,,,,,,,,,,,,,,,,
no2_daily,2026-05-07,,,,,,,,,,2.7856004523625e-05,3.3568734927686194e-05,True,historical_equal_year,,,,,,,,,,,,,,,,,,,,,,,,,,,,,,,,,,,,,,
no2_daily,2026-05-08,,,,,,,,,,3.5039884206525e-05,3.314372795042262e-05,True,historical_equal_year,,,,,,,,,,,,,,,,,,,,,,,,,,,,,,,,,,,,,,
no2_daily,2026-05-09,,,,,,,,,,2.9826997675427504e-05,2.8892679685314765e-05,True,historical_equal_year,,,,,,,,,,,,,,,,,,,,,,,,,,,,,,,,,,,,,,
no2_daily,2026-05-10,,,,,,,,,,2.3999504956343336e-05,2.5965304622890477e-05,True,historical_equal_year,,,,,,,,,,,,,,,,,,,,,,,,,,,,,,,,,,,,,,
no2_daily,2026-05-11,,,,,,,,,,1.61275530218375e-05,2.4710569762960477e-05,True,historical_equal_year,,,,,,,,,,,,,,,,,,,,,,,,,,,,,,,,,,,,,,
no2_daily,2026-05-12,,,,,,,,,,1.9073113099695e-05,2.2012414043746193e-05,True,historical_equal_year,,,,,,,,,,,,,,,,,,,,,,,,,,,,,,,,,,,,,,
no2_daily,2026-05-13,,,,,,,,,,2.983407487678e-05,1.8805585299487263e-05,True,historical_equal_year,,,,,,,,,,,,,,,,,,,,,,,,,,,,,,,,,,,,,,
no2_daily,2026-05-14,,,,,,,,,,1.9072860504115e-05,1.946366303411631e-05,True,historical_equal_year,,,,,,,,,,,,,,,,,,,,,,,,,,,,,,,,,,,,,,
no2_daily,2026-05-15,,,,,,,,,,1.6152794172025e-05,2.1210942291630596e-05,True,historical_equal_year,,,,,,,,,,,,,,,,,,,,,,,,,,,,,,,,,,,,,,
no2_daily,2026-05-16,,,,,,,,,,7.379196465615e-06,2.016710606965845e-05,True,historical_equal_year,,,,,,,,,,,,,,,,,,,,,,,,,,,,,,,,,,,,,,
no2_daily,2026-05-17,,,,,,,,,,2.8606049098746665e-05,1.7783059264335595e-05,True,historical_equal_year,,,,,,,,,,,,,,,,,,,,,,,,,,,,,,,,,,,,,,
no2_daily,2026-05-18,,,,,,,,,,2.83585078244375e-05,1.907670964018345e-05,True,historical_equal_year,,,,,,,,,,,,,,,,,,,,,,,,,,,,,,,,,,,,,,
no2_daily,2026-05-19,,,,,,,,,,1.176625954589e-05,1.986508499461952e-05,True,historical_equal_year,,,,,,,,,,,,,,,,,,,,,,,,,,,,,,,,,,,,,,
no2_daily,2026-05-20,,,,,,,,,,1.314574723952e-05,2.145178033244702e-05,True,historical_equal_year,,,,,,,,,,,,,,,,,,,,,,,,,,,,,,,,,,,,,,
no2_daily,2026-05-21,,,,,,,,,,2.812841313505e-05,2.1746397196508212e-05,True,historical_equal_year,,,,,,,,,,,,,,,,,,,,,,,,,,,,,,,,,,,,,,
no2_daily,2026-05-22,,,,,,,,,,2.16714216530775e-05,1.8775418452109235e-05,True,historical_equal_year,,,,,,,,,,,,,,,,,,,,,,,,,,,,,,,,,,,,,,
no2_daily,2026-05-23,,,,,,,,,,1.8486063830407498e-05,1.7982577998300272e-05,True,historical_equal_year,,,,,,,,,,,,,,,,,,,,,,,,,,,,,,,,,,,,,,
no2_daily,2026-05-24,,,,,,,,,,3.0668367147175e-05,2.3733776847521225e-05,True,historical_equal_year,,,,,,,,,,,,,,,,,,,,,,,,,,,,,,,,,,,,,,
no2_daily,2026-05-25,,,,,,,,,,7.561656613644666e-06,2.114674548980801e-05,True,historical_equal_year,,,,,,,,,,,,,,,,,,,,,,,,,,,,,,,,,,,,,,
no2_daily,2026-05-26,,,,,,,,,,6.21637636922725e-06,1.8561780304947417e-05,True,historical_equal_year,,,,,,,,,,,,,,,,,,,,,,,,,,,,,,,,,,,,,,
no2_daily,2026-05-27,,,,,,,,,,5.340413918406667e-05,1.8954000719051106e-05,True,historical_equal_year,,,,,,,,,,,,,,,,,,,,,,,,,,,,,,,,,,,,,,
no2_daily,2026-05-28,,,,,,,,,,1.0019193631057499e-05,1.856917507729801e-05,True,historical_equal_year,,,,,,,,,,,,,,,,,,,,,,,,,,,,,,,,,,,,,,
no2_daily,2026-05-29,,,,,,,,,,3.5766653590533332e-06,2.048599603484544e-05,True,historical_equal_year,,,,,,,,,,,,,,,,,,,,,,,,,,,,,,,,,,,,,,
no2_daily,2026-05-30,,,,,,,,,,2.1231606729133335e-05,2.2575868224255836e-05,True,historical_equal_year,,,,,,,,,,,,,,,,,,,,,,,,,,,,,,,,,,,,,,
no2_daily,2026-05-31,,,,,,,,,,2.7974587654903333e-05,1.6668915938578215e-05,True,historical_equal_year,,,,,,,,,,,,,,,,,,,,,,,,,,,,,,,,,,,,,,
no2_daily,2026-06-01,,,,,,,,,,2.0979403316476665e-05,1.7856148486645356e-05,True,historical_equal_year,,,,,,,,,,,,,,,,,,,,,,,,,,,,,,,,,,,,,,
no2_daily,2026-06-02,,,,,,,,,,2.08454816951e-05,1.8895049003049168e-05,True,historical_equal_year,,,,,,,,,,,,,,,,,,,,,,,,,,,,,,,,,,,,,,
no2_daily,2026-06-03,,,,,,,,,,1.2055473184323334e-05,2.0421029174194788e-05,True,historical_equal_year,,,,,,,,,,,,,,,,,,,,,,,,,,,,,,,,,,,,,,
no2_daily,2026-06-04,,,,,,,,,,1.83298214675275e-05,2.033103056856574e-05,True,historical_equal_year,,,,,,,,,,,,,,,,,,,,,,,,,,,,,,,,,,,,,,
no2_daily,2026-06-05,,,,,,,,,,1.0848968973879998e-05,2.0785649056999548e-05,True,historical_equal_year,,,,,,,,,,,,,,,,,,,,,,,,,,,,,,,,,,,,,,
no2_daily,2026-06-06,,,,,,,,,,3.191346792715267e-05,1.9729888346723477e-05,True,historical_equal_year,,,,,,,,,,,,,,,,,,,,,,,,,,,,,,,,,,,,,,
no2_daily,2026-06-07,,,,,,,,,,2.73445974155e-05,2.1551461802083005e-05,True,historical_equal_year,,,,,,,,,,,,,,,,,,,,,,,,,,,,,,,,,,,,,,
no2_daily,2026-06-08,,,,,,,,,,2.4161732735513335e-05,2.1896592776145744e-05,True,historical_equal_year,,,,,,,,,,,,,,,,,,,,,,,,,,,,,,,,,,,,,,
no2_daily,2026-06-09,,,,,,,,,,1.34551567231675e-05,2.2565107744481273e-05,True,historical_equal_year,,,,,,,,,,,,,,,,,,,,,,,,,,,,,,,,,,,,,,
no2_daily,2026-06-10,,,,,,,,,,2.480648737184e-05,2.0366454598993277e-05,True,historical_equal_year,,,,,,,,,,,,,,,,,,,,,,,,,,,,,,,,,,,,,,
no2_daily,2026-06-11,,,,,,,,,,2.074573828596667e-05,2.160054151993649e-05,True,historical_equal_year,,,,,,,,,,,,,,,,,,,,,,,,,,,,,,,,,,,,,,
no2_daily,2026-06-12,,,,,,,,,,1.552857375222875e-05,2.19770822666128e-05,True,historical_equal_year,,,,,,,,,,,,,,,,,,,,,,,,,,,,,,,,,,,,,,
no2_daily,2026-06-13,,,,,,,,,,1.652289590873667e-05,2.1427381368929942e-05,True,historical_equal_year,,,,,,,,,,,,,,,,,,,,,,,,,,,,,,,,,,,,,,
no2_daily,2026-06-14,,,,,,,,,,3.59832058621025e-05,1.9755221142622802e-05,True,historical_equal_year,,,,,,,,,,,,,,,,,,,,,,,,,,,,,,,,,,,,,,
no2_daily,2026-06-15,,,,,,,,,,2.6797517962247502e-05,1.8688656538761492e-05,True,historical_equal_year,,,,,,,,,,,,,,,,,,,,,,,,,,,,,,,,,,,,,,
no2_daily,2026-06-16,,,,,,,,,,9.6072504393875e-06,1.8534477464186666e-05,True,historical_equal_year,,,,,,,,,,,,,,,,,,,,,,,,,,,,,,,,,,,,,,
no2_daily,2026-06-17,,,,,,,,,,1.310136578769e-05,1.7861446872999285e-05,True,historical_equal_year,,,,,,,,,,,,,,,,,,,,,,,,,,,,,,,,,,,,,,
no2_daily,2026-06-18,,,,,,,,,,1.32797860589375e-05,1.5414509756956073e-05,True,historical_equal_year,,,,,,,,,,,,,,,,,,,,,,,,,,,,,,,,,,,,,,
no2_daily,2026-06-19,,,,,,,,,,1.4449320230205e-05,1.4828059629819285e-05,True,historical_equal_year,,,,,,,,,,,,,,,,,,,,,,,,,,,,,,,,,,,,,,
no2_daily,2026-06-20,,,,,,,,,,1.1811681770425e-05,1.5644425377385356e-05,True,historical_equal_year,,,,,,,,,,,,,,,,,,,,,,,,,,,,,,,,,,,,,,
no2_daily,2026-06-21,,,,,,,,,,1.88546460498e-05,1.6112728110256787e-05,True,historical_equal_year,,,,,,,,,,,,,,,,,,,,,,,,,,,,,,,,,,,,,,
no2_daily,2026-06-22,,,,,,,,,,2.269236707229e-05,1.6520954509699048e-05,True,historical_equal_year,,,,,,,,,,,,,,,,,,,,,,,,,,,,,,,,,,,,,,
no2_daily,2026-06-23,,,,,,,,,,1.532181067235e-05,1.757801544285214e-05,True,historical_equal_year,,,,,,,,,,,,,,,,,,,,,,,,,,,,,,,,,,,,,,
no2_daily,2026-06-24,,,,,,,,,,1.637948491779e-05,1.9122776371177143e-05,True,historical_equal_year,,,,,,,,,,,,,,,,,,,,,,,,,,,,,,,,,,,,,,
no2_daily,2026-06-25,,,,,,,,,,1.6137370855033336e-05,2.0779411768634284e-05,True,historical_equal_year,,,,,,,,,,,,,,,,,,,,,,,,,,,,,,,,,,,,,,
no2_daily,2026-06-26,,,,,,,,,,2.1848746762276664e-05,2.142946841433714e-05,True,historical_equal_year,,,,,,,,,,,,,,,,,,,,,,,,,,,,,,,,,,,,,,
no2_daily,2026-06-27,,,,,,,,,,2.26250082687e-05,2.1120142666154285e-05,True,historical_equal_year,,,,,,,,,,,,,,,,,,,,,,,,,,,,,,,,,,,,,,
no2_daily,2026-06-28,,,,,,,,,,3.0451093832e-05,2.1910252290881666e-05,True,historical_equal_year,,,,,,,,,,,,,,,,,,,,,,,,,,,,,,,,,,,,,,
no2_daily,2026-06-29,,,,,,,,,,2.724276359221e-05,2.3064828578051333e-05,True,historical_equal_year,,,,,,,,,,,,,,,,,,,,,,,,,,,,,,,,,,,,,,
no2_daily,2026-06-30,,,,,,,,,,1.315653043507e-05,2.3368849031995e-05,True,historical_equal_year,,,,,,,,,,,,,,,,,,,,,,,,,,,,,,,,,,,,,,
no2_pixel_map,,,,,,,,,,,,,,,e33dfe236032_r0015_c0024,56.31525760068246,25.63511726171526,15.0,24.0,0.0,55.0,1.1288986359717354e-05,44.0,6.231279165098196e-06,58.0,2.2105560885413036e-06,60.0,1.2588369575118725e-05,59.0,1.573519158901419e-05,8.079797797118895e-06,1.573519158901419e-05,7.655393791895294e-06,at_least_40_eligible_days_in_each_year_2022_2026,descriptive_pixel_pattern_not_source_attribution_or_causal_effect,,,,,,,,,,,,,,,,,
no2_pixel_map,,,,,,,,,,,,,,,e33dfe236032_r0015_c0025,56.325257646425285,25.63511726171526,15.0,25.0,0.0,55.0,1.0300418534945557e-05,44.0,5.736946925471099e-06,58.0,1.9566272063289095e-06,60.0,1.10147318136278e-05,59.0,1.5214687987001846e-05,7.252181120093341e-06,1.5214687987001846e-05,7.962506866908504e-06,at_least_40_eligible_days_in_each_year_2022_2026,descriptive_pixel_pattern_not_source_attribution_or_causal_effect,,,,,,,,,,,,,,,,,
no2_pixel_map,,,,,,,,,,,,,,,e33dfe236032_r0015_c0026,56.3352576921681,25.63511726171526,15.0,26.0,0.0,55.0,9.802507045064701e-06,44.0,3.147641657496248e-06,58.0,-5.988603701478753e-08,60.0,8.785338913413697e-06,59.0,1.4090854487851496e-05,5.418900394739965e-06,1.4090854487851496e-05,8.671954093111532e-06,at_least_40_eligible_days_in_each_year_2022_2026,descriptive_pixel_pattern_not_source_attribution_or_causal_effect,,,,,,,,,,,,,,,,,
no2_pixel_map,,,,,,,,,,,,,,,e33dfe236032_r0015_c0027,56.34525773791091,25.63511726171526,15.0,27.0,0.0,55.0,9.167414344405087e-06,44.0,1.0084995150449114e-06,58.0,-1.8783494390041566e-06,60.0,8.635541725426564e-06,59.0,1.2048540772162823e-05,4.233276536468102e-06,1.2048540772162823e-05,7.815264235694722e-06,at_least_40_eligible_days_in_each_year_2022_2026,descriptive_pixel_pattern_not_source_attribution_or_causal_effect,,,,,,,,,,,,,,,,,
no2_pixel_map,,,,,,,,,,,,,,,e33dfe236032_r0016_c0023,56.305257554939644,25.625117215972445,16.0,23.0,0.0,55.0,1.591159921202422e-05,44.0,7.575646030039745e-06,58.0,4.789294117907101e-06,60.0,1.6256261374945093e-05,59.0,1.9605816628147614e-05,1.113320018372904e-05,1.9605816628147614e-05,8.472616444418575e-06,at_least_40_eligible_days_in_each_year_2022_2026,descriptive_pixel_pattern_not_source_attribution_or_causal_effect,,,,,,,,,,,,,,,,,
no2_pixel_map,,,,,,,,,,,,,,,e33dfe236032_r0016_c0024,56.31525760068246,25.625117215972445,16.0,24.0,0.0,55.0,1.3156638558398116e-05,44.0,6.6461767162418015e-06,58.0,2.688274923453082e-06,60.0,1.5399092844064698e-05,59.0,1.8131555067046786e-05,9.472545760539424e-06,1.8131555067046786e-05,8.659009306507362e-06,at_least_40_eligible_days_in_each_year_2022_2026,descriptive_pixel_pattern_not_source_attribution_or_causal_effect,,,,,,,,,,,,,,,,,
no2_pixel_map,,,,,,,,,,,,,,,e33dfe236032_r0016_c0025,56.325257646425285,25.625117215972445,16.0,25.0,0.0,55.0,1.201511859533414e-05,44.0,6.024984558973277e-06,58.0,2.350423703471928e-06,60.0,1.3517910783094822e-05,59.0,1.631148610870509e-05,8.477109410218541e-06,1.631148610870509e-05,7.83437669848655e-06,at_least_40_eligible_days_in_each_year_2022_2026,descriptive_pixel_pattern_not_source_attribution_or_causal_effect,,,,,,,,,,,,,,,,,
no2_pixel_map,,,,,,,,,,,,,,,e33dfe236032_r0016_c0026,56.3352576921681,25.625117215972445,16.0,26.0,0.0,55.0,1.1124242870660698e-05,44.0,4.1230783424561865e-06,58.0,8.134721822008907e-07,60.0,1.0980800946149122e-05,59.0,1.5722701991560004e-05,6.7603985853667246e-06,1.5722701991560004e-05,8.96230340619328e-06,at_least_40_eligible_days_in_each_year_2022_2026,descriptive_pixel_pattern_not_source_attribution_or_causal_effect,,,,,,,,,,,,,,,,,
no2_pixel_map,,,,,,,,,,,,,,,e33dfe236032_r0016_c0027,56.34525773791091,25.625117215972445,16.0,27.0,0.0,55.0,1.026979994106302e-05,44.0,1.1219836387997028e-06,58.0,-9.021746000186795e-07,60.0,1.040851579023304e-05,59.0,1.4171242366021045e-05,5.224531192519271e-06,1.4171242366021045e-05,8.946711173501774e-06,at_least_40_eligible_days_in_each_year_2022_2026,descriptive_pixel_pattern_not_source_attribution_or_causal_effect,,,,,,,,,,,,,,,,,
no2_pixel_map,,,,,,,,,,,,,,,e33dfe236032_r0016_c0028,56.35525778365374,25.625117215972445,16.0,28.0,0.0,55.0,8.173081613052899e-06,44.0,-2.457651360450482e-07,58.0,-1.2870168121241163e-06,60.0,8.062260915343962e-06,59.0,1.2973317019727243e-05,3.6756401450569243e-06,1.2973317019727243e-05,9.29767687467032e-06,at_least_40_eligible_days_in_each_year_2022_2026,descriptive_pixel_pattern_not_source_attribution_or_causal_effect,,,,,,,,,,,,,,,,,
no2_pixel_map,,,,,,,,,,,,,,,e33dfe236032_r0016_c0029,56.365257829396555,25.625117215972445,16.0,29.0,0.0,55.0,7.318019391976516e-06,44.0,-2.4120305602180033e-06,58.0,-1.962012700150692e-06,60.0,5.858075358068766e-06,59.0,1.0058118615817424e-05,2.2005128724191467e-06,1.0058118615817424e-05,7.857605743398278e-06,at_least_40_eligible_days_in_each_year_2022_2026,descriptive_pixel_pattern_not_source_attribution_or_causal_effect,,,,,,,,,,,,,,,,,
no2_pixel_map,,,,,,,,,,,,,,,e33dfe236032_r0017_c0022,56.29525750919683,25.615117170229624,17.0,22.0,2.488077056561506,55.0,1.8141145991851754e-05,44.0,1.1214326078216859e-05,58.0,6.5748203260811944e-06,60.0,2.2224674442063283e-05,59.0,2.6028673052429666e-05,1.4538741709553272e-05,2.6028673052429666e-05,1.1489931342876394e-05,at_least_40_eligible_days_in_each_year_2022_2026,descriptive_pixel_pattern_not_source_attribution_or_causal_effect,,,,,,,,,,,,,,,,,
no2_pixel_map,,,,,,,,,,,,,,,e33dfe236032_r0017_c0023,56.305257554939644,25.615117170229624,17.0,23.0,38.43448300709992,55.0,1.7535936021179606e-05,44.0,8.204815034612173e-06,58.0,5.7344213480868374e-06,60.0,1.917892419070813e-05,59.0,2.3131800565966298e-05,1.2663524148646687e-05,2.3131800565966298e-05,1.0468276417319611e-05,at_least_40_eligible_days_in_each_year_2022_2026,descriptive_pixel_pattern_not_source_attribution_or_causal_effect,,,,,,,,,,,,,,,,,
no2_pixel_map,,,,,,,,,,,,,,,e33dfe236032_r0017_c0024,56.31525760068246,25.615117170229624,17.0,24.0,0.0,55.0,1.5101717620254334e-05,44.0,7.076092215967096e-06,58.0,3.6252551823513134e-06,60.0,1.7489568492769344e-05,59.0,2.1934827630192058e-05,1.0823158377835523e-05,2.1934827630192058e-05,1.1111669252356535e-05,at_least_40_eligible_days_in_each_year_2022_2026,descriptive_pixel_pattern_not_source_attribution_or_causal_effect,,,,,,,,,,,,,,,,,
no2_pixel_map,,,,,,,,,,,,,,,e33dfe236032_r0017_c0025,56.325257646425285,25.615117170229624,17.0,25.0,0.0,55.0,1.3507940271289604e-05,44.0,6.355962248511598e-06,58.0,2.914030952802609e-06,60.0,1.564984148831293e-05,59.0,1.9666513899778286e-05,9.606943740229186e-06,1.9666513899778286e-05,1.00595701595491e-05,at_least_40_eligible_days_in_each_year_2022_2026,descriptive_pixel_pattern_not_source_attribution_or_causal_effect,,,,,,,,,,,,,,,,,
no2_pixel_map,,,,,,,,,,,,,,,e33dfe236032_r0017_c0026,56.3352576921681,25.615117170229624,17.0,26.0,0.0,55.0,1.2864592112026398e-05,44.0,4.986914508529374e-06,58.0,1.910056561486513e-06,60.0,1.3011443015103695e-05,59.0,1.8374706070800125e-05,8.193251549286495e-06,1.8374706070800125e-05,1.018145452151363e-05,at_least_40_eligible_days_in_each_year_2022_2026,descriptive_pixel_pattern_not_source_attribution_or_causal_effect,,,,,,,,,,,,,,,,,
no2_pixel_map,,,,,,,,,,,,,,,e33dfe236032_r0017_c0027,56.34525773791091,25.615117170229624,17.0,27.0,0.0,55.0,1.2242983935345015e-05,44.0,1.9889583470667036e-06,58.0,-9.350858213067832e-08,60.0,1.1811459919576613e-05,59.0,1.6256857324858263e-05,6.487473404964414e-06,1.6256857324858263e-05,9.769383919893849e-06,at_least_40_eligible_days_in_each_year_2022_2026,descriptive_pixel_pattern_not_source_attribution_or_causal_effect,,,,,,,,,,,,,,,,,
no2_pixel_map,,,,,,,,,,,,,,,e33dfe236032_r0017_c0028,56.35525778365374,25.615117170229624,17.0,28.0,0.0,55.0,9.966283650303904e-06,44.0,-1.1748607594350949e-07,58.0,-1.296838664941766e-06,60.0,1.0030580041758484e-05,59.0,1.4470166051313411e-05,4.645634737794278e-06,1.4470166051313411e-05,9.824531313519134e-06,at_least_40_eligible_days_in_each_year_2022_2026,descriptive_pixel_pattern_not_source_attribution_or_causal_effect,,,,,,,,,,,,,,,,,
no2_pixel_map,,,,,,,,,,,,,,,e33dfe236032_r0017_c0029,56.365257829396555,25.615117170229624,17.0,29.0,0.0,55.0,8.190144080919771e-06,44.0,-2.700977750432957e-06,58.0,-2.1702201860389417e-06,60.0,7.273816441664163e-06,59.0,1.2065922664939162e-05,2.648190646528009e-06,1.2065922664939162e-05,9.417732018411153e-06,at_least_40_eligible_days_in_each_year_2022_2026,descriptive_pixel_pattern_not_source_attribution_or_causal_effect,,,,,,,,,,,,,,,,,
no2_pixel_map,,,,,,,,,,,,,,,e33dfe236032_r0017_c0030,56.37525787513937,25.615117170229624,17.0,30.0,0.0,55.0,6.935337259367751e-06,44.0,-4.09386225102094e-06,57.0,-4.872353494435069e-06,60.0,6.108850332188616e-06,59.0,9.222854805971169e-06,1.0194929615250896e-06,9.222854805971169e-06,8.203361844446078e-06,at_least_40_eligible_days_in_each_year_2022_2026,descriptive_pixel_pattern_not_source_attribution_or_causal_effect,,,,,,,,,,,,,,,,,
no2_pixel_map,,,,,,,,,,,,,,,e33dfe236032_r0018_c0021,56.285257463454,25.605117124486803,18.0,21.0,484.0365538652328,55.0,2.1635017265118285e-05,44.0,1.1345406506021863e-05,58.0,7.797659599477143e-06,60.0,2.4925595006835766e-05,59.0,2.921031184467563e-05,1.6425919594363263e-05,2.921031184467563e-05,1.2784392250312368e-05,at_least_40_eligible_days_in_each_year_2022_2026,descriptive_pixel_pattern_not_source_attribution_or_causal_effect,,,,,,,,,,,,,,,,,
no2_pixel_map,,,,,,,,,,,,,,,e33dfe236032_r0018_c0022,56.29525750919683,25.605117124486803,18.0,22.0,956.259787627106,55.0,2.090540781628515e-05,44.0,1.1292254664144549e-05,58.0,7.023218808073445e-06,60.0,2.3208139863755908e-05,59.0,2.804121495234106e-05,1.5607255288064764e-05,2.804121495234106e-05,1.2433959664276296e-05,at_least_40_eligible_days_in_each_year_2022_2026,descriptive_pixel_pattern_not_source_attribution_or_causal_effect,,,,,,,,,,,,,,,,,
no2_pixel_map,,,,,,,,,,,,,,,e33dfe236032_r0018_c0023,56.305257554939644,25.605117124486803,18.0,23.0,4735.552185074238,55.0,2.0316601210937632e-05,44.0,8.350294231139966e-06,58.0,6.338064742360881e-06,60.0,2.0481066430194305e-05,59.0,2.5208800790988323e-05,1.3871506653658196e-05,2.5208800790988323e-05,1.1337294137330127e-05,at_least_40_eligible_days_in_each_year_2022_2026,descriptive_pixel_pattern_not_source_attribution_or_causal_effect,,,,,,,,,,,,,,,,,
no2_pixel_map,,,,,,,,,,,,,,,e33dfe236032_r0018_c0024,56.31525760068246,25.605117124486803,18.0,24.0,1399.9797740097224,55.0,1.864568151354456e-05,44.0,7.651370000810337e-06,58.0,4.6098658355908245e-06,60.0,1.7938062218719397e-05,59.0,2.33162514867934e-05,1.221124489216628e-05,2.33162514867934e-05,1.1105006594627122e-05,at_least_40_eligible_days_in_each_year_2022_2026,descriptive_pixel_pattern_not_source_attribution_or_causal_effect,,,,,,,,,,,,,,,,,
no2_pixel_map,,,,,,,,,,,,,,,e33dfe236032_r0018_c0025,56.325257646425285,25.605117124486803,18.0,25.0,392.5532526815392,55.0,1.5545146342649768e-05,44.0,7.363432081000008e-06,58.0,2.9081853167354517e-06,60.0,1.6442788748995248e-05,59.0,2.1170086594467195e-05,1.0564888122345119e-05,2.1170086594467195e-05,1.0605198472122076e-05,at_least_40_eligible_days_in_each_year_2022_2026,descriptive_pixel_pattern_not_source_attribution_or_causal_effect,,,,,,,,,,,,,,,,,
no2_pixel_map,,,,,,,,,,,,,,,e33dfe236032_r0018_c0026,56.3352576921681,25.605117124486803,18.0,26.0,62.224271161672995,55.0,1.4186315717320854e-05,44.0,6.360666981922533e-06,58.0,2.025868700154855e-06,60.0,1.3873339402608807e-05,59.0,1.982069970415097e-05,9.111547700501763e-06,1.982069970415097e-05,1.0709152003649207e-05,at_least_40_eligible_days_in_each_year_2022_2026,descriptive_pixel_pattern_not_source_attribution_or_causal_effect,,,,,,,,,,,,,,,,,
no2_pixel_map,,,,,,,,,,,,,,,e33dfe236032_r0018_c0027,56.34525773791091,25.605117124486803,18.0,27.0,44.82671315974421,55.0,1.3039267663560563e-05,44.0,3.4297923178268576e-06,58.0,1.9047862954701753e-07,60.0,1.2180004149969436e-05,59.0,1.8118562025737258e-05,7.209885690225969e-06,1.8118562025737258e-05,1.0908676335511289e-05,at_least_40_eligible_days_in_each_year_2022_2026,descriptive_pixel_pattern_not_source_attribution_or_causal_effect,,,,,,,,,,,,,,,,,
no2_pixel_map,,,,,,,,,,,,,,,e33dfe236032_r0018_c0028,56.35525778365374,25.605117124486803,18.0,28.0,0.0,55.0,1.1399823742270183e-05,44.0,5.171811961671507e-07,58.0,-1.6272829012681448e-06,60.0,1.1078985886268126e-05,59.0,1.5513702976313173e-05,5.342176980859329e-06,1.5513702976313173e-05,1.0171525995453844e-05,at_least_40_eligible_days_in_each_year_2022_2026,descriptive_pixel_pattern_not_source_attribution_or_causal_effect,,,,,,,,,,,,,,,,,
no2_pixel_map,,,,,,,,,,,,,,,e33dfe236032_r0018_c0029,56.365257829396555,25.605117124486803,18.0,29.0,0.0,55.0,9.308122468151585e-06,44.0,-2.011331626951794e-06,58.0,-2.1753323303100623e-06,60.0,8.695332604400389e-06,59.0,1.3431027504352083e-05,3.4541977788225292e-06,1.3431027504352083e-05,9.976829725529554e-06,at_least_40_eligible_days_in_each_year_2022_2026,descriptive_pixel_pattern_not_source_attribution_or_causal_effect,,,,,,,,,,,,,,,,,
no2_pixel_map,,,,,,,,,,,,,,,e33dfe236032_r0018_c0030,56.37525787513937,25.605117124486803,18.0,30.0,0.0,55.0,7.978015454885261e-06,44.0,-2.6916587369932455e-06,58.0,-4.541708145180479e-06,60.0,6.62068293657709e-06,59.0,1.0310151467355319e-05,1.8413328773221567e-06,1.0310151467355319e-05,8.468818590033161e-06,at_least_40_eligible_days_in_each_year_2022_2026,descriptive_pixel_pattern_not_source_attribution_or_causal_effect,,,,,,,,,,,,,,,,,
no2_pixel_map,,,,,,,,,,,,,,,e33dfe236032_r0018_c0031,56.3852579208822,25.605117124486803,18.0,31.0,0.0,55.0,6.51486395587139e-06,44.0,-4.559593776124057e-06,57.0,-6.01565679797402e-06,60.0,4.136129342366982e-06,59.0,7.948878807588926e-06,1.893568103507382e-08,7.948878807588926e-06,7.929943126553852e-06,at_least_40_eligible_days_in_each_year_2022_2026,descriptive_pixel_pattern_not_source_attribution_or_causal_effect,,,,,,,,,,,,,,,,,
no2_pixel_map,,,,,,,,,,,,,,,e33dfe236032_r0019_c0020,56.27525741771119,25.59511707874399,19.0,20.0,3711.0728748125243,55.0,2.58179055354423e-05,44.0,1.3159979806367426e-05,58.0,8.185037102548251e-06,60.0,2.5657758311279392e-05,59.0,3.263134320777294e-05,1.8205170188909345e-05,3.263134320777294e-05,1.4426173018863594e-05,at_least_40_eligible_days_in_each_year_2022_2026,descriptive_pixel_pattern_not_source_attribution_or_causal_effect,,,,,,,,,,,,,,,,,
no2_pixel_map,,,,,,,,,,,,,,,e33dfe236032_r0019_c0021,56.285257463454,25.59511707874399,19.0,21.0,784.5411528133681,55.0,2.38102116907325e-05,44.0,1.2329172312455137e-05,58.0,7.545982563422566e-06,60.0,2.4096247797616645e-05,59.0,3.1992936134789256e-05,1.694540359105671e-05,3.1992936134789256e-05,1.5047532543732545e-05,at_least_40_eligible_days_in_each_year_2022_2026,descriptive_pixel_pattern_not_source_attribution_or_causal_effect,,,,,,,,,,,,,,,,,
no2_pixel_map,,,,,,,,,,,,,,,e33dfe236032_r0019_c0022,56.29525750919683,25.59511707874399,19.0,22.0,514.6676969679048,55.0,2.260520426811232e-05,44.0,1.2539979004476887e-05,58.0,6.457846762678689e-06,60.0,2.2647098805996088e-05,59.0,3.092757469745279e-05,1.6062532210315995e-05,3.092757469745279e-05,1.4865042487136795e-05,at_least_40_eligible_days_in_each_year_2022_2026,descriptive_pixel_pattern_not_source_attribution_or_causal_effect,,,,,,,,,,,,,,,,,
no2_pixel_map,,,,,,,,,,,,,,,e33dfe236032_r0019_c0023,56.305257554939644,25.59511707874399,19.0,23.0,1339.6424078219097,55.0,2.1485414316260985e-05,44.0,9.8243463900195e-06,58.0,5.143542366971429e-06,60.0,2.056142142396432e-05,59.0,2.8334015672658463e-05,1.425368112430406e-05,2.8334015672658463e-05,1.4080334548354403e-05,at_least_40_eligible_days_in_each_year_2022_2026,descriptive_pixel_pattern_not_source_attribution_or_causal_effect,,,,,,,,,,,,,,,,,
no2_pixel_map,,,,,,,,,,,,,,,e33dfe236032_r0019_c0024,56.31525760068246,25.59511707874399,19.0,24.0,1180.7617901247554,55.0,2.01102907051917e-05,44.0,8.20829598089087e-06,58.0,4.601136944509616e-06,59.0,1.772883027986567e-05,59.0,2.467742925140538e-05,1.2662138477614465e-05,2.467742925140538e-05,1.2015290773790916e-05,at_least_40_eligible_days_in_each_year_2022_2026,descriptive_pixel_pattern_not_source_attribution_or_causal_effect,,,,,,,,,,,,,,,,,
no2_pixel_map,,,,,,,,,,,,,,,e33dfe236032_r0019_c0025,56.325257646425285,25.59511707874399,19.0,25.0,213.56808754384753,55.0,1.6166372961499355e-05,44.0,7.898513217893669e-06,58.0,2.721364096969212e-06,59.0,1.6616901912209882e-05,59.0,2.2557149903995776e-05,1.085078804714303e-05,2.2557149903995776e-05,1.1706361856852746e-05,at_least_40_eligible_days_in_each_year_2022_2026,descriptive_pixel_pattern_not_source_attribution_or_causal_effect,,,,,,,,,,,,,,,,,
no2_pixel_map,,,,,,,,,,,,,,,e33dfe236032_r0019_c0026,56.3352576921681,25.59511707874399,19.0,26.0,23.17948516662255,55.0,1.4273269959172198e-05,44.0,7.462800557598605e-06,58.0,2.1277174921144218e-06,60.0,1.4254908476309232e-05,59.0,2.050440852324799e-05,9.529674121298615e-06,2.050440852324799e-05,1.0974734401949376e-05,at_least_40_eligible_days_in_each_year_2022_2026,descriptive_pixel_pattern_not_source_attribution_or_causal_effect,,,,,,,,,,,,,,,,,
no2_pixel_map,,,,,,,,,,,,,,,e33dfe236032_r0019_c0027,56.34525773791091,25.59511707874399,19.0,27.0,351.7402318641607,55.0,1.2872785600968264e-05,44.0,6.447257368016233e-06,58.0,3.0828318884996736e-07,60.0,1.2350824656627685e-05,59.0,1.8594925630088882e-05,7.994787703615537e-06,1.8594925630088882e-05,1.0600137926473345e-05,at_least_40_eligible_days_in_each_year_2022_2026,descriptive_pixel_pattern_not_source_attribution_or_causal_effect,,,,,,,,,,,,,,,,,
no2_pixel_map,,,,,,,,,,,,,,,e33dfe236032_r0019_c0028,56.35525778365374,25.59511707874399,19.0,28.0,49.5534436025593,55.0,1.134371554239002e-05,44.0,4.167925112793927e-06,58.0,-1.7624647916547632e-06,60.0,1.1676745336976331e-05,59.0,1.5351149574041543e-05,6.356480300126378e-06,1.5351149574041543e-05,8.994669273915165e-06,at_least_40_eligible_days_in_each_year_2022_2026,descriptive_pixel_pattern_not_source_attribution_or_causal_effect,,,,,,,,,,,,,,,,,
no2_pixel_map,,,,,,,,,,,,,,,e33dfe236032_r0019_c0029,56.365257829396555,25.59511707874399,19.0,29.0,0.0,55.0,8.355701600807049e-06,44.0,1.248607604577022e-06,58.0,-2.405769826827534e-06,60.0,9.495099680787458e-06,59.0,1.3696959223092143e-05,4.173409764835999e-06,1.3696959223092143e-05,9.523549458256144e-06,at_least_40_eligible_days_in_each_year_2022_2026,descriptive_pixel_pattern_not_source_attribution_or_causal_effect,,,,,,,,,,,,,,,,,
no2_pixel_map,,,,,,,,,,,,,,,e33dfe236032_r0019_c0030,56.37525787513937,25.59511707874399,19.0,30.0,0.0,55.0,7.48862260657029e-06,44.0,-5.347205737233204e-07,58.0,-3.967247252654874e-06,60.0,7.086749949471289e-06,59.0,1.1245611441275314e-05,2.5183511824158462e-06,1.1245611441275314e-05,8.727260258859466e-06,at_least_40_eligible_days_in_each_year_2022_2026,descriptive_pixel_pattern_not_source_attribution_or_causal_effect,,,,,,,,,,,,,,,,,
no2_pixel_map,,,,,,,,,,,,,,,e33dfe236032_r0019_c0031,56.3852579208822,25.59511707874399,19.0,31.0,0.0,55.0,6.7289366185628065e-06,44.0,-2.767240475194681e-06,57.0,-5.892026219326221e-06,60.0,5.2754688166878595e-06,59.0,8.770409185777754e-06,8.362846851824409e-07,8.770409185777754e-06,7.934124500595313e-06,at_least_40_eligible_days_in_each_year_2022_2026,descriptive_pixel_pattern_not_source_attribution_or_causal_effect,,,,,,,,,,,,,,,,,
no2_pixel_map,,,,,,,,,,,,,,,e33dfe236032_r0020_c0019,56.265257371968374,25.58511703300117,20.0,19.0,2456.87480120053,55.0,2.699091665333756e-05,45.0,1.8340637799153268e-05,58.0,8.428652283480655e-06,60.0,2.787781899246632e-05,59.0,3.897865320999528e-05,2.040950643210945e-05,3.897865320999528e-05,1.856914677788583e-05,at_least_40_eligible_days_in_each_year_2022_2026,descriptive_pixel_pattern_not_source_attribution_or_causal_effect,,,,,,,,,,,,,,,,,
no2_pixel_map,,,,,,,,,,,,,,,e33dfe236032_r0020_c0020,56.27525741771119,25.58511703300117,20.0,20.0,407.1177205282921,55.0,2.607729322595273e-05,45.0,1.4997912784360614e-05,58.0,7.485823346412298e-06,60.0,2.5786618885756977e-05,59.0,3.4530958237569455e-05,1.8586912060620653e-05,3.4530958237569455e-05,1.5944046176948802e-05,at_least_40_eligible_days_in_each_year_2022_2026,descriptive_pixel_pattern_not_source_attribution_or_causal_effect,,,,,,,,,,,,,,,,,
no2_pixel_map,,,,,,,,,,,,,,,e33dfe236032_r0020_c0021,56.285257463454,25.58511703300117,20.0,21.0,0.0,55.0,2.3716669515740728e-05,45.0,1.3840873552804562e-05,58.0,7.036257575013152e-06,59.0,2.5176039164117723e-05,59.0,3.311854459763352e-05,1.744245995191904e-05,3.311854459763352e-05,1.567608464571448e-05,at_least_40_eligible_days_in_each_year_2022_2026,descriptive_pixel_pattern_not_source_attribution_or_causal_effect,,,,,,,,,,,,,,,,,
no2_pixel_map,,,,,,,,,,,,,,,e33dfe236032_r0020_c0022,56.29525750919683,25.58511703300117,20.0,22.0,60.21658231104236,55.0,2.2101955979075334e-05,45.0,1.2742977346935265e-05,58.0,6.157172549917385e-06,59.0,2.296468384969146e-05,59.0,3.0917167704129184e-05,1.599169743140486e-05,3.0917167704129184e-05,1.4925470272724324e-05,at_least_40_eligible_days_in_each_year_2022_2026,descriptive_pixel_pattern_not_source_attribution_or_causal_effect,,,,,,,,,,,,,,,,,
no2_pixel_map,,,,,,,,,,,,,,,e33dfe236032_r0020_c0023,56.305257554939644,25.58511703300117,20.0,23.0,12.80575378541784,55.0,2.0965467158802625e-05,45.0,1.0581165031602458e-05,58.0,4.859840830715749e-06,59.0,2.0919535084865716e-05,59.0,2.9145075824519165e-05,1.433150202649664e-05,2.9145075824519165e-05,1.4813573798022526e-05,at_least_40_eligible_days_in_each_year_2022_2026,descriptive_pixel_pattern_not_source_attribution_or_causal_effect,,,,,,,,,,,,,,,,,
no2_pixel_map,,,,,,,,,,,,,,,e33dfe236032_r0020_c0024,56.31525760068246,25.58511703300117,20.0,24.0,4.720645972244139,55.0,2.004729938326345e-05,45.0,8.816338917613734e-06,58.0,4.6234714059010535e-06,59.0,1.7518790895170997e-05,59.0,2.4805998382159576e-05,1.2751475150487309e-05,2.4805998382159576e-05,1.2054523231672267e-05,at_least_40_eligible_days_in_each_year_2022_2026,descriptive_pixel_pattern_not_source_attribution_or_causal_effect,,,,,,,,,,,,,,,,,
no2_pixel_map,,,,,,,,,,,,,,,e33dfe236032_r0020_c0025,56.325257646425285,25.58511703300117,20.0,25.0,1.387395095525704,55.0,1.675709501229761e-05,45.0,8.945208354611914e-06,58.0,2.921520171243415e-06,59.0,1.6624890605366966e-05,59.0,2.2623820459354736e-05,1.1312178535879976e-05,2.2623820459354736e-05,1.131164192347476e-05,at_least_40_eligible_days_in_each_year_2022_2026,descriptive_pixel_pattern_not_source_attribution_or_causal_effect,,,,,,,,,,,,,,,,,
no2_pixel_map,,,,,,,,,,,,,,,e33dfe236032_r0020_c0026,56.3352576921681,25.58511703300117,20.0,26.0,0.0,55.0,1.4232943294820935e-05,45.0,8.271495546167129e-06,58.0,2.504480658863774e-06,59.0,1.5181371737929975e-05,59.0,2.1122775296687546e-05,1.0047572809445452e-05,2.1122775296687546e-05,1.1075202487242094e-05,at_least_40_eligible_days_in_each_year_2022_2026,descriptive_pixel_pattern_not_source_attribution_or_causal_effect,,,,,,,,,,,,,,,,,
no2_pixel_map,,,,,,,,,,,,,,,e33dfe236032_r0020_c0027,56.34525773791091,25.58511703300117,20.0,27.0,30.85124460810208,55.0,1.2528543840699289e-05,45.0,7.631684738849736e-06,58.0,9.614751017913291e-07,60.0,1.313135396465865e-05,59.0,2.0259325783578415e-05,8.56326441149975e-06,2.0259325783578415e-05,1.1696061372078665e-05,at_least_40_eligible_days_in_each_year_2022_2026,descriptive_pixel_pattern_not_source_attribution_or_causal_effect,,,,,,,,,,,,,,,,,
no2_pixel_map,,,,,,,,,,,,,,,e33dfe236032_r0020_c0028,56.35525778365374,25.58511703300117,20.0,28.0,124.78686992356594,55.0,1.101052300174514e-05,45.0,5.548431948426936e-06,58.0,-8.717546523237645e-07,60.0,1.1911918748032496e-05,59.0,1.7794843603394175e-05,6.8997797614702025e-06,1.7794843603394175e-05,1.0895063841923972e-05,at_least_40_eligible_days_in_each_year_2022_2026,descriptive_pixel_pattern_not_source_attribution_or_causal_effect,,,,,,,,,,,,,,,,,
no2_pixel_map,,,,,,,,,,,,,,,e33dfe236032_r0020_c0029,56.365257829396555,25.58511703300117,20.0,29.0,0.0,55.0,8.203341742000932e-06,45.0,2.7185463385521245e-06,58.0,-1.8965894179719852e-06,60.0,1.000146331163523e-05,59.0,1.557873388229164e-05,4.756690493554075e-06,1.557873388229164e-05,1.0822043388737565e-05,at_least_40_eligible_days_in_each_year_2022_2026,descriptive_pixel_pattern_not_source_attribution_or_causal_effect,,,,,,,,,,,,,,,,,
no2_pixel_map,,,,,,,,,,,,,,,e33dfe236032_r0020_c0030,56.37525787513937,25.58511703300117,20.0,30.0,0.0,55.0,7.592541338904727e-06,45.0,1.1309307804401711e-07,58.0,-3.1208037219094687e-06,60.0,7.781071301528449e-06,59.0,1.2555848623453296e-05,3.0914754991419307e-06,1.2555848623453296e-05,9.464373124311365e-06,at_least_40_eligible_days_in_each_year_2022_2026,descriptive_pixel_pattern_not_source_attribution_or_causal_effect,,,,,,,,,,,,,,,,,
no2_pixel_map,,,,,,,,,,,,,,,e33dfe236032_r0020_c0031,56.3852579208822,25.58511703300117,20.0,31.0,0.0,55.0,7.071344949132814e-06,45.0,-1.8775622580128706e-06,57.0,-5.516378145213501e-06,60.0,6.31234576993362e-06,59.0,9.134860361155758e-06,1.4974375789600157e-06,9.134860361155758e-06,7.637422782195742e-06,at_least_40_eligible_days_in_each_year_2022_2026,descriptive_pixel_pattern_not_source_attribution_or_causal_effect,,,,,,,,,,,,,,,,,
no2_pixel_map,,,,,,,,,,,,,,,e33dfe236032_r0021_c0018,56.255257326225546,25.575116987258347,21.0,18.0,233.92437213525534,55.0,2.909673085439638e-05,44.0,2.1639861418118952e-05,58.0,9.132172653838934e-06,60.0,3.2662801312882334e-05,59.0,4.1565734166086675e-05,2.313289155980915e-05,4.1565734166086675e-05,1.8432842606277526e-05,at_least_40_eligible_days_in_each_year_2022_2026,descriptive_pixel_pattern_not_source_attribution_or_causal_effect,,,,,,,,,,,,,,,,,
no2_pixel_map,,,,,,,,,,,,,,,e33dfe236032_r0021_c0019,56.265257371968374,25.575116987258347,21.0,19.0,268.29338003422816,55.0,2.6778877257001427e-05,45.0,1.9002065880762263e-05,58.0,7.540283826430688e-06,60.0,2.7538268179873436e-05,59.0,3.867032944992032e-05,2.021487378601695e-05,3.867032944992032e-05,1.845545566390337e-05,at_least_40_eligible_days_in_each_year_2022_2026,descriptive_pixel_pattern_not_source_attribution_or_causal_effect,,,,,,,,,,,,,,,,,
no2_pixel_map,,,,,,,,,,,,,,,e33dfe236032_r0021_c0020,56.27525741771119,25.575116987258347,21.0,20.0,0.0,55.0,2.6116271704966887e-05,45.0,1.5862086880080358e-05,58.0,6.9546651744990165e-06,60.0,2.452567930284628e-05,59.0,3.466933387933178e-05,1.8364675765598138e-05,3.466933387933178e-05,1.630465811373364e-05,at_least_40_eligible_days_in_each_year_2022_2026,descriptive_pixel_pattern_not_source_attribution_or_causal_effect,,,,,,,,,,,,,,,,,
no2_pixel_map,,,,,,,,,,,,,,,e33dfe236032_r0021_c0021,56.285257463454,25.575116987258347,21.0,21.0,0.0,55.0,2.3375095749911267e-05,45.0,1.484076531788392e-05,58.0,6.471143355685405e-06,59.0,2.3693873847415857e-05,59.0,3.280066997163745e-05,1.7095219567724115e-05,3.280066997163745e-05,1.5705450403913337e-05,at_least_40_eligible_days_in_each_year_2022_2026,descriptive_pixel_pattern_not_source_attribution_or_causal_effect,,,,,,,,,,,,,,,,,
no2_pixel_map,,,,,,,,,,,,,,,e33dfe236032_r0021_c0022,56.29525750919683,25.575116987258347,21.0,22.0,0.0,55.0,2.1312560780267283e-05,45.0,1.3662688463326188e-05,58.0,5.636258581344125e-06,59.0,2.1639667748573612e-05,59.0,3.099197851454197e-05,1.5562793893377803e-05,3.099197851454197e-05,1.542918462116417e-05,at_least_40_eligible_days_in_each_year_2022_2026,descriptive_pixel_pattern_not_source_attribution_or_causal_effect,,,,,,,,,,,,,,,,,
no2_pixel_map,,,,,,,,,,,,,,,e33dfe236032_r0021_c0023,56.305257554939644,25.575116987258347,21.0,23.0,0.0,55.0,2.029359605508057e-05,45.0,1.1567463771823024e-05,58.0,4.585960269144903e-06,59.0,2.028643714866572e-05,59.0,2.936847291165329e-05,1.4183364311178555e-05,2.936847291165329e-05,1.5185108600474734e-05,at_least_40_eligible_days_in_each_year_2022_2026,descriptive_pixel_pattern_not_source_attribution_or_causal_effect,,,,,,,,,,,,,,,,,
no2_pixel_map,,,,,,,,,,,,,,,e33dfe236032_r0021_c0024,56.31525760068246,25.575116987258347,21.0,24.0,0.0,55.0,1.9391202390286277e-05,45.0,8.719625373181506e-06,58.0,4.318821634988869e-06,59.0,1.830894538640158e-05,59.0,2.6539458842290048e-05,1.2684648696214559e-05,2.6539458842290048e-05,1.385481014607549e-05,at_least_40_eligible_days_in_each_year_2022_2026,descriptive_pixel_pattern_not_source_attribution_or_causal_effect,,,,,,,,,,,,,,,,,
no2_pixel_map,,,,,,,,,,,,,,,e33dfe236032_r0021_c0025,56.325257646425285,25.575116987258347,21.0,25.0,0.0,55.0,1.665717770938936e-05,45.0,8.55421189336927e-06,58.0,3.5858986181214934e-06,59.0,1.7340427160722203e-05,59.0,2.4362439758415634e-05,1.1534428845400582e-05,2.4362439758415634e-05,1.2828010913015053e-05,at_least_40_eligible_days_in_each_year_2022_2026,descriptive_pixel_pattern_not_source_attribution_or_causal_effect,,,,,,,,,,,,,,,,,
no2_pixel_map,,,,,,,,,,,,,,,e33dfe236032_r0021_c0026,56.3352576921681,25.575116987258347,21.0,26.0,0.0,55.0,1.3556133882912266e-05,45.0,8.016321689761691e-06,58.0,2.5355072865676007e-06,59.0,1.6001224082978865e-05,59.0,2.2893519613452827e-05,1.0027296735555104e-05,2.2893519613452827e-05,1.2866222877897722e-05,at_least_40_eligible_days_in_each_year_2022_2026,descriptive_pixel_pattern_not_source_attribution_or_causal_effect,,,,,,,,,,,,,,,,,
no2_pixel_map,,,,,,,,,,,,,,,e33dfe236032_r0021_c0027,56.34525773791091,25.575116987258347,21.0,27.0,0.0,55.0,1.2302841618082707e-05,45.0,7.909322265527244e-06,58.0,1.2824678338947614e-06,60.0,1.4450682046346019e-05,59.0,2.1331730193733762e-05,8.986328440962683e-06,2.1331730193733762e-05,1.2345401752771079e-05,at_least_40_eligible_days_in_each_year_2022_2026,descriptive_pixel_pattern_not_source_attribution_or_causal_effect,,,,,,,,,,,,,,,,,
no2_pixel_map,,,,,,,,,,,,,,,e33dfe236032_r0021_c0028,56.35525778365374,25.575116987258347,21.0,28.0,1.811048022718349,55.0,1.1161466148922441e-05,45.0,5.98442220395993e-06,58.0,-7.472893615295512e-07,60.0,1.3174867980752724e-05,59.0,1.7942494734580115e-05,7.393366743026386e-06,1.7942494734580115e-05,1.0549127991553728e-05,at_least_40_eligible_days_in_each_year_2022_2026,descriptive_pixel_pattern_not_source_attribution_or_causal_effect,,,,,,,,,,,,,,,,,
no2_pixel_map,,,,,,,,,,,,,,,e33dfe236032_r0021_c0029,56.365257829396555,25.575116987258347,21.0,29.0,0.0,55.0,8.536465971325576e-06,45.0,3.6589917917781734e-06,58.0,-2.334524978829381e-06,60.0,1.148061844340615e-05,59.0,1.4374309101876996e-05,5.335387806920129e-06,1.4374309101876996e-05,9.038921294956867e-06,at_least_40_eligible_days_in_each_year_2022_2026,descriptive_pixel_pattern_not_source_attribution_or_causal_effect,,,,,,,,,,,,,,,,,
no2_pixel_map,,,,,,,,,,,,,,,e33dfe236032_r0021_c0030,56.37525787513937,25.575116987258347,21.0,30.0,0.0,55.0,6.36035260880096e-06,45.0,9.654964731224207e-07,58.0,-3.1420857881643537e-06,60.0,9.899295163678588e-06,59.0,1.0841374836377693e-05,3.5207646143594037e-06,1.0841374836377693e-05,7.320610222018289e-06,at_least_40_eligible_days_in_each_year_2022_2026,descriptive_pixel_pattern_not_source_attribution_or_causal_effect,,,,,,,,,,,,,,,,,
no2_pixel_map,,,,,,,,,,,,,,,e33dfe236032_r0021_c0031,56.3852579208822,25.575116987258347,21.0,31.0,0.0,55.0,5.609285682976636e-06,45.0,-5.088166705442059e-07,57.0,-5.347435706819899e-06,60.0,8.014440093197356e-06,59.0,8.353142404439477e-06,1.941868349702472e-06,8.353142404439477e-06,6.411274054737005e-06,at_least_40_eligible_days_in_each_year_2022_2026,descriptive_pixel_pattern_not_source_attribution_or_causal_effect,,,,,,,,,,,,,,,,,
no2_pixel_map,,,,,,,,,,,,,,,e33dfe236032_r0022_c0018,56.255257326225546,25.565116941515534,22.0,18.0,19.24854689615792,55.0,2.8821546927615417e-05,44.0,2.3952184932197377e-05,58.0,8.534429810294904e-06,60.0,3.147077096029352e-05,59.0,4.151213801327514e-05,2.3194733157600306e-05,4.151213801327514e-05,1.8317404855674838e-05,at_least_40_eligible_days_in_each_year_2022_2026,descriptive_pixel_pattern_not_source_attribution_or_causal_effect,,,,,,,,,,,,,,,,,
no2_pixel_map,,,,,,,,,,,,,,,e33dfe236032_r0022_c0019,56.265257371968374,25.565116941515534,22.0,19.0,17.426312815033693,55.0,2.6887262352453596e-05,44.0,2.093190607076339e-05,58.0,6.467058720894084e-06,60.0,2.7095846968148177e-05,59.0,3.8477672697929876e-05,2.034551852806481e-05,3.8477672697929876e-05,1.8132154169865064e-05,at_least_40_eligible_days_in_each_year_2022_2026,descriptive_pixel_pattern_not_source_attribution_or_causal_effect,,,,,,,,,,,,,,,,,
no2_pixel_map,,,,,,,,,,,,,,,e33dfe236032_r0022_c0020,56.27525741771119,25.565116941515534,22.0,20.0,0.0,55.0,2.5952253331231553e-05,45.0,1.7535149556450192e-05,58.0,5.079048717745715e-06,60.0,2.3613272611253703e-05,59.0,3.4059888786461685e-05,1.804493105417029e-05,3.4059888786461685e-05,1.6014957732291395e-05,at_least_40_eligible_days_in_each_year_2022_2026,descriptive_pixel_pattern_not_source_attribution_or_causal_effect,,,,,,,,,,,,,,,,,
no2_pixel_map,,,,,,,,,,,,,,,e33dfe236032_r0022_c0021,56.285257463454,25.565116941515534,22.0,21.0,0.0,55.0,2.3415963150203407e-05,45.0,1.5412363739614435e-05,58.0,4.8819213235521886e-06,59.0,2.310711169114446e-05,59.0,3.108915179569998e-05,1.6704339976128624e-05,3.108915179569998e-05,1.4384811819571355e-05,at_least_40_eligible_days_in_each_year_2022_2026,descriptive_pixel_pattern_not_source_attribution_or_causal_effect,,,,,,,,,,,,,,,,,
no2_pixel_map,,,,,,,,,,,,,,,e33dfe236032_r0022_c0022,56.29525750919683,25.565116941515534,22.0,22.0,0.0,55.0,2.0758734250644653e-05,45.0,1.2966483608374637e-05,58.0,4.708977769821439e-06,59.0,2.1645795091455277e-05,59.0,3.0469069869404522e-05,1.5019997680074002e-05,3.0469069869404522e-05,1.544907218933052e-05,at_least_40_eligible_days_in_each_year_2022_2026,descriptive_pixel_pattern_not_source_attribution_or_causal_effect,,,,,,,,,,,,,,,,,
no2_pixel_map,,,,,,,,,,,,,,,e33dfe236032_r0022_c0023,56.305257554939644,25.565116941515534,22.0,23.0,0.0,55.0,1.9135845332250094e-05,45.0,1.1267866960424057e-05,58.0,4.420530584297567e-06,59.0,1.9732988842995236e-05,59.0,2.9292575023844418e-05,1.363930792999174e-05,2.9292575023844418e-05,1.5653267093852678e-05,at_least_40_eligible_days_in_each_year_2022_2026,descriptive_pixel_pattern_not_source_attribution_or_causal_effect,,,,,,,,,,,,,,,,,
no2_pixel_map,,,,,,,,,,,,,,,e33dfe236032_r0022_c0024,56.31525760068246,25.565116941515534,22.0,24.0,0.0,55.0,1.830312044987566e-05,45.0,8.568979540740897e-06,58.0,4.360121475777515e-06,59.0,1.8905661376407636e-05,59.0,2.749937966079906e-05,1.2534470710700427e-05,2.749937966079906e-05,1.4964908950098634e-05,at_least_40_eligible_days_in_each_year_2022_2026,descriptive_pixel_pattern_not_source_attribution_or_causal_effect,,,,,,,,,,,,,,,,,
no2_pixel_map,,,,,,,,,,,,,,,e33dfe236032_r0022_c0025,56.325257646425285,25.565116941515534,22.0,25.0,0.0,55.0,1.6343429371727554e-05,45.0,8.221815752219338e-06,58.0,4.36695513670966e-06,59.0,1.796548032339689e-05,59.0,2.4055909706874547e-05,1.172442014601336e-05,2.4055909706874547e-05,1.2331489560861188e-05,at_least_40_eligible_days_in_each_year_2022_2026,descriptive_pixel_pattern_not_source_attribution_or_causal_effect,,,,,,,,,,,,,,,,,
no2_pixel_map,,,,,,,,,,,,,,,e33dfe236032_r0022_c0026,56.3352576921681,25.565116941515534,22.0,26.0,48.35836783002565,55.0,1.2960476550064312e-05,45.0,7.796415370039882e-06,58.0,2.6905937585999676e-06,59.0,1.7443388281180315e-05,59.0,2.1863747875349236e-05,1.022271848997112e-05,2.1863747875349236e-05,1.1641029385378116e-05,at_least_40_eligible_days_in_each_year_2022_2026,descriptive_pixel_pattern_not_source_attribution_or_causal_effect,,,,,,,,,,,,,,,,,
no2_pixel_map,,,,,,,,,,,,,,,e33dfe236032_r0022_c0027,56.34525773791091,25.565116941515534,22.0,27.0,41.71008916159778,55.0,1.1097899265674376e-05,45.0,7.6264651285452684e-06,58.0,1.7228144652065567e-06,60.0,1.635967368133727e-05,59.0,1.9759383821971447e-05,9.201713135190869e-06,1.9759383821971447e-05,1.0557670686780578e-05,at_least_40_eligible_days_in_each_year_2022_2026,descriptive_pixel_pattern_not_source_attribution_or_causal_effect,,,,,,,,,,,,,,,,,
no2_pixel_map,,,,,,,,,,,,,,,e33dfe236032_r0022_c0028,56.35525778365374,25.565116941515534,22.0,28.0,4.406751665444259,55.0,9.539322453950244e-06,45.0,6.68648691306401e-06,58.0,-3.9511405474282443e-07,60.0,1.4621902306242187e-05,59.0,1.6836310180514804e-05,7.613149404628404e-06,1.6836310180514804e-05,9.2231607758864e-06,at_least_40_eligible_days_in_each_year_2022_2026,descriptive_pixel_pattern_not_source_attribution_or_causal_effect,,,,,,,,,,,,,,,,,
no2_pixel_map,,,,,,,,,,,,,,,e33dfe236032_r0022_c0029,56.365257829396555,25.565116941515534,22.0,29.0,0.0,55.0,7.906679998619999e-06,45.0,4.686557782909038e-06,58.0,-2.297389384980347e-06,60.0,1.2563578917177434e-05,59.0,1.337616431751483e-05,5.714856828431531e-06,1.337616431751483e-05,7.6613074890833e-06,at_least_40_eligible_days_in_each_year_2022_2026,descriptive_pixel_pattern_not_source_attribution_or_causal_effect,,,,,,,,,,,,,,,,,
no2_pixel_map,,,,,,,,,,,,,,,e33dfe236032_r0022_c0030,56.37525787513937,25.565116941515534,22.0,30.0,0.0,55.0,5.946255338581711e-06,45.0,2.3537169291631956e-06,58.0,-3.325251686000395e-06,60.0,1.0717250800175555e-05,59.0,1.006154859781077e-05,3.922992845480017e-06,1.006154859781077e-05,6.138555752330753e-06,at_least_40_eligible_days_in_each_year_2022_2026,descriptive_pixel_pattern_not_source_attribution_or_causal_effect,,,,,,,,,,,,,,,,,
no2_pixel_map,,,,,,,,,,,,,,,e33dfe236032_r0022_c0031,56.3852579208822,25.565116941515534,22.0,31.0,0.0,55.0,5.09303833342882e-06,45.0,1.1326232388428636e-06,58.0,-5.29702887644366e-06,60.0,8.631951919522177e-06,59.0,7.414664634608013e-06,2.39014615383755e-06,7.414664634608013e-06,5.024518480770463e-06,at_least_40_eligible_days_in_each_year_2022_2026,descriptive_pixel_pattern_not_source_attribution_or_causal_effect,,,,,,,,,,,,,,,,,
no2_pixel_map,,,,,,,,,,,,,,,e33dfe236032_r0023_c0017,56.24525728048273,25.555116895772713,23.0,17.0,5.016624359874651,55.0,2.9846445063946355e-05,44.0,2.6005262841575157e-05,58.0,9.41265984764723e-06,60.0,3.0977897227710854e-05,59.0,4.219067674037169e-05,2.40605662452199e-05,4.219067674037169e-05,1.813011049515179e-05,at_least_40_eligible_days_in_each_year_2022_2026,descriptive_pixel_pattern_not_source_attribution_or_causal_effect,,,,,,,,,,,,,,,,,
no2_pixel_map,,,,,,,,,,,,,,,e33dfe236032_r0023_c0018,56.255257326225546,25.555116895772713,23.0,18.0,0.5501481154921014,55.0,2.8401335223733752e-05,44.0,2.30871313971307e-05,58.0,7.090749824622331e-06,59.0,3.032845929734597e-05,59.0,4.083241441497932e-05,2.2226918935708188e-05,4.083241441497932e-05,1.8605495479271133e-05,at_least_40_eligible_days_in_each_year_2022_2026,descriptive_pixel_pattern_not_source_attribution_or_causal_effect,,,,,,,,,,,,,,,,,
no2_pixel_map,,,,,,,,,,,,,,,e33dfe236032_r0023_c0019,56.265257371968374,25.555116895772713,23.0,19.0,0.0,55.0,2.6330110197577e-05,44.0,2.000823485803542e-05,58.0,5.969262100479171e-06,60.0,2.7275607443926975e-05,59.0,3.7822278976986014e-05,1.9895803650004642e-05,3.7822278976986014e-05,1.7926475326981372e-05,at_least_40_eligible_days_in_each_year_2022_2026,descriptive_pixel_pattern_not_source_attribution_or_causal_effect,,,,,,,,,,,,,,,,,
no2_pixel_map,,,,,,,,,,,,,,,e33dfe236032_r0023_c0020,56.27525741771119,25.555116895772713,23.0,20.0,0.0,55.0,2.3722092865719933e-05,45.0,1.640348547971102e-05,58.0,5.388508680688031e-06,60.0,2.3643313099987303e-05,59.0,3.3845765678065065e-05,1.728935003152657e-05,3.3845765678065065e-05,1.6556415646538494e-05,at_least_40_eligible_days_in_each_year_2022_2026,descriptive_pixel_pattern_not_source_attribution_or_causal_effect,,,,,,,,,,,,,,,,,
no2_pixel_map,,,,,,,,,,,,,,,e33dfe236032_r0023_c0021,56.285257463454,25.555116895772713,23.0,21.0,0.0,55.0,2.108423281337415e-05,45.0,1.4374795681555787e-05,58.0,5.497484743558985e-06,58.0,2.3220038110364854e-05,59.0,3.1282411218959244e-05,1.6044137837213446e-05,3.1282411218959244e-05,1.5238273381745798e-05,at_least_40_eligible_days_in_each_year_2022_2026,descriptive_pixel_pattern_not_source_attribution_or_causal_effect,,,,,,,,,,,,,,,,,
no2_pixel_map,,,,,,,,,,,,,,,e33dfe236032_r0023_c0022,56.29525750919683,25.555116895772713,23.0,22.0,0.0,55.0,1.850822618933082e-05,45.0,1.3040454075656916e-05,58.0,5.422235409990104e-06,58.0,2.2185108345550534e-05,59.0,3.0882385112075896e-05,1.4789006005132093e-05,3.0882385112075896e-05,1.6093379106943805e-05,at_least_40_eligible_days_in_each_year_2022_2026,descriptive_pixel_pattern_not_source_attribution_or_causal_effect,,,,,,,,,,,,,,,,,
no2_pixel_map,,,,,,,,,,,,,,,e33dfe236032_r0023_c0023,56.305257554939644,25.555116895772713,23.0,23.0,0.0,55.0,1.6642357823949315e-05,45.0,1.1590029638983084e-05,58.0,5.229791788063163e-06,59.0,1.9794551429466404e-05,59.0,2.940338656343462e-05,1.3314182670115492e-05,2.940338656343462e-05,1.6089203893319127e-05,at_least_40_eligible_days_in_each_year_2022_2026,descriptive_pixel_pattern_not_source_attribution_or_causal_effect,,,,,,,,,,,,,,,,,
no2_pixel_map,,,,,,,,,,,,,,,e33dfe236032_r0023_c0024,56.31525760068246,25.555116895772713,23.0,24.0,0.6365807590665299,55.0,1.5226458787306644e-05,45.0,8.683663164444662e-06,58.0,4.810612266012137e-06,60.0,1.959418461645752e-05,59.0,2.6966177740006055e-05,1.207872970855524e-05,2.6966177740006055e-05,1.4887448031450815e-05,at_least_40_eligible_days_in_each_year_2022_2026,descriptive_pixel_pattern_not_source_attribution_or_causal_effect,,,,,,,,,,,,,,,,,
no2_pixel_map,,,,,,,,,,,,,,,e33dfe236032_r0023_c0025,56.325257646425285,25.555116895772713,23.0,25.0,45.12556311826836,55.0,1.3743577152577661e-05,45.0,8.129526737823287e-06,58.0,4.573134919841251e-06,60.0,1.880828064948643e-05,59.0,2.273060936553965e-05,1.1313629864932157e-05,2.273060936553965e-05,1.1416979500607494e-05,at_least_40_eligible_days_in_each_year_2022_2026,descriptive_pixel_pattern_not_source_attribution_or_causal_effect,,,,,,,,,,,,,,,,,
no2_pixel_map,,,,,,,,,,,,,,,e33dfe236032_r0023_c0026,56.3352576921681,25.555116895772713,23.0,26.0,74.30657718123692,55.0,1.1801296316534121e-05,45.0,8.15509841423423e-06,58.0,2.732528175795361e-06,60.0,1.804906112064115e-05,59.0,1.995340931724257e-05,1.0184496006801217e-05,1.995340931724257e-05,9.768913310441352e-06,at_least_40_eligible_days_in_each_year_2022_2026,descriptive_pixel_pattern_not_source_attribution_or_causal_effect,,,,,,,,,,,,,,,,,
no2_pixel_map,,,,,,,,,,,,,,,e33dfe236032_r0023_c0027,56.34525773791091,25.555116895772713,23.0,27.0,998.3318393275572,55.0,1.0366702004454615e-05,45.0,8.310211522962e-06,58.0,1.3397157583646545e-06,60.0,1.6606393946177678e-05,59.0,1.81673905610766e-05,9.155755807989738e-06,1.81673905610766e-05,9.011634753086863e-06,at_least_40_eligible_days_in_each_year_2022_2026,descriptive_pixel_pattern_not_source_attribution_or_causal_effect,,,,,,,,,,,,,,,,,
no2_pixel_map,,,,,,,,,,,,,,,e33dfe236032_r0023_c0028,56.35525778365374,25.555116895772713,23.0,28.0,187.5396738721631,55.0,9.218096928837422e-06,45.0,8.05959098104251e-06,58.0,-9.78656142099031e-07,60.0,1.4508905805315707e-05,59.0,1.6024776598123917e-05,7.701984393274153e-06,1.6024776598123917e-05,8.322792204849764e-06,at_least_40_eligible_days_in_each_year_2022_2026,descriptive_pixel_pattern_not_source_attribution_or_causal_effect,,,,,,,,,,,,,,,,,
no2_pixel_map,,,,,,,,,,,,,,,e33dfe236032_r0023_c0029,56.365257829396555,25.555116895772713,23.0,29.0,0.0,55.0,7.463144501546576e-06,45.0,5.620930661277309e-06,58.0,-3.0514068926608383e-06,60.0,1.249713923781928e-05,59.0,1.244654952730665e-05,5.632451876995582e-06,1.244654952730665e-05,6.814097650311068e-06,at_least_40_eligible_days_in_each_year_2022_2026,descriptive_pixel_pattern_not_source_attribution_or_causal_effect,,,,,,,,,,,,,,,,,
no2_pixel_map,,,,,,,,,,,,,,,e33dfe236032_r0023_c0030,56.37525787513937,25.555116895772713,23.0,30.0,0.0,55.0,5.807784141858624e-06,45.0,3.3262472939464695e-06,58.0,-4.327339926433502e-06,60.0,1.1039420774903189e-05,59.0,9.374114149281672e-06,3.961528071068695e-06,9.374114149281672e-06,5.4125860782129764e-06,at_least_40_eligible_days_in_each_year_2022_2026,descriptive_pixel_pattern_not_source_attribution_or_causal_effect,,,,,,,,,,,,,,,,,
no2_pixel_map,,,,,,,,,,,,,,,e33dfe236032_r0023_c0031,56.3852579208822,25.555116895772713,23.0,31.0,0.0,55.0,4.8772212433631355e-06,45.0,1.651445825394793e-06,58.0,-5.552467864841746e-06,60.0,9.078868793874787e-06,59.0,6.820604831586067e-06,2.5137669994477423e-06,6.820604831586067e-06,4.306837832138325e-06,at_least_40_eligible_days_in_each_year_2022_2026,descriptive_pixel_pattern_not_source_attribution_or_causal_effect,,,,,,,,,,,,,,,,,
no2_pixel_map,,,,,,,,,,,,,,,e33dfe236032_r0024_c0017,56.24525728048273,25.545116850029892,24.0,17.0,0.6169590192821366,55.0,2.6935875472641517e-05,44.0,2.6391428586935722e-05,58.0,8.778930368638539e-06,59.0,3.064661824063491e-05,59.0,4.240851588996811e-05,2.318821316721267e-05,4.240851588996811e-05,1.922030272275544e-05,at_least_40_eligible_days_in_each_year_2022_2026,descriptive_pixel_pattern_not_source_attribution_or_causal_effect,,,,,,,,,,,,,,,,,
no2_pixel_map,,,,,,,,,,,,,,,e33dfe236032_r0024_c0018,56.255257326225546,25.545116850029892,24.0,18.0,0.1524832689868469,55.0,2.536034271968449e-05,44.0,2.1705982148020362e-05,58.0,6.498960407948562e-06,58.0,2.9866301563962737e-05,59.0,4.101741562634649e-05,2.0857896709904037e-05,4.101741562634649e-05,2.015951891644245e-05,at_least_40_eligible_days_in_each_year_2022_2026,descriptive_pixel_pattern_not_source_attribution_or_causal_effect,,,,,,,,,,,,,,,,,
no2_pixel_map,,,,,,,,,,,,,,,e33dfe236032_r0024_c0019,56.265257371968374,25.545116850029892,24.0,19.0,0.0,55.0,2.2729668088889392e-05,44.0,1.9286350123904524e-05,58.0,5.322727186964606e-06,58.0,2.7581469915025375e-05,59.0,3.866571920586187e-05,1.8730053828695975e-05,3.866571920586187e-05,1.9935665377165893e-05,at_least_40_eligible_days_in_each_year_2022_2026,descriptive_pixel_pattern_not_source_attribution_or_causal_effect,,,,,,,,,,,,,,,,,
no2_pixel_map,,,,,,,,,,,,,,,e33dfe236032_r0024_c0020,56.27525741771119,25.545116850029892,24.0,20.0,0.0,55.0,1.9411069392551805e-05,45.0,1.5746416060510796e-05,58.0,4.743147234871958e-06,59.0,2.3155380129896403e-05,59.0,3.3828406969696036e-05,1.576400320445774e-05,3.3828406969696036e-05,1.8064403765238297e-05,at_least_40_eligible_days_in_each_year_2022_2026,descriptive_pixel_pattern_not_source_attribution_or_causal_effect,,,,,,,,,,,,,,,,,
no2_pixel_map,,,,,,,,,,,,,,,e33dfe236032_r0024_c0021,56.285257463454,25.545116850029892,24.0,21.0,0.0,55.0,1.7390871136695072e-05,45.0,1.3872883875690744e-05,58.0,4.326630619222064e-06,58.0,2.2053954850252686e-05,59.0,3.0323671109555106e-05,1.4411085120465142e-05,3.0323671109555106e-05,1.5912585989089964e-05,at_least_40_eligible_days_in_each_year_2022_2026,descriptive_pixel_pattern_not_source_attribution_or_causal_effect,,,,,,,,,,,,,,,,,
no2_pixel_map,,,,,,,,,,,,,,,e33dfe236032_r0024_c0022,56.29525750919683,25.545116850029892,24.0,22.0,0.0,55.0,1.5212016408312905e-05,45.0,1.2502715798086519e-05,58.0,3.855014964187476e-06,58.0,2.2377547200470763e-05,59.0,2.838528213166866e-05,1.3486823592764414e-05,2.838528213166866e-05,1.4898458538904247e-05,at_least_40_eligible_days_in_each_year_2022_2026,descriptive_pixel_pattern_not_source_attribution_or_causal_effect,,,,,,,,,,,,,,,,,
no2_pixel_map,,,,,,,,,,,,,,,e33dfe236032_r0024_c0023,56.305257554939644,25.545116850029892,24.0,23.0,0.0,55.0,1.3519286564955835e-05,45.0,1.1530476309919865e-05,58.0,3.364089293987481e-06,59.0,2.038486448428099e-05,59.0,2.60279096318261e-05,1.2199679163286043e-05,2.60279096318261e-05,1.3828230468540057e-05,at_least_40_eligible_days_in_each_year_2022_2026,descriptive_pixel_pattern_not_source_attribution_or_causal_effect,,,,,,,,,,,,,,,,,
no2_pixel_map,,,,,,,,,,,,,,,e33dfe236032_r0024_c0024,56.31525760068246,25.545116850029892,24.0,24.0,0.0,55.0,1.3078937871172355e-05,45.0,9.880815861932345e-06,58.0,3.580537366387746e-06,60.0,1.9218143011965366e-05,59.0,2.40357437583251e-05,1.1439608527864453e-05,2.40357437583251e-05,1.2596135230460647e-05,at_least_40_eligible_days_in_each_year_2022_2026,descriptive_pixel_pattern_not_source_attribution_or_causal_effect,,,,,,,,,,,,,,,,,
no2_pixel_map,,,,,,,,,,,,,,,e33dfe236032_r0024_c0025,56.325257646425285,25.545116850029892,24.0,25.0,0.08237778610026734,55.0,1.2940298897481194e-05,45.0,8.851396017434366e-06,58.0,3.5088519975743644e-06,60.0,1.7995552364104393e-05,59.0,2.1009006141987836e-05,1.082402481914858e-05,2.1009006141987836e-05,1.0184981322839257e-05,at_least_40_eligible_days_in_each_year_2022_2026,descriptive_pixel_pattern_not_source_attribution_or_causal_effect,,,,,,,,,,,,,,,,,
no2_pixel_map,,,,,,,,,,,,,,,e33dfe236032_r0024_c0026,56.3352576921681,25.545116850029892,24.0,26.0,235.71029333253284,55.0,1.1697504979603e-05,45.0,8.714460534669077e-06,58.0,2.0540278792353093e-06,60.0,1.76320110215341e-05,59.0,1.8444495083094324e-05,1.0024501103760372e-05,1.8444495083094324e-05,8.419993979333952e-06,at_least_40_eligible_days_in_each_year_2022_2026,descriptive_pixel_pattern_not_source_attribution_or_causal_effect,,,,,,,,,,,,,,,,,
no2_pixel_map,,,,,,,,,,,,,,,e33dfe236032_r0024_c0027,56.34525773791091,25.545116850029892,24.0,27.0,188.4321779443285,55.0,9.948276663921106e-06,45.0,8.658701172859802e-06,58.0,2.825067290787268e-07,60.0,1.688550780507709e-05,59.0,1.6243379229984567e-05,8.943748092734182e-06,1.6243379229984567e-05,7.299631137250385e-06,at_least_40_eligible_days_in_each_year_2022_2026,descriptive_pixel_pattern_not_source_attribution_or_causal_effect,,,,,,,,,,,,,,,,,
no2_pixel_map,,,,,,,,,,,,,,,e33dfe236032_r0024_c0028,56.35525778365374,25.545116850029892,24.0,28.0,175.7263530488621,55.0,8.880381884447308e-06,45.0,8.027853213507456e-06,58.0,-1.6803729217399228e-06,60.0,1.4897761568667795e-05,59.0,1.405154870117333e-05,7.531405936220659e-06,1.405154870117333e-05,6.520142764952672e-06,at_least_40_eligible_days_in_each_year_2022_2026,descriptive_pixel_pattern_not_source_attribution_or_causal_effect,,,,,,,,,,,,,,,,,
no2_pixel_map,,,,,,,,,,,,,,,e33dfe236032_r0024_c0029,56.365257829396555,25.545116850029892,24.0,29.0,10.430168919139433,55.0,7.474836585098421e-06,45.0,5.355587764822341e-06,58.0,-3.150240803769687e-06,60.0,1.2483465106244084e-05,59.0,1.0795225040408028e-05,5.54091216309879e-06,1.0795225040408028e-05,5.254312877309238e-06,at_least_40_eligible_days_in_each_year_2022_2026,descriptive_pixel_pattern_not_source_attribution_or_causal_effect,,,,,,,,,,,,,,,,,
no2_pixel_map,,,,,,,,,,,,,,,e33dfe236032_r0024_c0030,56.37525787513937,25.545116850029892,24.0,30.0,0.0,55.0,6.400827702687554e-06,45.0,3.3064186319353697e-06,58.0,-3.9283394574163705e-06,60.0,1.0925744790485016e-05,59.0,8.368433060593149e-06,4.176162916922892e-06,8.368433060593149e-06,4.192270143670257e-06,at_least_40_eligible_days_in_each_year_2022_2026,descriptive_pixel_pattern_not_source_attribution_or_causal_effect,,,,,,,,,,,,,,,,,
no2_pixel_map,,,,,,,,,,,,,,,e33dfe236032_r0024_c0031,56.3852579208822,25.545116850029892,24.0,31.0,0.0,55.0,5.296887796120557e-06,45.0,1.7727061063420458e-06,58.0,-4.95573719481513e-06,60.0,9.118689230719003e-06,59.0,5.56627885161474e-06,2.8081364845916187e-06,5.56627885161474e-06,2.7581423670231214e-06,at_least_40_eligible_days_in_each_year_2022_2026,descriptive_pixel_pattern_not_source_attribution_or_causal_effect,,,,,,,,,,,,,,,,,
no2_pixel_map,,,,,,,,,,,,,,,e33dfe236032_r0024_c0032,56.39525796662501,25.545116850029892,24.0,32.0,0.0,55.0,5.053910614602233e-06,45.0,-4.90028611948888e-07,57.0,-6.46456059753345e-06,60.0,7.555583099551462e-06,59.0,3.384438582571724e-06,1.4137261261678394e-06,3.384438582571724e-06,1.9707124564038847e-06,at_least_40_eligible_days_in_each_year_2022_2026,descriptive_pixel_pattern_not_source_attribution_or_causal_effect,,,,,,,,,,,,,,,,,
no2_pixel_map,,,,,,,,,,,,,,,e33dfe236032_r0025_c0016,56.23525723473992,25.535116804287078,25.0,16.0,0.0,55.0,2.7485585480417513e-05,44.0,3.2129451082711247e-05,58.0,1.0521376854892618e-05,59.0,3.146839208593085e-05,59.0,4.5901084899952675e-05,2.540120137598806e-05,4.5901084899952675e-05,2.0499883523964617e-05,at_least_40_eligible_days_in_each_year_2022_2026,descriptive_pixel_pattern_not_source_attribution_or_causal_effect,,,,,,,,,,,,,,,,,
no2_pixel_map,,,,,,,,,,,,,,,e33dfe236032_r0025_c0017,56.24525728048273,25.535116804287078,25.0,17.0,1.0645504191591344,55.0,2.3443541824190334e-05,43.0,2.8818788850626078e-05,58.0,7.338886072355361e-06,59.0,2.8301579876313192e-05,59.0,4.141500977522762e-05,2.197569915587124e-05,4.141500977522762e-05,1.943931061935638e-05,at_least_40_eligible_days_in_each_year_2022_2026,descriptive_pixel_pattern_not_source_attribution_or_causal_effect,,,,,,,,,,,,,,,,,
no2_pixel_map,,,,,,,,,,,,,,,e33dfe236032_r0025_c0018,56.255257326225546,25.535116804287078,25.0,18.0,0.0,55.0,2.1615912072151232e-05,43.0,2.2529152203585673e-05,58.0,5.512921503046518e-06,58.0,2.7763518482939344e-05,59.0,3.818664888361711e-05,1.9355376065430692e-05,3.818664888361711e-05,1.8831272818186417e-05,at_least_40_eligible_days_in_each_year_2022_2026,descriptive_pixel_pattern_not_source_attribution_or_causal_effect,,,,,,,,,,,,,,,,,
no2_pixel_map,,,,,,,,,,,,,,,e33dfe236032_r0025_c0019,56.265257371968374,25.535116804287078,25.0,19.0,0.0,55.0,1.8857609653874268e-05,43.0,2.0052841494519354e-05,58.0,4.913606174525008e-06,58.0,2.694043101526985e-05,59.0,3.36936647130218e-05,1.769112208454712e-05,3.36936647130218e-05,1.600254262847468e-05,at_least_40_eligible_days_in_each_year_2022_2026,descriptive_pixel_pattern_not_source_attribution_or_causal_effect,,,,,,,,,,,,,,,,,
no2_pixel_map,,,,,,,,,,,,,,,e33dfe236032_r0025_c0020,56.27525741771119,25.535116804287078,25.0,20.0,0.0,55.0,1.537831306627618e-05,44.0,1.5989973888819916e-05,58.0,4.5288732311515655e-06,59.0,2.270006722745708e-05,59.0,2.854891857256329e-05,1.4649306853426184e-05,2.854891857256329e-05,1.3899611719137106e-05,at_least_40_eligible_days_in_each_year_2022_2026,descriptive_pixel_pattern_not_source_attribution_or_causal_effect,,,,,,,,,,,,,,,,,
no2_pixel_map,,,,,,,,,,,,,,,e33dfe236032_r0025_c0021,56.285257463454,25.535116804287078,25.0,21.0,0.0,55.0,1.4456937337561181e-05,45.0,1.329558530707733e-05,58.0,3.939859153241198e-06,59.0,2.0335428389062946e-05,59.0,2.4370296991050407e-05,1.3006952546735664e-05,2.4370296991050407e-05,1.1363344444314743e-05,at_least_40_eligible_days_in_each_year_2022_2026,descriptive_pixel_pattern_not_source_attribution_or_causal_effect,,,,,,,,,,,,,,,,,
no2_pixel_map,,,,,,,,,,,,,,,e33dfe236032_r0025_c0022,56.29525750919683,25.535116804287078,25.0,22.0,0.0,55.0,1.3906910461831085e-05,45.0,1.2300414547095936e-05,58.0,3.8862732307832785e-06,58.0,2.0086520732224532e-05,59.0,2.3110089416748864e-05,1.2545029742983707e-05,2.3110089416748864e-05,1.0565059673765157e-05,at_least_40_eligible_days_in_each_year_2022_2026,descriptive_pixel_pattern_not_source_attribution_or_causal_effect,,,,,,,,,,,,,,,,,
no2_pixel_map,,,,,,,,,,,,,,,e33dfe236032_r0025_c0023,56.305257554939644,25.535116804287078,25.0,23.0,0.0,55.0,1.288428305265393e-05,45.0,1.1464903682177402e-05,58.0,3.34719163511381e-06,59.0,1.8674863191354435e-05,59.0,2.1918379649737967e-05,1.1592810390324894e-05,2.1918379649737967e-05,1.0325569259413073e-05,at_least_40_eligible_days_in_each_year_2022_2026,descriptive_pixel_pattern_not_source_attribution_or_causal_effect,,,,,,,,,,,,,,,,,
no2_pixel_map,,,,,,,,,,,,,,,e33dfe236032_r0025_c0024,56.31525760068246,25.535116804287078,25.0,24.0,3.398903429395244,55.0,1.213315069281988e-05,45.0,1.0411304274281002e-05,58.0,3.0510812040422304e-06,60.0,1.7441412946255998e-05,59.0,2.0227924446183687e-05,1.0759237279349777e-05,2.0227924446183687e-05,9.46868716683391e-06,at_least_40_eligible_days_in_each_year_2022_2026,descriptive_pixel_pattern_not_source_attribution_or_causal_effect,,,,,,,,,,,,,,,,,
no2_pixel_map,,,,,,,,,,,,,,,e33dfe236032_r0025_c0025,56.325257646425285,25.535116804287078,25.0,25.0,45.998866140010755,55.0,1.2175307062075905e-05,45.0,8.856977444942193e-06,58.0,2.8919886587436443e-06,60.0,1.6763269140257154e-05,59.0,1.7972864458340397e-05,1.0171885576504724e-05,1.7972864458340397e-05,7.800978881835673e-06,at_least_40_eligible_days_in_each_year_2022_2026,descriptive_pixel_pattern_not_source_attribution_or_causal_effect,,,,,,,,,,,,,,,,,
no2_pixel_map,,,,,,,,,,,,,,,e33dfe236032_r0025_c0026,56.3352576921681,25.535116804287078,25.0,26.0,924.8599603862754,55.0,1.1072828465450649e-05,45.0,8.485812252928794e-06,58.0,1.8559332531073906e-06,60.0,1.609684714450668e-05,59.0,1.5148785615532268e-05,9.37785527899838e-06,1.5148785615532268e-05,5.770930336533889e-06,at_least_40_eligible_days_in_each_year_2022_2026,descriptive_pixel_pattern_not_source_attribution_or_causal_effect,,,,,,,,,,,,,,,,,
no2_pixel_map,,,,,,,,,,,,,,,e33dfe236032_r0025_c0027,56.34525773791091,25.535116804287078,25.0,27.0,855.9134826640798,55.0,9.537223125207077e-06,45.0,9.049832077630363e-06,58.0,-2.3397806302067173e-07,60.0,1.504655056661977e-05,59.0,1.259947828668017e-05,8.349906926609136e-06,1.259947828668017e-05,4.249571360071034e-06,at_least_40_eligible_days_in_each_year_2022_2026,descriptive_pixel_pattern_not_source_attribution_or_causal_effect,,,,,,,,,,,,,,,,,
no2_pixel_map,,,,,,,,,,,,,,,e33dfe236032_r0025_c0028,56.35525778365374,25.535116804287078,25.0,28.0,263.0434396658637,55.0,8.356762468499732e-06,45.0,7.866661688944822e-06,58.0,-1.4581029228585192e-06,60.0,1.3230937207406895e-05,59.0,1.1233637958941637e-05,6.999064610498233e-06,1.1233637958941637e-05,4.234573348443404e-06,at_least_40_eligible_days_in_each_year_2022_2026,descriptive_pixel_pattern_not_source_attribution_or_causal_effect,,,,,,,,,,,,,,,,,
no2_pixel_map,,,,,,,,,,,,,,,e33dfe236032_r0025_c0029,56.365257829396555,25.535116804287078,25.0,29.0,95.81882632721108,55.0,7.075155632715639e-06,45.0,5.386958985781589e-06,58.0,-3.100237600475254e-06,60.0,1.0889896996181656e-05,59.0,8.885083025647932e-06,5.062943503550907e-06,8.885083025647932e-06,3.8221395220970245e-06,at_least_40_eligible_days_in_each_year_2022_2026,descriptive_pixel_pattern_not_source_attribution_or_causal_effect,,,,,,,,,,,,,,,,,
no2_pixel_map,,,,,,,,,,,,,,,e33dfe236032_r0025_c0030,56.37525787513937,25.535116804287078,25.0,30.0,0.0,55.0,6.03041787817783e-06,45.0,3.1146438524121125e-06,58.0,-3.953268268125559e-06,60.0,9.085219674111308e-06,59.0,6.910226547404923e-06,3.569253284143923e-06,6.910226547404923e-06,3.3409732632609996e-06,at_least_40_eligible_days_in_each_year_2022_2026,descriptive_pixel_pattern_not_source_attribution_or_causal_effect,,,,,,,,,,,,,,,,,
no2_pixel_map,,,,,,,,,,,,,,,e33dfe236032_r0025_c0031,56.3852579208822,25.535116804287078,25.0,31.0,0.0,55.0,4.698355070968547e-06,45.0,1.9086778480993495e-06,58.0,-4.697143341786968e-06,60.0,7.5832998899550125e-06,59.0,4.828336986772317e-06,2.3732973668089853e-06,4.828336986772317e-06,2.455039619963332e-06,at_least_40_eligible_days_in_each_year_2022_2026,descriptive_pixel_pattern_not_source_attribution_or_causal_effect,,,,,,,,,,,,,,,,,
no2_pixel_map,,,,,,,,,,,,,,,e33dfe236032_r0025_c0032,56.39525796662501,25.535116804287078,25.0,32.0,0.0,55.0,3.821558208524681e-06,44.0,2.9746662589483574e-07,58.0,-5.79865323075853e-06,60.0,6.38220927241309e-06,59.0,3.0978547980716977e-06,1.1756452190185191e-06,3.0978547980716977e-06,1.9222095790531785e-06,at_least_40_eligible_days_in_each_year_2022_2026,descriptive_pixel_pattern_not_source_attribution_or_causal_effect,,,,,,,,,,,,,,,,,
no2_pixel_map,,,,,,,,,,,,,,,e33dfe236032_r0026_c0016,56.23525723473992,25.525116758544257,26.0,16.0,0.11547906379893925,55.0,2.731157480258288e-05,43.0,3.344967507973586e-05,58.0,1.0662674415027632e-05,59.0,3.0465160821420126e-05,59.0,4.290232141374639e-05,2.5472271279691625e-05,4.290232141374639e-05,1.7430050134054766e-05,at_least_40_eligible_days_in_each_year_2022_2026,descriptive_pixel_pattern_not_source_attribution_or_causal_effect,,,,,,,,,,,,,,,,,
no2_pixel_map,,,,,,,,,,,,,,,e33dfe236032_r0026_c0017,56.24525728048273,25.525116758544257,26.0,17.0,0.9457641243934631,55.0,2.191968427818316e-05,43.0,2.935396137971963e-05,58.0,7.784066730730852e-06,59.0,2.6172963853824505e-05,59.0,3.720760691015868e-05,2.1307669060614536e-05,3.720760691015868e-05,1.5899937849544147e-05,at_least_40_eligible_days_in_each_year_2022_2026,descriptive_pixel_pattern_not_source_attribution_or_causal_effect,,,,,,,,,,,,,,,,,
no2_pixel_map,,,,,,,,,,,,,,,e33dfe236032_r0026_c0018,56.255257326225546,25.525116758544257,26.0,18.0,0.0,55.0,2.006445390853041e-05,43.0,2.224609240956308e-05,58.0,6.624457003010813e-06,58.0,2.5418495094715655e-05,59.0,3.2367166104709736e-05,1.858837460395499e-05,3.2367166104709736e-05,1.3778791500754745e-05,at_least_40_eligible_days_in_each_year_2022_2026,descriptive_pixel_pattern_not_source_attribution_or_causal_effect,,,,,,,,,,,,,,,,,
no2_pixel_map,,,,,,,,,,,,,,,e33dfe236032_r0026_c0019,56.265257371968374,25.525116758544257,26.0,19.0,0.0,55.0,1.8638795398432092e-05,43.0,1.849335597222017e-05,58.0,5.928347916805963e-06,58.0,2.4419318413398958e-05,59.0,2.8553966360649114e-05,1.6869954425214294e-05,2.8553966360649114e-05,1.168401193543482e-05,at_least_40_eligible_days_in_each_year_2022_2026,descriptive_pixel_pattern_not_source_attribution_or_causal_effect,,,,,,,,,,,,,,,,,
no2_pixel_map,,,,,,,,,,,,,,,e33dfe236032_r0026_c0020,56.27525741771119,25.525116758544257,26.0,20.0,0.0,55.0,1.60865247340431e-05,43.0,1.4975984792207696e-05,58.0,5.395805274423379e-06,58.0,2.088784516794932e-05,59.0,2.5207392831529324e-05,1.4336539992155875e-05,2.5207392831529324e-05,1.0870852839373448e-05,at_least_40_eligible_days_in_each_year_2022_2026,descriptive_pixel_pattern_not_source_attribution_or_causal_effect,,,,,,,,,,,,,,,,,
no2_pixel_map,,,,,,,,,,,,,,,e33dfe236032_r0026_c0021,56.285257463454,25.525116758544257,26.0,21.0,0.0,55.0,1.4958521119003785e-05,45.0,1.217402463518671e-05,58.0,4.355985501578374e-06,59.0,1.804392743036109e-05,59.0,2.145798187032718e-05,1.238311467153249e-05,2.145798187032718e-05,9.074867198794692e-06,at_least_40_eligible_days_in_each_year_2022_2026,descriptive_pixel_pattern_not_source_attribution_or_causal_effect,,,,,,,,,,,,,,,,,
no2_pixel_map,,,,,,,,,,,,,,,e33dfe236032_r0026_c0022,56.29525750919683,25.525116758544257,26.0,22.0,0.0,55.0,1.3959903642357674e-05,45.0,1.1406220052370006e-05,58.0,3.855130783633464e-06,58.0,1.7214181818564438e-05,59.0,2.0227069490333692e-05,1.1608859074231395e-05,2.0227069490333692e-05,8.618210416102297e-06,at_least_40_eligible_days_in_each_year_2022_2026,descriptive_pixel_pattern_not_source_attribution_or_causal_effect,,,,,,,,,,,,,,,,,
no2_pixel_map,,,,,,,,,,,,,,,e33dfe236032_r0026_c0023,56.305257554939644,25.525116758544257,26.0,23.0,0.0,55.0,1.3029508157032381e-05,45.0,1.0755333418574423e-05,58.0,3.032320649124239e-06,58.0,1.5909110205365056e-05,59.0,1.8634711984518368e-05,1.0681568107524025e-05,1.8634711984518368e-05,7.953143876994343e-06,at_least_40_eligible_days_in_each_year_2022_2026,descriptive_pixel_pattern_not_source_attribution_or_causal_effect,,,,,,,,,,,,,,,,,
no2_pixel_map,,,,,,,,,,,,,,,e33dfe236032_r0026_c0024,56.31525760068246,25.525116758544257,26.0,24.0,8.36121125672465,55.0,1.2080987616375733e-05,45.0,1.0511243836842407e-05,58.0,2.701551476214473e-06,59.0,1.3725836580247662e-05,59.0,1.658154585432969e-05,9.75490487742007e-06,1.658154585432969e-05,6.82664097690962e-06,at_least_40_eligible_days_in_each_year_2022_2026,descriptive_pixel_pattern_not_source_attribution_or_causal_effect,,,,,,,,,,,,,,,,,
no2_pixel_map,,,,,,,,,,,,,,,e33dfe236032_r0026_c0025,56.325257646425285,25.525116758544257,26.0,25.0,88.57998843487083,55.0,1.2332565128620427e-05,45.0,8.907064409562471e-06,58.0,2.496696356435072e-06,60.0,1.350424063813807e-05,59.0,1.4955222513533596e-05,9.31014163318901e-06,1.4955222513533596e-05,5.645080880344586e-06,at_least_40_eligible_days_in_each_year_2022_2026,descriptive_pixel_pattern_not_source_attribution_or_causal_effect,,,,,,,,,,,,,,,,,
no2_pixel_map,,,,,,,,,,,,,,,e33dfe236032_r0026_c0026,56.3352576921681,25.525116758544257,26.0,26.0,169.24789817073795,55.0,1.1108902894809512e-05,45.0,8.373304241606637e-06,58.0,1.888594697537654e-06,60.0,1.3464137227175644e-05,59.0,1.3113187100021062e-05,8.708734765282362e-06,1.3113187100021062e-05,4.4044523347387e-06,at_least_40_eligible_days_in_each_year_2022_2026,descriptive_pixel_pattern_not_source_attribution_or_causal_effect,,,,,,,,,,,,,,,,,
no2_pixel_map,,,,,,,,,,,,,,,e33dfe236032_r0026_c0027,56.34525773791091,25.525116758544257,26.0,27.0,368.7791086725182,55.0,1.0192571107956674e-05,45.0,8.786049247542842e-06,58.0,-7.763402639178616e-08,60.0,1.3119973275556426e-05,59.0,1.12580814460555e-05,8.00523990116604e-06,1.12580814460555e-05,3.2528415448894603e-06,at_least_40_eligible_days_in_each_year_2022_2026,descriptive_pixel_pattern_not_source_attribution_or_causal_effect,,,,,,,,,,,,,,,,,
no2_pixel_map,,,,,,,,,,,,,,,e33dfe236032_r0026_c0028,56.35525778365374,25.525116758544257,26.0,28.0,1593.2074915841501,55.0,9.101561586782387e-06,45.0,7.75386846008419e-06,58.0,-1.3137183652153124e-06,60.0,1.2010401684090538e-05,59.0,1.0217692513446043e-05,6.888028341435451e-06,1.0217692513446043e-05,3.329664172010592e-06,at_least_40_eligible_days_in_each_year_2022_2026,descriptive_pixel_pattern_not_source_attribution_or_causal_effect,,,,,,,,,,,,,,,,,
no2_pixel_map,,,,,,,,,,,,,,,e33dfe236032_r0026_c0029,56.365257829396555,25.525116758544257,26.0,29.0,528.2980922781885,55.0,7.356408369597522e-06,45.0,5.999322233338148e-06,58.0,-2.9128081326057892e-06,60.0,1.0002522691063858e-05,59.0,8.45098974449281e-06,5.111361290348435e-06,8.45098974449281e-06,3.3396284541443745e-06,at_least_40_eligible_days_in_each_year_2022_2026,descriptive_pixel_pattern_not_source_attribution_or_causal_effect,,,,,,,,,,,,,,,,,
no2_pixel_map,,,,,,,,,,,,,,,e33dfe236032_r0026_c0030,56.37525787513937,25.525116758544257,26.0,30.0,0.2783076182724068,55.0,5.5153031637228e-06,45.0,3.5372976010142014e-06,58.0,-3.8055055335411044e-06,60.0,8.48596134581809e-06,59.0,6.744873196325648e-06,3.433264144253497e-06,6.744873196325648e-06,3.311609052072151e-06,at_least_40_eligible_days_in_each_year_2022_2026,descriptive_pixel_pattern_not_source_attribution_or_causal_effect,,,,,,,,,,,,,,,,,
no2_pixel_map,,,,,,,,,,,,,,,e33dfe236032_r0026_c0031,56.3852579208822,25.525116758544257,26.0,31.0,0.0,55.0,3.698337104771845e-06,45.0,1.9205907735010524e-06,58.0,-4.498604741116096e-06,60.0,7.455773119774067e-06,59.0,5.26057371176816e-06,2.1440240642327174e-06,5.26057371176816e-06,3.1165496475354425e-06,at_least_40_eligible_days_in_each_year_2022_2026,descriptive_pixel_pattern_not_source_attribution_or_causal_effect,,,,,,,,,,,,,,,,,
no2_pixel_map,,,,,,,,,,,,,,,e33dfe236032_r0026_c0032,56.39525796662501,25.525116758544257,26.0,32.0,0.0,55.0,2.4585086315753847e-06,45.0,5.593963769543208e-07,58.0,-5.418313977884636e-06,60.0,6.121720318864995e-06,59.0,3.640914932334357e-06,9.303278373775161e-07,3.640914932334357e-06,2.710587094956841e-06,at_least_40_eligible_days_in_each_year_2022_2026,descriptive_pixel_pattern_not_source_attribution_or_causal_effect,,,,,,,,,,,,,,,,,
no2_pixel_map,,,,,,,,,,,,,,,e33dfe236032_r0026_c0033,56.405258012367824,25.525116758544257,26.0,33.0,0.0,55.0,2.0865491975905792e-06,44.0,-1.1953790937932918e-06,57.0,-7.007937872030691e-06,60.0,4.705032042012436e-06,59.0,2.1535255705564935e-06,-3.5293393155524195e-07,2.1535255705564935e-06,2.5064595021117354e-06,at_least_40_eligible_days_in_each_year_2022_2026,descriptive_pixel_pattern_not_source_attribution_or_causal_effect,,,,,,,,,,,,,,,,,
no2_pixel_map,,,,,,,,,,,,,,,e33dfe236032_r0027_c0015,56.22525718899709,25.515116712801436,27.0,15.0,0.06664543293463748,55.0,3.070209614150146e-05,43.0,3.2788568245756214e-05,58.0,1.2442803117127454e-05,59.0,3.485868573446244e-05,59.0,4.202327770448066e-05,2.769803830971189e-05,4.202327770448066e-05,1.4325239394768771e-05,at_least_40_eligible_days_in_each_year_2022_2026,descriptive_pixel_pattern_not_source_attribution_or_causal_effect,,,,,,,,,,,,,,,,,
no2_pixel_map,,,,,,,,,,,,,,,e33dfe236032_r0027_c0016,56.23525723473992,25.515116712801436,27.0,16.0,1.3990276071969865,55.0,2.6725890095676136e-05,43.0,2.9737490811436883e-05,58.0,1.1804635743040518e-05,59.0,3.0180058773356098e-05,59.0,3.858035279994031e-05,2.4612018855877408e-05,3.858035279994031e-05,1.3968333944062902e-05,at_least_40_eligible_days_in_each_year_2022_2026,descriptive_pixel_pattern_not_source_attribution_or_causal_effect,,,,,,,,,,,,,,,,,
no2_pixel_map,,,,,,,,,,,,,,,e33dfe236032_r0027_c0017,56.24525728048273,25.515116712801436,27.0,17.0,0.0,55.0,2.1968252833130693e-05,43.0,2.6606436643251557e-05,58.0,9.065079731479325e-06,59.0,2.4560779301849874e-05,59.0,3.393708199832562e-05,2.055013712742786e-05,3.393708199832562e-05,1.3386944870897761e-05,at_least_40_eligible_days_in_each_year_2022_2026,descriptive_pixel_pattern_not_source_attribution_or_causal_effect,,,,,,,,,,,,,,,,,
no2_pixel_map,,,,,,,,,,,,,,,e33dfe236032_r0027_c0018,56.255257326225546,25.515116712801436,27.0,18.0,0.0,55.0,2.089908287593994e-05,43.0,2.0545489985451367e-05,58.0,7.5070125344409995e-06,59.0,2.2323931128405875e-05,59.0,2.9989449934886932e-05,1.7818879131059547e-05,2.9989449934886932e-05,1.2170570803827385e-05,at_least_40_eligible_days_in_each_year_2022_2026,descriptive_pixel_pattern_not_source_attribution_or_causal_effect,,,,,,,,,,,,,,,,,
no2_pixel_map,,,,,,,,,,,,,,,e33dfe236032_r0027_c0019,56.265257371968374,25.515116712801436,27.0,19.0,0.0,55.0,2.02343787723668e-05,43.0,1.718314386943925e-05,58.0,6.170201186967827e-06,58.0,2.0790259146295076e-05,59.0,2.598882183098823e-05,1.6094495743767237e-05,2.598882183098823e-05,9.894326087220994e-06,at_least_40_eligible_days_in_each_year_2022_2026,descriptive_pixel_pattern_not_source_attribution_or_causal_effect,,,,,,,,,,,,,,,,,
no2_pixel_map,,,,,,,,,,,,,,,e33dfe236032_r0027_c0020,56.27525741771119,25.515116712801436,27.0,20.0,0.0,55.0,1.7218881752958192e-05,44.0,1.4862741951410842e-05,58.0,5.805478161975636e-06,58.0,1.8390868956007276e-05,59.0,2.2027037505874363e-05,1.4069492705587986e-05,2.2027037505874363e-05,7.957544800286378e-06,at_least_40_eligible_days_in_each_year_2022_2026,descriptive_pixel_pattern_not_source_attribution_or_causal_effect,,,,,,,,,,,,,,,,,
no2_pixel_map,,,,,,,,,,,,,,,e33dfe236032_r0027_c0021,56.285257463454,25.515116712801436,27.0,21.0,0.0,55.0,1.542964767572835e-05,45.0,1.2528091589549693e-05,58.0,4.405370624818236e-06,59.0,1.5895941005129208e-05,59.0,1.7310338695757535e-05,1.2064762723806372e-05,1.7310338695757535e-05,5.245575971951163e-06,at_least_40_eligible_days_in_each_year_2022_2026,descriptive_pixel_pattern_not_source_attribution_or_causal_effect,,,,,,,,,,,,,,,,,
no2_pixel_map,,,,,,,,,,,,,,,e33dfe236032_r0027_c0022,56.29525750919683,25.515116712801436,27.0,22.0,0.0,55.0,1.4168752795860264e-05,45.0,1.2217139069836308e-05,58.0,3.879348463571525e-06,58.0,1.4667252378493733e-05,59.0,1.582915221116708e-05,1.1233123176940458e-05,1.582915221116708e-05,4.59602903422662e-06,at_least_40_eligible_days_in_each_year_2022_2026,descriptive_pixel_pattern_not_source_attribution_or_causal_effect,,,,,,,,,,,,,,,,,
no2_pixel_map,,,,,,,,,,,,,,,e33dfe236032_r0027_c0023,56.305257554939644,25.515116712801436,27.0,23.0,23.271231088787317,55.0,1.330595411519779e-05,45.0,1.1009444095884482e-05,58.0,3.1817938453048084e-06,58.0,1.3978982650508929e-05,59.0,1.5489213428687972e-05,1.0369043676724003e-05,1.5489213428687972e-05,5.120169751963969e-06,at_least_40_eligible_days_in_each_year_2022_2026,descriptive_pixel_pattern_not_source_attribution_or_causal_effect,,,,,,,,,,,,,,,,,
no2_pixel_map,,,,,,,,,,,,,,,e33dfe236032_r0027_c0024,56.31525760068246,25.515116712801436,27.0,24.0,10.032146725162198,55.0,1.2027518389785967e-05,45.0,1.034045403068309e-05,58.0,2.9485818411139197e-06,59.0,1.243900800353424e-05,59.0,1.4393025392947643e-05,9.438890566279304e-06,1.4393025392947643e-05,4.954134826668339e-06,at_least_40_eligible_days_in_each_year_2022_2026,descriptive_pixel_pattern_not_source_attribution_or_causal_effect,,,,,,,,,,,,,,,,,
no2_pixel_map,,,,,,,,,,,,,,,e33dfe236032_r0027_c0025,56.325257646425285,25.515116712801436,27.0,25.0,275.5061439906342,55.0,1.2219521717059646e-05,45.0,8.141196383497762e-06,58.0,2.743521645960212e-06,60.0,1.2287257904291738e-05,59.0,1.3261591107838096e-05,8.847874412702339e-06,1.3261591107838096e-05,4.413716695135757e-06,at_least_40_eligible_days_in_each_year_2022_2026,descriptive_pixel_pattern_not_source_attribution_or_causal_effect,,,,,,,,,,,,,,,,,
no2_pixel_map,,,,,,,,,,,,,,,e33dfe236032_r0027_c0026,56.3352576921681,25.515116712801436,27.0,26.0,236.39241985249802,55.0,1.1036249878374191e-05,45.0,7.077539560868231e-06,58.0,2.1283896400609185e-06,60.0,1.2655567939798855e-05,59.0,1.1915878483626049e-05,8.224436754775549e-06,1.1915878483626049e-05,3.6914417288504995e-06,at_least_40_eligible_days_in_each_year_2022_2026,descriptive_pixel_pattern_not_source_attribution_or_causal_effect,,,,,,,,,,,,,,,,,
no2_pixel_map,,,,,,,,,,,,,,,e33dfe236032_r0027_c0027,56.34525773791091,25.515116712801436,27.0,27.0,83.63589623510708,55.0,9.857230630210885e-06,45.0,7.123393777568443e-06,58.0,4.0024716900520163e-07,60.0,1.2854855903471008e-05,59.0,1.0355411438373033e-05,7.5589318700638844e-06,1.0355411438373033e-05,2.796479568309148e-06,at_least_40_eligible_days_in_each_year_2022_2026,descriptive_pixel_pattern_not_source_attribution_or_causal_effect,,,,,,,,,,,,,,,,,
no2_pixel_map,,,,,,,,,,,,,,,e33dfe236032_r0027_c0028,56.35525778365374,25.515116712801436,27.0,28.0,673.9692529771817,55.0,7.715922191267863e-06,45.0,6.533678666020466e-06,58.0,-1.394213005624408e-06,60.0,1.2443796100267717e-05,59.0,9.16320934184035e-06,6.32479598798291e-06,9.16320934184035e-06,2.83841335385744e-06,at_least_40_eligible_days_in_each_year_2022_2026,descriptive_pixel_pattern_not_source_attribution_or_causal_effect,,,,,,,,,,,,,,,,,
no2_pixel_map,,,,,,,,,,,,,,,e33dfe236032_r0027_c0029,56.365257829396555,25.515116712801436,27.0,29.0,33.014885600755804,55.0,5.883124785416821e-06,45.0,4.440613276627258e-06,58.0,-3.0623408850083817e-06,60.0,1.1284541511411587e-05,59.0,8.180414454108787e-06,4.636484672111821e-06,8.180414454108787e-06,3.543929781996966e-06,at_least_40_eligible_days_in_each_year_2022_2026,descriptive_pixel_pattern_not_source_attribution_or_causal_effect,,,,,,,,,,,,,,,,,
no2_pixel_map,,,,,,,,,,,,,,,e33dfe236032_r0027_c0030,56.37525787513937,25.515116712801436,27.0,30.0,1.006469799574738,55.0,4.478056970786364e-06,45.0,2.489899734324291e-06,58.0,-4.463398530510272e-06,60.0,9.036140550886555e-06,59.0,6.634145977684916e-06,2.8851746813717347e-06,6.634145977684916e-06,3.748971296313181e-06,at_least_40_eligible_days_in_each_year_2022_2026,descriptive_pixel_pattern_not_source_attribution_or_causal_effect,,,,,,,,,,,,,,,,,
no2_pixel_map,,,,,,,,,,,,,,,e33dfe236032_r0027_c0031,56.3852579208822,25.515116712801436,27.0,31.0,0.0,55.0,3.255416496395957e-06,45.0,1.4569714432757468e-06,58.0,-5.2341202883118186e-06,60.0,7.426360485549592e-06,59.0,6.036260562474354e-06,1.7261570342273691e-06,6.036260562474354e-06,4.310103528246984e-06,at_least_40_eligible_days_in_each_year_2022_2026,descriptive_pixel_pattern_not_source_attribution_or_causal_effect,,,,,,,,,,,,,,,,,
no2_pixel_map,,,,,,,,,,,,,,,e33dfe236032_r0027_c0032,56.39525796662501,25.515116712801436,27.0,32.0,0.0,55.0,2.0604381214610323e-06,45.0,7.138059814247733e-07,58.0,-5.968185066010668e-06,60.0,5.923275032350524e-06,59.0,4.4577931063871365e-06,6.823335173064154e-07,4.4577931063871365e-06,3.775459589080721e-06,at_least_40_eligible_days_in_each_year_2022_2026,descriptive_pixel_pattern_not_source_attribution_or_causal_effect,,,,,,,,,,,,,,,,,
no2_pixel_map,,,,,,,,,,,,,,,e33dfe236032_r0028_c0015,56.22525718899709,25.505116667058623,28.0,15.0,0.4280840437599978,55.0,2.9918444484416447e-05,43.0,2.919112320630401e-05,58.0,1.249559047187533e-05,59.0,3.174099018502261e-05,59.0,3.8139770412824514e-05,2.58365370869046e-05,3.8139770412824514e-05,1.2303233325919912e-05,at_least_40_eligible_days_in_each_year_2022_2026,descriptive_pixel_pattern_not_source_attribution_or_causal_effect,,,,,,,,,,,,,,,,,
no2_pixel_map,,,,,,,,,,,,,,,e33dfe236032_r0028_c0016,56.23525723473992,25.505116667058623,28.0,16.0,0.0,55.0,2.7085325659461456e-05,43.0,2.8376213076974085e-05,58.0,1.200281209824405e-05,59.0,2.8446680630203716e-05,59.0,3.509011721422688e-05,2.3977757866220827e-05,3.509011721422688e-05,1.1112359348006055e-05,at_least_40_eligible_days_in_each_year_2022_2026,descriptive_pixel_pattern_not_source_attribution_or_causal_effect,,,,,,,,,,,,,,,,,
no2_pixel_map,,,,,,,,,,,,,,,e33dfe236032_r0028_c0017,56.24525728048273,25.505116667058623,28.0,17.0,0.0,55.0,2.324226332112157e-05,44.0,2.6210077671196082e-05,58.0,9.973902316667643e-06,59.0,2.3554980025095614e-05,59.0,2.948924671707309e-05,2.0745305833520224e-05,2.948924671707309e-05,8.743940883552866e-06,at_least_40_eligible_days_in_each_year_2022_2026,descriptive_pixel_pattern_not_source_attribution_or_causal_effect,,,,,,,,,,,,,,,,,
no2_pixel_map,,,,,,,,,,,,,,,e33dfe236032_r0028_c0018,56.255257326225546,25.505116667058623,28.0,18.0,0.0,55.0,2.117806868900952e-05,44.0,2.15854774406757e-05,58.0,7.652767622195062e-06,59.0,2.079230163205911e-05,59.0,2.5017448501042855e-05,1.7802153845984848e-05,2.5017448501042855e-05,7.215294655058007e-06,at_least_40_eligible_days_in_each_year_2022_2026,descriptive_pixel_pattern_not_source_attribution_or_causal_effect,,,,,,,,,,,,,,,,,
no2_pixel_map,,,,,,,,,,,,,,,e33dfe236032_r0028_c0019,56.265257371968374,25.505116667058623,28.0,19.0,0.0,55.0,2.0162824524748825e-05,44.0,1.537093850760143e-05,58.0,5.978621804540774e-06,58.0,1.9301716295934947e-05,59.0,2.111036957314306e-05,1.5203525283206495e-05,2.111036957314306e-05,5.906844289936565e-06,at_least_40_eligible_days_in_each_year_2022_2026,descriptive_pixel_pattern_not_source_attribution_or_causal_effect,,,,,,,,,,,,,,,,,
no2_pixel_map,,,,,,,,,,,,,,,e33dfe236032_r0028_c0020,56.27525741771119,25.505116667058623,28.0,20.0,0.0,55.0,1.6977256659336057e-05,44.0,1.2851209377608868e-05,58.0,5.558012023666495e-06,58.0,1.79452116283224e-05,59.0,1.916854298275687e-05,1.3332922422233455e-05,1.916854298275687e-05,5.835620560523416e-06,at_least_40_eligible_days_in_each_year_2022_2026,descriptive_pixel_pattern_not_source_attribution_or_causal_effect,,,,,,,,,,,,,,,,,
no2_pixel_map,,,,,,,,,,,,,,,e33dfe236032_r0028_c0021,56.285257463454,25.505116667058623,28.0,21.0,0.0,55.0,1.4991683743197988e-05,45.0,1.0482686592490445e-05,58.0,4.1683696970616465e-06,59.0,1.568924350476312e-05,59.0,1.6267110536501446e-05,1.1332995884378299e-05,1.6267110536501446e-05,4.934114652123147e-06,at_least_40_eligible_days_in_each_year_2022_2026,descriptive_pixel_pattern_not_source_attribution_or_causal_effect,,,,,,,,,,,,,,,,,
no2_pixel_map,,,,,,,,,,,,,,,e33dfe236032_r0028_c0022,56.29525750919683,25.505116667058623,28.0,22.0,0.0,55.0,1.3501497576184919e-05,45.0,1.0804138662627982e-05,58.0,3.273753262305591e-06,58.0,1.4524832486215786e-05,59.0,1.4668974779618293e-05,1.052605549683357e-05,1.4668974779618293e-05,4.1429192827847235e-06,at_least_40_eligible_days_in_each_year_2022_2026,descriptive_pixel_pattern_not_source_attribution_or_causal_effect,,,,,,,,,,,,,,,,,
no2_pixel_map,,,,,,,,,,,,,,,e33dfe236032_r0028_c0023,56.305257554939644,25.505116667058623,28.0,23.0,2.5903565883636475,55.0,1.2349546453023634e-05,45.0,1.0293375108628462e-05,58.0,2.5314577457270136e-06,58.0,1.374428842084924e-05,59.0,1.477025327321747e-05,9.729666932057088e-06,1.477025327321747e-05,5.040586341160382e-06,at_least_40_eligible_days_in_each_year_2022_2026,descriptive_pixel_pattern_not_source_attribution_or_causal_effect,,,,,,,,,,,,,,,,,
no2_pixel_map,,,,,,,,,,,,,,,e33dfe236032_r0028_c0024,56.31525760068246,25.505116667058623,28.0,24.0,16.06515105687167,55.0,1.0593451783068699e-05,45.0,9.14056735169989e-06,58.0,2.449895452623696e-06,58.0,1.332055922995731e-05,59.0,1.3729713426148175e-05,8.876118454337398e-06,1.3729713426148175e-05,4.8535949718107775e-06,at_least_40_eligible_days_in_each_year_2022_2026,descriptive_pixel_pattern_not_source_attribution_or_causal_effect,,,,,,,,,,,,,,,,,
no2_pixel_map,,,,,,,,,,,,,,,e33dfe236032_r0028_c0025,56.325257646425285,25.505116667058623,28.0,25.0,160.38612182429512,55.0,1.0454682172865827e-05,45.0,7.431811879134873e-06,58.0,1.9700583104658298e-06,60.0,1.3102590952183161e-05,59.0,1.2947414795602724e-05,8.239785828662423e-06,1.2947414795602724e-05,4.7076289669403005e-06,at_least_40_eligible_days_in_each_year_2022_2026,descriptive_pixel_pattern_not_source_attribution_or_causal_effect,,,,,,,,,,,,,,,,,
no2_pixel_map,,,,,,,,,,,,,,,e33dfe236032_r0028_c0026,56.3352576921681,25.505116667058623,28.0,26.0,80.71209962902593,55.0,9.778667312064895e-06,45.0,6.676789577388807e-06,58.0,1.108628333797107e-06,60.0,1.4085226945024259e-05,59.0,1.122034244127553e-05,7.912328042068766e-06,1.122034244127553e-05,3.3080143992067647e-06,at_least_40_eligible_days_in_each_year_2022_2026,descriptive_pixel_pattern_not_source_attribution_or_causal_effect,,,,,,,,,,,,,,,,,
no2_pixel_map,,,,,,,,,,,,,,,e33dfe236032_r0028_c0027,56.34525773791091,25.505116667058623,28.0,27.0,14.054793706827068,55.0,8.723169214090605e-06,45.0,5.936000402872639e-06,58.0,-5.551186193750287e-07,60.0,1.450926523762185e-05,59.0,9.6764170081854e-06,7.153329058802516e-06,9.6764170081854e-06,2.523087949382884e-06,at_least_40_eligible_days_in_each_year_2022_2026,descriptive_pixel_pattern_not_source_attribution_or_causal_effect,,,,,,,,,,,,,,,,,
no2_pixel_map,,,,,,,,,,,,,,,e33dfe236032_r0028_c0028,56.35525778365374,25.505116667058623,28.0,28.0,87.33787364429865,55.0,6.752175646848361e-06,45.0,5.6214369870832825e-06,58.0,-2.6953943336416725e-06,60.0,1.3770451162222038e-05,59.0,8.599986557873428e-06,5.8621673656280026e-06,8.599986557873428e-06,2.7378191922454257e-06,at_least_40_eligible_days_in_each_year_2022_2026,descriptive_pixel_pattern_not_source_attribution_or_causal_effect,,,,,,,,,,,,,,,,,
no2_pixel_map,,,,,,,,,,,,,,,e33dfe236032_r0028_c0029,56.365257829396555,25.505116667058623,28.0,29.0,438.20437224764305,55.0,5.16270037318569e-06,45.0,4.087565441394102e-06,58.0,-3.7330968655447233e-06,60.0,1.2741509398666797e-05,59.0,8.165582784476221e-06,4.564669586925467e-06,8.165582784476221e-06,3.6009131975507544e-06,at_least_40_eligible_days_in_each_year_2022_2026,descriptive_pixel_pattern_not_source_attribution_or_causal_effect,,,,,,,,,,,,,,,,,
no2_pixel_map,,,,,,,,,,,,,,,e33dfe236032_r0028_c0030,56.37525787513937,25.505116667058623,28.0,30.0,0.0,55.0,3.56689023741743e-06,45.0,2.494794372066319e-06,58.0,-5.192563734803125e-06,60.0,1.0220958943971705e-05,59.0,6.527171303353371e-06,2.7725199546630823e-06,6.527171303353371e-06,3.7546513486902886e-06,at_least_40_eligible_days_in_each_year_2022_2026,descriptive_pixel_pattern_not_source_attribution_or_causal_effect,,,,,,,,,,,,,,,,,
no2_pixel_map,,,,,,,,,,,,,,,e33dfe236032_r0028_c0031,56.3852579208822,25.505116667058623,28.0,31.0,0.0,55.0,2.110131820572263e-06,45.0,1.5060712423467197e-06,58.0,-6.193699593154988e-06,60.0,8.187673519615903e-06,59.0,5.538908194341133e-06,1.4025442473449743e-06,5.538908194341133e-06,4.136363946996158e-06,at_least_40_eligible_days_in_each_year_2022_2026,descriptive_pixel_pattern_not_source_attribution_or_causal_effect,,,,,,,,,,,,,,,,,
no2_pixel_map,,,,,,,,,,,,,,,e33dfe236032_r0028_c0032,56.39525796662501,25.505116667058623,28.0,32.0,0.0,55.0,7.258431817844106e-07,45.0,7.229645526496399e-07,58.0,-6.109605502016081e-06,60.0,6.586311676605568e-06,59.0,3.1155120519303702e-06,4.813784772558843e-07,3.1155120519303702e-06,2.634133574674486e-06,at_least_40_eligible_days_in_each_year_2022_2026,descriptive_pixel_pattern_not_source_attribution_or_causal_effect,,,,,,,,,,,,,,,,,
no2_pixel_map,,,,,,,,,,,,,,,e33dfe236032_r0029_c0015,56.22525718899709,25.495116621315802,29.0,15.0,0.0,55.0,3.0093454779609667e-05,43.0,2.8589054169239122e-05,58.0,1.2707864935812933e-05,59.0,2.963884795012543e-05,59.0,3.367402875324085e-05,2.5257305458696788e-05,3.367402875324085e-05,8.416723294544066e-06,at_least_40_eligible_days_in_each_year_2022_2026,descriptive_pixel_pattern_not_source_attribution_or_causal_effect,,,,,,,,,,,,,,,,,
no2_pixel_map,,,,,,,,,,,,,,,e33dfe236032_r0029_c0016,56.23525723473992,25.495116621315802,29.0,16.0,0.0,55.0,2.6709555736194965e-05,43.0,2.6556625077857182e-05,58.0,1.2103289152660141e-05,59.0,2.7844423351037555e-05,59.0,3.0850757572558224e-05,2.3303473329437464e-05,3.0850757572558224e-05,7.547284243120761e-06,at_least_40_eligible_days_in_each_year_2022_2026,descriptive_pixel_pattern_not_source_attribution_or_causal_effect,,,,,,,,,,,,,,,,,
no2_pixel_map,,,,,,,,,,,,,,,e33dfe236032_r0029_c0017,56.24525728048273,25.495116621315802,29.0,17.0,0.0,55.0,2.2472775638433944e-05,44.0,2.2868597165086293e-05,58.0,1.061885624613355e-05,59.0,2.3446381763984925e-05,59.0,2.69976236734715e-05,1.985165270340968e-05,2.69976236734715e-05,7.14597097006182e-06,at_least_40_eligible_days_in_each_year_2022_2026,descriptive_pixel_pattern_not_source_attribution_or_causal_effect,,,,,,,,,,,,,,,,,
no2_pixel_map,,,,,,,,,,,,,,,e33dfe236032_r0029_c0018,56.255257326225546,25.495116621315802,29.0,18.0,0.0,55.0,1.937307280401768e-05,44.0,1.9404825618974933e-05,58.0,7.93695843523841e-06,59.0,2.157895322756856e-05,59.0,2.411699164851858e-05,1.7073452521449898e-05,2.411699164851858e-05,7.043539127068682e-06,at_least_40_eligible_days_in_each_year_2022_2026,descriptive_pixel_pattern_not_source_attribution_or_causal_effect,,,,,,,,,,,,,,,,,
no2_pixel_map,,,,,,,,,,,,,,,e33dfe236032_r0029_c0019,56.265257371968374,25.495116621315802,29.0,19.0,0.0,55.0,1.7957203268075878e-05,44.0,1.3158093632667354e-05,58.0,6.0188424200991655e-06,58.0,2.0336488686803975e-05,59.0,2.123550007399666e-05,1.4367657001911591e-05,2.123550007399666e-05,6.8678430720850685e-06,at_least_40_eligible_days_in_each_year_2022_2026,descriptive_pixel_pattern_not_source_attribution_or_causal_effect,,,,,,,,,,,,,,,,,
no2_pixel_map,,,,,,,,,,,,,,,e33dfe236032_r0029_c0020,56.27525741771119,25.495116621315802,29.0,20.0,0.0,55.0,1.4946555376764311e-05,44.0,1.1598142417354305e-05,58.0,5.204846857344433e-06,58.0,1.9395998186061422e-05,59.0,1.923939980349161e-05,1.2786385709381119e-05,1.923939980349161e-05,6.453014094110491e-06,at_least_40_eligible_days_in_each_year_2022_2026,descriptive_pixel_pattern_not_source_attribution_or_causal_effect,,,,,,,,,,,,,,,,,
no2_pixel_map,,,,,,,,,,,,,,,e33dfe236032_r0029_c0021,56.285257463454,25.495116621315802,29.0,21.0,0.0,55.0,1.3261410785365097e-05,44.0,9.933548875722089e-06,58.0,4.2347881820570614e-06,58.0,1.70367203814625e-05,59.0,1.641069906276072e-05,1.1116617056151687e-05,1.641069906276072e-05,5.294082006609032e-06,at_least_40_eligible_days_in_each_year_2022_2026,descriptive_pixel_pattern_not_source_attribution_or_causal_effect,,,,,,,,,,,,,,,,,
no2_pixel_map,,,,,,,,,,,,,,,e33dfe236032_r0029_c0022,56.29525750919683,25.495116621315802,29.0,22.0,0.0,55.0,1.2351582447863024e-05,45.0,9.780768059395933e-06,58.0,3.293102542552606e-06,59.0,1.6348097806801734e-05,59.0,1.3417251064385875e-05,1.0443387714153324e-05,1.3417251064385875e-05,2.973863350232551e-06,at_least_40_eligible_days_in_each_year_2022_2026,descriptive_pixel_pattern_not_source_attribution_or_causal_effect,,,,,,,,,,,,,,,,,
no2_pixel_map,,,,,,,,,,,,,,,e33dfe236032_r0029_c0023,56.305257554939644,25.495116621315802,29.0,23.0,0.0,55.0,1.1012854334318595e-05,45.0,9.202356350111523e-06,58.0,1.9197298530489113e-06,58.0,1.6422108088863516e-05,59.0,1.3120664811307394e-05,9.639262156585635e-06,1.3120664811307394e-05,3.4814026547217592e-06,at_least_40_eligible_days_in_each_year_2022_2026,descriptive_pixel_pattern_not_source_attribution_or_causal_effect,,,,,,,,,,,,,,,,,
no2_pixel_map,,,,,,,,,,,,,,,e33dfe236032_r0029_c0024,56.31525760068246,25.495116621315802,29.0,24.0,0.0,55.0,9.373036180762836e-06,45.0,7.234365238013943e-06,58.0,1.1964799709345023e-06,58.0,1.5978947951372728e-05,59.0,1.1827800889413665e-05,8.445707335271001e-06,1.1827800889413665e-05,3.3820935541426644e-06,at_least_40_eligible_days_in_each_year_2022_2026,descriptive_pixel_pattern_not_source_attribution_or_causal_effect,,,,,,,,,,,,,,,,,
no2_pixel_map,,,,,,,,,,,,,,,e33dfe236032_r0029_c0025,56.325257646425285,25.495116621315802,29.0,25.0,0.0,55.0,8.901959398202862e-06,45.0,5.818908043084207e-06,58.0,1.2222564934295153e-06,59.0,1.4752089128801313e-05,59.0,1.0830652387129053e-05,7.673803265879474e-06,1.0830652387129053e-05,3.156849121249579e-06,at_least_40_eligible_days_in_each_year_2022_2026,descriptive_pixel_pattern_not_source_attribution_or_causal_effect,,,,,,,,,,,,,,,,,
no2_pixel_map,,,,,,,,,,,,,,,e33dfe236032_r0029_c0026,56.3352576921681,25.495116621315802,29.0,26.0,0.0,55.0,8.387870461481293e-06,45.0,5.505030355983498e-06,58.0,1.0031262741108925e-06,59.0,1.5090893509329514e-05,59.0,1.0027998001114437e-05,7.496730150226299e-06,1.0027998001114437e-05,2.5312678508881376e-06,at_least_40_eligible_days_in_each_year_2022_2026,descriptive_pixel_pattern_not_source_attribution_or_causal_effect,,,,,,,,,,,,,,,,,
no2_pixel_map,,,,,,,,,,,,,,,e33dfe236032_r0029_c0027,56.34525773791091,25.495116621315802,29.0,27.0,0.0,55.0,7.323447694567781e-06,45.0,4.946964790984504e-06,58.0,-1.1918289623834369e-07,59.0,1.522951443718836e-05,59.0,1.0319576853837916e-05,6.845186006625575e-06,1.0319576853837916e-05,3.4743908472123415e-06,at_least_40_eligible_days_in_each_year_2022_2026,descriptive_pixel_pattern_not_source_attribution_or_causal_effect,,,,,,,,,,,,,,,,,
no2_pixel_map,,,,,,,,,,,,,,,e33dfe236032_r0029_c0028,56.35525778365374,25.495116621315802,29.0,28.0,292.57755065540556,55.0,6.1947353309777075e-06,45.0,4.968072768454111e-06,58.0,-2.2886062691977807e-06,59.0,1.4280064831577997e-05,59.0,9.227978066702078e-06,5.788566665453008e-06,9.227978066702078e-06,3.43941140124907e-06,at_least_40_eligible_days_in_each_year_2022_2026,descriptive_pixel_pattern_not_source_attribution_or_causal_effect,,,,,,,,,,,,,,,,,
no2_pixel_map,,,,,,,,,,,,,,,e33dfe236032_r0029_c0029,56.365257829396555,25.495116621315802,29.0,29.0,153.55138167289746,55.0,4.990010347803099e-06,45.0,3.7785739943676746e-06,58.0,-3.6513517953682353e-06,60.0,1.3295396947115779e-05,59.0,7.110594519592589e-06,4.6031573734795796e-06,7.110594519592589e-06,2.5074371461130092e-06,at_least_40_eligible_days_in_each_year_2022_2026,descriptive_pixel_pattern_not_source_attribution_or_causal_effect,,,,,,,,,,,,,,,,,
no2_pixel_map,,,,,,,,,,,,,,,e33dfe236032_r0029_c0030,56.37525787513937,25.495116621315802,29.0,30.0,0.0,55.0,3.557513363578418e-06,45.0,1.9574177500113345e-06,58.0,-4.642036838273342e-06,60.0,1.095723519567218e-05,59.0,4.854642425353011e-06,2.9575323677471477e-06,4.854642425353011e-06,1.8971100576058636e-06,at_least_40_eligible_days_in_each_year_2022_2026,descriptive_pixel_pattern_not_source_attribution_or_causal_effect,,,,,,,,,,,,,,,,,
no2_pixel_map,,,,,,,,,,,,,,,e33dfe236032_r0029_c0031,56.3852579208822,25.495116621315802,29.0,31.0,0.0,55.0,2.636919849915745e-06,45.0,6.050008261984334e-07,58.0,-5.509404372697874e-06,60.0,8.192830688056343e-06,59.0,3.2051980644000918e-06,1.4813367478681619e-06,3.2051980644000918e-06,1.72386131653193e-06,at_least_40_eligible_days_in_each_year_2022_2026,descriptive_pixel_pattern_not_source_attribution_or_causal_effect,,,,,,,,,,,,,,,,,
no2_pixel_map,,,,,,,,,,,,,,,e33dfe236032_r0029_c0032,56.39525796662501,25.495116621315802,29.0,32.0,0.0,55.0,1.6596382260147927e-06,45.0,-8.809238463543816e-08,58.0,-5.519610737922113e-06,60.0,6.117646707253999e-06,59.0,1.2940928176749945e-06,5.423954526778101e-07,1.2940928176749945e-06,7.516973649971845e-07,at_least_40_eligible_days_in_each_year_2022_2026,descriptive_pixel_pattern_not_source_attribution_or_causal_effect,,,,,,,,,,,,,,,,,
no2_pixel_map,,,,,,,,,,,,,,,e33dfe236032_r0030_c0014,56.21525714325428,25.48511657557298,30.0,14.0,0.0,55.0,3.163909354964932e-05,43.0,2.4546473022794235e-05,58.0,1.5346157180041e-05,59.0,3.429616998242758e-05,59.0,3.5598871778699746e-05,2.645697343372804e-05,3.5598871778699746e-05,9.141898344971707e-06,at_least_40_eligible_days_in_each_year_2022_2026,descriptive_pixel_pattern_not_source_attribution_or_causal_effect,,,,,,,,,,,,,,,,,
no2_pixel_map,,,,,,,,,,,,,,,e33dfe236032_r0030_c0015,56.22525718899709,25.48511657557298,30.0,15.0,0.0,55.0,2.576184419934368e-05,43.0,2.2563448635409385e-05,58.0,1.3547490153349284e-05,59.0,2.9476518961817676e-05,59.0,3.084889132026052e-05,2.2837325487480008e-05,3.084889132026052e-05,8.01156583278051e-06,at_least_40_eligible_days_in_each_year_2022_2026,descriptive_pixel_pattern_not_source_attribution_or_causal_effect,,,,,,,,,,,,,,,,,
no2_pixel_map,,,,,,,,,,,,,,,e33dfe236032_r0030_c0016,56.23525723473992,25.48511657557298,30.0,16.0,0.0,55.0,2.3219526085867387e-05,43.0,2.091358639193359e-05,58.0,1.1634061579817318e-05,59.0,2.8122971148656006e-05,59.0,2.8880545035923127e-05,2.0972536301568576e-05,2.8880545035923127e-05,7.908008734354551e-06,at_least_40_eligible_days_in_each_year_2022_2026,descriptive_pixel_pattern_not_source_attribution_or_causal_effect,,,,,,,,,,,,,,,,,
no2_pixel_map,,,,,,,,,,,,,,,e33dfe236032_r0030_c0017,56.24525728048273,25.48511657557298,30.0,17.0,0.0,55.0,2.0397391311107044e-05,44.0,1.826042269826461e-05,58.0,1.0122510959729462e-05,58.0,2.5257121411257478e-05,59.0,2.5947218182823294e-05,1.8509361595089647e-05,2.5947218182823294e-05,7.437856587733646e-06,at_least_40_eligible_days_in_each_year_2022_2026,descriptive_pixel_pattern_not_source_attribution_or_causal_effect,,,,,,,,,,,,,,,,,
no2_pixel_map,,,,,,,,,,,,,,,e33dfe236032_r0030_c0018,56.255257326225546,25.48511657557298,30.0,18.0,0.0,55.0,1.7821084487667064e-05,44.0,1.6342266787954952e-05,58.0,7.182961610721913e-06,58.0,2.316806182123668e-05,59.0,2.2500506512308704e-05,1.6128593676895152e-05,2.2500506512308704e-05,6.371912835413551e-06,at_least_40_eligible_days_in_each_year_2022_2026,descriptive_pixel_pattern_not_source_attribution_or_causal_effect,,,,,,,,,,,,,,,,,
no2_pixel_map,,,,,,,,,,,,,,,e33dfe236032_r0030_c0019,56.265257371968374,25.48511657557298,30.0,19.0,0.0,55.0,1.6997312505774208e-05,44.0,1.2933582550457285e-05,58.0,4.740324226041427e-06,58.0,2.226607239519033e-05,59.0,1.909555541633302e-05,1.4234322919365814e-05,1.909555541633302e-05,4.861232496967204e-06,at_least_40_eligible_days_in_each_year_2022_2026,descriptive_pixel_pattern_not_source_attribution_or_causal_effect,,,,,,,,,,,,,,,,,
no2_pixel_map,,,,,,,,,,,,,,,e33dfe236032_r0030_c0020,56.27525741771119,25.48511657557298,30.0,20.0,0.0,55.0,1.470745196468858e-05,44.0,1.0364139551241444e-05,58.0,3.9568485456322036e-06,58.0,2.14754359180133e-05,59.0,1.663730463139039e-05,1.2625968994893881e-05,1.663730463139039e-05,4.011335636496507e-06,at_least_40_eligible_days_in_each_year_2022_2026,descriptive_pixel_pattern_not_source_attribution_or_causal_effect,,,,,,,,,,,,,,,,,
no2_pixel_map,,,,,,,,,,,,,,,e33dfe236032_r0030_c0021,56.285257463454,25.48511657557298,30.0,21.0,0.0,55.0,1.2240962112086707e-05,44.0,7.723170333380712e-06,58.0,3.2655492123910774e-06,58.0,1.8788968429393813e-05,59.0,1.4647874625858475e-05,1.0504662521813077e-05,1.4647874625858475e-05,4.143212104045398e-06,at_least_40_eligible_days_in_each_year_2022_2026,descriptive_pixel_pattern_not_source_attribution_or_causal_effect,,,,,,,,,,,,,,,,,
no2_pixel_map,,,,,,,,,,,,,,,e33dfe236032_r0030_c0022,56.29525750919683,25.48511657557298,30.0,22.0,0.0,55.0,1.144008148345932e-05,45.0,6.943958244035596e-06,58.0,2.1307651147744044e-06,58.0,1.761163896915832e-05,59.0,1.0797607053277465e-05,9.53161095285691e-06,1.0797607053277465e-05,1.2659961004205553e-06,at_least_40_eligible_days_in_each_year_2022_2026,descriptive_pixel_pattern_not_source_attribution_or_causal_effect,,,,,,,,,,,,,,,,,
no2_pixel_map,,,,,,,,,,,,,,,e33dfe236032_r0030_c0023,56.305257554939644,25.48511657557298,30.0,23.0,0.0,55.0,9.54516985996822e-06,45.0,7.116035207518849e-06,58.0,1.1702214789713221e-06,58.0,1.7033635924069115e-05,59.0,1.106427577102925e-05,8.716265617631876e-06,1.106427577102925e-05,2.3480101533973746e-06,at_least_40_eligible_days_in_each_year_2022_2026,descriptive_pixel_pattern_not_source_attribution_or_causal_effect,,,,,,,,,,,,,,,,,
no2_pixel_map,,,,,,,,,,,,,,,e33dfe236032_r0030_c0024,56.31525760068246,25.48511657557298,30.0,24.0,0.0,55.0,8.414717141059701e-06,45.0,6.2590473326027155e-06,58.0,8.585799832202014e-07,58.0,1.58899681644625e-05,59.0,1.1832921128772344e-05,7.855578155336279e-06,1.1832921128772344e-05,3.977342973436065e-06,at_least_40_eligible_days_in_each_year_2022_2026,descriptive_pixel_pattern_not_source_attribution_or_causal_effect,,,,,,,,,,,,,,,,,
no2_pixel_map,,,,,,,,,,,,,,,e33dfe236032_r0030_c0025,56.325257646425285,25.48511657557298,30.0,25.0,0.0,55.0,7.797261154953525e-06,45.0,5.481030033779803e-06,58.0,1.4093042714621553e-06,59.0,1.4123458938879716e-05,59.0,1.2060683266359385e-05,7.202763599768799e-06,1.2060683266359385e-05,4.857919666590586e-06,at_least_40_eligible_days_in_each_year_2022_2026,descriptive_pixel_pattern_not_source_attribution_or_causal_effect,,,,,,,,,,,,,,,,,
no2_pixel_map,,,,,,,,,,,,,,,e33dfe236032_r0030_c0026,56.3352576921681,25.48511657557298,30.0,26.0,0.0,55.0,7.835376821148514e-06,45.0,5.3983679702745356e-06,58.0,1.0684527852692836e-06,59.0,1.4011720053827324e-05,59.0,1.055649569159142e-05,7.078479407629914e-06,1.055649569159142e-05,3.4780162839615055e-06,at_least_40_eligible_days_in_each_year_2022_2026,descriptive_pixel_pattern_not_source_attribution_or_causal_effect,,,,,,,,,,,,,,,,,
no2_pixel_map,,,,,,,,,,,,,,,e33dfe236032_r0030_c0027,56.34525773791091,25.48511657557298,30.0,27.0,0.0,55.0,7.1773843089227055e-06,45.0,5.332835562408882e-06,58.0,8.284151536744779e-08,59.0,1.4071198448405977e-05,59.0,9.42276578019394e-06,6.666064958776253e-06,9.42276578019394e-06,2.756700821417687e-06,at_least_40_eligible_days_in_each_year_2022_2026,descriptive_pixel_pattern_not_source_attribution_or_causal_effect,,,,,,,,,,,,,,,,,
no2_pixel_map,,,,,,,,,,,,,,,e33dfe236032_r0030_c0028,56.35525778365374,25.48511657557298,30.0,28.0,6.326657062576315,55.0,6.123321013253666e-06,45.0,4.7700858975858235e-06,58.0,-1.6540306151356917e-06,59.0,1.3524668838498686e-05,59.0,7.506710200052586e-06,5.691011283550621e-06,7.506710200052586e-06,1.8156989165019646e-06,at_least_40_eligible_days_in_each_year_2022_2026,descriptive_pixel_pattern_not_source_attribution_or_causal_effect,,,,,,,,,,,,,,,,,
no2_pixel_map,,,,,,,,,,,,,,,e33dfe236032_r0030_c0029,56.365257829396555,25.48511657557298,30.0,29.0,7.972576200617993,55.0,5.1207831514274295e-06,45.0,3.9461849952783345e-06,58.0,-3.16627412905781e-06,59.0,1.187776418754739e-05,59.0,5.610562009907584e-06,4.4446145512988355e-06,5.610562009907584e-06,1.1659474586087483e-06,at_least_40_eligible_days_in_each_year_2022_2026,descriptive_pixel_pattern_not_source_attribution_or_causal_effect,,,,,,,,,,,,,,,,,
no2_pixel_map,,,,,,,,,,,,,,,e33dfe236032_r0030_c0030,56.37525787513937,25.48511657557298,30.0,30.0,0.0,55.0,3.8079821852453836e-06,45.0,1.8946354115919226e-06,58.0,-4.4818120975185936e-06,60.0,1.028705880579279e-05,59.0,3.4865060397019425e-06,2.876966076277876e-06,3.4865060397019425e-06,6.095399634240667e-07,at_least_40_eligible_days_in_each_year_2022_2026,descriptive_pixel_pattern_not_source_attribution_or_causal_effect,,,,,,,,,,,,,,,,,
no2_pixel_map,,,,,,,,,,,,,,,e33dfe236032_r0030_c0031,56.3852579208822,25.48511657557298,30.0,31.0,0.0,55.0,2.7707669440672753e-06,45.0,6.975995134349411e-07,57.0,-5.584250991305689e-06,60.0,7.053286365212138e-06,59.0,2.238046023084091e-06,1.2343504578521663e-06,2.238046023084091e-06,1.0036955652319247e-06,at_least_40_eligible_days_in_each_year_2022_2026,descriptive_pixel_pattern_not_source_attribution_or_causal_effect,,,,,,,,,,,,,,,,,
no2_pixel_map,,,,,,,,,,,,,,,e33dfe236032_r0030_c0032,56.39525796662501,25.48511657557298,30.0,32.0,0.0,55.0,1.8125977684206583e-06,45.0,-5.418467382557321e-09,57.0,-6.255474898888069e-06,60.0,5.345185132608092e-06,59.0,1.1820146448533483e-06,2.2422238368953087e-07,1.1820146448533483e-06,9.577922611638174e-07,at_least_40_eligible_days_in_each_year_2022_2026,descriptive_pixel_pattern_not_source_attribution_or_causal_effect,,,,,,,,,,,,,,,,,
no2_pixel_map,,,,,,,,,,,,,,,e33dfe236032_r0031_c0014,56.21525714325428,25.475116529830167,31.0,14.0,0.0,55.0,3.096362489829374e-05,43.0,2.5214877473052582e-05,58.0,1.5450293382537414e-05,58.0,3.563290138114617e-05,59.0,3.3185403711283867e-05,2.6815424283757477e-05,3.3185403711283867e-05,6.3699794275263895e-06,at_least_40_eligible_days_in_each_year_2022_2026,descriptive_pixel_pattern_not_source_attribution_or_causal_effect,,,,,,,,,,,,,,,,,
no2_pixel_map,,,,,,,,,,,,,,,e33dfe236032_r0031_c0015,56.22525718899709,25.475116529830167,31.0,15.0,0.0,55.0,2.5253892169071795e-05,43.0,2.1901536327540606e-05,57.0,1.3296785952571055e-05,58.0,3.1322482585673065e-05,59.0,2.8798016715926028e-05,2.294367425871413e-05,2.8798016715926028e-05,5.854342457211899e-06,at_least_40_eligible_days_in_each_year_2022_2026,descriptive_pixel_pattern_not_source_attribution_or_causal_effect,,,,,,,,,,,,,,,,,
no2_pixel_map,,,,,,,,,,,,,,,e33dfe236032_r0031_c0016,56.23525723473992,25.475116529830167,31.0,16.0,0.0,55.0,2.233778699614155e-05,43.0,2.0527027179552254e-05,57.0,1.0938228541503884e-05,58.0,2.9254368219567692e-05,59.0,2.619862798424498e-05,2.0764352734191343e-05,2.619862798424498e-05,5.434275250053638e-06,at_least_40_eligible_days_in_each_year_2022_2026,descriptive_pixel_pattern_not_source_attribution_or_causal_effect,,,,,,,,,,,,,,,,,
no2_pixel_map,,,,,,,,,,,,,,,e33dfe236032_r0031_c0017,56.24525728048273,25.475116529830167,31.0,17.0,0.0,55.0,1.968513644330272e-05,43.0,1.8760518359358322e-05,57.0,9.856763103101397e-06,58.0,2.744836574176354e-05,59.0,2.361093877659524e-05,1.8937695911881495e-05,2.361093877659524e-05,4.6732428647137464e-06,at_least_40_eligible_days_in_each_year_2022_2026,descriptive_pixel_pattern_not_source_attribution_or_causal_effect,,,,,,,,,,,,,,,,,
no2_pixel_map,,,,,,,,,,,,,,,e33dfe236032_r0031_c0018,56.255257326225546,25.475116529830167,31.0,18.0,0.0,55.0,1.673996803645198e-05,44.0,1.5717863845674824e-05,58.0,6.85087574037907e-06,58.0,2.5140074617850534e-05,59.0,2.009755910963899e-05,1.6112195560089102e-05,2.009755910963899e-05,3.985363549549887e-06,at_least_40_eligible_days_in_each_year_2022_2026,descriptive_pixel_pattern_not_source_attribution_or_causal_effect,,,,,,,,,,,,,,,,,
no2_pixel_map,,,,,,,,,,,,,,,e33dfe236032_r0031_c0019,56.265257371968374,25.475116529830167,31.0,19.0,0.0,55.0,1.6051579996321444e-05,44.0,1.2982411626028075e-05,58.0,4.986671403610411e-06,57.0,2.383009978997736e-05,58.0,1.644938492274769e-05,1.4462690703984323e-05,1.644938492274769e-05,1.9866942187633664e-06,at_least_40_eligible_days_in_each_year_2022_2026,descriptive_pixel_pattern_not_source_attribution_or_causal_effect,,,,,,,,,,,,,,,,,
no2_pixel_map,,,,,,,,,,,,,,,e33dfe236032_r0031_c0020,56.27525741771119,25.475116529830167,31.0,20.0,0.0,55.0,1.475596097253755e-05,44.0,1.0071624103256424e-05,58.0,3.971024494567989e-06,57.0,2.2144387803853497e-05,58.0,1.438556679008029e-05,1.2735749343553865e-05,1.438556679008029e-05,1.6498174465264257e-06,at_least_40_eligible_days_in_each_year_2022_2026,descriptive_pixel_pattern_not_source_attribution_or_causal_effect,,,,,,,,,,,,,,,,,
no2_pixel_map,,,,,,,,,,,,,,,e33dfe236032_r0031_c0021,56.285257463454,25.475116529830167,31.0,21.0,0.0,55.0,1.1285004418282187e-05,44.0,8.64720715264363e-06,58.0,3.466184182668593e-06,57.0,1.959321651983363e-05,58.0,1.3963488771138485e-05,1.074790306835701e-05,1.3963488771138485e-05,3.2155857027814753e-06,at_least_40_eligible_days_in_each_year_2022_2026,descriptive_pixel_pattern_not_source_attribution_or_causal_effect,,,,,,,,,,,,,,,,,
no2_pixel_map,,,,,,,,,,,,,,,e33dfe236032_r0031_c0022,56.29525750919683,25.475116529830167,31.0,22.0,0.0,55.0,1.0220851184257611e-05,45.0,7.789768328011974e-06,58.0,2.188799407180582e-06,58.0,1.7357650499362018e-05,59.0,1.1896790317128528e-05,9.389267354703048e-06,1.1896790317128528e-05,2.50752296242548e-06,at_least_40_eligible_days_in_each_year_2022_2026,descriptive_pixel_pattern_not_source_attribution_or_causal_effect,,,,,,,,,,,,,,,,,
no2_pixel_map,,,,,,,,,,,,,,,e33dfe236032_r0031_c0023,56.305257554939644,25.475116529830167,31.0,23.0,0.0,55.0,8.929080811326274e-06,45.0,8.193394335848337e-06,58.0,1.7677574595135285e-06,58.0,1.6839324011853415e-05,59.0,1.1469311744693907e-05,8.93238915463539e-06,1.1469311744693907e-05,2.5369225900585175e-06,at_least_40_eligible_days_in_each_year_2022_2026,descriptive_pixel_pattern_not_source_attribution_or_causal_effect,,,,,,,,,,,,,,,,,
no2_pixel_map,,,,,,,,,,,,,,,e33dfe236032_r0031_c0024,56.31525760068246,25.475116529830167,31.0,24.0,0.0,55.0,8.692961434830792e-06,45.0,7.164966467116086e-06,58.0,8.874594821044599e-07,58.0,1.5289059244414054e-05,59.0,1.1388573217778912e-05,8.00861165711635e-06,1.1388573217778912e-05,3.379961560662563e-06,at_least_40_eligible_days_in_each_year_2022_2026,descriptive_pixel_pattern_not_source_attribution_or_causal_effect,,,,,,,,,,,,,,,,,
no2_pixel_map,,,,,,,,,,,,,,,e33dfe236032_r0031_c0025,56.325257646425285,25.475116529830167,31.0,25.0,0.0,55.0,7.858352906247651e-06,45.0,5.711467453286421e-06,58.0,1.3400208781561558e-06,58.0,1.3754432611133952e-05,59.0,9.989865570507712e-06,7.166068462206045e-06,9.989865570507712e-06,2.8237971083016666e-06,at_least_40_eligible_days_in_each_year_2022_2026,descriptive_pixel_pattern_not_source_attribution_or_causal_effect,,,,,,,,,,,,,,,,,
no2_pixel_map,,,,,,,,,,,,,,,e33dfe236032_r0031_c0026,56.3352576921681,25.475116529830167,31.0,26.0,0.0,55.0,7.82626728914302e-06,45.0,4.8788995212183865e-06,58.0,1.3240506529832035e-06,59.0,1.3175517583788181e-05,59.0,9.003257125246122e-06,6.801183761783198e-06,9.003257125246122e-06,2.2020733634629235e-06,at_least_40_eligible_days_in_each_year_2022_2026,descriptive_pixel_pattern_not_source_attribution_or_causal_effect,,,,,,,,,,,,,,,,,
no2_pixel_map,,,,,,,,,,,,,,,e33dfe236032_r0031_c0027,56.34525773791091,25.475116529830167,31.0,27.0,62.85559136836333,55.0,7.573577927893543e-06,45.0,4.524308334109303e-06,58.0,8.490558174270078e-07,59.0,1.2661942419922955e-05,59.0,8.729706245670856e-06,6.402221124838202e-06,8.729706245670856e-06,2.327485120832654e-06,at_least_40_eligible_days_in_each_year_2022_2026,descriptive_pixel_pattern_not_source_attribution_or_causal_effect,,,,,,,,,,,,,,,,,
no2_pixel_map,,,,,,,,,,,,,,,e33dfe236032_r0031_c0028,56.35525778365374,25.475116529830167,31.0,28.0,530.9423143612232,55.0,6.649685780299211e-06,45.0,4.2337998405222385e-06,58.0,-9.547883040022907e-07,59.0,1.2727306139301616e-05,59.0,7.333223684895124e-06,5.664000864030193e-06,7.333223684895124e-06,1.669222820864931e-06,at_least_40_eligible_days_in_each_year_2022_2026,descriptive_pixel_pattern_not_source_attribution_or_causal_effect,,,,,,,,,,,,,,,,,
no2_pixel_map,,,,,,,,,,,,,,,e33dfe236032_r0031_c0029,56.365257829396555,25.475116529830167,31.0,29.0,17.505959683905083,55.0,5.4512723844339625e-06,45.0,3.900643240535664e-06,58.0,-2.97132657413123e-06,59.0,1.1086107318975628e-05,59.0,5.6638846360413495e-06,4.366674092453506e-06,5.6638846360413495e-06,1.2972105435878433e-06,at_least_40_eligible_days_in_each_year_2022_2026,descriptive_pixel_pattern_not_source_attribution_or_causal_effect,,,,,,,,,,,,,,,,,
no2_pixel_map,,,,,,,,,,,,,,,e33dfe236032_r0031_c0030,56.37525787513937,25.475116529830167,31.0,30.0,0.0,55.0,3.994477327354514e-06,45.0,1.935173328595372e-06,58.0,-4.502732247605945e-06,60.0,1.052277809556896e-05,59.0,3.7832710470272325e-06,2.9874241259782254e-06,3.7832710470272325e-06,7.958469210490071e-07,at_least_40_eligible_days_in_each_year_2022_2026,descriptive_pixel_pattern_not_source_attribution_or_causal_effect,,,,,,,,,,,,,,,,,
no2_pixel_map,,,,,,,,,,,,,,,e33dfe236032_r0031_c0031,56.3852579208822,25.475116529830167,31.0,31.0,0.0,55.0,2.707140757630587e-06,45.0,4.550887034215815e-08,57.0,-5.602567496577263e-06,60.0,8.113269455787302e-06,59.0,2.296988370734618e-06,1.315837896795696e-06,2.296988370734618e-06,9.811504739389219e-07,at_least_40_eligible_days_in_each_year_2022_2026,descriptive_pixel_pattern_not_source_attribution_or_causal_effect,,,,,,,,,,,,,,,,,
no2_pixel_map,,,,,,,,,,,,,,,e33dfe236032_r0031_c0032,56.39525796662501,25.475116529830167,31.0,32.0,0.0,55.0,2.147501200889711e-06,45.0,-8.803947731522103e-07,57.0,-6.26842893563973e-06,60.0,6.433798813230166e-06,59.0,1.929954353724894e-06,3.5811907633198436e-07,1.929954353724894e-06,1.5718352773929095e-06,at_least_40_eligible_days_in_each_year_2022_2026,descriptive_pixel_pattern_not_source_attribution_or_causal_effect,,,,,,,,,,,,,,,,,
no2_pixel_map,,,,,,,,,,,,,,,e33dfe236032_r0032_c0014,56.21525714325428,25.465116484087346,32.0,14.0,0.0,55.0,2.9825026562937207e-05,43.0,2.521684765008702e-05,57.0,1.609018670382211e-05,58.0,3.725855441531058e-05,59.0,3.076875013096745e-05,2.709765383303923e-05,3.076875013096745e-05,3.6710962979282184e-06,at_least_40_eligible_days_in_each_year_2022_2026,descriptive_pixel_pattern_not_source_attribution_or_causal_effect,,,,,,,,,,,,,,,,,
no2_pixel_map,,,,,,,,,,,,,,,e33dfe236032_r0032_c0015,56.22525718899709,25.465116484087346,32.0,15.0,0.0,55.0,2.441321268067298e-05,43.0,2.153580822411076e-05,56.0,1.3549184958364563e-05,58.0,3.3784951220068736e-05,59.0,2.7039761272102207e-05,2.332078927080426e-05,2.7039761272102207e-05,3.7189720012979488e-06,at_least_40_eligible_days_in_each_year_2022_2026,descriptive_pixel_pattern_not_source_attribution_or_causal_effect,,,,,,,,,,,,,,,,,
no2_pixel_map,,,,,,,,,,,,,,,e33dfe236032_r0032_c0016,56.23525723473992,25.465116484087346,32.0,16.0,0.0,55.0,2.170865513202549e-05,43.0,1.941037471215047e-05,57.0,1.1530536232055322e-05,58.0,3.028584977634873e-05,59.0,2.3878155965897685e-05,2.0733853963145003e-05,2.3878155965897685e-05,3.1443020027526828e-06,at_least_40_eligible_days_in_each_year_2022_2026,descriptive_pixel_pattern_not_source_attribution_or_causal_effect,,,,,,,,,,,,,,,,,
no2_pixel_map,,,,,,,,,,,,,,,e33dfe236032_r0032_c0017,56.24525728048273,25.465116484087346,32.0,17.0,0.0,55.0,1.9224583308183088e-05,43.0,1.7366730800233767e-05,57.0,1.0510423423420845e-05,58.0,2.840281667255945e-05,59.0,2.2133446967786672e-05,1.8876138551099284e-05,2.2133446967786672e-05,3.2573084166873877e-06,at_least_40_eligible_days_in_each_year_2022_2026,descriptive_pixel_pattern_not_source_attribution_or_causal_effect,,,,,,,,,,,,,,,,,
no2_pixel_map,,,,,,,,,,,,,,,e33dfe236032_r0032_c0018,56.255257326225546,25.465116484087346,32.0,18.0,0.0,55.0,1.593960178495538e-05,44.0,1.3485833397045357e-05,58.0,7.895065980246843e-06,58.0,2.4401060464070297e-05,59.0,1.9812367838603197e-05,1.543039040657947e-05,1.9812367838603197e-05,4.381977432023727e-06,at_least_40_eligible_days_in_each_year_2022_2026,descriptive_pixel_pattern_not_source_attribution_or_causal_effect,,,,,,,,,,,,,,,,,
no2_pixel_map,,,,,,,,,,,,,,,e33dfe236032_r0032_c0019,56.265257371968374,25.465116484087346,32.0,19.0,0.0,55.0,1.4326948253789502e-05,44.0,1.1367590926082408e-05,58.0,6.200942735125478e-06,58.0,2.383117578822232e-05,59.0,1.7768699392018326e-05,1.3931664425804927e-05,1.7768699392018326e-05,3.837034966213399e-06,at_least_40_eligible_days_in_each_year_2022_2026,descriptive_pixel_pattern_not_source_attribution_or_causal_effect,,,,,,,,,,,,,,,,,
no2_pixel_map,,,,,,,,,,,,,,,e33dfe236032_r0032_c0020,56.27525741771119,25.465116484087346,32.0,20.0,0.0,55.0,1.301994113265563e-05,44.0,8.550372548954505e-06,58.0,4.905052690473697e-06,57.0,2.1973248249645078e-05,58.0,1.5107378572899877e-05,1.2112153655432228e-05,1.5107378572899877e-05,2.995224917467649e-06,at_least_40_eligible_days_in_each_year_2022_2026,descriptive_pixel_pattern_not_source_attribution_or_causal_effect,,,,,,,,,,,,,,,,,
no2_pixel_map,,,,,,,,,,,,,,,e33dfe236032_r0032_c0021,56.285257463454,25.465116484087346,32.0,21.0,0.0,55.0,1.0504504739108166e-05,44.0,8.282809377497302e-06,58.0,4.145266775370984e-06,57.0,1.9837766082500083e-05,58.0,1.4066551801248692e-05,1.0692586743619133e-05,1.4066551801248692e-05,3.373965057629558e-06,at_least_40_eligible_days_in_each_year_2022_2026,descriptive_pixel_pattern_not_source_attribution_or_causal_effect,,,,,,,,,,,,,,,,,
no2_pixel_map,,,,,,,,,,,,,,,e33dfe236032_r0032_c0022,56.29525750919683,25.465116484087346,32.0,22.0,0.0,55.0,1.0296802656859719e-05,44.0,7.214396599450177e-06,58.0,2.8040369771890535e-06,57.0,1.702269683700082e-05,59.0,1.3220991480163255e-05,9.334483267624942e-06,1.3220991480163255e-05,3.886508212538313e-06,at_least_40_eligible_days_in_each_year_2022_2026,descriptive_pixel_pattern_not_source_attribution_or_causal_effect,,,,,,,,,,,,,,,,,
no2_pixel_map,,,,,,,,,,,,,,,e33dfe236032_r0032_c0023,56.305257554939644,25.465116484087346,32.0,23.0,0.0,55.0,9.198043496694298e-06,45.0,6.408443741644015e-06,58.0,2.359674832683272e-06,58.0,1.6610933678143032e-05,59.0,1.2353440269270443e-05,8.644273937291154e-06,1.2353440269270443e-05,3.7091663319792886e-06,at_least_40_eligible_days_in_each_year_2022_2026,descriptive_pixel_pattern_not_source_attribution_or_causal_effect,,,,,,,,,,,,,,,,,
no2_pixel_map,,,,,,,,,,,,,,,e33dfe236032_r0032_c0024,56.31525760068246,25.465116484087346,32.0,24.0,0.0,55.0,8.85033616474115e-06,45.0,5.3008747160344765e-06,58.0,1.2517074686053499e-06,58.0,1.6216523428885747e-05,59.0,1.26949768027131e-05,7.90486044456668e-06,1.26949768027131e-05,4.7901163581464185e-06,at_least_40_eligible_days_in_each_year_2022_2026,descriptive_pixel_pattern_not_source_attribution_or_causal_effect,,,,,,,,,,,,,,,,,
no2_pixel_map,,,,,,,,,,,,,,,e33dfe236032_r0032_c0025,56.325257646425285,25.465116484087346,32.0,25.0,0.0,55.0,8.632973942394757e-06,45.0,4.5528604751854375e-06,58.0,1.2421361345352093e-06,58.0,1.4692192495162921e-05,59.0,1.1664736289458985e-05,7.280040761819581e-06,1.1664736289458985e-05,4.384695527639404e-06,at_least_40_eligible_days_in_each_year_2022_2026,descriptive_pixel_pattern_not_source_attribution_or_causal_effect,,,,,,,,,,,,,,,,,
no2_pixel_map,,,,,,,,,,,,,,,e33dfe236032_r0032_c0026,56.3352576921681,25.465116484087346,32.0,26.0,0.0,55.0,8.509036520614804e-06,45.0,5.215172676594029e-06,58.0,5.688849396036105e-07,59.0,1.40263910357858e-05,59.0,1.1054202053560769e-05,7.079871293149562e-06,1.1054202053560769e-05,3.9743307604112065e-06,at_least_40_eligible_days_in_each_year_2022_2026,descriptive_pixel_pattern_not_source_attribution_or_causal_effect,,,,,,,,,,,,,,,,,
no2_pixel_map,,,,,,,,,,,,,,,e33dfe236032_r0032_c0027,56.34525773791091,25.465116484087346,32.0,27.0,92.4227831894461,55.0,8.01516773468333e-06,45.0,4.889308647658191e-06,58.0,3.1304593034617556e-07,59.0,1.381245759557241e-05,59.0,1.0420099665246071e-05,6.757494977065027e-06,1.0420099665246071e-05,3.6626046881810443e-06,at_least_40_eligible_days_in_each_year_2022_2026,descriptive_pixel_pattern_not_source_attribution_or_causal_effect,,,,,,,,,,,,,,,,,
no2_pixel_map,,,,,,,,,,,,,,,e33dfe236032_r0032_c0028,56.35525778365374,25.465116484087346,32.0,28.0,168.9192736884661,55.0,7.190962833312434e-06,45.0,4.43343796976007e-06,58.0,-7.828699703336435e-07,59.0,1.3612286598355917e-05,59.0,9.238748210469486e-06,6.113454357773694e-06,9.238748210469486e-06,3.1252938526957924e-06,at_least_40_eligible_days_in_each_year_2022_2026,descriptive_pixel_pattern_not_source_attribution_or_causal_effect,,,,,,,,,,,,,,,,,
no2_pixel_map,,,,,,,,,,,,,,,e33dfe236032_r0032_c0029,56.365257829396555,25.465116484087346,32.0,29.0,183.64772338639014,55.0,5.745556547435855e-06,45.0,4.100928606625265e-06,58.0,-3.2331893863317104e-06,59.0,1.1703922121622195e-05,59.0,7.78224723107455e-06,4.579304472337901e-06,7.78224723107455e-06,3.202942758736649e-06,at_least_40_eligible_days_in_each_year_2022_2026,descriptive_pixel_pattern_not_source_attribution_or_causal_effect,,,,,,,,,,,,,,,,,
no2_pixel_map,,,,,,,,,,,,,,,e33dfe236032_r0032_c0030,56.37525787513937,25.465116484087346,32.0,30.0,0.0,55.0,4.549538917709615e-06,45.0,3.0625353842346945e-06,58.0,-5.18522557088753e-06,60.0,1.075307509919912e-05,59.0,5.717271327598514e-06,3.294980957563975e-06,5.717271327598514e-06,2.4222903700345387e-06,at_least_40_eligible_days_in_each_year_2022_2026,descriptive_pixel_pattern_not_source_attribution_or_causal_effect,,,,,,,,,,,,,,,,,
no2_pixel_map,,,,,,,,,,,,,,,e33dfe236032_r0032_c0031,56.3852579208822,25.465116484087346,32.0,31.0,0.0,55.0,2.9201349580409085e-06,45.0,1.1703086570856592e-06,57.0,-6.448046935084482e-06,60.0,8.815422587987386e-06,59.0,2.9787869118242954e-06,1.614454817007368e-06,2.9787869118242954e-06,1.3643320948169275e-06,at_least_40_eligible_days_in_each_year_2022_2026,descriptive_pixel_pattern_not_source_attribution_or_causal_effect,,,,,,,,,,,,,,,,,
no2_pixel_map,,,,,,,,,,,,,,,e33dfe236032_r0032_c0032,56.39525796662501,25.465116484087346,32.0,32.0,0.0,55.0,2.485671753299007e-06,45.0,2.31443552035751e-08,57.0,-6.711463909493046e-06,60.0,7.108400258631564e-06,59.0,2.6496267822833642e-06,7.264381144102749e-07,2.6496267822833642e-06,1.9231886678730895e-06,at_least_40_eligible_days_in_each_year_2022_2026,descriptive_pixel_pattern_not_source_attribution_or_causal_effect,,,,,,,,,,,,,,,,,
no2_pixel_map,,,,,,,,,,,,,,,e33dfe236032_r0033_c0013,56.20525709751146,25.455116438344525,33.0,13.0,0.0,55.0,3.319113316150112e-05,43.0,3.358708149697763e-05,58.0,1.8353940522278137e-05,59.0,4.494539143472199e-05,59.0,3.130629266917774e-05,3.251938665386972e-05,3.130629266917774e-05,-1.2130939846919807e-06,at_least_40_eligible_days_in_each_year_2022_2026,descriptive_pixel_pattern_not_source_attribution_or_causal_effect,,,,,,,,,,,,,,,,,
no2_pixel_map,,,,,,,,,,,,,,,e33dfe236032_r0033_c0014,56.21525714325428,25.455116438344525,33.0,14.0,0.0,55.0,2.9611974551736387e-05,43.0,2.6260885891290937e-05,57.0,1.662421556948868e-05,58.0,3.897530124705289e-05,59.0,2.8676306192624056e-05,2.7868094314892225e-05,2.8676306192624056e-05,8.082118777318305e-07,at_least_40_eligible_days_in_each_year_2022_2026,descriptive_pixel_pattern_not_source_attribution_or_causal_effect,,,,,,,,,,,,,,,,,
no2_pixel_map,,,,,,,,,,,,,,,e33dfe236032_r0033_c0015,56.22525718899709,25.455116438344525,33.0,15.0,0.0,55.0,2.3627907231494793e-05,43.0,2.1807365342525475e-05,57.0,1.3739785768888819e-05,58.0,3.408052285393423e-05,59.0,2.520276045129474e-05,2.331389529921083e-05,2.520276045129474e-05,1.8888651520839075e-06,at_least_40_eligible_days_in_each_year_2022_2026,descriptive_pixel_pattern_not_source_attribution_or_causal_effect,,,,,,,,,,,,,,,,,
no2_pixel_map,,,,,,,,,,,,,,,e33dfe236032_r0033_c0016,56.23525723473992,25.455116438344525,33.0,16.0,0.0,55.0,1.8913060900926937e-05,43.0,1.857325527213028e-05,56.0,1.2198272914801705e-05,58.0,2.963992516514094e-05,59.0,2.2131870273937745e-05,1.9831128563249965e-05,2.2131870273937745e-05,2.3007417106877803e-06,at_least_40_eligible_days_in_each_year_2022_2026,descriptive_pixel_pattern_not_source_attribution_or_causal_effect,,,,,,,,,,,,,,,,,
no2_pixel_map,,,,,,,,,,,,,,,e33dfe236032_r0033_c0017,56.24525728048273,25.455116438344525,33.0,17.0,0.0,54.0,1.5341646294319712e-05,43.0,1.7497503965925437e-05,57.0,1.0478358118654665e-05,58.0,2.7978916402577925e-05,59.0,2.108755386573307e-05,1.7824106195369434e-05,2.108755386573307e-05,3.263447670363635e-06,at_least_40_eligible_days_in_each_year_2022_2026,descriptive_pixel_pattern_not_source_attribution_or_causal_effect,,,,,,,,,,,,,,,,,
no2_pixel_map,,,,,,,,,,,,,,,e33dfe236032_r0033_c0018,56.255257326225546,25.455116438344525,33.0,18.0,0.0,55.0,1.3770065573924907e-05,44.0,1.3317880700123592e-05,57.0,8.738018178939324e-06,58.0,2.3351898800715085e-05,59.0,2.028487783682759e-05,1.4794465813425729e-05,2.028487783682759e-05,5.4904120234018605e-06,at_least_40_eligible_days_in_each_year_2022_2026,descriptive_pixel_pattern_not_source_attribution_or_causal_effect,,,,,,,,,,,,,,,,,
no2_pixel_map,,,,,,,,,,,,,,,e33dfe236032_r0033_c0019,56.265257371968374,25.455116438344525,33.0,19.0,0.0,55.0,1.3312916032559585e-05,44.0,1.2062925432499977e-05,58.0,6.266014446638885e-06,58.0,2.3082384284141045e-05,59.0,1.8220437764467378e-05,1.3681060048959874e-05,1.8220437764467378e-05,4.539377715507504e-06,at_least_40_eligible_days_in_each_year_2022_2026,descriptive_pixel_pattern_not_source_attribution_or_causal_effect,,,,,,,,,,,,,,,,,
no2_pixel_map,,,,,,,,,,,,,,,e33dfe236032_r0033_c0020,56.27525741771119,25.455116438344525,33.0,20.0,0.0,55.0,1.32933057393077e-05,44.0,9.582213976609152e-06,58.0,5.3941539770257085e-06,57.0,2.2473259492409853e-05,58.0,1.4795688936653336e-05,1.2685733296338105e-05,1.4795688936653336e-05,2.109955640315231e-06,at_least_40_eligible_days_in_each_year_2022_2026,descriptive_pixel_pattern_not_source_attribution_or_causal_effect,,,,,,,,,,,,,,,,,
no2_pixel_map,,,,,,,,,,,,,,,e33dfe236032_r0033_c0021,56.285257463454,25.455116438344525,33.0,21.0,0.0,55.0,1.1502031020547357e-05,44.0,8.889403286983504e-06,58.0,4.266159194633997e-06,57.0,2.118229475771831e-05,58.0,1.364790997873773e-05,1.145997206497079e-05,1.364790997873773e-05,2.1879379137669405e-06,at_least_40_eligible_days_in_each_year_2022_2026,descriptive_pixel_pattern_not_source_attribution_or_causal_effect,,,,,,,,,,,,,,,,,
no2_pixel_map,,,,,,,,,,,,,,,e33dfe236032_r0033_c0022,56.29525750919683,25.455116438344525,33.0,22.0,0.0,55.0,1.0189505763550086e-05,44.0,7.63980209064722e-06,58.0,3.355536499897667e-06,57.0,1.818048687930352e-05,59.0,1.3813112579614638e-05,9.841332808349623e-06,1.3813112579614638e-05,3.971779771265016e-06,at_least_40_eligible_days_in_each_year_2022_2026,descriptive_pixel_pattern_not_source_attribution_or_causal_effect,,,,,,,,,,,,,,,,,
no2_pixel_map,,,,,,,,,,,,,,,e33dfe236032_r0033_c0023,56.305257554939644,25.455116438344525,33.0,23.0,0.0,55.0,9.324863437909515e-06,44.0,7.278055864622574e-06,58.0,2.577873525575019e-06,58.0,1.7699035890306716e-05,59.0,1.3663134868490576e-05,9.219957179603456e-06,1.3663134868490576e-05,4.443177688887121e-06,at_least_40_eligible_days_in_each_year_2022_2026,descriptive_pixel_pattern_not_source_attribution_or_causal_effect,,,,,,,,,,,,,,,,,
no2_pixel_map,,,,,,,,,,,,,,,e33dfe236032_r0033_c0024,56.31525760068246,25.455116438344525,33.0,24.0,0.0,55.0,8.695277388675654e-06,45.0,6.176838621889791e-06,58.0,1.588000598714822e-06,58.0,1.7912991100453193e-05,59.0,1.3956620731206536e-05,8.593276927433364e-06,1.3956620731206536e-05,5.363343803773171e-06,at_least_40_eligible_days_in_each_year_2022_2026,descriptive_pixel_pattern_not_source_attribution_or_causal_effect,,,,,,,,,,,,,,,,,
no2_pixel_map,,,,,,,,,,,,,,,e33dfe236032_r0033_c0025,56.325257646425285,25.455116438344525,33.0,25.0,0.0,55.0,8.687749451420277e-06,45.0,5.700154460906498e-06,58.0,1.1342677421253562e-06,58.0,1.619577716477681e-05,59.0,1.2928790872197381e-05,7.929487204807236e-06,1.2928790872197381e-05,4.9993036673901455e-06,at_least_40_eligible_days_in_each_year_2022_2026,descriptive_pixel_pattern_not_source_attribution_or_causal_effect,,,,,,,,,,,,,,,,,
no2_pixel_map,,,,,,,,,,,,,,,e33dfe236032_r0033_c0026,56.3352576921681,25.455116438344525,33.0,26.0,25.80447018565678,55.0,8.7351035002156e-06,45.0,5.906520526673212e-06,58.0,4.7284640750349035e-07,59.0,1.5094457032892376e-05,59.0,1.2571479970156187e-05,7.55223186682117e-06,1.2571479970156187e-05,5.019248103335017e-06,at_least_40_eligible_days_in_each_year_2022_2026,descriptive_pixel_pattern_not_source_attribution_or_causal_effect,,,,,,,,,,,,,,,,,
no2_pixel_map,,,,,,,,,,,,,,,e33dfe236032_r0033_c0027,56.34525773791091,25.455116438344525,33.0,27.0,0.2868183132971629,55.0,8.17426465068843e-06,45.0,5.9104117290162705e-06,57.0,3.4809462728773105e-08,60.0,1.4438140144725062e-05,59.0,1.1594756714902017e-05,7.139406496789634e-06,1.1594756714902017e-05,4.455350218112383e-06,at_least_40_eligible_days_in_each_year_2022_2026,descriptive_pixel_pattern_not_source_attribution_or_causal_effect,,,,,,,,,,,,,,,,,
no2_pixel_map,,,,,,,,,,,,,,,e33dfe236032_r0033_c0028,56.35525778365374,25.455116438344525,33.0,28.0,0.1648498304825825,55.0,7.415532354691158e-06,45.0,5.428777895755995e-06,57.0,-6.403718956417319e-07,60.0,1.363982916935553e-05,59.0,1.0470317276467983e-05,6.4609418810402375e-06,1.0470317276467983e-05,4.009375395427746e-06,at_least_40_eligible_days_in_each_year_2022_2026,descriptive_pixel_pattern_not_source_attribution_or_causal_effect,,,,,,,,,,,,,,,,,
no2_pixel_map,,,,,,,,,,,,,,,e33dfe236032_r0033_c0029,56.365257829396555,25.455116438344525,33.0,29.0,0.0,55.0,5.938497646428399e-06,45.0,4.629052332749312e-06,58.0,-3.1655108748317053e-06,60.0,1.1788171852990368e-05,59.0,8.645475043288753e-06,4.797552739334094e-06,8.645475043288753e-06,3.847922303954659e-06,at_least_40_eligible_days_in_each_year_2022_2026,descriptive_pixel_pattern_not_source_attribution_or_causal_effect,,,,,,,,,,,,,,,,,
no2_pixel_map,,,,,,,,,,,,,,,e33dfe236032_r0033_c0030,56.37525787513937,25.455116438344525,33.0,30.0,0.0,55.0,5.022301126242115e-06,45.0,3.940990729559556e-06,58.0,-5.010844576461571e-06,60.0,1.0688280271325613e-05,59.0,6.820269659665717e-06,3.660181887666428e-06,6.820269659665717e-06,3.160087771999289e-06,at_least_40_eligible_days_in_each_year_2022_2026,descriptive_pixel_pattern_not_source_attribution_or_causal_effect,,,,,,,,,,,,,,,,,
no2_pixel_map,,,,,,,,,,,,,,,e33dfe236032_r0033_c0031,56.3852579208822,25.455116438344525,33.0,31.0,0.0,55.0,3.5339302775812503e-06,45.0,1.8764942260504922e-06,57.0,-5.571917477259373e-06,60.0,9.043957839747233e-06,59.0,4.475220443068234e-06,2.2206162165299003e-06,4.475220443068234e-06,2.2546042265383338e-06,at_least_40_eligible_days_in_each_year_2022_2026,descriptive_pixel_pattern_not_source_attribution_or_causal_effect,,,,,,,,,,,,,,,,,
no2_pixel_map,,,,,,,,,,,,,,,e33dfe236032_r0033_c0032,56.39525796662501,25.455116438344525,33.0,32.0,0.0,55.0,2.964276373896756e-06,45.0,7.491238030599136e-07,57.0,-5.775046664679184e-06,60.0,7.463942655932743e-06,58.0,4.332891367630662e-06,1.3505740420525572e-06,4.332891367630662e-06,2.9823173255781045e-06,at_least_40_eligible_days_in_each_year_2022_2026,descriptive_pixel_pattern_not_source_attribution_or_causal_effect,,,,,,,,,,,,,,,,,
no2_pixel_map,,,,,,,,,,,,,,,e33dfe236032_r0034_c0013,56.20525709751146,25.44511639260171,34.0,13.0,0.0,55.0,2.970976748999277e-05,43.0,3.3322769646018674e-05,58.0,1.7196525687530452e-05,59.0,4.387453735848438e-05,59.0,2.8485087767966556e-05,3.102590004550657e-05,2.8485087767966556e-05,-2.5408122775400155e-06,at_least_40_eligible_days_in_each_year_2022_2026,descriptive_pixel_pattern_not_source_attribution_or_causal_effect,,,,,,,,,,,,,,,,,
no2_pixel_map,,,,,,,,,,,,,,,e33dfe236032_r0034_c0014,56.21525714325428,25.44511639260171,34.0,14.0,0.0,55.0,2.6281695859858353e-05,43.0,2.6110851076661927e-05,57.0,1.6136788510274872e-05,58.0,3.905834940360381e-05,59.0,2.7225083550514266e-05,2.689692121259974e-05,2.7225083550514266e-05,3.281623379145251e-07,at_least_40_eligible_days_in_each_year_2022_2026,descriptive_pixel_pattern_not_source_attribution_or_causal_effect,,,,,,,,,,,,,,,,,
no2_pixel_map,,,,,,,,,,,,,,,e33dfe236032_r0034_c0015,56.22525718899709,25.44511639260171,34.0,15.0,0.0,54.0,2.0215869417216804e-05,43.0,2.190500014868783e-05,57.0,1.3882246944688368e-05,58.0,3.407068384616479e-05,59.0,2.4081742069473844e-05,2.2518450089189447e-05,2.4081742069473844e-05,1.5632919802843973e-06,at_least_40_eligible_days_in_each_year_2022_2026,descriptive_pixel_pattern_not_source_attribution_or_causal_effect,,,,,,,,,,,,,,,,,
no2_pixel_map,,,,,,,,,,,,,,,e33dfe236032_r0034_c0016,56.23525723473992,25.44511639260171,34.0,16.0,0.0,54.0,1.6493420413888218e-05,43.0,1.8472709067672354e-05,56.0,1.2047391381756384e-05,58.0,3.0915058784432635e-05,59.0,2.0769985662375674e-05,1.9482144911937397e-05,2.0769985662375674e-05,1.2878407504382764e-06,at_least_40_eligible_days_in_each_year_2022_2026,descriptive_pixel_pattern_not_source_attribution_or_causal_effect,,,,,,,,,,,,,,,,,
no2_pixel_map,,,,,,,,,,,,,,,e33dfe236032_r0034_c0017,56.24525728048273,25.44511639260171,34.0,17.0,0.0,54.0,1.4999695150046905e-05,43.0,1.7655421201926398e-05,57.0,1.0005383057900405e-05,58.0,2.8638621457973772e-05,59.0,1.94251228453487e-05,1.782478021696187e-05,1.94251228453487e-05,1.6003426283868287e-06,at_least_40_eligible_days_in_each_year_2022_2026,descriptive_pixel_pattern_not_source_attribution_or_causal_effect,,,,,,,,,,,,,,,,,
no2_pixel_map,,,,,,,,,,,,,,,e33dfe236032_r0034_c0018,56.255257326225546,25.44511639260171,34.0,18.0,0.0,55.0,1.3594389396319851e-05,44.0,1.2660213939961493e-05,57.0,8.98472260580708e-06,58.0,2.518570434338112e-05,59.0,1.9010371032673128e-05,1.5106257571367386e-05,1.9010371032673128e-05,3.904113461305742e-06,at_least_40_eligible_days_in_each_year_2022_2026,descriptive_pixel_pattern_not_source_attribution_or_causal_effect,,,,,,,,,,,,,,,,,
no2_pixel_map,,,,,,,,,,,,,,,e33dfe236032_r0034_c0019,56.265257371968374,25.44511639260171,34.0,19.0,0.0,55.0,1.2648243777837275e-05,44.0,1.1227736220488222e-05,58.0,6.420468286701453e-06,58.0,2.3399541457553897e-05,59.0,1.6715428376452957e-05,1.342399743564521e-05,1.6715428376452957e-05,3.291430940807747e-06,at_least_40_eligible_days_in_each_year_2022_2026,descriptive_pixel_pattern_not_source_attribution_or_causal_effect,,,,,,,,,,,,,,,,,
no2_pixel_map,,,,,,,,,,,,,,,e33dfe236032_r0034_c0020,56.27525741771119,25.44511639260171,34.0,20.0,0.0,55.0,1.253019123325701e-05,44.0,9.425933745025107e-06,58.0,5.848235389619157e-06,57.0,2.292088773362807e-05,58.0,1.4268610632524662e-05,1.2681312025382335e-05,1.4268610632524662e-05,1.5872986071423275e-06,at_least_40_eligible_days_in_each_year_2022_2026,descriptive_pixel_pattern_not_source_attribution_or_causal_effect,,,,,,,,,,,,,,,,,
no2_pixel_map,,,,,,,,,,,,,,,e33dfe236032_r0034_c0021,56.285257463454,25.44511639260171,34.0,21.0,0.0,55.0,1.1530257932748908e-05,44.0,8.87197854670658e-06,58.0,4.631053737782189e-06,57.0,2.1233041338955667e-05,58.0,1.272033558859769e-05,1.1566582889048336e-05,1.272033558859769e-05,1.1537526995493537e-06,at_least_40_eligible_days_in_each_year_2022_2026,descriptive_pixel_pattern_not_source_attribution_or_causal_effect,,,,,,,,,,,,,,,,,
no2_pixel_map,,,,,,,,,,,,,,,e33dfe236032_r0034_c0022,56.29525750919683,25.44511639260171,34.0,22.0,0.0,55.0,9.914453812718485e-06,44.0,8.090576169236649e-06,57.0,3.137746673825468e-06,57.0,1.8546579303452934e-05,59.0,1.3437185153447033e-05,9.922338989808383e-06,1.3437185153447033e-05,3.5148461636386506e-06,at_least_40_eligible_days_in_each_year_2022_2026,descriptive_pixel_pattern_not_source_attribution_or_causal_effect,,,,,,,,,,,,,,,,,
no2_pixel_map,,,,,,,,,,,,,,,e33dfe236032_r0034_c0023,56.305257554939644,25.44511639260171,34.0,23.0,0.0,55.0,1.039926882693782e-05,44.0,8.134039722154997e-06,57.0,2.229653774640778e-06,57.0,1.8282336659437607e-05,59.0,1.431287917831097e-05,9.761324745792801e-06,1.431287917831097e-05,4.551554432518169e-06,at_least_40_eligible_days_in_each_year_2022_2026,descriptive_pixel_pattern_not_source_attribution_or_causal_effect,,,,,,,,,,,,,,,,,
no2_pixel_map,,,,,,,,,,,,,,,e33dfe236032_r0034_c0024,56.31525760068246,25.44511639260171,34.0,24.0,0.0,55.0,9.832540288157177e-06,45.0,7.370980164318843e-06,57.0,2.0778415572627366e-06,58.0,1.903371397091405e-05,59.0,1.4821382845567464e-05,9.578768995163202e-06,1.4821382845567464e-05,5.242613850404262e-06,at_least_40_eligible_days_in_each_year_2022_2026,descriptive_pixel_pattern_not_source_attribution_or_causal_effect,,,,,,,,,,,,,,,,,
no2_pixel_map,,,,,,,,,,,,,,,e33dfe236032_r0034_c0025,56.325257646425285,25.44511639260171,34.0,25.0,8.929481235876608,55.0,9.729398429660729e-06,45.0,6.74760117756739e-06,57.0,2.4264023700682057e-06,58.0,1.737407374698211e-05,59.0,1.3888510522810494e-05,9.069368931069607e-06,1.3888510522810494e-05,4.819141591740886e-06,at_least_40_eligible_days_in_each_year_2022_2026,descriptive_pixel_pattern_not_source_attribution_or_causal_effect,,,,,,,,,,,,,,,,,
no2_pixel_map,,,,,,,,,,,,,,,e33dfe236032_r0034_c0026,56.3352576921681,25.44511639260171,34.0,26.0,75.07901797224167,55.0,9.403773000688471e-06,45.0,6.257066847256624e-06,57.0,2.215832869767973e-06,58.0,1.5910765799341145e-05,59.0,1.3638795187094032e-05,8.446859629263553e-06,1.3638795187094032e-05,5.191935557830479e-06,at_least_40_eligible_days_in_each_year_2022_2026,descriptive_pixel_pattern_not_source_attribution_or_causal_effect,,,,,,,,,,,,,,,,,
no2_pixel_map,,,,,,,,,,,,,,,e33dfe236032_r0034_c0027,56.34525773791091,25.44511639260171,34.0,27.0,575.0231089227163,55.0,8.308498660422363e-06,45.0,6.001582934001855e-06,57.0,1.7579343590805767e-06,60.0,1.5497614221432133e-05,58.0,1.2773251683888697e-05,7.891407543734231e-06,1.2773251683888697e-05,4.881844140154466e-06,at_least_40_eligible_days_in_each_year_2022_2026,descriptive_pixel_pattern_not_source_attribution_or_causal_effect,,,,,,,,,,,,,,,,,
no2_pixel_map,,,,,,,,,,,,,,,e33dfe236032_r0034_c0028,56.35525778365374,25.44511639260171,34.0,28.0,389.9817143291219,55.0,7.0702686200302e-06,45.0,5.028827034743535e-06,57.0,6.981709641308477e-07,60.0,1.512325349957306e-05,58.0,1.2036503332305664e-05,6.9801300296194105e-06,1.2036503332305664e-05,5.056373302686254e-06,at_least_40_eligible_days_in_each_year_2022_2026,descriptive_pixel_pattern_not_source_attribution_or_causal_effect,,,,,,,,,,,,,,,,,
no2_pixel_map,,,,,,,,,,,,,,,e33dfe236032_r0034_c0029,56.365257829396555,25.44511639260171,34.0,29.0,0.4922517205831391,55.0,5.318206021204768e-06,45.0,4.295944360412794e-06,58.0,-1.8780238085390357e-06,60.0,1.3485398090704619e-05,58.0,1.1027519820514839e-05,5.305381165945786e-06,1.1027519820514839e-05,5.7221386545690525e-06,at_least_40_eligible_days_in_each_year_2022_2026,descriptive_pixel_pattern_not_source_attribution_or_causal_effect,,,,,,,,,,,,,,,,,
no2_pixel_map,,,,,,,,,,,,,,,e33dfe236032_r0034_c0030,56.37525787513937,25.44511639260171,34.0,30.0,0.0,55.0,4.039737322475939e-06,45.0,3.8613457934614595e-06,58.0,-3.866673740837331e-06,60.0,1.1702374715773353e-05,58.0,9.5965151802439e-06,3.934196022718355e-06,9.5965151802439e-06,5.662319157525545e-06,at_least_40_eligible_days_in_each_year_2022_2026,descriptive_pixel_pattern_not_source_attribution_or_causal_effect,,,,,,,,,,,,,,,,,
no2_pixel_map,,,,,,,,,,,,,,,e33dfe236032_r0034_c0031,56.3852579208822,25.44511639260171,34.0,31.0,0.0,55.0,2.5207068121126846e-06,45.0,3.6938396673954108e-06,58.0,-4.78842934068486e-06,60.0,1.0200732236551628e-05,58.0,6.744858364273439e-06,2.906712343843716e-06,6.744858364273439e-06,3.838146020429723e-06,at_least_40_eligible_days_in_each_year_2022_2026,descriptive_pixel_pattern_not_source_attribution_or_causal_effect,,,,,,,,,,,,,,,,,
no2_pixel_map,,,,,,,,,,,,,,,e33dfe236032_r0034_c0032,56.39525796662501,25.44511639260171,34.0,32.0,0.0,55.0,2.060925308834304e-06,45.0,2.9238118955187e-06,58.0,-5.180599300639416e-06,60.0,8.34288248908524e-06,58.0,5.885167027855644e-06,2.0367550981997067e-06,5.885167027855644e-06,3.848411929655937e-06,at_least_40_eligible_days_in_each_year_2022_2026,descriptive_pixel_pattern_not_source_attribution_or_causal_effect,,,,,,,,,,,,,,,,,
no2_pixel_map,,,,,,,,,,,,,,,e33dfe236032_r0035_c0013,56.20525709751146,25.43511634685889,35.0,13.0,0.0,54.0,2.7418193363480014e-05,43.0,2.843802034870885e-05,58.0,1.6485543540381847e-05,59.0,4.343125272387314e-05,59.0,2.5047891909289144e-05,2.8943252494110964e-05,2.5047891909289144e-05,-3.89536058482182e-06,at_least_40_eligible_days_in_each_year_2022_2026,descriptive_pixel_pattern_not_source_attribution_or_causal_effect,,,,,,,,,,,,,,,,,
no2_pixel_map,,,,,,,,,,,,,,,e33dfe236032_r0035_c0014,56.21525714325428,25.43511634685889,35.0,14.0,0.0,54.0,2.6065567410836654e-05,43.0,2.3608492693149305e-05,58.0,1.5299818017281147e-05,59.0,4.0522268789354383e-05,59.0,2.4322943178247236e-05,2.637403672765537e-05,2.4322943178247236e-05,-2.0510935494081334e-06,at_least_40_eligible_days_in_each_year_2022_2026,descriptive_pixel_pattern_not_source_attribution_or_causal_effect,,,,,,,,,,,,,,,,,
no2_pixel_map,,,,,,,,,,,,,,,e33dfe236032_r0035_c0015,56.22525718899709,25.43511634685889,35.0,15.0,0.0,54.0,2.112584800385606e-05,43.0,1.945071338260093e-05,57.0,1.3720064955929565e-05,58.0,3.506437163287063e-05,58.0,2.13862306929177e-05,2.2340249493814293e-05,2.13862306929177e-05,-9.540188008965946e-07,at_least_40_eligible_days_in_each_year_2022_2026,descriptive_pixel_pattern_not_source_attribution_or_causal_effect,,,,,,,,,,,,,,,,,
no2_pixel_map,,,,,,,,,,,,,,,e33dfe236032_r0035_c0016,56.23525723473992,25.43511634685889,35.0,16.0,0.0,54.0,1.6605500713431622e-05,43.0,1.6792409103428957e-05,57.0,1.1468691048697008e-05,58.0,3.2213804046572146e-05,58.0,1.797206419955028e-05,1.9270101228032433e-05,1.797206419955028e-05,-1.2980370284821517e-06,at_least_40_eligible_days_in_each_year_2022_2026,descriptive_pixel_pattern_not_source_attribution_or_causal_effect,,,,,,,,,,,,,,,,,
no2_pixel_map,,,,,,,,,,,,,,,e33dfe236032_r0035_c0017,56.24525728048273,25.43511634685889,35.0,17.0,0.0,54.0,1.512916788519726e-05,43.0,1.5781612597460288e-05,57.0,1.0021875652942703e-05,58.0,2.8905873151729805e-05,59.0,1.6275571673618192e-05,1.7459632321832515e-05,1.6275571673618192e-05,-1.1840606482143228e-06,at_least_40_eligible_days_in_each_year_2022_2026,descriptive_pixel_pattern_not_source_attribution_or_causal_effect,,,,,,,,,,,,,,,,,
no2_pixel_map,,,,,,,,,,,,,,,e33dfe236032_r0035_c0018,56.255257326225546,25.43511634685889,35.0,18.0,0.0,54.0,1.3145085757040992e-05,44.0,1.2636876429936003e-05,57.0,9.23395649063781e-06,58.0,2.6019821723727307e-05,59.0,1.6669584972291634e-05,1.5258935100335528e-05,1.6669584972291634e-05,1.410649871956106e-06,at_least_40_eligible_days_in_each_year_2022_2026,descriptive_pixel_pattern_not_source_attribution_or_causal_effect,,,,,,,,,,,,,,,,,
no2_pixel_map,,,,,,,,,,,,,,,e33dfe236032_r0035_c0019,56.265257371968374,25.43511634685889,35.0,19.0,0.0,55.0,1.2030084041267135e-05,44.0,1.1173286426319804e-05,57.0,6.702528166570989e-06,58.0,2.288874831466008e-05,59.0,1.53167402139496e-05,1.3198661737204503e-05,1.53167402139496e-05,2.118078476745097e-06,at_least_40_eligible_days_in_each_year_2022_2026,descriptive_pixel_pattern_not_source_attribution_or_causal_effect,,,,,,,,,,,,,,,,,
no2_pixel_map,,,,,,,,,,,,,,,e33dfe236032_r0035_c0020,56.27525741771119,25.43511634685889,35.0,20.0,0.0,55.0,1.2008872210526764e-05,44.0,9.534932302921759e-06,57.0,5.980869969510958e-06,58.0,2.2554258022582725e-05,59.0,1.4260719996297909e-05,1.251973312638555e-05,1.4260719996297909e-05,1.7409868699123583e-06,at_least_40_eligible_days_in_each_year_2022_2026,descriptive_pixel_pattern_not_source_attribution_or_causal_effect,,,,,,,,,,,,,,,,,
no2_pixel_map,,,,,,,,,,,,,,,e33dfe236032_r0035_c0021,56.285257463454,25.43511634685889,35.0,21.0,0.0,55.0,1.1994965805028912e-05,44.0,8.382811906260207e-06,57.0,5.337096718226341e-06,57.0,2.12230618205822e-05,59.0,1.259994141988051e-05,1.1734484062524415e-05,1.259994141988051e-05,8.65457357356095e-07,at_least_40_eligible_days_in_each_year_2022_2026,descriptive_pixel_pattern_not_source_attribution_or_causal_effect,,,,,,,,,,,,,,,,,
no2_pixel_map,,,,,,,,,,,,,,,e33dfe236032_r0035_c0022,56.29525750919683,25.43511634685889,35.0,22.0,0.0,55.0,1.0476712532301527e-05,44.0,8.013707413350869e-06,57.0,4.131291674264798e-06,57.0,2.0479102079456516e-05,59.0,1.3826047289941937e-05,1.0775203424843428e-05,1.3826047289941937e-05,3.050843865098509e-06,at_least_40_eligible_days_in_each_year_2022_2026,descriptive_pixel_pattern_not_source_attribution_or_causal_effect,,,,,,,,,,,,,,,,,
no2_pixel_map,,,,,,,,,,,,,,,e33dfe236032_r0035_c0023,56.305257554939644,25.43511634685889,35.0,23.0,0.0,55.0,1.1324582783465367e-05,44.0,8.154572019794872e-06,57.0,3.867374820825278e-06,57.0,1.966592838739374e-05,59.0,1.592333242233737e-05,1.0753114502869815e-05,1.592333242233737e-05,5.170217919467556e-06,at_least_40_eligible_days_in_each_year_2022_2026,descriptive_pixel_pattern_not_source_attribution_or_causal_effect,,,,,,,,,,,,,,,,,
no2_pixel_map,,,,,,,,,,,,,,,e33dfe236032_r0035_c0024,56.31525760068246,25.43511634685889,35.0,24.0,0.0,55.0,1.0483605774545204e-05,45.0,7.644986220129125e-06,57.0,3.686491355239293e-06,58.0,2.0491073917291078e-05,59.0,1.6734165077201314e-05,1.0576539316801176e-05,1.6734165077201314e-05,6.157625760400139e-06,at_least_40_eligible_days_in_each_year_2022_2026,descriptive_pixel_pattern_not_source_attribution_or_causal_effect,,,,,,,,,,,,,,,,,
no2_pixel_map,,,,,,,,,,,,,,,e33dfe236032_r0035_c0025,56.325257646425285,25.43511634685889,35.0,25.0,22.81081390220637,55.0,9.90929919361925e-06,45.0,6.907802525142706e-06,57.0,3.832744677175908e-06,58.0,2.041280408909384e-05,59.0,1.6363394763465724e-05,1.0265662621257926e-05,1.6363394763465724e-05,6.0977321422077975e-06,at_least_40_eligible_days_in_each_year_2022_2026,descriptive_pixel_pattern_not_source_attribution_or_causal_effect,,,,,,,,,,,,,,,,,
no2_pixel_map,,,,,,,,,,,,,,,e33dfe236032_r0035_c0026,56.3352576921681,25.43511634685889,35.0,26.0,286.7041429063229,55.0,9.638126849532602e-06,45.0,6.354485593669615e-06,57.0,3.4053830733863867e-06,58.0,1.8521618839311817e-05,59.0,1.632752863950417e-05,9.479903588975106e-06,1.632752863950417e-05,6.847625050529063e-06,at_least_40_eligible_days_in_each_year_2022_2026,descriptive_pixel_pattern_not_source_attribution_or_causal_effect,,,,,,,,,,,,,,,,,
no2_pixel_map,,,,,,,,,,,,,,,e33dfe236032_r0035_c0027,56.34525773791091,25.43511634685889,35.0,27.0,4301.066588361475,55.0,8.57643866033891e-06,45.0,6.480034121924733e-06,57.0,2.2978050847331554e-06,60.0,1.7799593181357217e-05,58.0,1.5919302808514152e-05,8.788467762088504e-06,1.5919302808514152e-05,7.1308350464256475e-06,at_least_40_eligible_days_in_each_year_2022_2026,descriptive_pixel_pattern_not_source_attribution_or_causal_effect,,,,,,,,,,,,,,,,,
no2_pixel_map,,,,,,,,,,,,,,,e33dfe236032_r0035_c0028,56.35525778365374,25.43511634685889,35.0,28.0,666.8642366356905,55.0,6.892670680120299e-06,45.0,5.421488800996119e-06,57.0,1.658819030613534e-06,60.0,1.676102681138642e-05,58.0,1.5195093629022576e-05,7.683501330779093e-06,1.5195093629022576e-05,7.511592298243483e-06,at_least_40_eligible_days_in_each_year_2022_2026,descriptive_pixel_pattern_not_source_attribution_or_causal_effect,,,,,,,,,,,,,,,,,
no2_pixel_map,,,,,,,,,,,,,,,e33dfe236032_r0035_c0029,56.365257829396555,25.43511634685889,35.0,29.0,2.1504632924797393,55.0,5.542527812762998e-06,45.0,4.653417695809809e-06,58.0,-6.238298934707834e-07,60.0,1.5129102126518771e-05,58.0,1.341894230406304e-05,6.175304435405199e-06,1.341894230406304e-05,7.2436378686578415e-06,at_least_40_eligible_days_in_each_year_2022_2026,descriptive_pixel_pattern_not_source_attribution_or_causal_effect,,,,,,,,,,,,,,,,,
no2_pixel_map,,,,,,,,,,,,,,,e33dfe236032_r0035_c0030,56.37525787513937,25.43511634685889,35.0,30.0,0.0,55.0,4.011523126663944e-06,45.0,4.33488209222695e-06,58.0,-2.7896276285253754e-06,60.0,1.3168946018217562e-05,58.0,1.1515018922383075e-05,4.68143090214577e-06,1.1515018922383075e-05,6.833588020237305e-06,at_least_40_eligible_days_in_each_year_2022_2026,descriptive_pixel_pattern_not_source_attribution_or_causal_effect,,,,,,,,,,,,,,,,,
no2_pixel_map,,,,,,,,,,,,,,,e33dfe236032_r0035_c0031,56.3852579208822,25.43511634685889,35.0,31.0,0.0,55.0,2.3015789463610726e-06,45.0,4.13845480266227e-06,58.0,-4.44640655076365e-06,60.0,1.2012752000298859e-05,58.0,8.445729809186869e-06,3.5015947996396377e-06,8.445729809186869e-06,4.944135009547231e-06,at_least_40_eligible_days_in_each_year_2022_2026,descriptive_pixel_pattern_not_source_attribution_or_causal_effect,,,,,,,,,,,,,,,,,
no2_pixel_map,,,,,,,,,,,,,,,e33dfe236032_r0035_c0032,56.39525796662501,25.43511634685889,35.0,32.0,0.0,55.0,1.8535130908154458e-06,45.0,3.3933384140430136e-06,58.0,-4.673356542804344e-06,60.0,9.695488193681738e-06,58.0,7.141777125365757e-06,2.5672457889339633e-06,7.141777125365757e-06,4.574531336431794e-06,at_least_40_eligible_days_in_each_year_2022_2026,descriptive_pixel_pattern_not_source_attribution_or_causal_effect,,,,,,,,,,,,,,,,,
no2_pixel_map,,,,,,,,,,,,,,,e33dfe236032_r0035_c0033,56.405258012367824,25.43511634685889,35.0,33.0,0.0,55.0,1.7673841409927572e-06,45.0,2.3770064610464618e-06,58.0,-4.627172401848315e-06,60.0,7.936511525183957e-06,58.0,6.590189695289935e-06,1.8634324313437154e-06,6.590189695289935e-06,4.7267572639462195e-06,at_least_40_eligible_days_in_each_year_2022_2026,descriptive_pixel_pattern_not_source_attribution_or_causal_effect,,,,,,,,,,,,,,,,,
no2_pixel_map,,,,,,,,,,,,,,,e33dfe236032_r0036_c0013,56.20525709751146,25.42511630111607,36.0,13.0,0.0,54.0,2.6318862089500282e-05,43.0,2.4138569513788178e-05,58.0,1.3708158570709067e-05,59.0,4.29108553631741e-05,58.0,2.2498245088885307e-05,2.6769111384292906e-05,2.2498245088885307e-05,-4.270866295407599e-06,at_least_40_eligible_days_in_each_year_2022_2026,descriptive_pixel_pattern_not_source_attribution_or_causal_effect,,,,,,,,,,,,,,,,,
no2_pixel_map,,,,,,,,,,,,,,,e33dfe236032_r0036_c0014,56.21525714325428,25.42511630111607,36.0,14.0,0.0,54.0,2.4515691291507438e-05,43.0,1.9671913492612684e-05,57.0,1.3512006235423933e-05,59.0,4.0563822492386554e-05,58.0,2.1461832408640687e-05,2.4565858377982652e-05,2.1461832408640687e-05,-3.104025969341965e-06,at_least_40_eligible_days_in_each_year_2022_2026,descriptive_pixel_pattern_not_source_attribution_or_causal_effect,,,,,,,,,,,,,,,,,
no2_pixel_map,,,,,,,,,,,,,,,e33dfe236032_r0036_c0015,56.22525718899709,25.42511630111607,36.0,15.0,0.0,54.0,2.0896352241478672e-05,43.0,1.6746500560518604e-05,57.0,1.2818304150331187e-05,58.0,3.521615826995365e-05,58.0,1.9401152628570243e-05,2.141932880557053e-05,1.9401152628570243e-05,-2.0181761770002853e-06,at_least_40_eligible_days_in_each_year_2022_2026,descriptive_pixel_pattern_not_source_attribution_or_causal_effect,,,,,,,,,,,,,,,,,
no2_pixel_map,,,,,,,,,,,,,,,e33dfe236032_r0036_c0016,56.23525723473992,25.42511630111607,36.0,16.0,0.0,54.0,1.5800917775017694e-05,43.0,1.5853269231492385e-05,57.0,1.1618713348589864e-05,58.0,3.201715918636074e-05,58.0,1.6839789585987114e-05,1.882251488536517e-05,1.6839789585987114e-05,-1.9827252993780546e-06,at_least_40_eligible_days_in_each_year_2022_2026,descriptive_pixel_pattern_not_source_attribution_or_causal_effect,,,,,,,,,,,,,,,,,
no2_pixel_map,,,,,,,,,,,,,,,e33dfe236032_r0036_c0017,56.24525728048273,25.42511630111607,36.0,17.0,0.0,54.0,1.4390313050960815e-05,43.0,1.4569942130512506e-05,57.0,1.0081175377652288e-05,58.0,2.857246725959394e-05,59.0,1.5355521253015172e-05,1.6903474454679887e-05,1.5355521253015172e-05,-1.5479532016647153e-06,at_least_40_eligible_days_in_each_year_2022_2026,descriptive_pixel_pattern_not_source_attribution_or_causal_effect,,,,,,,,,,,,,,,,,
no2_pixel_map,,,,,,,,,,,,,,,e33dfe236032_r0036_c0018,56.255257326225546,25.42511630111607,36.0,18.0,0.0,54.0,1.304323892345699e-05,43.0,1.3141726453191842e-05,57.0,8.964100541059428e-06,58.0,2.634782487235389e-05,59.0,1.586858632908918e-05,1.5374222697515538e-05,1.586858632908918e-05,4.943636315736427e-07,at_least_40_eligible_days_in_each_year_2022_2026,descriptive_pixel_pattern_not_source_attribution_or_causal_effect,,,,,,,,,,,,,,,,,
no2_pixel_map,,,,,,,,,,,,,,,e33dfe236032_r0036_c0019,56.265257371968374,25.42511630111607,36.0,19.0,0.0,55.0,1.2675445276103246e-05,44.0,1.0105395284824816e-05,57.0,6.308582036366501e-06,58.0,2.4269312410132578e-05,59.0,1.5854951986108753e-05,1.3339683751856785e-05,1.5854951986108753e-05,2.5152682342519678e-06,at_least_40_eligible_days_in_each_year_2022_2026,descriptive_pixel_pattern_not_source_attribution_or_causal_effect,,,,,,,,,,,,,,,,,
no2_pixel_map,,,,,,,,,,,,,,,e33dfe236032_r0036_c0020,56.27525741771119,25.42511630111607,36.0,20.0,0.0,55.0,1.2612697748363874e-05,44.0,8.857377064016966e-06,57.0,5.152801722057958e-06,58.0,2.4449251138509754e-05,59.0,1.529065461102894e-05,1.2768031918237137e-05,1.529065461102894e-05,2.522622692791804e-06,at_least_40_eligible_days_in_each_year_2022_2026,descriptive_pixel_pattern_not_source_attribution_or_causal_effect,,,,,,,,,,,,,,,,,
no2_pixel_map,,,,,,,,,,,,,,,e33dfe236032_r0036_c0021,56.285257463454,25.42511630111607,36.0,21.0,0.0,55.0,1.2524350888225174e-05,44.0,7.66589357130001e-06,57.0,5.341901435131381e-06,57.0,2.3102214426298715e-05,59.0,1.4831227771165373e-05,1.215859008023882e-05,1.4831227771165373e-05,2.672637690926554e-06,at_least_40_eligible_days_in_each_year_2022_2026,descriptive_pixel_pattern_not_source_attribution_or_causal_effect,,,,,,,,,,,,,,,,,
no2_pixel_map,,,,,,,,,,,,,,,e33dfe236032_r0036_c0022,56.29525750919683,25.42511630111607,36.0,22.0,0.0,55.0,1.0823138634263885e-05,44.0,7.385452285591049e-06,57.0,4.7159696616312075e-06,57.0,2.290043431470851e-05,59.0,1.5646698232401783e-05,1.1456248724048663e-05,1.5646698232401783e-05,4.190449508353121e-06,at_least_40_eligible_days_in_each_year_2022_2026,descriptive_pixel_pattern_not_source_attribution_or_causal_effect,,,,,,,,,,,,,,,,,
no2_pixel_map,,,,,,,,,,,,,,,e33dfe236032_r0036_c0023,56.305257554939644,25.42511630111607,36.0,23.0,0.0,55.0,1.1307069950358443e-05,44.0,7.497181229263757e-06,57.0,4.748623106304534e-06,57.0,2.1735278418420576e-05,59.0,1.7983531104693777e-05,1.1322038176086828e-05,1.7983531104693777e-05,6.6614929286069485e-06,at_least_40_eligible_days_in_each_year_2022_2026,descriptive_pixel_pattern_not_source_attribution_or_causal_effect,,,,,,,,,,,,,,,,,
no2_pixel_map,,,,,,,,,,,,,,,e33dfe236032_r0036_c0024,56.31525760068246,25.42511630111607,36.0,24.0,0.0,55.0,1.038070471717325e-05,44.0,8.462296699633633e-06,57.0,4.526900967113929e-06,58.0,2.2145123414567447e-05,59.0,1.907823324190371e-05,1.1378756449622066e-05,1.907823324190371e-05,7.699476792281643e-06,at_least_40_eligible_days_in_each_year_2022_2026,descriptive_pixel_pattern_not_source_attribution_or_causal_effect,,,,,,,,,,,,,,,,,
no2_pixel_map,,,,,,,,,,,,,,,e33dfe236032_r0036_c0025,56.325257646425285,25.42511630111607,36.0,25.0,29.30522012319319,55.0,9.824405635254382e-06,45.0,7.296819481272438e-06,57.0,4.4436687988218905e-06,58.0,2.2735997471866712e-05,59.0,1.975629409890272e-05,1.1075222846803856e-05,1.975629409890272e-05,8.681071252098865e-06,at_least_40_eligible_days_in_each_year_2022_2026,descriptive_pixel_pattern_not_source_attribution_or_causal_effect,,,,,,,,,,,,,,,,,
no2_pixel_map,,,,,,,,,,,,,,,e33dfe236032_r0036_c0026,56.3352576921681,25.42511630111607,36.0,26.0,745.6605538443256,55.0,9.807150685236078e-06,45.0,6.6006248935055215e-06,57.0,4.413913610598214e-06,58.0,2.0034838131282335e-05,59.0,1.9670000902464887e-05,1.0214131830155537e-05,1.9670000902464887e-05,9.45586907230935e-06,at_least_40_eligible_days_in_each_year_2022_2026,descriptive_pixel_pattern_not_source_attribution_or_causal_effect,,,,,,,,,,,,,,,,,
no2_pixel_map,,,,,,,,,,,,,,,e33dfe236032_r0036_c0027,56.34525773791091,25.42511630111607,36.0,27.0,3433.1439494722626,55.0,8.96341529463931e-06,45.0,6.793387222586957e-06,57.0,3.2262927164950655e-06,60.0,1.8829628672924322e-05,59.0,1.9474072004349765e-05,9.453180976661414e-06,1.9474072004349765e-05,1.0020891027688351e-05,at_least_40_eligible_days_in_each_year_2022_2026,descriptive_pixel_pattern_not_source_attribution_or_causal_effect,,,,,,,,,,,,,,,,,
no2_pixel_map,,,,,,,,,,,,,,,e33dfe236032_r0036_c0028,56.35525778365374,25.42511630111607,36.0,28.0,324.41952721036535,55.0,7.2894143614867694e-06,45.0,5.797400706491052e-06,57.0,2.395771609699527e-06,60.0,1.718578172517603e-05,58.0,1.707817230163261e-05,8.167092100713346e-06,1.707817230163261e-05,8.911080200919263e-06,at_least_40_eligible_days_in_each_year_2022_2026,descriptive_pixel_pattern_not_source_attribution_or_causal_effect,,,,,,,,,,,,,,,,,
no2_pixel_map,,,,,,,,,,,,,,,e33dfe236032_r0036_c0029,56.365257829396555,25.42511630111607,36.0,29.0,91.71628669641531,55.0,5.526910862702588e-06,45.0,4.428395488601521e-06,57.0,4.498073317182041e-07,60.0,1.566600076868599e-05,58.0,1.4794250335568334e-05,6.5177786129270755e-06,1.4794250335568334e-05,8.276471722641258e-06,at_least_40_eligible_days_in_each_year_2022_2026,descriptive_pixel_pattern_not_source_attribution_or_causal_effect,,,,,,,,,,,,,,,,,
no2_pixel_map,,,,,,,,,,,,,,,e33dfe236032_r0036_c0030,56.37525787513937,25.42511630111607,36.0,30.0,0.0,55.0,3.701866737955554e-06,45.0,3.907203405608559e-06,58.0,-1.6870654855457486e-06,60.0,1.3731328065282164e-05,58.0,1.2500326844439984e-05,4.913333180825132e-06,1.2500326844439984e-05,7.586993663614852e-06,at_least_40_eligible_days_in_each_year_2022_2026,descriptive_pixel_pattern_not_source_attribution_or_causal_effect,,,,,,,,,,,,,,,,,
no2_pixel_map,,,,,,,,,,,,,,,e33dfe236032_r0036_c0031,56.3852579208822,25.42511630111607,36.0,31.0,0.0,55.0,2.321301372041553e-06,45.0,3.960476027004246e-06,58.0,-3.928218965049329e-06,60.0,1.2492983726210391e-05,58.0,9.844364372631918e-06,3.7116355400517155e-06,9.844364372631918e-06,6.1327288325802025e-06,at_least_40_eligible_days_in_each_year_2022_2026,descriptive_pixel_pattern_not_source_attribution_or_causal_effect,,,,,,,,,,,,,,,,,
no2_pixel_map,,,,,,,,,,,,,,,e33dfe236032_r0036_c0032,56.39525796662501,25.42511630111607,36.0,32.0,0.0,55.0,1.984698771961846e-06,45.0,3.569515783861726e-06,58.0,-4.1742729089817065e-06,60.0,9.838986570004027e-06,58.0,7.767242810066595e-06,2.8047320542114732e-06,7.767242810066595e-06,4.962510755855122e-06,at_least_40_eligible_days_in_each_year_2022_2026,descriptive_pixel_pattern_not_source_attribution_or_causal_effect,,,,,,,,,,,,,,,,,
no2_pixel_map,,,,,,,,,,,,,,,e33dfe236032_r0036_c0033,56.405258012367824,25.42511630111607,36.0,33.0,0.0,55.0,2.255288758322816e-06,45.0,2.386354975187045e-06,58.0,-4.054804711378839e-06,60.0,7.91486027621249e-06,58.0,6.811849893654743e-06,2.125424824585878e-06,6.811849893654743e-06,4.686425069068865e-06,at_least_40_eligible_days_in_each_year_2022_2026,descriptive_pixel_pattern_not_source_attribution_or_causal_effect,,,,,,,,,,,,,,,,,
no2_pixel_map,,,,,,,,,,,,,,,e33dfe236032_r0037_c0013,56.20525709751146,25.415116255373256,37.0,13.0,0.0,54.0,2.367467574695991e-05,43.0,2.0397635779549533e-05,57.0,1.2580912949209586e-05,59.0,4.132350414782193e-05,58.0,2.0867271447991755e-05,2.449418215588524e-05,2.0867271447991755e-05,-3.626910707893486e-06,at_least_40_eligible_days_in_each_year_2022_2026,descriptive_pixel_pattern_not_source_attribution_or_causal_effect,,,,,,,,,,,,,,,,,
no2_pixel_map,,,,,,,,,,,,,,,e33dfe236032_r0037_c0014,56.21525714325428,25.415116255373256,37.0,14.0,0.0,54.0,2.0719215246957623e-05,43.0,1.7560383214648004e-05,57.0,1.2203313502357058e-05,59.0,3.8652236570003985e-05,58.0,1.98734971338417e-05,2.228378713349167e-05,1.98734971338417e-05,-2.410289999649971e-06,at_least_40_eligible_days_in_each_year_2022_2026,descriptive_pixel_pattern_not_source_attribution_or_causal_effect,,,,,,,,,,,,,,,,,
no2_pixel_map,,,,,,,,,,,,,,,e33dfe236032_r0037_c0015,56.22525718899709,25.415116255373256,37.0,15.0,0.0,54.0,1.962433466951349e-05,43.0,1.4563620973126868e-05,57.0,1.1485577174099451e-05,58.0,3.4740511546229485e-05,58.0,1.9369898940809835e-05,2.0103511090742323e-05,1.9369898940809835e-05,-7.336121499324875e-07,at_least_40_eligible_days_in_each_year_2022_2026,descriptive_pixel_pattern_not_source_attribution_or_causal_effect,,,,,,,,,,,,,,,,,
no2_pixel_map,,,,,,,,,,,,,,,e33dfe236032_r0037_c0016,56.23525723473992,25.415116255373256,37.0,16.0,0.0,54.0,1.5383437373756246e-05,43.0,1.4467290932293887e-05,57.0,1.0555105695052262e-05,58.0,3.156788743264535e-05,58.0,1.7199052318408726e-05,1.799343035843694e-05,1.7199052318408726e-05,-7.943780400282125e-07,at_least_40_eligible_days_in_each_year_2022_2026,descriptive_pixel_pattern_not_source_attribution_or_causal_effect,,,,,,,,,,,,,,,,,
no2_pixel_map,,,,,,,,,,,,,,,e33dfe236032_r0037_c0017,56.24525728048273,25.415116255373256,37.0,17.0,0.0,55.0,1.3824031880709859e-05,43.0,1.2772262441641665e-05,57.0,9.133018311403751e-06,58.0,2.9785222682974355e-05,58.0,1.5833651381327958e-05,1.637863382918241e-05,1.5833651381327958e-05,-5.449824478544507e-07,at_least_40_eligible_days_in_each_year_2022_2026,descriptive_pixel_pattern_not_source_attribution_or_causal_effect,,,,,,,,,,,,,,,,,
no2_pixel_map,,,,,,,,,,,,,,,e33dfe236032_r0037_c0018,56.255257326225546,25.415116255373256,37.0,18.0,0.0,55.0,1.3300158500769014e-05,43.0,1.228539776593486e-05,57.0,8.381742562984912e-06,58.0,2.682750407605251e-05,59.0,1.6477421135599224e-05,1.5198700726435324e-05,1.6477421135599224e-05,1.2787204091639e-06,at_least_40_eligible_days_in_each_year_2022_2026,descriptive_pixel_pattern_not_source_attribution_or_causal_effect,,,,,,,,,,,,,,,,,
no2_pixel_map,,,,,,,,,,,,,,,e33dfe236032_r0037_c0019,56.265257371968374,25.415116255373256,37.0,19.0,0.0,55.0,1.2355637339041407e-05,44.0,9.664546707948841e-06,57.0,6.8289325803998275e-06,58.0,2.522621141840868e-05,59.0,1.8017886450049538e-05,1.3518832011449691e-05,1.8017886450049538e-05,4.499054438599847e-06,at_least_40_eligible_days_in_each_year_2022_2026,descriptive_pixel_pattern_not_source_attribution_or_causal_effect,,,,,,,,,,,,,,,,,
no2_pixel_map,,,,,,,,,,,,,,,e33dfe236032_r0037_c0020,56.27525741771119,25.415116255373256,37.0,20.0,0.0,55.0,1.129311631728117e-05,44.0,8.689108968801861e-06,57.0,5.706884243832536e-06,58.0,2.5402131466041356e-05,59.0,1.7494648783642348e-05,1.2772810248989231e-05,1.7494648783642348e-05,4.721838534653117e-06,at_least_40_eligible_days_in_each_year_2022_2026,descriptive_pixel_pattern_not_source_attribution_or_causal_effect,,,,,,,,,,,,,,,,,
no2_pixel_map,,,,,,,,,,,,,,,e33dfe236032_r0037_c0021,56.285257463454,25.415116255373256,37.0,21.0,0.0,55.0,1.0409981219333181e-05,44.0,7.653748385755876e-06,57.0,6.03288176957081e-06,57.0,2.503712445037793e-05,59.0,1.7690615911365273e-05,1.228343395625945e-05,1.7690615911365273e-05,5.407181955105823e-06,at_least_40_eligible_days_in_each_year_2022_2026,descriptive_pixel_pattern_not_source_attribution_or_causal_effect,,,,,,,,,,,,,,,,,
no2_pixel_map,,,,,,,,,,,,,,,e33dfe236032_r0037_c0022,56.29525750919683,25.415116255373256,37.0,22.0,0.0,55.0,9.848929283465521e-06,44.0,7.404076463346604e-06,57.0,5.77527119283291e-06,57.0,2.476937639039731e-05,59.0,1.886723771621968e-05,1.1949413332510586e-05,1.886723771621968e-05,6.917824383709092e-06,at_least_40_eligible_days_in_each_year_2022_2026,descriptive_pixel_pattern_not_source_attribution_or_causal_effect,,,,,,,,,,,,,,,,,
no2_pixel_map,,,,,,,,,,,,,,,e33dfe236032_r0037_c0023,56.305257554939644,25.415116255373256,37.0,23.0,0.0,55.0,1.1070839681654415e-05,44.0,7.36650627073307e-06,57.0,5.851745336809353e-06,57.0,2.3681633204705956e-05,59.0,2.2014387513634218e-05,1.1992681123475699e-05,2.2014387513634218e-05,1.002170639015852e-05,at_least_40_eligible_days_in_each_year_2022_2026,descriptive_pixel_pattern_not_source_attribution_or_causal_effect,,,,,,,,,,,,,,,,,
no2_pixel_map,,,,,,,,,,,,,,,e33dfe236032_r0037_c0024,56.31525760068246,25.415116255373256,37.0,24.0,3.4373464956879616,55.0,1.1228253470228147e-05,44.0,8.740539281901058e-06,57.0,5.677037978490302e-06,57.0,2.3970619657314e-05,59.0,2.4028160098613594e-05,1.2404112596983375e-05,2.4028160098613594e-05,1.1624047501630219e-05,at_least_40_eligible_days_in_each_year_2022_2026,descriptive_pixel_pattern_not_source_attribution_or_causal_effect,,,,,,,,,,,,,,,,,
no2_pixel_map,,,,,,,,,,,,,,,e33dfe236032_r0037_c0025,56.325257646425285,25.415116255373256,37.0,25.0,4.402446376797326,55.0,1.0806655349159367e-05,45.0,7.986341207467414e-06,57.0,5.285488733814076e-06,58.0,2.4221366279803313e-05,59.0,2.3495136269215328e-05,1.2074962892561043e-05,2.3495136269215328e-05,1.1420173376654285e-05,at_least_40_eligible_days_in_each_year_2022_2026,descriptive_pixel_pattern_not_source_attribution_or_causal_effect,,,,,,,,,,,,,,,,,
no2_pixel_map,,,,,,,,,,,,,,,e33dfe236032_r0037_c0026,56.3352576921681,25.415116255373256,37.0,26.0,97.45008586466209,55.0,1.041614625397355e-05,45.0,7.454711197369092e-06,57.0,5.145652774581075e-06,58.0,2.1713596216102517e-05,59.0,2.2467789182326005e-05,1.1182526610506559e-05,2.2467789182326005e-05,1.1285262571819447e-05,at_least_40_eligible_days_in_each_year_2022_2026,descriptive_pixel_pattern_not_source_attribution_or_causal_effect,,,,,,,,,,,,,,,,,
no2_pixel_map,,,,,,,,,,,,,,,e33dfe236032_r0037_c0027,56.34525773791091,25.415116255373256,37.0,27.0,656.9926917225799,55.0,9.338562809340706e-06,45.0,6.9666216696606654e-06,57.0,3.972515503823424e-06,59.0,2.0540087975862906e-05,59.0,2.1404299577576776e-05,1.0204446989671926e-05,2.1404299577576776e-05,1.119985258790485e-05,at_least_40_eligible_days_in_each_year_2022_2026,descriptive_pixel_pattern_not_source_attribution_or_causal_effect,,,,,,,,,,,,,,,,,
no2_pixel_map,,,,,,,,,,,,,,,e33dfe236032_r0037_c0028,56.35525778365374,25.415116255373256,37.0,28.0,84.01911311370773,55.0,7.741180124160546e-06,45.0,6.5361753704537865e-06,57.0,2.6539179266849144e-06,60.0,1.840768264257167e-05,58.0,1.8281521479912197e-05,8.834739015967728e-06,1.8281521479912197e-05,9.446782463944468e-06,at_least_40_eligible_days_in_each_year_2022_2026,descriptive_pixel_pattern_not_source_attribution_or_causal_effect,,,,,,,,,,,,,,,,,
no2_pixel_map,,,,,,,,,,,,,,,e33dfe236032_r0037_c0029,56.365257829396555,25.415116255373256,37.0,29.0,42.884711367156946,55.0,5.835987622169405e-06,45.0,4.81066658105125e-06,57.0,6.91595301480982e-07,60.0,1.6077591747111607e-05,58.0,1.5639529568046747e-05,6.853960312953311e-06,1.5639529568046747e-05,8.785569255093436e-06,at_least_40_eligible_days_in_each_year_2022_2026,descriptive_pixel_pattern_not_source_attribution_or_causal_effect,,,,,,,,,,,,,,,,,
no2_pixel_map,,,,,,,,,,,,,,,e33dfe236032_r0037_c0030,56.37525787513937,25.415116255373256,37.0,30.0,0.0,55.0,4.140175352441621e-06,45.0,4.1134078036392845e-06,58.0,-8.62516083547871e-07,60.0,1.4017123951439012e-05,58.0,1.3379157681447548e-05,5.352047755993012e-06,1.3379157681447548e-05,8.027109925454537e-06,at_least_40_eligible_days_in_each_year_2022_2026,descriptive_pixel_pattern_not_source_attribution_or_causal_effect,,,,,,,,,,,,,,,,,
no2_pixel_map,,,,,,,,,,,,,,,e33dfe236032_r0037_c0031,56.3852579208822,25.415116255373256,37.0,31.0,0.0,55.0,2.7871114857550367e-06,45.0,3.915944175178425e-06,58.0,-3.138188054534247e-06,60.0,1.2778178193837446e-05,58.0,1.1273734619561885e-05,4.085761450059165e-06,1.1273734619561885e-05,7.18797316950272e-06,at_least_40_eligible_days_in_each_year_2022_2026,descriptive_pixel_pattern_not_source_attribution_or_causal_effect,,,,,,,,,,,,,,,,,
no2_pixel_map,,,,,,,,,,,,,,,e33dfe236032_r0037_c0032,56.39525796662501,25.415116255373256,37.0,32.0,0.0,55.0,2.02599380012649e-06,45.0,3.982285245099914e-06,58.0,-3.6790279543573325e-06,60.0,1.082517538263164e-05,58.0,8.418182720040709e-06,3.288606618375178e-06,8.418182720040709e-06,5.129576101665531e-06,at_least_40_eligible_days_in_each_year_2022_2026,descriptive_pixel_pattern_not_source_attribution_or_causal_effect,,,,,,,,,,,,,,,,,
no2_pixel_map,,,,,,,,,,,,,,,e33dfe236032_r0038_c0013,56.20525709751146,25.405116209630435,38.0,13.0,0.0,54.0,2.1333529333701495e-05,43.0,1.936575595963347e-05,57.0,1.0182556879707295e-05,59.0,3.832266602712509e-05,58.0,2.0486353615359044e-05,2.2301127050041835e-05,2.0486353615359044e-05,-1.8147734346827915e-06,at_least_40_eligible_days_in_each_year_2022_2026,descriptive_pixel_pattern_not_source_attribution_or_causal_effect,,,,,,,,,,,,,,,,,
no2_pixel_map,,,,,,,,,,,,,,,e33dfe236032_r0038_c0014,56.21525714325428,25.405116209630435,38.0,14.0,0.0,54.0,1.8817597070781084e-05,43.0,1.769000287666983e-05,57.0,1.0257486254910803e-05,59.0,3.602404518934897e-05,58.0,1.976955393239338e-05,2.069728284792767e-05,1.976955393239338e-05,-9.277289155342919e-07,at_least_40_eligible_days_in_each_year_2022_2026,descriptive_pixel_pattern_not_source_attribution_or_causal_effect,,,,,,,,,,,,,,,,,
no2_pixel_map,,,,,,,,,,,,,,,e33dfe236032_r0038_c0015,56.22525718899709,25.405116209630435,38.0,15.0,0.0,55.0,1.7753547544291887e-05,43.0,1.4260056726808002e-05,57.0,9.97367923102493e-06,58.0,3.441614998302692e-05,58.0,2.019281714837914e-05,1.910085837128793e-05,2.019281714837914e-05,1.0919587770912082e-06,at_least_40_eligible_days_in_each_year_2022_2026,descriptive_pixel_pattern_not_source_attribution_or_causal_effect,,,,,,,,,,,,,,,,,
no2_pixel_map,,,,,,,,,,,,,,,e33dfe236032_r0038_c0016,56.23525723473992,25.405116209630435,38.0,16.0,0.0,55.0,1.380110814943301e-05,43.0,1.4064425516310704e-05,57.0,9.846646739302304e-06,58.0,3.107031536333612e-05,58.0,1.9732166988706852e-05,1.7195623942095534e-05,1.9732166988706852e-05,2.536543046611318e-06,at_least_40_eligible_days_in_each_year_2022_2026,descriptive_pixel_pattern_not_source_attribution_or_causal_effect,,,,,,,,,,,,,,,,,
no2_pixel_map,,,,,,,,,,,,,,,e33dfe236032_r0038_c0017,56.24525728048273,25.405116209630435,38.0,17.0,0.0,55.0,1.1719215279585014e-05,43.0,1.2818531990495503e-05,57.0,9.217582602225034e-06,58.0,3.0655323625320346e-05,58.0,1.8190754866351915e-05,1.6102663374406475e-05,1.8190754866351915e-05,2.0880914919454397e-06,at_least_40_eligible_days_in_each_year_2022_2026,descriptive_pixel_pattern_not_source_attribution_or_causal_effect,,,,,,,,,,,,,,,,,
no2_pixel_map,,,,,,,,,,,,,,,e33dfe236032_r0038_c0018,56.255257326225546,25.405116209630435,38.0,18.0,0.0,55.0,1.1021463710383182e-05,43.0,1.2051812516642034e-05,57.0,8.65478308432748e-06,58.0,2.7795473108857843e-05,59.0,1.8517010606352797e-05,1.4880883105052635e-05,1.8517010606352797e-05,3.6361275013001626e-06,at_least_40_eligible_days_in_each_year_2022_2026,descriptive_pixel_pattern_not_source_attribution_or_causal_effect,,,,,,,,,,,,,,,,,
no2_pixel_map,,,,,,,,,,,,,,,e33dfe236032_r0038_c0019,56.265257371968374,25.405116209630435,38.0,19.0,0.0,55.0,1.0405903805758729e-05,44.0,9.997204916322362e-06,57.0,7.659853067061776e-06,58.0,2.6444233474711972e-05,59.0,2.0231453994724132e-05,1.3626798815963709e-05,2.0231453994724132e-05,6.604655178760423e-06,at_least_40_eligible_days_in_each_year_2022_2026,descriptive_pixel_pattern_not_source_attribution_or_causal_effect,,,,,,,,,,,,,,,,,
no2_pixel_map,,,,,,,,,,,,,,,e33dfe236032_r0038_c0020,56.27525741771119,25.405116209630435,38.0,20.0,0.0,55.0,1.0508766664353208e-05,44.0,9.618016855654468e-06,57.0,6.50955212325442e-06,58.0,2.6462647700319907e-05,59.0,2.1056608015617125e-05,1.32747458358955e-05,2.1056608015617125e-05,7.781862179721625e-06,at_least_40_eligible_days_in_each_year_2022_2026,descriptive_pixel_pattern_not_source_attribution_or_causal_effect,,,,,,,,,,,,,,,,,
no2_pixel_map,,,,,,,,,,,,,,,e33dfe236032_r0038_c0021,56.285257463454,25.405116209630435,38.0,21.0,0.0,55.0,1.083028825479586e-05,44.0,8.767995996782548e-06,57.0,6.755513828027824e-06,57.0,2.7229007926222385e-05,59.0,2.1759897947340025e-05,1.3395701501457154e-05,2.1759897947340025e-05,8.364196445882871e-06,at_least_40_eligible_days_in_each_year_2022_2026,descriptive_pixel_pattern_not_source_attribution_or_causal_effect,,,,,,,,,,,,,,,,,
no2_pixel_map,,,,,,,,,,,,,,,e33dfe236032_r0038_c0022,56.29525750919683,25.405116209630435,38.0,22.0,0.0,55.0,1.0944280418156994e-05,44.0,8.60491888391848e-06,57.0,7.007946316351537e-06,57.0,2.670461625788837e-05,59.0,2.2725938431978817e-05,1.3315440469078844e-05,2.2725938431978817e-05,9.410497962899972e-06,at_least_40_eligible_days_in_each_year_2022_2026,descriptive_pixel_pattern_not_source_attribution_or_causal_effect,,,,,,,,,,,,,,,,,
no2_pixel_map,,,,,,,,,,,,,,,e33dfe236032_r0038_c0023,56.305257554939644,25.405116209630435,38.0,23.0,0.0,55.0,1.2152443721247254e-05,44.0,8.174309150351054e-06,57.0,6.6698772429531515e-06,57.0,2.5787032446413685e-05,59.0,2.4985466412743133e-05,1.3195915640241286e-05,2.4985466412743133e-05,1.1789550772501847e-05,at_least_40_eligible_days_in_each_year_2022_2026,descriptive_pixel_pattern_not_source_attribution_or_causal_effect,,,,,,,,,,,,,,,,,
no2_pixel_map,,,,,,,,,,,,,,,e33dfe236032_r0038_c0024,56.31525760068246,25.405116209630435,38.0,24.0,10.250305533409119,55.0,1.2508706818686384e-05,44.0,9.183891511658006e-06,57.0,6.441892642367086e-06,57.0,2.583153102243452e-05,59.0,2.6671627907225505e-05,1.34915054987865e-05,2.6671627907225505e-05,1.3180122408439006e-05,at_least_40_eligible_days_in_each_year_2022_2026,descriptive_pixel_pattern_not_source_attribution_or_causal_effect,,,,,,,,,,,,,,,,,
no2_pixel_map,,,,,,,,,,,,,,,e33dfe236032_r0038_c0025,56.325257646425285,25.405116209630435,38.0,25.0,33.885292611499864,55.0,1.1465438576078897e-05,45.0,8.650607054022898e-06,57.0,6.065615632723031e-06,58.0,2.6095480690375694e-05,59.0,2.591350321422857e-05,1.3069285488300131e-05,2.591350321422857e-05,1.284421772592844e-05,at_least_40_eligible_days_in_each_year_2022_2026,descriptive_pixel_pattern_not_source_attribution_or_causal_effect,,,,,,,,,,,,,,,,,
no2_pixel_map,,,,,,,,,,,,,,,e33dfe236032_r0038_c0026,56.3352576921681,25.405116209630435,38.0,26.0,262.38019077042765,55.0,1.0628501063072258e-05,45.0,7.89360975421544e-06,57.0,5.526428942822469e-06,58.0,2.3502674157896465e-05,59.0,2.426789106315465e-05,1.1887803479501658e-05,2.426789106315465e-05,1.238008758365299e-05,at_least_40_eligible_days_in_each_year_2022_2026,descriptive_pixel_pattern_not_source_attribution_or_causal_effect,,,,,,,,,,,,,,,,,
no2_pixel_map,,,,,,,,,,,,,,,e33dfe236032_r0038_c0027,56.34525773791091,25.405116209630435,38.0,27.0,4558.47929639037,55.0,9.342531745001641e-06,45.0,7.633546818091153e-06,58.0,4.894115295361493e-06,60.0,1.9903619952478645e-05,59.0,2.2460274166341734e-05,1.0443453452733233e-05,2.2460274166341734e-05,1.2016820713608502e-05,at_least_40_eligible_days_in_each_year_2022_2026,descriptive_pixel_pattern_not_source_attribution_or_causal_effect,,,,,,,,,,,,,,,,,
no2_pixel_map,,,,,,,,,,,,,,,e33dfe236032_r0038_c0028,56.35525778365374,25.405116209630435,38.0,28.0,10329.342822259023,55.0,7.868077322816612e-06,45.0,6.768387396022503e-06,58.0,3.344679485299968e-06,60.0,1.797438141928493e-05,58.0,1.8901100256303548e-05,8.988881405856004e-06,1.8901100256303548e-05,9.912218850447544e-06,at_least_40_eligible_days_in_each_year_2022_2026,descriptive_pixel_pattern_not_source_attribution_or_causal_effect,,,,,,,,,,,,,,,,,
no2_pixel_map,,,,,,,,,,,,,,,e33dfe236032_r0038_c0029,56.365257829396555,25.405116209630435,38.0,29.0,1658.1170064555827,55.0,5.6989133100906384e-06,45.0,4.552338718286024e-06,58.0,1.557892686107331e-06,60.0,1.6440125612084253e-05,58.0,1.619253433584868e-05,7.062317581642061e-06,1.619253433584868e-05,9.130216754206618e-06,at_least_40_eligible_days_in_each_year_2022_2026,descriptive_pixel_pattern_not_source_attribution_or_causal_effect,,,,,,,,,,,,,,,,,
no2_pixel_map,,,,,,,,,,,,,,,e33dfe236032_r0038_c0030,56.37525787513937,25.405116209630435,38.0,30.0,0.0,55.0,4.226362972940708e-06,45.0,3.6298913163463395e-06,58.0,2.087779765655513e-07,60.0,1.475648047979545e-05,59.0,1.5048714098478167e-05,5.705378186412012e-06,1.5048714098478167e-05,9.343335912066155e-06,at_least_40_eligible_days_in_each_year_2022_2026,descriptive_pixel_pattern_not_source_attribution_or_causal_effect,,,,,,,,,,,,,,,,,
no2_pixel_map,,,,,,,,,,,,,,,e33dfe236032_r0038_c0031,56.3852579208822,25.405116209630435,38.0,31.0,0.0,55.0,2.5440237592897797e-06,45.0,3.74682076542269e-06,58.0,-1.633554392548464e-06,60.0,1.3524362359553074e-05,59.0,1.4049583853483883e-05,4.545413122929269e-06,1.4049583853483883e-05,9.504170730554613e-06,at_least_40_eligible_days_in_each_year_2022_2026,descriptive_pixel_pattern_not_source_attribution_or_causal_effect,,,,,,,,,,,,,,,,,
no2_pixel_map,,,,,,,,,,,,,,,e33dfe236032_r0038_c0032,56.39525796662501,25.405116209630435,38.0,32.0,0.0,55.0,1.4347964143245563e-06,45.0,3.6851362073193113e-06,58.0,-3.1681517651886773e-06,60.0,1.2168250886362632e-05,58.0,1.1062215412569391e-05,3.5300079357044555e-06,1.1062215412569391e-05,7.532207476864936e-06,at_least_40_eligible_days_in_each_year_2022_2026,descriptive_pixel_pattern_not_source_attribution_or_causal_effect,,,,,,,,,,,,,,,,,
no2_pixel_map,,,,,,,,,,,,,,,e33dfe236032_r0039_c0013,56.20525709751146,25.395116163887614,39.0,13.0,0.0,55.0,1.9658666741010066e-05,43.0,1.9997573722351767e-05,57.0,8.876910507122033e-06,59.0,3.79109978022828e-05,58.0,2.012845154973506e-05,2.1611037193191666e-05,2.012845154973506e-05,-1.4825856434566055e-06,at_least_40_eligible_days_in_each_year_2022_2026,descriptive_pixel_pattern_not_source_attribution_or_causal_effect,,,,,,,,,,,,,,,,,
no2_pixel_map,,,,,,,,,,,,,,,e33dfe236032_r0039_c0014,56.21525714325428,25.395116163887614,39.0,14.0,0.0,55.0,1.7686529426303405e-05,43.0,1.884906292460925e-05,57.0,8.460358902061025e-06,59.0,3.481757768383414e-05,58.0,1.874087045174329e-05,1.9953382234201955e-05,1.874087045174329e-05,-1.2125117824586645e-06,at_least_40_eligible_days_in_each_year_2022_2026,descriptive_pixel_pattern_not_source_attribution_or_causal_effect,,,,,,,,,,,,,,,,,
no2_pixel_map,,,,,,,,,,,,,,,e33dfe236032_r0039_c0015,56.22525718899709,25.395116163887614,39.0,15.0,0.0,55.0,1.5194317120523984e-05,43.0,1.4817145074766662e-05,57.0,8.959679726654821e-06,58.0,3.4598222699593314e-05,59.0,1.962169033206578e-05,1.8392341155384696e-05,1.962169033206578e-05,1.2293491766810838e-06,at_least_40_eligible_days_in_each_year_2022_2026,descriptive_pixel_pattern_not_source_attribution_or_causal_effect,,,,,,,,,,,,,,,,,
no2_pixel_map,,,,,,,,,,,,,,,e33dfe236032_r0039_c0016,56.23525723473992,25.395116163887614,39.0,16.0,0.0,55.0,1.1815306644203849e-05,44.0,1.3131654053252627e-05,57.0,9.600294414532512e-06,58.0,3.1011761184941275e-05,59.0,2.0333464831955374e-05,1.6389754074232566e-05,2.0333464831955374e-05,3.943710757722808e-06,at_least_40_eligible_days_in_each_year_2022_2026,descriptive_pixel_pattern_not_source_attribution_or_causal_effect,,,,,,,,,,,,,,,,,
no2_pixel_map,,,,,,,,,,,,,,,e33dfe236032_r0039_c0017,56.24525728048273,25.395116163887614,39.0,17.0,0.0,55.0,9.90453454931187e-06,44.0,1.1953666345711938e-05,57.0,1.0031343460876064e-05,58.0,3.1094060482371895e-05,59.0,1.8886068326149787e-05,1.5745901209567942e-05,1.8886068326149787e-05,3.1401671165818445e-06,at_least_40_eligible_days_in_each_year_2022_2026,descriptive_pixel_pattern_not_source_attribution_or_causal_effect,,,,,,,,,,,,,,,,,
no2_pixel_map,,,,,,,,,,,,,,,e33dfe236032_r0039_c0018,56.255257326225546,25.395116163887614,39.0,18.0,0.0,55.0,1.0626137980865577e-05,44.0,1.1078099889041296e-05,57.0,9.506057200788546e-06,58.0,2.8939650310944995e-05,59.0,1.9010049657324947e-05,1.5037486345410103e-05,1.9010049657324947e-05,3.972563311914843e-06,at_least_40_eligible_days_in_each_year_2022_2026,descriptive_pixel_pattern_not_source_attribution_or_causal_effect,,,,,,,,,,,,,,,,,
no2_pixel_map,,,,,,,,,,,,,,,e33dfe236032_r0039_c0019,56.265257371968374,25.395116163887614,39.0,19.0,0.0,55.0,1.1396467624139303e-05,44.0,1.0597577458306587e-05,57.0,9.48054523616192e-06,58.0,2.7855288066442546e-05,59.0,2.1168045040919516e-05,1.4832469596262588e-05,2.1168045040919516e-05,6.335575444656928e-06,at_least_40_eligible_days_in_each_year_2022_2026,descriptive_pixel_pattern_not_source_attribution_or_causal_effect,,,,,,,,,,,,,,,,,
no2_pixel_map,,,,,,,,,,,,,,,e33dfe236032_r0039_c0020,56.27525741771119,25.395116163887614,39.0,20.0,0.0,55.0,1.2035386263088332e-05,44.0,1.0090149115083984e-05,57.0,8.057045614670172e-06,58.0,2.7670353797287397e-05,59.0,2.323828682622783e-05,1.4463233697532472e-05,2.323828682622783e-05,8.775053128695357e-06,at_least_40_eligible_days_in_each_year_2022_2026,descriptive_pixel_pattern_not_source_attribution_or_causal_effect,,,,,,,,,,,,,,,,,
no2_pixel_map,,,,,,,,,,,,,,,e33dfe236032_r0039_c0021,56.285257463454,25.395116163887614,39.0,21.0,0.0,55.0,1.2135330834301367e-05,44.0,8.618576972558344e-06,57.0,8.106727640337125e-06,58.0,2.857681517742048e-05,59.0,2.3604591644299033e-05,1.435936265615433e-05,2.3604591644299033e-05,9.245228988144703e-06,at_least_40_eligible_days_in_each_year_2022_2026,descriptive_pixel_pattern_not_source_attribution_or_causal_effect,,,,,,,,,,,,,,,,,
no2_pixel_map,,,,,,,,,,,,,,,e33dfe236032_r0039_c0022,56.29525750919683,25.395116163887614,39.0,22.0,0.0,55.0,1.1938859969834976e-05,44.0,7.768548672366137e-06,57.0,8.701724084435858e-06,57.0,2.8720451205805655e-05,59.0,2.3837793423451884e-05,1.4282395983110657e-05,2.3837793423451884e-05,9.555397440341226e-06,at_least_40_eligible_days_in_each_year_2022_2026,descriptive_pixel_pattern_not_source_attribution_or_causal_effect,,,,,,,,,,,,,,,,,
no2_pixel_map,,,,,,,,,,,,,,,e33dfe236032_r0039_c0023,56.305257554939644,25.395116163887614,39.0,23.0,13.574705347595142,55.0,1.3032823248684077e-05,44.0,6.9433410613546695e-06,57.0,8.228538052822882e-06,57.0,2.839130666883877e-05,59.0,2.526613394962329e-05,1.4149002257925098e-05,2.526613394962329e-05,1.1117131691698191e-05,at_least_40_eligible_days_in_each_year_2022_2026,descriptive_pixel_pattern_not_source_attribution_or_causal_effect,,,,,,,,,,,,,,,,,
no2_pixel_map,,,,,,,,,,,,,,,e33dfe236032_r0039_c0024,56.31525760068246,25.395116163887614,39.0,24.0,9.093463602707008,55.0,1.3760514986597858e-05,44.0,7.871432490679427e-06,57.0,8.022628899110818e-06,58.0,2.6962820485409805e-05,59.0,2.7813577739246617e-05,1.4154349215449476e-05,2.7813577739246617e-05,1.365922852379714e-05,at_least_40_eligible_days_in_each_year_2022_2026,descriptive_pixel_pattern_not_source_attribution_or_causal_effect,,,,,,,,,,,,,,,,,
no2_pixel_map,,,,,,,,,,,,,,,e33dfe236032_r0039_c0025,56.325257646425285,25.395116163887614,39.0,25.0,338.47976503295064,55.0,1.246092494358335e-05,45.0,8.044035974002061e-06,57.0,7.848399041466245e-06,59.0,2.633490331414473e-05,59.0,2.7900243458548234e-05,1.3672065818299096e-05,2.7900243458548234e-05,1.4228177640249138e-05,at_least_40_eligible_days_in_each_year_2022_2026,descriptive_pixel_pattern_not_source_attribution_or_causal_effect,,,,,,,,,,,,,,,,,
no2_pixel_map,,,,,,,,,,,,,,,e33dfe236032_r0039_c0026,56.3352576921681,25.395116163887614,39.0,26.0,898.9605418072421,55.0,1.1924632330808459e-05,45.0,7.655404926579789e-06,58.0,7.430922702320135e-06,59.0,2.454684434555038e-05,59.0,2.683188500494196e-05,1.2889451076314692e-05,2.683188500494196e-05,1.394243392862727e-05,at_least_40_eligible_days_in_each_year_2022_2026,descriptive_pixel_pattern_not_source_attribution_or_causal_effect,,,,,,,,,,,,,,,,,
no2_pixel_map,,,,,,,,,,,,,,,e33dfe236032_r0039_c0027,56.34525773791091,25.395116163887614,39.0,27.0,4920.902809541795,55.0,1.055296271603623e-05,45.0,7.459180878764465e-06,58.0,6.634707321918656e-06,59.0,2.0667651018492215e-05,59.0,2.5460271728952168e-05,1.1328625483802892e-05,2.5460271728952168e-05,1.4131646245149276e-05,at_least_40_eligible_days_in_each_year_2022_2026,descriptive_pixel_pattern_not_source_attribution_or_causal_effect,,,,,,,,,,,,,,,,,
no2_pixel_map,,,,,,,,,,,,,,,e33dfe236032_r0039_c0028,56.35525778365374,25.395116163887614,39.0,28.0,12124.656297487294,55.0,8.391330973067668e-06,45.0,6.411553617299774e-06,58.0,4.578177973876922e-06,60.0,1.9683850380337993e-05,59.0,2.205843979900929e-05,9.766228236145589e-06,2.205843979900929e-05,1.2292211562863703e-05,at_least_40_eligible_days_in_each_year_2022_2026,descriptive_pixel_pattern_not_source_attribution_or_causal_effect,,,,,,,,,,,,,,,,,
no2_pixel_map,,,,,,,,,,,,,,,e33dfe236032_r0039_c0029,56.365257829396555,25.395116163887614,39.0,29.0,469.3361586851512,55.0,6.268355996032846e-06,45.0,4.761883670145368e-06,58.0,3.112338682947719e-06,60.0,1.8074816494770856e-05,59.0,2.003654391565697e-05,8.054348710974197e-06,2.003654391565697e-05,1.1982195204682772e-05,at_least_40_eligible_days_in_each_year_2022_2026,descriptive_pixel_pattern_not_source_attribution_or_causal_effect,,,,,,,,,,,,,,,,,
no2_pixel_map,,,,,,,,,,,,,,,e33dfe236032_r0039_c0030,56.37525787513937,25.395116163887614,39.0,30.0,0.0,55.0,4.7569522436583835e-06,45.0,3.389494121415573e-06,57.0,1.6821771298041565e-06,60.0,1.639232390448463e-05,59.0,1.9003882604979696e-05,6.555236849840685e-06,1.9003882604979696e-05,1.2448645755139011e-05,at_least_40_eligible_days_in_each_year_2022_2026,descriptive_pixel_pattern_not_source_attribution_or_causal_effect,,,,,,,,,,,,,,,,,
no2_pixel_map,,,,,,,,,,,,,,,e33dfe236032_r0039_c0031,56.3852579208822,25.395116163887614,39.0,31.0,0.0,55.0,3.419937188189146e-06,45.0,3.919609398404583e-06,57.0,4.5792191676197446e-07,60.0,1.3738807810342525e-05,59.0,1.8209408337634137e-05,5.384069078424556e-06,1.8209408337634137e-05,1.282533925920958e-05,at_least_40_eligible_days_in_each_year_2022_2026,descriptive_pixel_pattern_not_source_attribution_or_causal_effect,,,,,,,,,,,,,,,,,
no2_pixel_map,,,,,,,,,,,,,,,e33dfe236032_r0039_c0032,56.39525796662501,25.395116163887614,39.0,32.0,0.0,55.0,2.204290182358551e-06,45.0,3.4814605279354082e-06,57.0,-1.6628550294512363e-06,60.0,1.3300128472035793e-05,58.0,1.4997843609853742e-05,4.330756038219629e-06,1.4997843609853742e-05,1.0667087571634112e-05,at_least_40_eligible_days_in_each_year_2022_2026,descriptive_pixel_pattern_not_source_attribution_or_causal_effect,,,,,,,,,,,,,,,,,
no2_pixel_map,,,,,,,,,,,,,,,e33dfe236032_r0040_c0013,56.20525709751146,25.3851161181448,40.0,13.0,0.0,55.0,1.8933385792434138e-05,44.0,1.4748294494687742e-05,57.0,8.938373329353383e-06,59.0,3.828441203253161e-05,59.0,1.7521800098541183e-05,2.0226116412251718e-05,1.7521800098541183e-05,-2.704316313710535e-06,at_least_40_eligible_days_in_each_year_2022_2026,descriptive_pixel_pattern_not_source_attribution_or_causal_effect,,,,,,,,,,,,,,,,,
no2_pixel_map,,,,,,,,,,,,,,,e33dfe236032_r0040_c0014,56.21525714325428,25.3851161181448,40.0,14.0,0.0,55.0,1.713903577443429e-05,43.0,1.4759641785773159e-05,57.0,8.394187514066265e-06,59.0,3.420733701432746e-05,59.0,1.743085682525999e-05,1.8625050522150295e-05,1.743085682525999e-05,-1.1941936968903031e-06,at_least_40_eligible_days_in_each_year_2022_2026,descriptive_pixel_pattern_not_source_attribution_or_causal_effect,,,,,,,,,,,,,,,,,
no2_pixel_map,,,,,,,,,,,,,,,e33dfe236032_r0040_c0015,56.22525718899709,25.3851161181448,40.0,15.0,0.0,55.0,1.4596641817368004e-05,44.0,1.2245988154006817e-05,57.0,9.436562519153508e-06,59.0,3.4686375827976114e-05,59.0,1.8677672444626706e-05,1.774139207962611e-05,1.8677672444626706e-05,9.362803650005968e-07,at_least_40_eligible_days_in_each_year_2022_2026,descriptive_pixel_pattern_not_source_attribution_or_causal_effect,,,,,,,,,,,,,,,,,
no2_pixel_map,,,,,,,,,,,,,,,e33dfe236032_r0040_c0016,56.23525723473992,25.3851161181448,40.0,16.0,0.0,55.0,1.2395581693160717e-05,44.0,1.1389847760034018e-05,57.0,1.0091284331482257e-05,58.0,3.285326026873715e-05,59.0,2.0927032274625204e-05,1.6682493513353536e-05,2.0927032274625204e-05,4.244538761271668e-06,at_least_40_eligible_days_in_each_year_2022_2026,descriptive_pixel_pattern_not_source_attribution_or_causal_effect,,,,,,,,,,,,,,,,,
no2_pixel_map,,,,,,,,,,,,,,,e33dfe236032_r0040_c0017,56.24525728048273,25.3851161181448,40.0,17.0,0.0,55.0,1.0938789195068634e-05,44.0,1.1059795481354751e-05,57.0,1.0352849391183467e-05,58.0,3.261335118462881e-05,59.0,2.0806599637624714e-05,1.6241196313058917e-05,2.0806599637624714e-05,4.565403324565797e-06,at_least_40_eligible_days_in_each_year_2022_2026,descriptive_pixel_pattern_not_source_attribution_or_causal_effect,,,,,,,,,,,,,,,,,
no2_pixel_map,,,,,,,,,,,,,,,e33dfe236032_r0040_c0018,56.255257326225546,25.3851161181448,40.0,18.0,0.0,55.0,1.135137084197618e-05,44.0,9.81614978034768e-06,57.0,1.006996424389215e-05,58.0,3.135526529083658e-05,59.0,2.0307492129699047e-05,1.5648187539263148e-05,2.0307492129699047e-05,4.659304590435899e-06,at_least_40_eligible_days_in_each_year_2022_2026,descriptive_pixel_pattern_not_source_attribution_or_causal_effect,,,,,,,,,,,,,,,,,
no2_pixel_map,,,,,,,,,,,,,,,e33dfe236032_r0040_c0019,56.265257371968374,25.3851161181448,40.0,19.0,0.0,55.0,1.2337014294020163e-05,44.0,8.27955008954666e-06,57.0,1.0100574644344346e-05,58.0,2.9605249895588694e-05,59.0,2.136636063811406e-05,1.5080597230874965e-05,2.136636063811406e-05,6.2857634072390945e-06,at_least_40_eligible_days_in_each_year_2022_2026,descriptive_pixel_pattern_not_source_attribution_or_causal_effect,,,,,,,,,,,,,,,,,
no2_pixel_map,,,,,,,,,,,,,,,e33dfe236032_r0040_c0020,56.27525741771119,25.3851161181448,40.0,20.0,0.0,55.0,1.2719743191192867e-05,44.0,7.976169239084904e-06,57.0,9.831099214584349e-06,58.0,2.9716853676824385e-05,59.0,2.4229511373310357e-05,1.5060966330421626e-05,2.4229511373310357e-05,9.16854504288873e-06,at_least_40_eligible_days_in_each_year_2022_2026,descriptive_pixel_pattern_not_source_attribution_or_causal_effect,,,,,,,,,,,,,,,,,
no2_pixel_map,,,,,,,,,,,,,,,e33dfe236032_r0040_c0021,56.285257463454,25.3851161181448,40.0,21.0,0.0,55.0,1.321889032057555e-05,44.0,7.014612497461062e-06,57.0,1.0241511475111629e-05,58.0,2.9857374308950882e-05,59.0,2.4518530414657784e-05,1.5083097150524781e-05,2.4518530414657784e-05,9.435433264133003e-06,at_least_40_eligible_days_in_each_year_2022_2026,descriptive_pixel_pattern_not_source_attribution_or_causal_effect,,,,,,,,,,,,,,,,,
no2_pixel_map,,,,,,,,,,,,,,,e33dfe236032_r0040_c0022,56.29525750919683,25.3851161181448,40.0,22.0,0.0,55.0,1.3259532116572847e-05,44.0,6.815694968224896e-06,57.0,1.1231436622813715e-05,57.0,2.964281978912613e-05,59.0,2.53215200804989e-05,1.5237370874184397e-05,2.53215200804989e-05,1.0084149206314503e-05,at_least_40_eligible_days_in_each_year_2022_2026,descriptive_pixel_pattern_not_source_attribution_or_causal_effect,,,,,,,,,,,,,,,,,
no2_pixel_map,,,,,,,,,,,,,,,e33dfe236032_r0040_c0023,56.305257554939644,25.3851161181448,40.0,23.0,14.603109737137284,55.0,1.4093285968180331e-05,44.0,6.668694827841395e-06,57.0,1.1075068124188643e-05,57.0,2.919997890463338e-05,59.0,2.7517499662478965e-05,1.5259256956210938e-05,2.7517499662478965e-05,1.2258242706268027e-05,at_least_40_eligible_days_in_each_year_2022_2026,descriptive_pixel_pattern_not_source_attribution_or_causal_effect,,,,,,,,,,,,,,,,,
no2_pixel_map,,,,,,,,,,,,,,,e33dfe236032_r0040_c0024,56.31525760068246,25.3851161181448,40.0,24.0,61.1707677413134,55.0,1.5162356211679234e-05,44.0,8.0613139006688e-06,57.0,1.0842980968519403e-05,57.0,2.8104472974233777e-05,59.0,3.140530143396523e-05,1.5542781013775305e-05,3.140530143396523e-05,1.586252042018993e-05,at_least_40_eligible_days_in_each_year_2022_2026,descriptive_pixel_pattern_not_source_attribution_or_causal_effect,,,,,,,,,,,,,,,,,
no2_pixel_map,,,,,,,,,,,,,,,e33dfe236032_r0040_c0025,56.325257646425285,25.3851161181448,40.0,25.0,658.9152503434036,55.0,1.4801484225034469e-05,44.0,9.196409052601182e-06,57.0,1.046766652339077e-05,58.0,2.7938355385105983e-05,59.0,3.254698600183672e-05,1.5600978796533102e-05,3.254698600183672e-05,1.6946007205303618e-05,at_least_40_eligible_days_in_each_year_2022_2026,descriptive_pixel_pattern_not_source_attribution_or_causal_effect,,,,,,,,,,,,,,,,,
no2_pixel_map,,,,,,,,,,,,,,,e33dfe236032_r0040_c0026,56.3352576921681,25.3851161181448,40.0,26.0,6.337271325290203,55.0,1.4551260867719379e-05,45.0,8.408580529650396e-06,58.0,9.856803870234018e-06,59.0,2.7112345736267974e-05,59.0,3.252018100402213e-05,1.4982247750967941e-05,3.252018100402213e-05,1.7537933253054187e-05,at_least_40_eligible_days_in_each_year_2022_2026,descriptive_pixel_pattern_not_source_attribution_or_causal_effect,,,,,,,,,,,,,,,,,
no2_pixel_map,,,,,,,,,,,,,,,e33dfe236032_r0040_c0027,56.34525773791091,25.3851161181448,40.0,27.0,103.45721512654599,55.0,1.3782921463433408e-05,45.0,8.034783179126092e-06,58.0,8.753630327281597e-06,59.0,2.3589457163468208e-05,59.0,3.2377673173280863e-05,1.3540198033327327e-05,3.2377673173280863e-05,1.8837475139953535e-05,at_least_40_eligible_days_in_each_year_2022_2026,descriptive_pixel_pattern_not_source_attribution_or_causal_effect,,,,,,,,,,,,,,,,,
no2_pixel_map,,,,,,,,,,,,,,,e33dfe236032_r0040_c0028,56.35525778365374,25.3851161181448,40.0,28.0,612.0300795848265,55.0,1.1227384390163667e-05,45.0,6.87167317149067e-06,58.0,6.1544906068512886e-06,60.0,2.2234089046152194e-05,59.0,2.933526337547012e-05,1.1621909303664455e-05,2.933526337547012e-05,1.7713354071805666e-05,at_least_40_eligible_days_in_each_year_2022_2026,descriptive_pixel_pattern_not_source_attribution_or_causal_effect,,,,,,,,,,,,,,,,,
no2_pixel_map,,,,,,,,,,,,,,,e33dfe236032_r0040_c0029,56.365257829396555,25.3851161181448,40.0,29.0,26.013358651574677,55.0,8.739266852771236e-06,45.0,5.546802942361094e-06,57.0,4.982609328313534e-06,60.0,1.9796632725578696e-05,59.0,2.5467368439034282e-05,9.766327962256139e-06,2.5467368439034282e-05,1.5701040476778143e-05,at_least_40_eligible_days_in_each_year_2022_2026,descriptive_pixel_pattern_not_source_attribution_or_causal_effect,,,,,,,,,,,,,,,,,
no2_pixel_map,,,,,,,,,,,,,,,e33dfe236032_r0040_c0030,56.37525787513937,25.3851161181448,40.0,30.0,0.0,55.0,6.389957818882379e-06,45.0,3.7729887469821006e-06,57.0,2.6208565432380863e-06,60.0,1.8183897681639182e-05,59.0,2.264777460748872e-05,7.741925197685438e-06,2.264777460748872e-05,1.490584940980328e-05,at_least_40_eligible_days_in_each_year_2022_2026,descriptive_pixel_pattern_not_source_attribution_or_causal_effect,,,,,,,,,,,,,,,,,
no2_pixel_map,,,,,,,,,,,,,,,e33dfe236032_r0040_c0031,56.3852579208822,25.3851161181448,40.0,31.0,0.0,55.0,5.0199573583956465e-06,45.0,4.3221249132100825e-06,57.0,1.7636006641674114e-06,60.0,1.4785577852839802e-05,58.0,2.045980464960525e-05,6.472815197153236e-06,2.045980464960525e-05,1.3986989452452014e-05,at_least_40_eligible_days_in_each_year_2022_2026,descriptive_pixel_pattern_not_source_attribution_or_causal_effect,,,,,,,,,,,,,,,,,
no2_pixel_map,,,,,,,,,,,,,,,e33dfe236032_r0040_c0032,56.39525796662501,25.3851161181448,40.0,32.0,0.0,55.0,3.763157007138676e-06,45.0,4.079281177531547e-06,57.0,-5.52970051640792e-07,60.0,1.3978027654276349e-05,58.0,1.833149484351097e-05,5.316873946826445e-06,1.833149484351097e-05,1.3014620896684525e-05,at_least_40_eligible_days_in_each_year_2022_2026,descriptive_pixel_pattern_not_source_attribution_or_causal_effect,,,,,,,,,,,,,,,,,
no2_pixel_map,,,,,,,,,,,,,,,e33dfe236032_r0041_c0013,56.20525709751146,25.37511607240198,41.0,13.0,0.0,55.0,1.7275642060539524e-05,44.0,1.1559876190198282e-05,57.0,8.517631442860596e-06,60.0,3.7766822702831625e-05,59.0,1.7572099348473954e-05,1.8779993099107507e-05,1.7572099348473954e-05,-1.2078937506335539e-06,at_least_40_eligible_days_in_each_year_2022_2026,descriptive_pixel_pattern_not_source_attribution_or_causal_effect,,,,,,,,,,,,,,,,,
no2_pixel_map,,,,,,,,,,,,,,,e33dfe236032_r0041_c0014,56.21525714325428,25.37511607240198,41.0,14.0,0.0,55.0,1.6449410011232246e-05,43.0,1.1178959537414133e-05,57.0,7.712577607802918e-06,59.0,3.339252900436756e-05,59.0,1.853974908378896e-05,1.7183369040204213e-05,1.853974908378896e-05,1.3563800435847458e-06,at_least_40_eligible_days_in_each_year_2022_2026,descriptive_pixel_pattern_not_source_attribution_or_causal_effect,,,,,,,,,,,,,,,,,
no2_pixel_map,,,,,,,,,,,,,,,e33dfe236032_r0041_c0015,56.22525718899709,25.37511607240198,41.0,15.0,0.0,55.0,1.4407816884692344e-05,44.0,9.473744331222252e-06,57.0,8.227081505036016e-06,59.0,3.344768276705445e-05,59.0,1.9378608419079447e-05,1.6389081372001265e-05,1.9378608419079447e-05,2.9895270470781823e-06,at_least_40_eligible_days_in_each_year_2022_2026,descriptive_pixel_pattern_not_source_attribution_or_causal_effect,,,,,,,,,,,,,,,,,
no2_pixel_map,,,,,,,,,,,,,,,e33dfe236032_r0041_c0016,56.23525723473992,25.37511607240198,41.0,16.0,0.0,55.0,1.2278739669492244e-05,44.0,9.089285872779586e-06,57.0,9.00334517361674e-06,58.0,3.2515449536951164e-05,59.0,2.200511338074507e-05,1.5721705063209935e-05,2.200511338074507e-05,6.283408317535135e-06,at_least_40_eligible_days_in_each_year_2022_2026,descriptive_pixel_pattern_not_source_attribution_or_causal_effect,,,,,,,,,,,,,,,,,
no2_pixel_map,,,,,,,,,,,,,,,e33dfe236032_r0041_c0017,56.24525728048273,25.37511607240198,41.0,17.0,0.0,55.0,1.0514204425689372e-05,44.0,9.162269639365407e-06,57.0,9.300776204750508e-06,58.0,3.171106394611046e-05,59.0,2.2547372250175467e-05,1.5172078553978938e-05,2.2547372250175467e-05,7.37529369619653e-06,at_least_40_eligible_days_in_each_year_2022_2026,descriptive_pixel_pattern_not_source_attribution_or_causal_effect,,,,,,,,,,,,,,,,,
no2_pixel_map,,,,,,,,,,,,,,,e33dfe236032_r0041_c0018,56.255257326225546,25.37511607240198,41.0,18.0,0.0,55.0,1.0567501749512368e-05,44.0,8.912600280077568e-06,57.0,9.939874094806353e-06,58.0,3.126432165397014e-05,59.0,2.1823526504979345e-05,1.5171074444591607e-05,2.1823526504979345e-05,6.652452060387738e-06,at_least_40_eligible_days_in_each_year_2022_2026,descriptive_pixel_pattern_not_source_attribution_or_causal_effect,,,,,,,,,,,,,,,,,
no2_pixel_map,,,,,,,,,,,,,,,e33dfe236032_r0041_c0019,56.265257371968374,25.37511607240198,41.0,19.0,0.0,55.0,1.1469001678667633e-05,44.0,7.911036974896815e-06,57.0,1.000079452311845e-05,58.0,2.8802194393706498e-05,59.0,2.2389532496885336e-05,1.4545756892597348e-05,2.2389532496885336e-05,7.843775604287988e-06,at_least_40_eligible_days_in_each_year_2022_2026,descriptive_pixel_pattern_not_source_attribution_or_causal_effect,,,,,,,,,,,,,,,,,
no2_pixel_map,,,,,,,,,,,,,,,e33dfe236032_r0041_c0020,56.27525741771119,25.37511607240198,41.0,20.0,0.0,55.0,1.2291145301246432e-05,44.0,8.132037779624057e-06,57.0,1.0244437878028892e-05,58.0,2.935482084307438e-05,59.0,2.5848001960752806e-05,1.5005610450493441e-05,2.5848001960752806e-05,1.0842391510259365e-05,at_least_40_eligible_days_in_each_year_2022_2026,descriptive_pixel_pattern_not_source_attribution_or_causal_effect,,,,,,,,,,,,,,,,,
no2_pixel_map,,,,,,,,,,,,,,,e33dfe236032_r0041_c0021,56.285257463454,25.37511607240198,41.0,21.0,0.0,55.0,1.3467297135854656e-05,44.0,7.370074115096455e-06,57.0,1.0064721597310182e-05,57.0,3.0301868243267735e-05,59.0,2.7414389230738117e-05,1.5300990272882256e-05,2.7414389230738117e-05,1.2113398957855861e-05,at_least_40_eligible_days_in_each_year_2022_2026,descriptive_pixel_pattern_not_source_attribution_or_causal_effect,,,,,,,,,,,,,,,,,
no2_pixel_map,,,,,,,,,,,,,,,e33dfe236032_r0041_c0022,56.29525750919683,25.37511607240198,41.0,22.0,0.0,55.0,1.3796657148507602e-05,44.0,7.229499182714966e-06,57.0,1.1048824798173413e-05,57.0,3.0845970289306e-05,59.0,2.828999874967061e-05,1.5730237854675497e-05,2.828999874967061e-05,1.2559760894995112e-05,at_least_40_eligible_days_in_each_year_2022_2026,descriptive_pixel_pattern_not_source_attribution_or_causal_effect,,,,,,,,,,,,,,,,,
no2_pixel_map,,,,,,,,,,,,,,,e33dfe236032_r0041_c0023,56.305257554939644,25.37511607240198,41.0,23.0,1.420533377454905,55.0,1.524588900060758e-05,44.0,7.321802973184535e-06,57.0,1.198824273726123e-05,57.0,3.08532142710012e-05,59.0,3.066349116443772e-05,1.635228724551364e-05,3.066349116443772e-05,1.4311203918924084e-05,at_least_40_eligible_days_in_each_year_2022_2026,descriptive_pixel_pattern_not_source_attribution_or_causal_effect,,,,,,,,,,,,,,,,,
no2_pixel_map,,,,,,,,,,,,,,,e33dfe236032_r0041_c0024,56.31525760068246,25.37511607240198,41.0,24.0,37.95905244761923,55.0,1.754441901055318e-05,44.0,8.184855444209472e-06,57.0,1.2401571635604764e-05,57.0,3.04520095433621e-05,59.0,3.5168983014475104e-05,1.7145713908432377e-05,3.5168983014475104e-05,1.8023269106042727e-05,at_least_40_eligible_days_in_each_year_2022_2026,descriptive_pixel_pattern_not_source_attribution_or_causal_effect,,,,,,,,,,,,,,,,,
no2_pixel_map,,,,,,,,,,,,,,,e33dfe236032_r0041_c0025,56.325257646425285,25.37511607240198,41.0,25.0,1.9653562307357788,55.0,1.8007200771490035e-05,44.0,9.458060756540869e-06,57.0,1.2350145677781233e-05,58.0,3.017316981198575e-05,59.0,3.7696708773982024e-05,1.7497144254449472e-05,3.7696708773982024e-05,2.019956451953255e-05,at_least_40_eligible_days_in_each_year_2022_2026,descriptive_pixel_pattern_not_source_attribution_or_causal_effect,,,,,,,,,,,,,,,,,
no2_pixel_map,,,,,,,,,,,,,,,e33dfe236032_r0041_c0026,56.3352576921681,25.37511607240198,41.0,26.0,1981.3762651936297,55.0,1.6968738001233906e-05,45.0,8.83798854970573e-06,57.0,1.1337685644776325e-05,59.0,3.053774190317557e-05,59.0,3.822365539061337e-05,1.6920538524722883e-05,3.822365539061337e-05,2.130311686589049e-05,at_least_40_eligible_days_in_each_year_2022_2026,descriptive_pixel_pattern_not_source_attribution_or_causal_effect,,,,,,,,,,,,,,,,,
no2_pixel_map,,,,,,,,,,,,,,,e33dfe236032_r0041_c0027,56.34525773791091,25.37511607240198,41.0,27.0,3665.4694201640536,55.0,1.6311677224989395e-05,45.0,8.770956203177914e-06,58.0,1.0565735608620303e-05,59.0,2.8209149885300515e-05,59.0,3.8358765607262715e-05,1.5964379730522032e-05,3.8358765607262715e-05,2.2394385876740682e-05,at_least_40_eligible_days_in_each_year_2022_2026,descriptive_pixel_pattern_not_source_attribution_or_causal_effect,,,,,,,,,,,,,,,,,
no2_pixel_map,,,,,,,,,,,,,,,e33dfe236032_r0041_c0028,56.35525778365374,25.37511607240198,41.0,28.0,5.833723131644793,55.0,1.3353886553014638e-05,44.0,6.852987956697996e-06,58.0,8.12020207919051e-06,60.0,2.6212068986980132e-05,58.0,3.446203990918099e-05,1.3634786393970818e-05,3.446203990918099e-05,2.0827253515210173e-05,at_least_40_eligible_days_in_each_year_2022_2026,descriptive_pixel_pattern_not_source_attribution_or_causal_effect,,,,,,,,,,,,,,,,,
no2_pixel_map,,,,,,,,,,,,,,,e33dfe236032_r0041_c0029,56.365257829396555,25.37511607240198,41.0,29.0,0.0,55.0,1.0834142197253953e-05,44.0,5.602363165415534e-06,57.0,6.83386438075672e-06,60.0,2.3215296920096078e-05,58.0,2.8685505367751228e-05,1.1621416665880571e-05,2.8685505367751228e-05,1.7064088701870655e-05,at_least_40_eligible_days_in_each_year_2022_2026,descriptive_pixel_pattern_not_source_attribution_or_causal_effect,,,,,,,,,,,,,,,,,
no2_pixel_map,,,,,,,,,,,,,,,e33dfe236032_r0041_c0030,56.37525787513937,25.37511607240198,41.0,30.0,0.0,55.0,7.984433262907654e-06,44.0,4.438897277096716e-06,57.0,4.3119958592145415e-06,60.0,1.972936510287703e-05,58.0,2.568449299403559e-05,9.116172875523986e-06,2.568449299403559e-05,1.6568320118511602e-05,at_least_40_eligible_days_in_each_year_2022_2026,descriptive_pixel_pattern_not_source_attribution_or_causal_effect,,,,,,,,,,,,,,,,,
no2_pixel_map,,,,,,,,,,,,,,,e33dfe236032_r0041_c0031,56.3852579208822,25.37511607240198,41.0,31.0,0.0,55.0,5.927542369338861e-06,44.0,4.2141460882853784e-06,57.0,3.693355520694528e-06,60.0,1.6147840602496217e-05,58.0,2.3589784312888877e-05,7.495721145203746e-06,2.3589784312888877e-05,1.609406316768513e-05,at_least_40_eligible_days_in_each_year_2022_2026,descriptive_pixel_pattern_not_source_attribution_or_causal_effect,,,,,,,,,,,,,,,,,
no2_pixel_map,,,,,,,,,,,,,,,e33dfe236032_r0041_c0032,56.39525796662501,25.37511607240198,41.0,32.0,0.0,55.0,4.680925332604831e-06,44.0,4.282662623599433e-06,57.0,1.7371661926823575e-06,60.0,1.4437412488330663e-05,58.0,2.215783677750729e-05,6.284541659304321e-06,2.215783677750729e-05,1.587329511820297e-05,at_least_40_eligible_days_in_each_year_2022_2026,descriptive_pixel_pattern_not_source_attribution_or_causal_effect,,,,,,,,,,,,,,,,,
no2_pixel_map,,,,,,,,,,,,,,,e33dfe236032_r0041_c0033,56.405258012367824,25.37511607240198,41.0,33.0,0.0,55.0,4.475965211519556e-06,44.0,4.057185658016079e-06,57.0,7.475332081861824e-07,60.0,1.2004136356988964e-05,57.0,1.6784522274965392e-05,5.321205108677696e-06,1.6784522274965392e-05,1.1463317166287696e-05,at_least_40_eligible_days_in_each_year_2022_2026,descriptive_pixel_pattern_not_source_attribution_or_causal_effect,,,,,,,,,,,,,,,,,
no2_pixel_map,,,,,,,,,,,,,,,e33dfe236032_r0042_c0013,56.20525709751146,25.36511602665916,42.0,13.0,0.0,55.0,1.5699283221813013e-05,44.0,9.871586177518054e-06,57.0,7.954130576899596e-06,60.0,3.714592131101926e-05,59.0,1.7150890678361713e-05,1.7667730321812478e-05,1.7150890678361713e-05,-5.168396434507653e-07,at_least_40_eligible_days_in_each_year_2022_2026,descriptive_pixel_pattern_not_source_attribution_or_causal_effect,,,,,,,,,,,,,,,,,
no2_pixel_map,,,,,,,,,,,,,,,e33dfe236032_r0042_c0014,56.21525714325428,25.36511602665916,42.0,14.0,0.0,55.0,1.532203421211743e-05,43.0,9.880257830370534e-06,57.0,6.640691462236974e-06,59.0,3.2428868695996256e-05,59.0,1.8834262336384305e-05,1.60679630501803e-05,1.8834262336384305e-05,2.7662992862040048e-06,at_least_40_eligible_days_in_each_year_2022_2026,descriptive_pixel_pattern_not_source_attribution_or_causal_effect,,,,,,,,,,,,,,,,,
no2_pixel_map,,,,,,,,,,,,,,,e33dfe236032_r0042_c0015,56.22525718899709,25.36511602665916,42.0,15.0,0.0,55.0,1.4199549328247137e-05,44.0,8.505225614359678e-06,57.0,6.799616885545723e-06,58.0,3.064124627815499e-05,59.0,1.890339965718677e-05,1.5036409526576882e-05,1.890339965718677e-05,3.86699013060989e-06,at_least_40_eligible_days_in_each_year_2022_2026,descriptive_pixel_pattern_not_source_attribution_or_causal_effect,,,,,,,,,,,,,,,,,
no2_pixel_map,,,,,,,,,,,,,,,e33dfe236032_r0042_c0016,56.23525723473992,25.36511602665916,42.0,16.0,0.0,55.0,1.2094963366710527e-05,44.0,8.007095572901987e-06,57.0,8.617394459203681e-06,58.0,2.9930581670104853e-05,59.0,2.1284687397288272e-05,1.4662508767230262e-05,2.1284687397288272e-05,6.6221786300580096e-06,at_least_40_eligible_days_in_each_year_2022_2026,descriptive_pixel_pattern_not_source_attribution_or_causal_effect,,,,,,,,,,,,,,,,,
no2_pixel_map,,,,,,,,,,,,,,,e33dfe236032_r0042_c0017,56.24525728048273,25.36511602665916,42.0,17.0,0.0,55.0,1.0270059031299155e-05,44.0,7.912195753828211e-06,57.0,8.266540921947374e-06,58.0,2.933459324184054e-05,59.0,2.2954789311799698e-05,1.394584723722882e-05,2.2954789311799698e-05,9.008942074570878e-06,at_least_40_eligible_days_in_each_year_2022_2026,descriptive_pixel_pattern_not_source_attribution_or_causal_effect,,,,,,,,,,,,,,,,,
no2_pixel_map,,,,,,,,,,,,,,,e33dfe236032_r0042_c0018,56.255257326225546,25.36511602665916,42.0,18.0,0.0,55.0,1.0460164176985164e-05,44.0,7.869123738378976e-06,57.0,9.244131199339113e-06,58.0,3.0409168915647393e-05,59.0,2.3220102419990906e-05,1.4495647007587661e-05,2.3220102419990906e-05,8.724455412403245e-06,at_least_40_eligible_days_in_each_year_2022_2026,descriptive_pixel_pattern_not_source_attribution_or_causal_effect,,,,,,,,,,,,,,,,,
no2_pixel_map,,,,,,,,,,,,,,,e33dfe236032_r0042_c0019,56.265257371968374,25.36511602665916,42.0,19.0,0.0,55.0,1.1361024549466144e-05,44.0,7.20241604278223e-06,57.0,9.376191058652192e-06,57.0,2.9463339402612174e-05,59.0,2.3981368908482036e-05,1.4350742763378184e-05,2.3981368908482036e-05,9.630626145103852e-06,at_least_40_eligible_days_in_each_year_2022_2026,descriptive_pixel_pattern_not_source_attribution_or_causal_effect,,,,,,,,,,,,,,,,,
no2_pixel_map,,,,,,,,,,,,,,,e33dfe236032_r0042_c0020,56.27525741771119,25.36511602665916,42.0,20.0,0.0,55.0,1.2703970601784581e-05,44.0,7.523867684814181e-06,57.0,1.0194763351704217e-05,57.0,3.117689379790955e-05,59.0,2.8261642061403796e-05,1.5399873859053132e-05,2.8261642061403796e-05,1.2861768202350664e-05,at_least_40_eligible_days_in_each_year_2022_2026,descriptive_pixel_pattern_not_source_attribution_or_causal_effect,,,,,,,,,,,,,,,,,
no2_pixel_map,,,,,,,,,,,,,,,e33dfe236032_r0042_c0021,56.285257463454,25.36511602665916,42.0,21.0,0.0,55.0,1.4882956975390763e-05,44.0,7.234652999805235e-06,57.0,1.0374483621434777e-05,57.0,3.254247226527494e-05,59.0,3.20728827538768e-05,1.625864146547643e-05,3.20728827538768e-05,1.581424128840037e-05,at_least_40_eligible_days_in_each_year_2022_2026,descriptive_pixel_pattern_not_source_attribution_or_causal_effect,,,,,,,,,,,,,,,,,
no2_pixel_map,,,,,,,,,,,,,,,e33dfe236032_r0042_c0022,56.29525750919683,25.36511602665916,42.0,22.0,0.0,55.0,1.633474849284314e-05,44.0,6.41511183017049e-06,57.0,1.1393994153104112e-05,57.0,3.351734910511406e-05,59.0,3.412849036863931e-05,1.6915300895307947e-05,3.412849036863931e-05,1.7213189473331365e-05,at_least_40_eligible_days_in_each_year_2022_2026,descriptive_pixel_pattern_not_source_attribution_or_causal_effect,,,,,,,,,,,,,,,,,
no2_pixel_map,,,,,,,,,,,,,,,e33dfe236032_r0042_c0023,56.305257554939644,25.36511602665916,42.0,23.0,0.0,55.0,1.744266457795615e-05,44.0,7.021960883926041e-06,57.0,1.3290232781584891e-05,57.0,3.384892020585737e-05,59.0,3.802478065457437e-05,1.7900944612331112e-05,3.802478065457437e-05,2.0123836042243258e-05,at_least_40_eligible_days_in_each_year_2022_2026,descriptive_pixel_pattern_not_source_attribution_or_causal_effect,,,,,,,,,,,,,,,,,
no2_pixel_map,,,,,,,,,,,,,,,e33dfe236032_r0042_c0024,56.31525760068246,25.36511602665916,42.0,24.0,147.00463864952326,55.0,1.9869710488691767e-05,44.0,8.012896702175908e-06,57.0,1.3758976458129271e-05,57.0,3.42058781119915e-05,59.0,4.342822143320347e-05,1.8961865440247112e-05,4.342822143320347e-05,2.446635599295636e-05,at_least_40_eligible_days_in_each_year_2022_2026,descriptive_pixel_pattern_not_source_attribution_or_causal_effect,,,,,,,,,,,,,,,,,
no2_pixel_map,,,,,,,,,,,,,,,e33dfe236032_r0042_c0025,56.325257646425285,25.36511602665916,42.0,25.0,0.0,55.0,2.0500440963377e-05,44.0,9.730873779460716e-06,57.0,1.3898821480397195e-05,58.0,3.438304716709026e-05,59.0,4.7166794978860595e-05,1.9628295847581292e-05,4.7166794978860595e-05,2.7538499131279303e-05,at_least_40_eligible_days_in_each_year_2022_2026,descriptive_pixel_pattern_not_source_attribution_or_causal_effect,,,,,,,,,,,,,,,,,
no2_pixel_map,,,,,,,,,,,,,,,e33dfe236032_r0042_c0026,56.3352576921681,25.36511602665916,42.0,26.0,512.3537883477086,55.0,1.9953463838353424e-05,45.0,1.041692592166564e-05,57.0,1.3255633688403762e-05,59.0,3.538074415400799e-05,59.0,4.701373892105916e-05,1.9751691900607705e-05,4.701373892105916e-05,2.7262047020451454e-05,at_least_40_eligible_days_in_each_year_2022_2026,descriptive_pixel_pattern_not_source_attribution_or_causal_effect,,,,,,,,,,,,,,,,,
no2_pixel_map,,,,,,,,,,,,,,,e33dfe236032_r0042_c0027,56.34525773791091,25.36511602665916,42.0,27.0,5874.620316411377,55.0,1.9319558764143518e-05,45.0,1.0178783182201629e-05,58.0,1.2939746443340787e-05,59.0,3.3723617460876004e-05,58.0,4.799629416816929e-05,1.9040426462640484e-05,4.799629416816929e-05,2.8955867705528804e-05,at_least_40_eligible_days_in_each_year_2022_2026,descriptive_pixel_pattern_not_source_attribution_or_causal_effect,,,,,,,,,,,,,,,,,
no2_pixel_map,,,,,,,,,,,,,,,e33dfe236032_r0042_c0028,56.35525778365374,25.36511602665916,42.0,28.0,0.8321571699213189,55.0,1.6197383539330223e-05,44.0,9.319793197258043e-06,58.0,1.1249614311865891e-05,59.0,3.0463258973310352e-05,58.0,4.550268669324073e-05,1.680751250544113e-05,4.550268669324073e-05,2.86951741877996e-05,at_least_40_eligible_days_in_each_year_2022_2026,descriptive_pixel_pattern_not_source_attribution_or_causal_effect,,,,,,,,,,,,,,,,,
no2_pixel_map,,,,,,,,,,,,,,,e33dfe236032_r0042_c0029,56.365257829396555,25.36511602665916,42.0,29.0,0.9183082849583605,55.0,1.376270428917143e-05,44.0,7.565836881637114e-06,57.0,9.204425047601132e-06,60.0,2.7796101681740765e-05,58.0,3.7068753148802396e-05,1.4582266975037611e-05,3.7068753148802396e-05,2.2486486173764785e-05,at_least_40_eligible_days_in_each_year_2022_2026,descriptive_pixel_pattern_not_source_attribution_or_causal_effect,,,,,,,,,,,,,,,,,
no2_pixel_map,,,,,,,,,,,,,,,e33dfe236032_r0042_c0030,56.37525787513937,25.36511602665916,42.0,30.0,0.9957029256011312,55.0,1.0507957858983055e-05,44.0,6.445254536660924e-06,57.0,6.467862188055351e-06,60.0,2.3155346576384542e-05,58.0,3.2593315760087156e-05,1.1644105290020967e-05,3.2593315760087156e-05,2.094921047006619e-05,at_least_40_eligible_days_in_each_year_2022_2026,descriptive_pixel_pattern_not_source_attribution_or_causal_effect,,,,,,,,,,,,,,,,,
no2_pixel_map,,,,,,,,,,,,,,,e33dfe236032_r0042_c0031,56.3852579208822,25.36511602665916,42.0,31.0,0.0,55.0,7.7145345586651e-06,44.0,4.78977061798367e-06,57.0,5.471127134949552e-06,60.0,1.920560238363699e-05,58.0,2.8821553293105723e-05,9.295258673808828e-06,2.8821553293105723e-05,1.9526294619296894e-05,at_least_40_eligible_days_in_each_year_2022_2026,descriptive_pixel_pattern_not_source_attribution_or_causal_effect,,,,,,,,,,,,,,,,,
no2_pixel_map,,,,,,,,,,,,,,,e33dfe236032_r0042_c0032,56.39525796662501,25.36511602665916,42.0,32.0,0.0,55.0,6.247222778707242e-06,44.0,4.613885008553198e-06,57.0,3.6094450927396307e-06,60.0,1.6209859925388323e-05,58.0,2.6123281911818336e-05,7.670103201347099e-06,2.6123281911818336e-05,1.8453178710471237e-05,at_least_40_eligible_days_in_each_year_2022_2026,descriptive_pixel_pattern_not_source_attribution_or_causal_effect,,,,,,,,,,,,,,,,,
no2_pixel_map,,,,,,,,,,,,,,,e33dfe236032_r0042_c0033,56.405258012367824,25.36511602665916,42.0,33.0,0.0,55.0,5.294328180376956e-06,44.0,4.07709850708271e-06,57.0,2.0519641368388107e-06,60.0,1.4697049396925647e-05,57.0,2.0413206748271073e-05,6.530110055306031e-06,2.0413206748271073e-05,1.3883096692965042e-05,at_least_40_eligible_days_in_each_year_2022_2026,descriptive_pixel_pattern_not_source_attribution_or_causal_effect,,,,,,,,,,,,,,,,,
no2_pixel_map,,,,,,,,,,,,,,,e33dfe236032_r0043_c0013,56.20525709751146,25.355115980916345,43.0,13.0,0.0,55.0,1.556234895538205e-05,44.0,8.512036621431791e-06,57.0,7.0158938959128605e-06,59.0,3.4842993079453194e-05,59.0,1.6586351778485502e-05,1.6483318138044972e-05,1.6586351778485502e-05,1.0303364044052973e-07,at_least_40_eligible_days_in_each_year_2022_2026,descriptive_pixel_pattern_not_source_attribution_or_causal_effect,,,,,,,,,,,,,,,,,
no2_pixel_map,,,,,,,,,,,,,,,e33dfe236032_r0043_c0014,56.21525714325428,25.355115980916345,43.0,14.0,0.0,55.0,1.4847824121092243e-05,44.0,7.692353446601565e-06,57.0,5.9155397524230054e-06,59.0,3.058842366499867e-05,59.0,1.8681616691920833e-05,1.4761035246278872e-05,1.8681616691920833e-05,3.920581445641961e-06,at_least_40_eligible_days_in_each_year_2022_2026,descriptive_pixel_pattern_not_source_attribution_or_causal_effect,,,,,,,,,,,,,,,,,
no2_pixel_map,,,,,,,,,,,,,,,e33dfe236032_r0043_c0015,56.22525718899709,25.355115980916345,43.0,15.0,1.2371484152972698,55.0,1.442297809522583e-05,44.0,7.276760248079231e-06,57.0,5.952750499530395e-06,58.0,2.7931537122859994e-05,59.0,1.8506317230104282e-05,1.3896006491423862e-05,1.8506317230104282e-05,4.610310738680419e-06,at_least_40_eligible_days_in_each_year_2022_2026,descriptive_pixel_pattern_not_source_attribution_or_causal_effect,,,,,,,,,,,,,,,,,
no2_pixel_map,,,,,,,,,,,,,,,e33dfe236032_r0043_c0016,56.23525723473992,25.355115980916345,43.0,16.0,0.0,55.0,1.2701115317581568e-05,44.0,6.648238142283773e-06,57.0,8.180403348896451e-06,58.0,2.8439217190837187e-05,59.0,2.0627626310498267e-05,1.3992243499899745e-05,2.0627626310498267e-05,6.635382810598521e-06,at_least_40_eligible_days_in_each_year_2022_2026,descriptive_pixel_pattern_not_source_attribution_or_causal_effect,,,,,,,,,,,,,,,,,
no2_pixel_map,,,,,,,,,,,,,,,e33dfe236032_r0043_c0017,56.24525728048273,25.355115980916345,43.0,17.0,0.0,55.0,1.0924129091311424e-05,44.0,6.721785754244025e-06,57.0,8.081192890474812e-06,58.0,2.8483604170262513e-05,59.0,2.3710085260461812e-05,1.3552677976573193e-05,2.3710085260461812e-05,1.015740728388862e-05,at_least_40_eligible_days_in_each_year_2022_2026,descriptive_pixel_pattern_not_source_attribution_or_causal_effect,,,,,,,,,,,,,,,,,
no2_pixel_map,,,,,,,,,,,,,,,e33dfe236032_r0043_c0018,56.255257326225546,25.355115980916345,43.0,18.0,0.0,55.0,1.2133173744376503e-05,44.0,7.28762957791945e-06,57.0,9.64962317331004e-06,58.0,3.0129388650117462e-05,59.0,2.646249061795367e-05,1.4799953786430864e-05,2.646249061795367e-05,1.1662536831522807e-05,at_least_40_eligible_days_in_each_year_2022_2026,descriptive_pixel_pattern_not_source_attribution_or_causal_effect,,,,,,,,,,,,,,,,,
no2_pixel_map,,,,,,,,,,,,,,,e33dfe236032_r0043_c0019,56.265257371968374,25.355115980916345,43.0,19.0,0.0,55.0,1.3423872782157954e-05,44.0,7.46059384902716e-06,57.0,1.0052766177763046e-05,57.0,3.043700811436639e-05,59.0,2.792366310127053e-05,1.534356023082864e-05,2.792366310127053e-05,1.2580102870441893e-05,at_least_40_eligible_days_in_each_year_2022_2026,descriptive_pixel_pattern_not_source_attribution_or_causal_effect,,,,,,,,,,,,,,,,,
no2_pixel_map,,,,,,,,,,,,,,,e33dfe236032_r0043_c0020,56.27525741771119,25.355115980916345,43.0,20.0,0.0,55.0,1.4423580999263635e-05,44.0,7.399552243963637e-06,57.0,1.0782838796419217e-05,57.0,3.187576749326124e-05,59.0,3.230189610953085e-05,1.612043488322693e-05,3.230189610953085e-05,1.618146122630392e-05,at_least_40_eligible_days_in_each_year_2022_2026,descriptive_pixel_pattern_not_source_attribution_or_causal_effect,,,,,,,,,,,,,,,,,
no2_pixel_map,,,,,,,,,,,,,,,e33dfe236032_r0043_c0021,56.285257463454,25.355115980916345,43.0,21.0,0.0,55.0,1.6163144164358593e-05,44.0,8.394438039043973e-06,57.0,1.1331758930530246e-05,57.0,3.346718249428758e-05,59.0,3.888350545061395e-05,1.7339130907055098e-05,3.888350545061395e-05,2.154437454355885e-05,at_least_40_eligible_days_in_each_year_2022_2026,descriptive_pixel_pattern_not_source_attribution_or_causal_effect,,,,,,,,,,,,,,,,,
no2_pixel_map,,,,,,,,,,,,,,,e33dfe236032_r0043_c0022,56.29525750919683,25.355115980916345,43.0,22.0,0.0,55.0,1.7505838096477566e-05,44.0,7.702082716879234e-06,57.0,1.2312323494937494e-05,57.0,3.551901575309456e-05,59.0,4.150505536182299e-05,1.8259815015347212e-05,4.150505536182299e-05,2.324524034647578e-05,at_least_40_eligible_days_in_each_year_2022_2026,descriptive_pixel_pattern_not_source_attribution_or_causal_effect,,,,,,,,,,,,,,,,,
no2_pixel_map,,,,,,,,,,,,,,,e33dfe236032_r0043_c0023,56.305257554939644,25.355115980916345,43.0,23.0,0.0,55.0,1.9463239149647944e-05,44.0,8.807888873501735e-06,57.0,1.467433165655157e-05,57.0,3.6738073794289865e-05,59.0,4.493279451040367e-05,1.992088336849778e-05,4.493279451040367e-05,2.5011911141905893e-05,at_least_40_eligible_days_in_each_year_2022_2026,descriptive_pixel_pattern_not_source_attribution_or_causal_effect,,,,,,,,,,,,,,,,,
no2_pixel_map,,,,,,,,,,,,,,,e33dfe236032_r0043_c0024,56.31525760068246,25.355115980916345,43.0,24.0,0.15241504435039555,55.0,2.2996292992539713e-05,44.0,1.0228738537850166e-05,57.0,1.5484276706247243e-05,57.0,3.6672338516982624e-05,59.0,4.878853847430251e-05,2.1345411688404937e-05,4.878853847430251e-05,2.744312678589757e-05,at_least_40_eligible_days_in_each_year_2022_2026,descriptive_pixel_pattern_not_source_attribution_or_causal_effect,,,,,,,,,,,,,,,,,
no2_pixel_map,,,,,,,,,,,,,,,e33dfe236032_r0043_c0025,56.325257646425285,25.355115980916345,43.0,25.0,0.0,55.0,2.377291865422713e-05,44.0,1.221870872858117e-05,57.0,1.624385674762307e-05,58.0,3.698513365035431e-05,59.0,5.383664614731799e-05,2.2305154445196423e-05,5.383664614731799e-05,3.1531491702121565e-05,at_least_40_eligible_days_in_each_year_2022_2026,descriptive_pixel_pattern_not_source_attribution_or_causal_effect,,,,,,,,,,,,,,,,,
no2_pixel_map,,,,,,,,,,,,,,,e33dfe236032_r0043_c0026,56.3352576921681,25.355115980916345,43.0,26.0,1158.5345100697887,55.0,2.3429124729149307e-05,44.0,1.430150310611383e-05,58.0,1.7294609202786565e-05,58.0,3.872320292678008e-05,59.0,5.285986172469133e-05,2.3437109991207446e-05,5.285986172469133e-05,2.9422751733483883e-05,at_least_40_eligible_days_in_each_year_2022_2026,descriptive_pixel_pattern_not_source_attribution_or_causal_effect,,,,,,,,,,,,,,,,,
no2_pixel_map,,,,,,,,,,,,,,,e33dfe236032_r0043_c0027,56.34525773791091,25.355115980916345,43.0,27.0,6743.089406755477,55.0,2.2537949664965113e-05,45.0,1.2743222294069445e-05,58.0,1.6474157764381672e-05,59.0,3.8778956665001754e-05,58.0,5.243132182915194e-05,2.26335715971045e-05,5.243132182915194e-05,2.979775023204744e-05,at_least_40_eligible_days_in_each_year_2022_2026,descriptive_pixel_pattern_not_source_attribution_or_causal_effect,,,,,,,,,,,,,,,,,
no2_pixel_map,,,,,,,,,,,,,,,e33dfe236032_r0043_c0028,56.35525778365374,25.355115980916345,43.0,28.0,434.36620788128243,55.0,1.937174229595032e-05,44.0,1.1483924678146295e-05,58.0,1.4990534057244568e-05,59.0,3.526072818890223e-05,58.0,5.058546996643715e-05,2.0276732305060853e-05,5.058546996643715e-05,3.0308737661376296e-05,at_least_40_eligible_days_in_each_year_2022_2026,descriptive_pixel_pattern_not_source_attribution_or_causal_effect,,,,,,,,,,,,,,,,,
no2_pixel_map,,,,,,,,,,,,,,,e33dfe236032_r0043_c0029,56.365257829396555,25.355115980916345,43.0,29.0,442.396700070496,55.0,1.7067670321380137e-05,44.0,9.457591070249006e-06,58.0,1.2606223383197825e-05,60.0,3.320099719765918e-05,58.0,4.264170119011418e-05,1.8083120493121536e-05,4.264170119011418e-05,2.4558580696992642e-05,at_least_40_eligible_days_in_each_year_2022_2026,descriptive_pixel_pattern_not_source_attribution_or_causal_effect,,,,,,,,,,,,,,,,,
no2_pixel_map,,,,,,,,,,,,,,,e33dfe236032_r0043_c0030,56.37525787513937,25.355115980916345,43.0,30.0,84.01946143906777,55.0,1.444443363747374e-05,44.0,7.827332937960795e-06,57.0,1.0515821596724046e-05,60.0,2.852838822271648e-05,58.0,3.7431535970700616e-05,1.5328994098718768e-05,3.7431535970700616e-05,2.2102541871981848e-05,at_least_40_eligible_days_in_each_year_2022_2026,descriptive_pixel_pattern_not_source_attribution_or_causal_effect,,,,,,,,,,,,,,,,,
no2_pixel_map,,,,,,,,,,,,,,,e33dfe236032_r0043_c0031,56.3852579208822,25.355115980916345,43.0,31.0,0.0,55.0,1.1048867877141243e-05,44.0,5.7275729702832665e-06,57.0,8.854219413627506e-06,60.0,2.4227579772363846e-05,58.0,3.226152970937704e-05,1.2464560008353966e-05,3.226152970937704e-05,1.979696970102307e-05,at_least_40_eligible_days_in_each_year_2022_2026,descriptive_pixel_pattern_not_source_attribution_or_causal_effect,,,,,,,,,,,,,,,,,
no2_pixel_map,,,,,,,,,,,,,,,e33dfe236032_r0043_c0032,56.39525796662501,25.355115980916345,43.0,32.0,0.0,55.0,9.232703463356698e-06,44.0,5.097891134721043e-06,58.0,5.857384051707592e-06,60.0,1.9063102420281817e-05,58.0,2.9605323336179458e-05,9.812770267516788e-06,2.9605323336179458e-05,1.9792553068662668e-05,at_least_40_eligible_days_in_each_year_2022_2026,descriptive_pixel_pattern_not_source_attribution_or_causal_effect,,,,,,,,,,,,,,,,,
no2_pixel_map,,,,,,,,,,,,,,,e33dfe236032_r0043_c0033,56.405258012367824,25.355115980916345,43.0,33.0,0.0,55.0,7.2287974491083055e-06,44.0,4.686997882046002e-06,58.0,3.5285362149262505e-06,60.0,1.6911317657939433e-05,58.0,2.5039353966716928e-05,8.088912301004999e-06,2.5039353966716928e-05,1.695044166571193e-05,at_least_40_eligible_days_in_each_year_2022_2026,descriptive_pixel_pattern_not_source_attribution_or_causal_effect,,,,,,,,,,,,,,,,,
no2_pixel_map,,,,,,,,,,,,,,,e33dfe236032_r0043_c0034,56.41525805811065,25.355115980916345,43.0,34.0,0.0,55.0,6.607190099240289e-06,44.0,4.023912042395726e-06,58.0,2.4526807174241027e-06,60.0,1.3635495972798403e-05,59.0,2.0324727701734548e-05,6.67981970796463e-06,2.0324727701734548e-05,1.3644907993769917e-05,at_least_40_eligible_days_in_each_year_2022_2026,descriptive_pixel_pattern_not_source_attribution_or_causal_effect,,,,,,,,,,,,,,,,,
no2_pixel_map,,,,,,,,,,,,,,,e33dfe236032_r0044_c0013,56.20525709751146,25.345115935173524,44.0,13.0,0.0,55.0,1.480002604044725e-05,44.0,8.386257865617096e-06,57.0,7.232968293792742e-06,59.0,3.173914682204671e-05,59.0,1.6511201556982145e-05,1.553959975547595e-05,1.6511201556982145e-05,9.716018015061956e-07,at_least_40_eligible_days_in_each_year_2022_2026,descriptive_pixel_pattern_not_source_attribution_or_causal_effect,,,,,,,,,,,,,,,,,
no2_pixel_map,,,,,,,,,,,,,,,e33dfe236032_r0044_c0014,56.21525714325428,25.345115935173524,44.0,14.0,0.0,55.0,1.472670942360498e-05,44.0,7.228373339579719e-06,57.0,5.986472903643206e-06,59.0,2.9758672317955027e-05,59.0,1.9032587984266067e-05,1.4425056996195732e-05,1.9032587984266067e-05,4.607530988070335e-06,at_least_40_eligible_days_in_each_year_2022_2026,descriptive_pixel_pattern_not_source_attribution_or_causal_effect,,,,,,,,,,,,,,,,,
no2_pixel_map,,,,,,,,,,,,,,,e33dfe236032_r0044_c0015,56.22525718899709,25.345115935173524,44.0,15.0,0.0,55.0,1.5055207417179585e-05,43.0,7.69730766195973e-06,57.0,5.430737622566891e-06,58.0,2.7196435928905646e-05,59.0,1.9283948457161555e-05,1.3844922157652964e-05,1.9283948457161555e-05,5.439026299508591e-06,at_least_40_eligible_days_in_each_year_2022_2026,descriptive_pixel_pattern_not_source_attribution_or_causal_effect,,,,,,,,,,,,,,,,,
no2_pixel_map,,,,,,,,,,,,,,,e33dfe236032_r0044_c0016,56.23525723473992,25.345115935173524,44.0,16.0,0.0,55.0,1.4594186305695222e-05,44.0,6.377722192925593e-06,57.0,7.407286867060856e-06,58.0,2.8025206923052176e-05,59.0,2.073614160719396e-05,1.4101100572183461e-05,2.073614160719396e-05,6.6350410350105e-06,at_least_40_eligible_days_in_each_year_2022_2026,descriptive_pixel_pattern_not_source_attribution_or_causal_effect,,,,,,,,,,,,,,,,,
no2_pixel_map,,,,,,,,,,,,,,,e33dfe236032_r0044_c0017,56.24525728048273,25.345115935173524,44.0,17.0,0.0,55.0,1.2732287802005619e-05,44.0,6.74128964074987e-06,57.0,7.956041824169206e-06,58.0,2.8317312911675622e-05,59.0,2.613460797391995e-05,1.393673304465008e-05,2.613460797391995e-05,1.2197874929269871e-05,at_least_40_eligible_days_in_each_year_2022_2026,descriptive_pixel_pattern_not_source_attribution_or_causal_effect,,,,,,,,,,,,,,,,,
no2_pixel_map,,,,,,,,,,,,,,,e33dfe236032_r0044_c0018,56.255257326225546,25.345115935173524,44.0,18.0,0.0,55.0,1.3302178174312575e-05,44.0,7.174632033830108e-06,57.0,9.439015027463005e-06,58.0,3.0109874657243767e-05,59.0,2.9711927677328134e-05,1.5006424973212364e-05,2.9711927677328134e-05,1.470550270411577e-05,at_least_40_eligible_days_in_each_year_2022_2026,descriptive_pixel_pattern_not_source_attribution_or_causal_effect,,,,,,,,,,,,,,,,,
no2_pixel_map,,,,,,,,,,,,,,,e33dfe236032_r0044_c0019,56.265257371968374,25.345115935173524,44.0,19.0,0.0,55.0,1.4139518742298504e-05,44.0,7.598517811056323e-06,57.0,1.0796693177079465e-05,57.0,3.171596534897208e-05,59.0,3.2488530156775825e-05,1.6062673769851594e-05,3.2488530156775825e-05,1.642585638692423e-05,at_least_40_eligible_days_in_each_year_2022_2026,descriptive_pixel_pattern_not_source_attribution_or_causal_effect,,,,,,,,,,,,,,,,,
no2_pixel_map,,,,,,,,,,,,,,,e33dfe236032_r0044_c0020,56.27525741771119,25.345115935173524,44.0,20.0,0.0,55.0,1.552858855339291e-05,44.0,7.588734459230688e-06,57.0,1.1668729781098217e-05,57.0,3.330853177029086e-05,59.0,3.590197013716424e-05,1.702364614100317e-05,3.590197013716424e-05,1.887832399616107e-05,at_least_40_eligible_days_in_each_year_2022_2026,descriptive_pixel_pattern_not_source_attribution_or_causal_effect,,,,,,,,,,,,,,,,,
no2_pixel_map,,,,,,,,,,,,,,,e33dfe236032_r0044_c0021,56.285257463454,25.345115935173524,44.0,21.0,9.89897813089192,55.0,1.7840805830222034e-05,44.0,9.39042610036219e-06,57.0,1.2916285833542588e-05,57.0,3.574353578519667e-05,59.0,4.303922142347784e-05,1.897276338733087e-05,4.303922142347784e-05,2.4066458036146968e-05,at_least_40_eligible_days_in_each_year_2022_2026,descriptive_pixel_pattern_not_source_attribution_or_causal_effect,,,,,,,,,,,,,,,,,
no2_pixel_map,,,,,,,,,,,,,,,e33dfe236032_r0044_c0022,56.29525750919683,25.345115935173524,44.0,22.0,0.0,55.0,1.951334915755671e-05,44.0,9.513478418434643e-06,57.0,1.3986530692204877e-05,57.0,3.771850065800805e-05,59.0,4.640406725610217e-05,2.0182964731551072e-05,4.640406725610217e-05,2.6221102524551096e-05,at_least_40_eligible_days_in_each_year_2022_2026,descriptive_pixel_pattern_not_source_attribution_or_causal_effect,,,,,,,,,,,,,,,,,
no2_pixel_map,,,,,,,,,,,,,,,e33dfe236032_r0044_c0023,56.305257554939644,25.345115935173524,44.0,23.0,0.003513575799914216,55.0,2.112573738911808e-05,44.0,1.1005037327141766e-05,57.0,1.5929827853039178e-05,57.0,4.033694541421656e-05,59.0,4.898368224726253e-05,2.2099386995878895e-05,4.898368224726253e-05,2.6884295251383637e-05,at_least_40_eligible_days_in_each_year_2022_2026,descriptive_pixel_pattern_not_source_attribution_or_causal_effect,,,,,,,,,,,,,,,,,
no2_pixel_map,,,,,,,,,,,,,,,e33dfe236032_r0044_c0024,56.31525760068246,25.345115935173524,44.0,24.0,32.706176282312306,55.0,2.500367109376159e-05,44.0,1.278373074111221e-05,58.0,1.760990906257085e-05,57.0,4.2137972520787066e-05,59.0,5.3314605499259644e-05,2.438382085455793e-05,5.3314605499259644e-05,2.8930784644701713e-05,at_least_40_eligible_days_in_each_year_2022_2026,descriptive_pixel_pattern_not_source_attribution_or_causal_effect,,,,,,,,,,,,,,,,,
no2_pixel_map,,,,,,,,,,,,,,,e33dfe236032_r0044_c0025,56.325257646425285,25.345115935173524,44.0,25.0,120.31936683463906,55.0,2.65650434772275e-05,44.0,1.4214611801295848e-05,58.0,1.9884271173015356e-05,57.0,4.355745026097129e-05,59.0,5.9811172769480926e-05,2.60553441781275e-05,5.9811172769480926e-05,3.3755828591353426e-05,at_least_40_eligible_days_in_each_year_2022_2026,descriptive_pixel_pattern_not_source_attribution_or_causal_effect,,,,,,,,,,,,,,,,,
no2_pixel_map,,,,,,,,,,,,,,,e33dfe236032_r0044_c0026,56.3352576921681,25.345115935173524,44.0,26.0,341.4285093840154,55.0,2.7411079922492285e-05,44.0,1.655271705107011e-05,58.0,2.2768071256650218e-05,58.0,4.3650517865616936e-05,59.0,6.216146869144613e-05,2.759559652395739e-05,6.216146869144613e-05,3.456587216748874e-05,at_least_40_eligible_days_in_each_year_2022_2026,descriptive_pixel_pattern_not_source_attribution_or_causal_effect,,,,,,,,,,,,,,,,,
no2_pixel_map,,,,,,,,,,,,,,,e33dfe236032_r0044_c0027,56.34525773791091,25.345115935173524,44.0,27.0,10903.34256597074,55.0,2.7235960554079923e-05,45.0,1.5700211041598614e-05,58.0,2.4171190475745937e-05,59.0,4.345738671279759e-05,59.0,6.352990989655877e-05,2.7641187196055513e-05,6.352990989655877e-05,3.5888722700503255e-05,at_least_40_eligible_days_in_each_year_2022_2026,descriptive_pixel_pattern_not_source_attribution_or_causal_effect,,,,,,,,,,,,,,,,,
no2_pixel_map,,,,,,,,,,,,,,,e33dfe236032_r0044_c0028,56.35525778365374,25.345115935173524,44.0,28.0,6888.080413597602,55.0,2.5233585169805814e-05,44.0,1.4376721982310194e-05,58.0,2.3759402699393194e-05,59.0,3.996132089608184e-05,58.0,6.393637373152684e-05,2.583275768689776e-05,6.393637373152684e-05,3.810361604462908e-05,at_least_40_eligible_days_in_each_year_2022_2026,descriptive_pixel_pattern_not_source_attribution_or_causal_effect,,,,,,,,,,,,,,,,,
no2_pixel_map,,,,,,,,,,,,,,,e33dfe236032_r0044_c0029,56.365257829396555,25.345115935173524,44.0,29.0,1000.3647200588155,55.0,2.2081882819165316e-05,44.0,1.1762609398860787e-05,58.0,1.9862765104487802e-05,60.0,3.7119342692602e-05,58.0,5.506331262365783e-05,2.2706650003778974e-05,5.506331262365783e-05,3.2356662619878854e-05,at_least_40_eligible_days_in_each_year_2022_2026,descriptive_pixel_pattern_not_source_attribution_or_causal_effect,,,,,,,,,,,,,,,,,
no2_pixel_map,,,,,,,,,,,,,,,e33dfe236032_r0044_c0030,56.37525787513937,25.345115935173524,44.0,30.0,86.61125016155447,55.0,1.8790979757833303e-05,44.0,9.532083688545068e-06,57.0,1.54353914393415e-05,60.0,3.210689022967138e-05,58.0,4.551309564056931e-05,1.8966336278847814e-05,4.551309564056931e-05,2.65467593617215e-05,at_least_40_eligible_days_in_each_year_2022_2026,descriptive_pixel_pattern_not_source_attribution_or_causal_effect,,,,,,,,,,,,,,,,,
no2_pixel_map,,,,,,,,,,,,,,,e33dfe236032_r0044_c0031,56.3852579208822,25.345115935173524,44.0,31.0,0.0,55.0,1.4983824452218354e-05,44.0,8.416519852651925e-06,57.0,1.1982098639337717e-05,60.0,2.7220557609251043e-05,59.0,3.839788873965747e-05,1.5650750138364762e-05,3.839788873965747e-05,2.2747138601292706e-05,at_least_40_eligible_days_in_each_year_2022_2026,descriptive_pixel_pattern_not_source_attribution_or_causal_effect,,,,,,,,,,,,,,,,,
no2_pixel_map,,,,,,,,,,,,,,,e33dfe236032_r0044_c0032,56.39525796662501,25.345115935173524,44.0,32.0,0.0,55.0,1.1933269537410919e-05,44.0,6.97201778640785e-06,57.0,1.0045877730228346e-05,60.0,2.1829057282882783e-05,59.0,3.4945242015022394e-05,1.2695055584232475e-05,3.4945242015022394e-05,2.225018643078992e-05,at_least_40_eligible_days_in_each_year_2022_2026,descriptive_pixel_pattern_not_source_attribution_or_causal_effect,,,,,,,,,,,,,,,,,
no2_pixel_map,,,,,,,,,,,,,,,e33dfe236032_r0044_c0033,56.405258012367824,25.345115935173524,44.0,33.0,0.0,55.0,1.021372449952839e-05,44.0,5.962870494293691e-06,58.0,5.730313027230913e-06,60.0,1.9084462388416793e-05,59.0,3.187675647999623e-05,1.0247842602367447e-05,3.187675647999623e-05,2.162891387762878e-05,at_least_40_eligible_days_in_each_year_2022_2026,descriptive_pixel_pattern_not_source_attribution_or_causal_effect,,,,,,,,,,,,,,,,,
no2_pixel_map,,,,,,,,,,,,,,,e33dfe236032_r0044_c0034,56.41525805811065,25.345115935173524,44.0,34.0,0.0,55.0,8.516644526476472e-06,44.0,5.0635869789222445e-06,58.0,4.459658567419322e-06,60.0,1.610135617670615e-05,59.0,2.6049452879072484e-05,8.535311562381047e-06,2.6049452879072484e-05,1.7514141316691437e-05,at_least_40_eligible_days_in_each_year_2022_2026,descriptive_pixel_pattern_not_source_attribution_or_causal_effect,,,,,,,,,,,,,,,,,
no2_pixel_map,,,,,,,,,,,,,,,e33dfe236032_r0045_c0013,56.20525709751146,25.335115889430703,45.0,13.0,0.0,55.0,1.4300519908701374e-05,44.0,6.995416854931659e-06,57.0,4.541232848448657e-06,59.0,3.2334720178404046e-05,58.0,1.7218163060148788e-05,1.4542972447621433e-05,1.7218163060148788e-05,2.6751906125273547e-06,at_least_40_eligible_days_in_each_year_2022_2026,descriptive_pixel_pattern_not_source_attribution_or_causal_effect,,,,,,,,,,,,,,,,,
no2_pixel_map,,,,,,,,,,,,,,,e33dfe236032_r0045_c0014,56.21525714325428,25.335115889430703,45.0,14.0,0.0,55.0,1.4055754313337753e-05,44.0,6.24694050074333e-06,57.0,4.897856507301864e-06,59.0,3.006779655668886e-05,59.0,1.9158442442902274e-05,1.3817086969517952e-05,1.9158442442902274e-05,5.341355473384322e-06,at_least_40_eligible_days_in_each_year_2022_2026,descriptive_pixel_pattern_not_source_attribution_or_causal_effect,,,,,,,,,,,,,,,,,
no2_pixel_map,,,,,,,,,,,,,,,e33dfe236032_r0045_c0015,56.22525718899709,25.335115889430703,45.0,15.0,0.0,55.0,1.4247626044996218e-05,44.0,6.629159576526888e-06,57.0,4.950778185008627e-06,59.0,2.7112967059885767e-05,59.0,2.0633451577817634e-05,1.3235132716604375e-05,2.0633451577817634e-05,7.398318861213259e-06,at_least_40_eligible_days_in_each_year_2022_2026,descriptive_pixel_pattern_not_source_attribution_or_causal_effect,,,,,,,,,,,,,,,,,
no2_pixel_map,,,,,,,,,,,,,,,e33dfe236032_r0045_c0016,56.23525723473992,25.335115889430703,45.0,16.0,0.0,55.0,1.4652099124962642e-05,44.0,6.399168574081418e-06,57.0,6.839520662421109e-06,58.0,2.8115402923911877e-05,59.0,2.171120619075473e-05,1.400154782134426e-05,2.171120619075473e-05,7.709658369410469e-06,at_least_40_eligible_days_in_each_year_2022_2026,descriptive_pixel_pattern_not_source_attribution_or_causal_effect,,,,,,,,,,,,,,,,,
no2_pixel_map,,,,,,,,,,,,,,,e33dfe236032_r0045_c0017,56.24525728048273,25.335115889430703,45.0,17.0,0.0,55.0,1.4132820776835432e-05,44.0,6.971872840314322e-06,57.0,8.45697312453913e-06,58.0,2.876483818466851e-05,59.0,2.816228084429662e-05,1.4581626231589349e-05,2.816228084429662e-05,1.358065461270727e-05,at_least_40_eligible_days_in_each_year_2022_2026,descriptive_pixel_pattern_not_source_attribution_or_causal_effect,,,,,,,,,,,,,,,,,
no2_pixel_map,,,,,,,,,,,,,,,e33dfe236032_r0045_c0018,56.255257326225546,25.335115889430703,45.0,18.0,0.0,55.0,1.4906277725909337e-05,44.0,7.062800399937436e-06,57.0,9.675630222175378e-06,58.0,3.0487252987392267e-05,59.0,3.290534689238837e-05,1.5532990333853606e-05,3.290534689238837e-05,1.737235655853476e-05,at_least_40_eligible_days_in_each_year_2022_2026,descriptive_pixel_pattern_not_source_attribution_or_causal_effect,,,,,,,,,,,,,,,,,
no2_pixel_map,,,,,,,,,,,,,,,e33dfe236032_r0045_c0019,56.265257371968374,25.335115889430703,45.0,19.0,0.0,55.0,1.5805722742735416e-05,43.0,7.81264548637754e-06,57.0,1.2503179617796562e-05,57.0,3.328772907349373e-05,59.0,3.6820244021726575e-05,1.7352319230100812e-05,3.6820244021726575e-05,1.9467924791625764e-05,at_least_40_eligible_days_in_each_year_2022_2026,descriptive_pixel_pattern_not_source_attribution_or_causal_effect,,,,,,,,,,,,,,,,,
no2_pixel_map,,,,,,,,,,,,,,,e33dfe236032_r0045_c0020,56.27525741771119,25.335115889430703,45.0,20.0,0.0,55.0,1.7038515451734364e-05,43.0,8.122434102924944e-06,57.0,1.3115146275667533e-05,57.0,3.4370519119127145e-05,59.0,3.930926754448852e-05,1.8161653737363496e-05,3.930926754448852e-05,2.1147613807125027e-05,at_least_40_eligible_days_in_each_year_2022_2026,descriptive_pixel_pattern_not_source_attribution_or_causal_effect,,,,,,,,,,,,,,,,,
no2_pixel_map,,,,,,,,,,,,,,,e33dfe236032_r0045_c0021,56.285257463454,25.335115889430703,45.0,21.0,0.0,55.0,1.9426073516814025e-05,44.0,9.302379571910282e-06,58.0,1.4171195620821442e-05,57.0,3.7035538045914314e-05,59.0,4.576542889399128e-05,1.9983796688865017e-05,4.576542889399128e-05,2.5781632205126262e-05,at_least_40_eligible_days_in_each_year_2022_2026,descriptive_pixel_pattern_not_source_attribution_or_causal_effect,,,,,,,,,,,,,,,,,
no2_pixel_map,,,,,,,,,,,,,,,e33dfe236032_r0045_c0022,56.29525750919683,25.335115889430703,45.0,22.0,0.5185331848542323,55.0,2.1683206932841196e-05,44.0,1.1642110750167305e-05,58.0,1.4613511433610121e-05,57.0,3.8978605375841875e-05,59.0,5.080680217494957e-05,2.1729358623115126e-05,5.080680217494957e-05,2.907744355183444e-05,at_least_40_eligible_days_in_each_year_2022_2026,descriptive_pixel_pattern_not_source_attribution_or_causal_effect,,,,,,,,,,,,,,,,,
no2_pixel_map,,,,,,,,,,,,,,,e33dfe236032_r0045_c0023,56.305257554939644,25.335115889430703,45.0,23.0,6.777350725876249,55.0,2.3593839875043803e-05,44.0,1.3065549911294357e-05,58.0,1.6572939897016292e-05,57.0,4.205259694473576e-05,59.0,5.444466407343419e-05,2.3821231657022552e-05,5.444466407343419e-05,3.062343241641164e-05,at_least_40_eligible_days_in_each_year_2022_2026,descriptive_pixel_pattern_not_source_attribution_or_causal_effect,,,,,,,,,,,,,,,,,
no2_pixel_map,,,,,,,,,,,,,,,e33dfe236032_r0045_c0024,56.31525760068246,25.335115889430703,45.0,24.0,0.0,55.0,2.7526165596137765e-05,44.0,1.5102562475254518e-05,58.0,1.9989833902270554e-05,57.0,4.4154826166594525e-05,59.0,6.076216651211293e-05,2.669334703506434e-05,6.076216651211293e-05,3.406881947704858e-05,at_least_40_eligible_days_in_each_year_2022_2026,descriptive_pixel_pattern_not_source_attribution_or_causal_effect,,,,,,,,,,,,,,,,,
no2_pixel_map,,,,,,,,,,,,,,,e33dfe236032_r0045_c0025,56.325257646425285,25.335115889430703,45.0,25.0,0.0,55.0,3.060732141928985e-05,44.0,1.706922570671388e-05,58.0,2.4028523843827776e-05,57.0,4.613964491986215e-05,59.0,6.848395300296756e-05,2.9461178972423417e-05,6.848395300296756e-05,3.902277403054414e-05,at_least_40_eligible_days_in_each_year_2022_2026,descriptive_pixel_pattern_not_source_attribution_or_causal_effect,,,,,,,,,,,,,,,,,
no2_pixel_map,,,,,,,,,,,,,,,e33dfe236032_r0045_c0026,56.3352576921681,25.335115889430703,45.0,26.0,2626.385874303722,55.0,3.16668433574666e-05,43.0,1.8872931976230647e-05,58.0,2.7469172533493125e-05,57.0,4.687640171824655e-05,59.0,7.382910516023957e-05,3.122133739635923e-05,7.382910516023957e-05,4.260776776388034e-05,at_least_40_eligible_days_in_each_year_2022_2026,descriptive_pixel_pattern_not_source_attribution_or_causal_effect,,,,,,,,,,,,,,,,,
no2_pixel_map,,,,,,,,,,,,,,,e33dfe236032_r0045_c0027,56.34525773791091,25.335115889430703,45.0,27.0,13617.435505133215,55.0,3.201357554573677e-05,43.0,1.8964685862745097e-05,58.0,2.807529455172459e-05,58.0,4.7958144245581575e-05,59.0,7.305674585775903e-05,3.175292505144701e-05,7.305674585775903e-05,4.130382080631202e-05,at_least_40_eligible_days_in_each_year_2022_2026,descriptive_pixel_pattern_not_source_attribution_or_causal_effect,,,,,,,,,,,,,,,,,
no2_pixel_map,,,,,,,,,,,,,,,e33dfe236032_r0045_c0028,56.35525778365374,25.335115889430703,45.0,28.0,3412.0557370080905,55.0,3.0530105914414955e-05,44.0,1.747240192322531e-05,58.0,2.652957848090766e-05,58.0,4.628584081329799e-05,59.0,7.298791122912544e-05,3.0204481782961478e-05,7.298791122912544e-05,4.278342944616396e-05,at_least_40_eligible_days_in_each_year_2022_2026,descriptive_pixel_pattern_not_source_attribution_or_causal_effect,,,,,,,,,,,,,,,,,
no2_pixel_map,,,,,,,,,,,,,,,e33dfe236032_r0045_c0029,56.365257829396555,25.335115889430703,45.0,29.0,0.005390691517866457,55.0,2.7154884326877335e-05,44.0,1.547179118191225e-05,58.0,2.291321096147193e-05,58.0,4.3828462683471913e-05,59.0,6.545404718495942e-05,2.7342087288433358e-05,6.545404718495942e-05,3.811195989652606e-05,at_least_40_eligible_days_in_each_year_2022_2026,descriptive_pixel_pattern_not_source_attribution_or_causal_effect,,,,,,,,,,,,,,,,,
no2_pixel_map,,,,,,,,,,,,,,,e33dfe236032_r0045_c0030,56.37525787513937,25.335115889430703,45.0,30.0,0.0,55.0,2.3433401537034922e-05,44.0,1.2971982238954935e-05,57.0,1.8766396413943303e-05,60.0,3.777137569394168e-05,59.0,5.3287755797468176e-05,2.323578897096871e-05,5.3287755797468176e-05,3.0051966826499466e-05,at_least_40_eligible_days_in_each_year_2022_2026,descriptive_pixel_pattern_not_source_attribution_or_causal_effect,,,,,,,,,,,,,,,,,
no2_pixel_map,,,,,,,,,,,,,,,e33dfe236032_r0045_c0031,56.3852579208822,25.335115889430703,45.0,31.0,0.0,55.0,1.8781947350978523e-05,44.0,1.1658725260397553e-05,57.0,1.4438320439635726e-05,60.0,3.136775528454079e-05,59.0,4.671248060911283e-05,1.9061687083888146e-05,4.671248060911283e-05,2.7650793525224687e-05,at_least_40_eligible_days_in_each_year_2022_2026,descriptive_pixel_pattern_not_source_attribution_or_causal_effect,,,,,,,,,,,,,,,,,
no2_pixel_map,,,,,,,,,,,,,,,e33dfe236032_r0045_c0032,56.39525796662501,25.335115889430703,45.0,32.0,0.0,55.0,1.4536242497462873e-05,44.0,9.284406370698122e-06,57.0,1.2275972636692851e-05,60.0,2.5389830448983045e-05,59.0,4.153579825588397e-05,1.5371612988459223e-05,4.153579825588397e-05,2.6164185267424746e-05,at_least_40_eligible_days_in_each_year_2022_2026,descriptive_pixel_pattern_not_source_attribution_or_causal_effect,,,,,,,,,,,,,,,,,
no2_pixel_map,,,,,,,,,,,,,,,e33dfe236032_r0045_c0033,56.405258012367824,25.335115889430703,45.0,33.0,0.0,55.0,1.236860164031836e-05,44.0,7.275975091147857e-06,58.0,7.86630684044161e-06,60.0,2.1137016761638733e-05,58.0,3.80791793910394e-05,1.2161975083386641e-05,3.80791793910394e-05,2.5917204307652762e-05,at_least_40_eligible_days_in_each_year_2022_2026,descriptive_pixel_pattern_not_source_attribution_or_causal_effect,,,,,,,,,,,,,,,,,
no2_pixel_map,,,,,,,,,,,,,,,e33dfe236032_r0045_c0034,56.41525805811065,25.335115889430703,45.0,34.0,0.0,55.0,9.941476090919404e-06,44.0,5.788748477771292e-06,58.0,6.093174355770934e-06,60.0,1.7915164279885475e-05,57.0,2.7695059836107604e-05,9.934640801086777e-06,2.7695059836107604e-05,1.7760419035020827e-05,at_least_40_eligible_days_in_each_year_2022_2026,descriptive_pixel_pattern_not_source_attribution_or_causal_effect,,,,,,,,,,,,,,,,,
no2_pixel_map,,,,,,,,,,,,,,,e33dfe236032_r0046_c0013,56.20525709751146,25.32511584368789,46.0,13.0,0.0,55.0,1.4093665326688574e-05,43.0,6.425447031851379e-06,57.0,3.3493653799785047e-06,59.0,3.223265523394563e-05,59.0,1.8503155518217633e-05,1.4025283243116023e-05,1.8503155518217633e-05,4.47787227510161e-06,at_least_40_eligible_days_in_each_year_2022_2026,descriptive_pixel_pattern_not_source_attribution_or_causal_effect,,,,,,,,,,,,,,,,,
no2_pixel_map,,,,,,,,,,,,,,,e33dfe236032_r0046_c0014,56.21525714325428,25.32511584368789,46.0,14.0,0.0,55.0,1.40329462036419e-05,43.0,4.990377000588401e-06,57.0,3.969011715374963e-06,59.0,3.0020218545734123e-05,59.0,1.9827527172971033e-05,1.3253138366334846e-05,1.9827527172971033e-05,6.574388806636187e-06,at_least_40_eligible_days_in_each_year_2022_2026,descriptive_pixel_pattern_not_source_attribution_or_causal_effect,,,,,,,,,,,,,,,,,
no2_pixel_map,,,,,,,,,,,,,,,e33dfe236032_r0046_c0015,56.22525718899709,25.32511584368789,46.0,15.0,0.0,55.0,1.4511151274949024e-05,43.0,5.260505556639108e-06,57.0,4.38732834648721e-06,59.0,2.7074487294793948e-05,59.0,2.2832646146492645e-05,1.2808368118217322e-05,2.2832646146492645e-05,1.0024278028275323e-05,at_least_40_eligible_days_in_each_year_2022_2026,descriptive_pixel_pattern_not_source_attribution_or_causal_effect,,,,,,,,,,,,,,,,,
no2_pixel_map,,,,,,,,,,,,,,,e33dfe236032_r0046_c0016,56.23525723473992,25.32511584368789,46.0,16.0,0.0,55.0,1.551392641567482e-05,42.0,5.841541320892092e-06,57.0,6.248592053046411e-06,58.0,2.768271232491395e-05,59.0,2.423810557412652e-05,1.3821693028631819e-05,2.423810557412652e-05,1.04164125454947e-05,at_least_40_eligible_days_in_each_year_2022_2026,descriptive_pixel_pattern_not_source_attribution_or_causal_effect,,,,,,,,,,,,,,,,,
no2_pixel_map,,,,,,,,,,,,,,,e33dfe236032_r0046_c0017,56.24525728048273,25.32511584368789,46.0,17.0,0.0,55.0,1.554078892046104e-05,42.0,6.908821270135871e-06,57.0,8.44311022334957e-06,58.0,2.8952388536928596e-05,59.0,2.977089086628098e-05,1.4961277237718769e-05,2.977089086628098e-05,1.4809613628562212e-05,at_least_40_eligible_days_in_each_year_2022_2026,descriptive_pixel_pattern_not_source_attribution_or_causal_effect,,,,,,,,,,,,,,,,,
no2_pixel_map,,,,,,,,,,,,,,,e33dfe236032_r0046_c0018,56.255257326225546,25.32511584368789,46.0,18.0,0.0,55.0,1.6334186127464634e-05,42.0,6.866336087441224e-06,57.0,9.590059950433697e-06,58.0,3.072983071712693e-05,59.0,3.4089335974291084e-05,1.588010322061662e-05,3.4089335974291084e-05,1.8209232753674462e-05,at_least_40_eligible_days_in_each_year_2022_2026,descriptive_pixel_pattern_not_source_attribution_or_causal_effect,,,,,,,,,,,,,,,,,
no2_pixel_map,,,,,,,,,,,,,,,e33dfe236032_r0046_c0019,56.265257371968374,25.32511584368789,46.0,19.0,0.0,55.0,1.7738418992886327e-05,42.0,6.953146728741013e-06,57.0,1.264542653579163e-05,58.0,3.2366189758406655e-05,59.0,3.81829681739742e-05,1.7425795503956406e-05,3.81829681739742e-05,2.0757172670017795e-05,at_least_40_eligible_days_in_each_year_2022_2026,descriptive_pixel_pattern_not_source_attribution_or_causal_effect,,,,,,,,,,,,,,,,,
no2_pixel_map,,,,,,,,,,,,,,,e33dfe236032_r0046_c0020,56.27525741771119,25.32511584368789,46.0,20.0,0.0,55.0,1.9758468471946117e-05,42.0,7.397865991045729e-06,58.0,1.3813819243135082e-05,57.0,3.382411327514114e-05,59.0,4.1068817553821754e-05,1.8698566745317017e-05,4.1068817553821754e-05,2.2370250808504737e-05,at_least_40_eligible_days_in_each_year_2022_2026,descriptive_pixel_pattern_not_source_attribution_or_causal_effect,,,,,,,,,,,,,,,,,
no2_pixel_map,,,,,,,,,,,,,,,e33dfe236032_r0046_c0021,56.285257463454,25.32511584368789,46.0,21.0,0.0,55.0,2.2558210949720125e-05,42.0,8.710685040029795e-06,58.0,1.5677814207951016e-05,57.0,3.654147027124539e-05,59.0,4.6751370294257354e-05,2.087204511723658e-05,4.6751370294257354e-05,2.5879325177020775e-05,at_least_40_eligible_days_in_each_year_2022_2026,descriptive_pixel_pattern_not_source_attribution_or_causal_effect,,,,,,,,,,,,,,,,,
no2_pixel_map,,,,,,,,,,,,,,,e33dfe236032_r0046_c0022,56.29525750919683,25.32511584368789,46.0,22.0,0.0,55.0,2.5011584020124228e-05,43.0,1.2226025399580647e-05,58.0,1.6760654648284192e-05,57.0,3.83425537983995e-05,59.0,5.398228085167427e-05,2.3085204466597143e-05,5.398228085167427e-05,3.089707638507713e-05,at_least_40_eligible_days_in_each_year_2022_2026,descriptive_pixel_pattern_not_source_attribution_or_causal_effect,,,,,,,,,,,,,,,,,
no2_pixel_map,,,,,,,,,,,,,,,e33dfe236032_r0046_c0023,56.305257554939644,25.32511584368789,46.0,23.0,0.0,55.0,2.6390058284088046e-05,43.0,1.4192878167428472e-05,58.0,1.9154643192728732e-05,57.0,4.13490328416026e-05,59.0,5.767461297362432e-05,2.5271653121461962e-05,5.767461297362432e-05,3.240295985216236e-05,at_least_40_eligible_days_in_each_year_2022_2026,descriptive_pixel_pattern_not_source_attribution_or_causal_effect,,,,,,,,,,,,,,,,,
no2_pixel_map,,,,,,,,,,,,,,,e33dfe236032_r0046_c0024,56.31525760068246,25.32511584368789,46.0,24.0,47.78363476030102,54.0,2.9797479369322143e-05,43.0,1.6052697199355426e-05,58.0,2.2689701572207097e-05,57.0,4.412025550708986e-05,59.0,6.49412446599661e-05,2.816503341199363e-05,6.49412446599661e-05,3.677621124797247e-05,at_least_40_eligible_days_in_each_year_2022_2026,descriptive_pixel_pattern_not_source_attribution_or_causal_effect,,,,,,,,,,,,,,,,,
no2_pixel_map,,,,,,,,,,,,,,,e33dfe236032_r0046_c0025,56.325257646425285,25.32511584368789,46.0,25.0,113.66768732968426,54.0,3.415876728719281e-05,43.0,1.8853367010810266e-05,58.0,2.5846311428529957e-05,57.0,4.7751197122860675e-05,59.0,7.213199982391691e-05,3.165241071234842e-05,7.213199982391691e-05,4.047958911156849e-05,at_least_40_eligible_days_in_each_year_2022_2026,descriptive_pixel_pattern_not_source_attribution_or_causal_effect,,,,,,,,,,,,,,,,,
no2_pixel_map,,,,,,,,,,,,,,,e33dfe236032_r0046_c0026,56.3352576921681,25.32511584368789,46.0,26.0,5044.867769191915,54.0,3.5890774065915624e-05,43.0,2.1585816766841255e-05,58.0,2.9729471629154296e-05,57.0,5.127098629565463e-05,59.0,7.902871954370926e-05,3.461926218939145e-05,7.902871954370926e-05,4.440945735431781e-05,at_least_40_eligible_days_in_each_year_2022_2026,descriptive_pixel_pattern_not_source_attribution_or_causal_effect,,,,,,,,,,,,,,,,,
no2_pixel_map,,,,,,,,,,,,,,,e33dfe236032_r0046_c0027,56.34525773791091,25.32511584368789,46.0,27.0,7407.142528763212,55.0,3.6717914599768907e-05,43.0,2.3555324836197465e-05,58.0,3.150566378728975e-05,57.0,5.2462346106520715e-05,59.0,8.035482959738652e-05,3.606031233244421e-05,8.035482959738652e-05,4.429451726494231e-05,at_least_40_eligible_days_in_each_year_2022_2026,descriptive_pixel_pattern_not_source_attribution_or_causal_effect,,,,,,,,,,,,,,,,,
no2_pixel_map,,,,,,,,,,,,,,,e33dfe236032_r0046_c0028,56.35525778365374,25.32511584368789,46.0,28.0,206.43685665407344,55.0,3.478004375470786e-05,44.0,2.1684549944470474e-05,58.0,3.062401285810708e-05,58.0,5.051492983269257e-05,59.0,8.17451028066058e-05,3.4400884097494496e-05,8.17451028066058e-05,4.73442187091113e-05,at_least_40_eligible_days_in_each_year_2022_2026,descriptive_pixel_pattern_not_source_attribution_or_causal_effect,,,,,,,,,,,,,,,,,
no2_pixel_map,,,,,,,,,,,,,,,e33dfe236032_r0046_c0029,56.365257829396555,25.32511584368789,46.0,29.0,145.5432916518747,55.0,3.0554586369895895e-05,44.0,1.9776111406279904e-05,58.0,2.7869285189082982e-05,59.0,4.4833767716168465e-05,59.0,7.798515465560121e-05,3.075843767035682e-05,7.798515465560121e-05,4.7226716985244394e-05,at_least_40_eligible_days_in_each_year_2022_2026,descriptive_pixel_pattern_not_source_attribution_or_causal_effect,,,,,,,,,,,,,,,,,
no2_pixel_map,,,,,,,,,,,,,,,e33dfe236032_r0046_c0030,56.37525787513937,25.32511584368789,46.0,30.0,0.0,55.0,2.6224888622350408e-05,44.0,1.5604989492152336e-05,58.0,2.261061900072722e-05,60.0,4.031398839826397e-05,58.0,5.919401093303263e-05,2.6188621378373483e-05,5.919401093303263e-05,3.300538955465915e-05,at_least_40_eligible_days_in_each_year_2022_2026,descriptive_pixel_pattern_not_source_attribution_or_causal_effect,,,,,,,,,,,,,,,,,
no2_pixel_map,,,,,,,,,,,,,,,e33dfe236032_r0046_c0031,56.3852579208822,25.32511584368789,46.0,31.0,0.0,55.0,2.1268261228087197e-05,44.0,1.3473748109504967e-05,57.0,1.6886510978881824e-05,60.0,3.270269842012991e-05,58.0,5.171581889237202e-05,2.1082804684150976e-05,5.171581889237202e-05,3.063301420822104e-05,at_least_40_eligible_days_in_each_year_2022_2026,descriptive_pixel_pattern_not_source_attribution_or_causal_effect,,,,,,,,,,,,,,,,,
no2_pixel_map,,,,,,,,,,,,,,,e33dfe236032_r0046_c0032,56.39525796662501,25.32511584368789,46.0,32.0,0.0,55.0,1.6044696345112805e-05,44.0,1.1196235670499574e-05,57.0,1.3970723731646566e-05,60.0,2.6694866397445367e-05,58.0,4.511351108269466e-05,1.697663053617608e-05,4.511351108269466e-05,2.813688054651858e-05,at_least_40_eligible_days_in_each_year_2022_2026,descriptive_pixel_pattern_not_source_attribution_or_causal_effect,,,,,,,,,,,,,,,,,
no2_pixel_map,,,,,,,,,,,,,,,e33dfe236032_r0046_c0033,56.405258012367824,25.32511584368789,46.0,33.0,0.0,55.0,1.3495801328186378e-05,44.0,8.244019258479446e-06,58.0,9.766632817754842e-06,60.0,2.194746833925031e-05,57.0,4.144456940673554e-05,1.3363480435917744e-05,4.144456940673554e-05,2.8081088970817795e-05,at_least_40_eligible_days_in_each_year_2022_2026,descriptive_pixel_pattern_not_source_attribution_or_causal_effect,,,,,,,,,,,,,,,,,
no2_pixel_map,,,,,,,,,,,,,,,e33dfe236032_r0046_c0034,56.41525805811065,25.32511584368789,46.0,34.0,0.0,55.0,1.079112213875659e-05,44.0,6.861433813883337e-06,58.0,6.896334755322224e-06,60.0,1.932366834739817e-05,57.0,3.2161706487001495e-05,1.096813976384008e-05,3.2161706487001495e-05,2.1193566723161416e-05,at_least_40_eligible_days_in_each_year_2022_2026,descriptive_pixel_pattern_not_source_attribution_or_causal_effect,,,,,,,,,,,,,,,,,
no2_pixel_map,,,,,,,,,,,,,,,e33dfe236032_r0047_c0013,56.20525709751146,25.31511579794507,47.0,13.0,0.0,55.0,1.4685901421585002e-05,43.0,6.137335142817713e-06,57.0,3.6952725744530528e-06,59.0,3.206671848055308e-05,59.0,1.965407956568861e-05,1.4146306904852213e-05,1.965407956568861e-05,5.507772660836398e-06,at_least_40_eligible_days_in_each_year_2022_2026,descriptive_pixel_pattern_not_source_attribution_or_causal_effect,,,,,,,,,,,,,,,,,
no2_pixel_map,,,,,,,,,,,,,,,e33dfe236032_r0047_c0014,56.21525714325428,25.31511579794507,47.0,14.0,0.0,55.0,1.4589078533841264e-05,43.0,5.325348002553048e-06,57.0,4.29254968023079e-06,58.0,3.0788802980827606e-05,59.0,2.1007633298273425e-05,1.3748944799363177e-05,2.1007633298273425e-05,7.258688498910249e-06,at_least_40_eligible_days_in_each_year_2022_2026,descriptive_pixel_pattern_not_source_attribution_or_causal_effect,,,,,,,,,,,,,,,,,
no2_pixel_map,,,,,,,,,,,,,,,e33dfe236032_r0047_c0015,56.22525718899709,25.31511579794507,47.0,15.0,0.0,55.0,1.5123541210203652e-05,43.0,5.421486372665391e-06,57.0,4.8279906880043125e-06,58.0,2.8199120688096512e-05,59.0,2.434097343283979e-05,1.3393034739742467e-05,2.434097343283979e-05,1.0947938693097324e-05,at_least_40_eligible_days_in_each_year_2022_2026,descriptive_pixel_pattern_not_source_attribution_or_causal_effect,,,,,,,,,,,,,,,,,
no2_pixel_map,,,,,,,,,,,,,,,e33dfe236032_r0047_c0016,56.23525723473992,25.31511579794507,47.0,16.0,0.0,55.0,1.600993287795334e-05,42.0,5.82905395863675e-06,57.0,6.077285853878949e-06,58.0,2.7523152456148082e-05,59.0,2.5059579563643837e-05,1.3859856286654281e-05,2.5059579563643837e-05,1.1199723276989555e-05,at_least_40_eligible_days_in_each_year_2022_2026,descriptive_pixel_pattern_not_source_attribution_or_causal_effect,,,,,,,,,,,,,,,,,
no2_pixel_map,,,,,,,,,,,,,,,e33dfe236032_r0047_c0017,56.24525728048273,25.31511579794507,47.0,17.0,0.0,55.0,1.6657894407750624e-05,42.0,6.7322933723972415e-06,57.0,8.807836458808541e-06,58.0,2.865195232952218e-05,59.0,2.897318527216618e-05,1.5212494142119647e-05,2.897318527216618e-05,1.3760691130046531e-05,at_least_40_eligible_days_in_each_year_2022_2026,descriptive_pixel_pattern_not_source_attribution_or_causal_effect,,,,,,,,,,,,,,,,,
no2_pixel_map,,,,,,,,,,,,,,,e33dfe236032_r0047_c0018,56.255257326225546,25.31511579794507,47.0,18.0,0.0,55.0,1.6948263224999853e-05,42.0,6.736177261247984e-06,57.0,1.0035228790329943e-05,58.0,3.0662645277202825e-05,59.0,3.439536817768152e-05,1.609557863844515e-05,3.439536817768152e-05,1.8299789539236367e-05,at_least_40_eligible_days_in_each_year_2022_2026,descriptive_pixel_pattern_not_source_attribution_or_causal_effect,,,,,,,,,,,,,,,,,
no2_pixel_map,,,,,,,,,,,,,,,e33dfe236032_r0047_c0019,56.265257371968374,25.31511579794507,47.0,19.0,0.0,55.0,1.864340637120741e-05,42.0,6.98760206933225e-06,57.0,1.2783072431782761e-05,58.0,3.2394605571802436e-05,59.0,3.9072000478170395e-05,1.7702171611031213e-05,3.9072000478170395e-05,2.136982886713918e-05,at_least_40_eligible_days_in_each_year_2022_2026,descriptive_pixel_pattern_not_source_attribution_or_causal_effect,,,,,,,,,,,,,,,,,
no2_pixel_map,,,,,,,,,,,,,,,e33dfe236032_r0047_c0020,56.27525741771119,25.31511579794507,47.0,20.0,0.0,55.0,2.0708415612919435e-05,42.0,7.508838723340168e-06,57.0,1.4739437595437275e-05,57.0,3.445237495068259e-05,59.0,4.2207537600590066e-05,1.9352266720594867e-05,4.2207537600590066e-05,2.28552708799952e-05,at_least_40_eligible_days_in_each_year_2022_2026,descriptive_pixel_pattern_not_source_attribution_or_causal_effect,,,,,,,,,,,,,,,,,
no2_pixel_map,,,,,,,,,,,,,,,e33dfe236032_r0047_c0021,56.285257463454,25.31511579794507,47.0,21.0,0.0,55.0,2.3764164883476438e-05,42.0,9.848845159578101e-06,58.0,1.62577101624097e-05,57.0,3.7522561863898246e-05,59.0,4.7557746610064584e-05,2.1848320517340623e-05,4.7557746610064584e-05,2.570942609272396e-05,at_least_40_eligible_days_in_each_year_2022_2026,descriptive_pixel_pattern_not_source_attribution_or_causal_effect,,,,,,,,,,,,,,,,,
no2_pixel_map,,,,,,,,,,,,,,,e33dfe236032_r0047_c0022,56.29525750919683,25.31511579794507,47.0,22.0,0.0,55.0,2.6785885591665547e-05,43.0,1.3304728840983284e-05,58.0,1.7355441508599915e-05,57.0,4.0120751726328946e-05,59.0,5.523739161766708e-05,2.4391701916894424e-05,5.523739161766708e-05,3.0845689700772656e-05,at_least_40_eligible_days_in_each_year_2022_2026,descriptive_pixel_pattern_not_source_attribution_or_causal_effect,,,,,,,,,,,,,,,,,
no2_pixel_map,,,,,,,,,,,,,,,e33dfe236032_r0047_c0023,56.305257554939644,25.31511579794507,47.0,23.0,0.0,55.0,2.8667421706520624e-05,43.0,1.6206749357837365e-05,58.0,1.964314716079488e-05,57.0,4.421768543018219e-05,59.0,6.194284207358962e-05,2.7183750913833766e-05,6.194284207358962e-05,3.4759091159755855e-05,at_least_40_eligible_days_in_each_year_2022_2026,descriptive_pixel_pattern_not_source_attribution_or_causal_effect,,,,,,,,,,,,,,,,,
no2_pixel_map,,,,,,,,,,,,,,,e33dfe236032_r0047_c0024,56.31525760068246,25.31511579794507,47.0,24.0,0.0,54.0,3.076148584870543e-05,43.0,1.8578934133601662e-05,58.0,2.3883930713959943e-05,57.0,4.8015094126977236e-05,59.0,7.03243200332331e-05,3.030986120581107e-05,7.03243200332331e-05,4.001445882742203e-05,at_least_40_eligible_days_in_each_year_2022_2026,descriptive_pixel_pattern_not_source_attribution_or_causal_effect,,,,,,,,,,,,,,,,,
no2_pixel_map,,,,,,,,,,,,,,,e33dfe236032_r0047_c0025,56.325257646425285,25.31511579794507,47.0,25.0,0.0,54.0,3.510180816208081e-05,43.0,2.2369223860993252e-05,58.0,2.736197983292292e-05,57.0,4.9721494468862564e-05,59.0,7.794579092331993e-05,3.3638626581214884e-05,7.794579092331993e-05,4.430716434210505e-05,at_least_40_eligible_days_in_each_year_2022_2026,descriptive_pixel_pattern_not_source_attribution_or_causal_effect,,,,,,,,,,,,,,,,,
no2_pixel_map,,,,,,,,,,,,,,,e33dfe236032_r0047_c0026,56.3352576921681,25.31511579794507,47.0,26.0,722.5977023981317,54.0,3.6961354427067895e-05,43.0,2.582422832427417e-05,58.0,3.147453504528424e-05,58.0,5.238238321607103e-05,59.0,8.494826736530168e-05,3.6660625253174334e-05,8.494826736530168e-05,4.8287642112127345e-05,at_least_40_eligible_days_in_each_year_2022_2026,descriptive_pixel_pattern_not_source_attribution_or_causal_effect,,,,,,,,,,,,,,,,,
no2_pixel_map,,,,,,,,,,,,,,,e33dfe236032_r0047_c0027,56.34525773791091,25.31511579794507,47.0,27.0,373.7014201795849,55.0,3.771222639620669e-05,43.0,2.860995670295581e-05,58.0,3.352282242689096e-05,58.0,5.3401902628106054e-05,59.0,8.71675525177872e-05,3.831172703853988e-05,8.71675525177872e-05,4.885582547924733e-05,at_least_40_eligible_days_in_each_year_2022_2026,descriptive_pixel_pattern_not_source_attribution_or_causal_effect,,,,,,,,,,,,,,,,,
no2_pixel_map,,,,,,,,,,,,,,,e33dfe236032_r0047_c0028,56.35525778365374,25.31511579794507,47.0,28.0,3.972751758550192,55.0,3.5996722408646804e-05,44.0,2.6639517676265617e-05,58.0,3.3061713129203707e-05,59.0,5.247485764018571e-05,59.0,8.680794756180486e-05,3.704320271357546e-05,8.680794756180486e-05,4.976474484822939e-05,at_least_40_eligible_days_in_each_year_2022_2026,descriptive_pixel_pattern_not_source_attribution_or_causal_effect,,,,,,,,,,,,,,,,,
no2_pixel_map,,,,,,,,,,,,,,,e33dfe236032_r0047_c0029,56.365257829396555,25.31511579794507,47.0,29.0,325.9023160832778,55.0,3.265822433203231e-05,44.0,2.351417630196025e-05,58.0,3.068713179041012e-05,59.0,4.754586223367605e-05,59.0,8.427260048333971e-05,3.3601348664519686e-05,8.427260048333971e-05,5.0671251818820024e-05,at_least_40_eligible_days_in_each_year_2022_2026,descriptive_pixel_pattern_not_source_attribution_or_causal_effect,,,,,,,,,,,,,,,,,
no2_pixel_map,,,,,,,,,,,,,,,e33dfe236032_r0047_c0030,56.37525787513937,25.31511579794507,47.0,30.0,815.0729351447741,55.0,2.8220844528439125e-05,44.0,1.72920697528572e-05,58.0,2.554009842439674e-05,60.0,4.381978724806504e-05,58.0,6.616772068908749e-05,2.8718199988439524e-05,6.616772068908749e-05,3.7449520700647964e-05,at_least_40_eligible_days_in_each_year_2022_2026,descriptive_pixel_pattern_not_source_attribution_or_causal_effect,,,,,,,,,,,,,,,,,
no2_pixel_map,,,,,,,,,,,,,,,e33dfe236032_r0047_c0031,56.3852579208822,25.31511579794507,47.0,31.0,0.0,55.0,2.3340084404104908e-05,44.0,1.4538152455016702e-05,57.0,1.951985475817383e-05,60.0,3.5900008338938276e-05,58.0,5.721882171049189e-05,2.3324524989058427e-05,5.721882171049189e-05,3.3894296721433466e-05,at_least_40_eligible_days_in_each_year_2022_2026,descriptive_pixel_pattern_not_source_attribution_or_causal_effect,,,,,,,,,,,,,,,,,
no2_pixel_map,,,,,,,,,,,,,,,e33dfe236032_r0047_c0032,56.39525796662501,25.31511579794507,47.0,32.0,0.0,55.0,1.855722913548419e-05,44.0,1.250093864468344e-05,57.0,1.5058281093209909e-05,60.0,2.8983843190797413e-05,58.0,4.805139091304861e-05,1.8775073016043738e-05,4.805139091304861e-05,2.9276317897004875e-05,at_least_40_eligible_days_in_each_year_2022_2026,descriptive_pixel_pattern_not_source_attribution_or_causal_effect,,,,,,,,,,,,,,,,,
no2_pixel_map,,,,,,,,,,,,,,,e33dfe236032_r0047_c0033,56.405258012367824,25.31511579794507,47.0,33.0,0.0,55.0,1.5012983083864937e-05,44.0,1.0094571600792957e-05,58.0,1.0802146760424677e-05,60.0,2.3227365641940194e-05,57.0,4.3861263857250386e-05,1.4784266771755691e-05,4.3861263857250386e-05,2.9076997085494693e-05,at_least_40_eligible_days_in_each_year_2022_2026,descriptive_pixel_pattern_not_source_attribution_or_causal_effect,,,,,,,,,,,,,,,,,
no2_pixel_map,,,,,,,,,,,,,,,e33dfe236032_r0048_c0013,56.20525709751146,25.305115752202248,48.0,13.0,0.0,55.0,1.5610803840028132e-05,43.0,6.032182474601545e-06,57.0,4.7123736153166816e-06,58.0,3.3198512517534925e-05,59.0,2.0155288283848337e-05,1.4888468111870322e-05,2.0155288283848337e-05,5.266820171978015e-06,at_least_40_eligible_days_in_each_year_2022_2026,descriptive_pixel_pattern_not_source_attribution_or_causal_effect,,,,,,,,,,,,,,,,,
no2_pixel_map,,,,,,,,,,,,,,,e33dfe236032_r0048_c0014,56.21525714325428,25.305115752202248,48.0,14.0,0.0,55.0,1.5357268384125727e-05,43.0,5.794907828324417e-06,57.0,5.171898621651796e-06,58.0,3.162690297574908e-05,59.0,2.0886100573478066e-05,1.4487744452462756e-05,2.0886100573478066e-05,6.39835612101531e-06,at_least_40_eligible_days_in_each_year_2022_2026,descriptive_pixel_pattern_not_source_attribution_or_causal_effect,,,,,,,,,,,,,,,,,
no2_pixel_map,,,,,,,,,,,,,,,e33dfe236032_r0048_c0015,56.22525718899709,25.305115752202248,48.0,15.0,0.0,55.0,1.5971562454024253e-05,43.0,5.612802073104857e-06,57.0,5.685380534048954e-06,58.0,2.938877030449273e-05,59.0,2.4290975271898803e-05,1.4164628841417698e-05,2.4290975271898803e-05,1.0126346430481105e-05,at_least_40_eligible_days_in_each_year_2022_2026,descriptive_pixel_pattern_not_source_attribution_or_causal_effect,,,,,,,,,,,,,,,,,
no2_pixel_map,,,,,,,,,,,,,,,e33dfe236032_r0048_c0016,56.23525723473992,25.305115752202248,48.0,16.0,0.0,55.0,1.6506825188071392e-05,43.0,6.228126297463779e-06,57.0,6.487366834950121e-06,58.0,2.8591953434474513e-05,59.0,2.5200858127512248e-05,1.445356793873995e-05,2.5200858127512248e-05,1.0747290188772298e-05,at_least_40_eligible_days_in_each_year_2022_2026,descriptive_pixel_pattern_not_source_attribution_or_causal_effect,,,,,,,,,,,,,,,,,
no2_pixel_map,,,,,,,,,,,,,,,e33dfe236032_r0048_c0017,56.24525728048273,25.305115752202248,48.0,17.0,0.0,55.0,1.7629952059447267e-05,42.0,7.385586946386364e-06,57.0,9.405865030594605e-06,58.0,2.9931938667561785e-05,59.0,2.713501582774276e-05,1.6088335675997502e-05,2.713501582774276e-05,1.1046680151745257e-05,at_least_40_eligible_days_in_each_year_2022_2026,descriptive_pixel_pattern_not_source_attribution_or_causal_effect,,,,,,,,,,,,,,,,,
no2_pixel_map,,,,,,,,,,,,,,,e33dfe236032_r0048_c0018,56.255257326225546,25.305115752202248,48.0,18.0,0.0,55.0,1.7430841444485914e-05,42.0,7.757813894063753e-06,57.0,1.122215731962433e-05,58.0,3.216880306413746e-05,59.0,3.27217428498651e-05,1.7144903930577864e-05,3.27217428498651e-05,1.5576838919287233e-05,at_least_40_eligible_days_in_each_year_2022_2026,descriptive_pixel_pattern_not_source_attribution_or_causal_effect,,,,,,,,,,,,,,,,,
no2_pixel_map,,,,,,,,,,,,,,,e33dfe236032_r0048_c0019,56.265257371968374,25.305115752202248,48.0,19.0,0.0,55.0,1.9086093392405415e-05,42.0,7.915652152082936e-06,57.0,1.3455014776355352e-05,58.0,3.375626102152999e-05,59.0,3.7428400869304685e-05,1.8553255335593425e-05,3.7428400869304685e-05,1.887514553371126e-05,at_least_40_eligible_days_in_each_year_2022_2026,descriptive_pixel_pattern_not_source_attribution_or_causal_effect,,,,,,,,,,,,,,,,,
no2_pixel_map,,,,,,,,,,,,,,,e33dfe236032_r0048_c0020,56.27525741771119,25.305115752202248,48.0,20.0,1.0468530263751745,55.0,2.064464214208393e-05,42.0,8.1622577859435e-06,57.0,1.5693931478262155e-05,57.0,3.519809116541811e-05,59.0,4.190030671401302e-05,1.9924730642926923e-05,4.190030671401302e-05,2.19755760710861e-05,at_least_40_eligible_days_in_each_year_2022_2026,descriptive_pixel_pattern_not_source_attribution_or_causal_effect,,,,,,,,,,,,,,,,,
no2_pixel_map,,,,,,,,,,,,,,,e33dfe236032_r0048_c0021,56.285257463454,25.305115752202248,48.0,21.0,0.0,55.0,2.3706841416775765e-05,42.0,1.0302150398341725e-05,58.0,1.7115481524150168e-05,57.0,3.846256207106777e-05,59.0,4.632386647178339e-05,2.239675885258386e-05,4.632386647178339e-05,2.3927107619199532e-05,at_least_40_eligible_days_in_each_year_2022_2026,descriptive_pixel_pattern_not_source_attribution_or_causal_effect,,,,,,,,,,,,,,,,,
no2_pixel_map,,,,,,,,,,,,,,,e33dfe236032_r0048_c0022,56.29525750919683,25.305115752202248,48.0,22.0,68.01175203424022,55.0,2.6681900548899216e-05,43.0,1.423416884617025e-05,58.0,1.851579996999272e-05,57.0,4.172367607964132e-05,59.0,5.4037612536189086e-05,2.5288886361175878e-05,5.4037612536189086e-05,2.8748726175013208e-05,at_least_40_eligible_days_in_each_year_2022_2026,descriptive_pixel_pattern_not_source_attribution_or_causal_effect,,,,,,,,,,,,,,,,,
no2_pixel_map,,,,,,,,,,,,,,,e33dfe236032_r0048_c0023,56.305257554939644,25.305115752202248,48.0,23.0,0.0,55.0,2.9234365779009317e-05,43.0,1.9017117259354486e-05,58.0,2.0516185645580056e-05,57.0,4.4909116044279234e-05,59.0,6.113084458724017e-05,2.8419196182055776e-05,6.113084458724017e-05,3.2711648405184395e-05,at_least_40_eligible_days_in_each_year_2022_2026,descriptive_pixel_pattern_not_source_attribution_or_causal_effect,,,,,,,,,,,,,,,,,
no2_pixel_map,,,,,,,,,,,,,,,e33dfe236032_r0048_c0024,56.31525760068246,25.305115752202248,48.0,24.0,0.0,55.0,3.066821007214894e-05,43.0,2.1272723723380875e-05,58.0,2.477190940548737e-05,57.0,4.8039447905947316e-05,59.0,6.809345291276025e-05,3.118807277674112e-05,6.809345291276025e-05,3.6905380136019125e-05,at_least_40_eligible_days_in_each_year_2022_2026,descriptive_pixel_pattern_not_source_attribution_or_causal_effect,,,,,,,,,,,,,,,,,
no2_pixel_map,,,,,,,,,,,,,,,e33dfe236032_r0048_c0025,56.325257646425285,25.305115752202248,48.0,25.0,0.0,54.0,3.431475940570735e-05,43.0,2.4139499501551853e-05,58.0,2.8716039057453717e-05,58.0,4.83237335037887e-05,59.0,7.540535320261183e-05,3.387350786712541e-05,7.540535320261183e-05,4.153184533548642e-05,at_least_40_eligible_days_in_each_year_2022_2026,descriptive_pixel_pattern_not_source_attribution_or_causal_effect,,,,,,,,,,,,,,,,,
no2_pixel_map,,,,,,,,,,,,,,,e33dfe236032_r0048_c0026,56.3352576921681,25.305115752202248,48.0,26.0,0.0,54.0,3.6844609800788954e-05,43.0,2.760350525504726e-05,58.0,3.3363457440886364e-05,58.0,5.1588947376925716e-05,59.0,8.103911824247867e-05,3.735012996841208e-05,8.103911824247867e-05,4.368898827406659e-05,at_least_40_eligible_days_in_each_year_2022_2026,descriptive_pixel_pattern_not_source_attribution_or_causal_effect,,,,,,,,,,,,,,,,,
no2_pixel_map,,,,,,,,,,,,,,,e33dfe236032_r0048_c0027,56.34525773791091,25.305115752202248,48.0,27.0,210.2419060659555,54.0,3.847458811646732e-05,43.0,2.9357419678150075e-05,58.0,3.6196525972780104e-05,58.0,5.238664648816653e-05,59.0,8.612768850235715e-05,3.910379506389101e-05,8.612768850235715e-05,4.702389343846614e-05,at_least_40_eligible_days_in_each_year_2022_2026,descriptive_pixel_pattern_not_source_attribution_or_causal_effect,,,,,,,,,,,,,,,,,
no2_pixel_map,,,,,,,,,,,,,,,e33dfe236032_r0048_c0028,56.35525778365374,25.305115752202248,48.0,28.0,715.9422877605042,55.0,3.72814397989923e-05,43.0,2.8071919138645433e-05,58.0,3.545792134251076e-05,58.0,5.242917552672557e-05,59.0,8.575363694754986e-05,3.8310113951718515e-05,8.575363694754986e-05,4.744352299583134e-05,at_least_40_eligible_days_in_each_year_2022_2026,descriptive_pixel_pattern_not_source_attribution_or_causal_effect,,,,,,,,,,,,,,,,,
no2_pixel_map,,,,,,,,,,,,,,,e33dfe236032_r0048_c0029,56.365257829396555,25.305115752202248,48.0,29.0,1902.1463553184399,55.0,3.441195319129646e-05,44.0,2.444762821037592e-05,58.0,3.293302085201641e-05,60.0,4.699371029884605e-05,59.0,8.469676871087217e-05,3.469657813813371e-05,8.469676871087217e-05,5.000019057273846e-05,at_least_40_eligible_days_in_each_year_2022_2026,descriptive_pixel_pattern_not_source_attribution_or_causal_effect,,,,,,,,,,,,,,,,,
no2_pixel_map,,,,,,,,,,,,,,,e33dfe236032_r0048_c0030,56.37525787513937,25.305115752202248,48.0,30.0,670.857471129976,55.0,2.992943929972111e-05,44.0,1.8921509174551145e-05,58.0,2.7051175699535154e-05,60.0,4.298636040941164e-05,58.0,7.009415370676559e-05,2.9722121145804764e-05,7.009415370676559e-05,4.0372032560960824e-05,at_least_40_eligible_days_in_each_year_2022_2026,descriptive_pixel_pattern_not_source_attribution_or_causal_effect,,,,,,,,,,,,,,,,,
no2_pixel_map,,,,,,,,,,,,,,,e33dfe236032_r0048_c0031,56.3852579208822,25.305115752202248,48.0,31.0,0.0,55.0,2.4976868450263017e-05,44.0,1.573031327324247e-05,58.0,2.0954488485487536e-05,60.0,3.5975145334230545e-05,58.0,6.0792810289356266e-05,2.4409203885805892e-05,6.0792810289356266e-05,3.6383606403550374e-05,at_least_40_eligible_days_in_each_year_2022_2026,descriptive_pixel_pattern_not_source_attribution_or_causal_effect,,,,,,,,,,,,,,,,,
no2_pixel_map,,,,,,,,,,,,,,,e33dfe236032_r0048_c0032,56.39525796662501,25.305115752202248,48.0,32.0,0.0,55.0,2.052917090882997e-05,44.0,1.382474807685881e-05,58.0,1.548629932124307e-05,60.0,2.7940651676470223e-05,58.0,5.095542493301834e-05,1.9445217495850517e-05,5.095542493301834e-05,3.151020743716783e-05,at_least_40_eligible_days_in_each_year_2022_2026,descriptive_pixel_pattern_not_source_attribution_or_causal_effect,,,,,,,,,,,,,,,,,
no2_pixel_map,,,,,,,,,,,,,,,e33dfe236032_r0048_c0033,56.405258012367824,25.305115752202248,48.0,33.0,0.0,55.0,1.5367548964972954e-05,44.0,1.1372650399143136e-05,58.0,1.2792321601718984e-05,60.0,2.3845047846939145e-05,57.0,4.581227353315573e-05,1.5844392203193553e-05,4.581227353315573e-05,2.9967881329962175e-05,at_least_40_eligible_days_in_each_year_2022_2026,descriptive_pixel_pattern_not_source_attribution_or_causal_effect,,,,,,,,,,,,,,,,,
no2_pixel_map,,,,,,,,,,,,,,,e33dfe236032_r0049_c0013,56.20525709751146,25.295115706459434,49.0,13.0,0.0,55.0,1.6337357849678796e-05,43.0,6.5416602977972425e-06,57.0,4.887049412573976e-06,58.0,3.467584760196134e-05,59.0,2.0356422882993776e-05,1.5610478790502838e-05,2.0356422882993776e-05,4.745944092490938e-06,at_least_40_eligible_days_in_each_year_2022_2026,descriptive_pixel_pattern_not_source_attribution_or_causal_effect,,,,,,,,,,,,,,,,,
no2_pixel_map,,,,,,,,,,,,,,,e33dfe236032_r0049_c0014,56.21525714325428,25.295115706459434,49.0,14.0,0.0,55.0,1.6532350471065726e-05,43.0,6.744918826978164e-06,57.0,5.422065734189913e-06,58.0,3.325086108813203e-05,59.0,2.0965583381098038e-05,1.548754903009146e-05,2.0965583381098038e-05,5.478034351006578e-06,at_least_40_eligible_days_in_each_year_2022_2026,descriptive_pixel_pattern_not_source_attribution_or_causal_effect,,,,,,,,,,,,,,,,,
no2_pixel_map,,,,,,,,,,,,,,,e33dfe236032_r0049_c0015,56.22525718899709,25.295115706459434,49.0,15.0,0.0,55.0,1.7007506155464213e-05,43.0,6.643544432414595e-06,57.0,6.662036632733593e-06,58.0,3.1757151711989984e-05,59.0,2.3628685299671165e-05,1.5517559733150597e-05,2.3628685299671165e-05,8.111125566520568e-06,at_least_40_eligible_days_in_each_year_2022_2026,descriptive_pixel_pattern_not_source_attribution_or_causal_effect,,,,,,,,,,,,,,,,,
no2_pixel_map,,,,,,,,,,,,,,,e33dfe236032_r0049_c0016,56.23525723473992,25.295115706459434,49.0,16.0,6.389990888804615,55.0,1.724497389919574e-05,43.0,7.143005419381599e-06,57.0,8.148065514840686e-06,58.0,2.992999385427053e-05,59.0,2.5706906960662508e-05,1.561650967192214e-05,2.5706906960662508e-05,1.0090397288740368e-05,at_least_40_eligible_days_in_each_year_2022_2026,descriptive_pixel_pattern_not_source_attribution_or_causal_effect,,,,,,,,,,,,,,,,,
no2_pixel_map,,,,,,,,,,,,,,,e33dfe236032_r0049_c0017,56.24525728048273,25.295115706459434,49.0,17.0,27.75843371900467,55.0,1.8295592181894938e-05,42.0,7.872633355853976e-06,57.0,1.0717568095388064e-05,58.0,3.0496042971427927e-05,59.0,2.7344216010885493e-05,1.6845459151141226e-05,2.7344216010885493e-05,1.0498756859744267e-05,at_least_40_eligible_days_in_each_year_2022_2026,descriptive_pixel_pattern_not_source_attribution_or_causal_effect,,,,,,,,,,,,,,,,,
no2_pixel_map,,,,,,,,,,,,,,,e33dfe236032_r0049_c0018,56.255257326225546,25.295115706459434,49.0,18.0,0.26215367214650764,55.0,1.7656878625733023e-05,42.0,8.32496132090591e-06,57.0,1.2813735997784893e-05,58.0,3.204958781582829e-05,59.0,3.3302643096971265e-05,1.771129094006303e-05,3.3302643096971265e-05,1.5591352156908235e-05,at_least_40_eligible_days_in_each_year_2022_2026,descriptive_pixel_pattern_not_source_attribution_or_causal_effect,,,,,,,,,,,,,,,,,
no2_pixel_map,,,,,,,,,,,,,,,e33dfe236032_r0049_c0019,56.265257371968374,25.295115706459434,49.0,19.0,0.0,55.0,1.9409042161934087e-05,42.0,8.53025545332983e-06,57.0,1.3603185759892633e-05,58.0,3.3210881331860176e-05,59.0,3.7641955158133584e-05,1.868834117675418e-05,3.7641955158133584e-05,1.8953613981379403e-05,at_least_40_eligible_days_in_each_year_2022_2026,descriptive_pixel_pattern_not_source_attribution_or_causal_effect,,,,,,,,,,,,,,,,,
no2_pixel_map,,,,,,,,,,,,,,,e33dfe236032_r0049_c0020,56.27525741771119,25.295115706459434,49.0,20.0,0.0,55.0,2.079616518308308e-05,42.0,9.219766860369047e-06,57.0,1.5728002681571117e-05,57.0,3.3552133575653874e-05,59.0,4.2075341774929145e-05,1.982401707516928e-05,4.2075341774929145e-05,2.2251324699759865e-05,at_least_40_eligible_days_in_each_year_2022_2026,descriptive_pixel_pattern_not_source_attribution_or_causal_effect,,,,,,,,,,,,,,,,,
no2_pixel_map,,,,,,,,,,,,,,,e33dfe236032_r0049_c0021,56.285257463454,25.295115706459434,49.0,21.0,0.0,55.0,2.3410361059710902e-05,42.0,1.0950671268955479e-05,58.0,1.7582941415635377e-05,57.0,3.550469663659775e-05,59.0,4.469349862346368e-05,2.1862167595224877e-05,4.469349862346368e-05,2.2831331028238802e-05,at_least_40_eligible_days_in_each_year_2022_2026,descriptive_pixel_pattern_not_source_attribution_or_causal_effect,,,,,,,,,,,,,,,,,
no2_pixel_map,,,,,,,,,,,,,,,e33dfe236032_r0049_c0022,56.29525750919683,25.295115706459434,49.0,22.0,81.22296447802262,55.0,2.720101105391328e-05,42.0,1.528424938076445e-05,58.0,1.9707873295683502e-05,57.0,3.837651930885049e-05,59.0,5.0876601422912955e-05,2.514241325980293e-05,5.0876601422912955e-05,2.5734188163110027e-05,at_least_40_eligible_days_in_each_year_2022_2026,descriptive_pixel_pattern_not_source_attribution_or_causal_effect,,,,,,,,,,,,,,,,,
no2_pixel_map,,,,,,,,,,,,,,,e33dfe236032_r0049_c0023,56.305257554939644,25.295115706459434,49.0,23.0,0.0,55.0,3.039712479150965e-05,43.0,1.9941936185414866e-05,58.0,2.2123851822560708e-05,57.0,4.0597728276562155e-05,59.0,5.861006372927599e-05,2.8265160269011842e-05,5.861006372927599e-05,3.0344903460264147e-05,at_least_40_eligible_days_in_each_year_2022_2026,descriptive_pixel_pattern_not_source_attribution_or_causal_effect,,,,,,,,,,,,,,,,,
no2_pixel_map,,,,,,,,,,,,,,,e33dfe236032_r0049_c0024,56.31525760068246,25.295115706459434,49.0,24.0,0.0,55.0,3.158244810298069e-05,43.0,2.1507924383321328e-05,58.0,2.640198239573108e-05,57.0,4.3749281106853904e-05,59.0,6.630270908497595e-05,3.081040899722175e-05,6.630270908497595e-05,3.54923000877542e-05,at_least_40_eligible_days_in_each_year_2022_2026,descriptive_pixel_pattern_not_source_attribution_or_causal_effect,,,,,,,,,,,,,,,,,
no2_pixel_map,,,,,,,,,,,,,,,e33dfe236032_r0049_c0025,56.325257646425285,25.295115706459434,49.0,25.0,213.84085460493029,54.0,3.4437289125674346e-05,43.0,2.367386190340844e-05,58.0,3.0050465992075814e-05,58.0,4.4217086369010095e-05,59.0,7.350503610456619e-05,3.3094675847542175e-05,7.350503610456619e-05,4.0410360257024015e-05,at_least_40_eligible_days_in_each_year_2022_2026,descriptive_pixel_pattern_not_source_attribution_or_causal_effect,,,,,,,,,,,,,,,,,
no2_pixel_map,,,,,,,,,,,,,,,e33dfe236032_r0049_c0026,56.3352576921681,25.295115706459434,49.0,26.0,366.398211168,54.0,3.722708274042949e-05,43.0,2.692772996361119e-05,58.0,3.35067976320359e-05,58.0,4.6558329081844176e-05,59.0,7.777170611480035e-05,3.605498485448019e-05,7.777170611480035e-05,4.171672126032016e-05,at_least_40_eligible_days_in_each_year_2022_2026,descriptive_pixel_pattern_not_source_attribution_or_causal_effect,,,,,,,,,,,,,,,,,
no2_pixel_map,,,,,,,,,,,,,,,e33dfe236032_r0049_c0027,56.34525773791091,25.295115706459434,49.0,27.0,551.8203070702048,54.0,3.871445040051049e-05,43.0,2.9130758031303133e-05,58.0,3.46306543076202e-05,59.0,4.823221301175503e-05,59.0,8.104930205505156e-05,3.767701893779722e-05,8.104930205505156e-05,4.337228311725434e-05,at_least_40_eligible_days_in_each_year_2022_2026,descriptive_pixel_pattern_not_source_attribution_or_causal_effect,,,,,,,,,,,,,,,,,
no2_pixel_map,,,,,,,,,,,,,,,e33dfe236032_r0049_c0028,56.35525778365374,25.295115706459434,49.0,28.0,3832.234518681984,55.0,3.7972773510562935e-05,43.0,2.8836794876379053e-05,58.0,3.231113264904405e-05,59.0,4.952766686625612e-05,59.0,8.018165952472463e-05,3.716209197556054e-05,8.018165952472463e-05,4.301956754916409e-05,at_least_40_eligible_days_in_each_year_2022_2026,descriptive_pixel_pattern_not_source_attribution_or_causal_effect,,,,,,,,,,,,,,,,,
no2_pixel_map,,,,,,,,,,,,,,,e33dfe236032_r0049_c0029,56.365257829396555,25.295115706459434,49.0,29.0,2983.4976276843377,55.0,3.4977607997168454e-05,44.0,2.5473538978107806e-05,58.0,2.9892288806151734e-05,60.0,4.670427506964006e-05,59.0,7.886252156494017e-05,3.4261927712767016e-05,7.886252156494017e-05,4.460059385217315e-05,at_least_40_eligible_days_in_each_year_2022_2026,descriptive_pixel_pattern_not_source_attribution_or_causal_effect,,,,,,,,,,,,,,,,,
no2_pixel_map,,,,,,,,,,,,,,,e33dfe236032_r0049_c0030,56.37525787513937,25.295115706459434,49.0,30.0,140.7806144024464,55.0,3.047632769113433e-05,44.0,2.064670974814211e-05,58.0,2.487012228852434e-05,60.0,4.184615279208143e-05,59.0,7.265774356443692e-05,2.9459828129970553e-05,7.265774356443692e-05,4.319791543446636e-05,at_least_40_eligible_days_in_each_year_2022_2026,descriptive_pixel_pattern_not_source_attribution_or_causal_effect,,,,,,,,,,,,,,,,,
no2_pixel_map,,,,,,,,,,,,,,,e33dfe236032_r0049_c0031,56.3852579208822,25.295115706459434,49.0,31.0,0.0,55.0,2.5046457395584333e-05,44.0,1.6540190854967536e-05,58.0,1.9699158862431862e-05,60.0,3.6480683356104535e-05,58.0,6.001449614818903e-05,2.4441622617272065e-05,6.001449614818903e-05,3.557287353091697e-05,at_least_40_eligible_days_in_each_year_2022_2026,descriptive_pixel_pattern_not_source_attribution_or_causal_effect,,,,,,,,,,,,,,,,,
no2_pixel_map,,,,,,,,,,,,,,,e33dfe236032_r0049_c0032,56.39525796662501,25.295115706459434,49.0,32.0,0.0,55.0,2.0706963001054297e-05,44.0,1.3892824416737206e-05,58.0,1.456919823302224e-05,60.0,2.747659852737767e-05,58.0,5.060272382852739e-05,1.9161396044547853e-05,5.060272382852739e-05,3.144132778397954e-05,at_least_40_eligible_days_in_each_year_2022_2026,descriptive_pixel_pattern_not_source_attribution_or_causal_effect,,,,,,,,,,,,,,,,,
no2_pixel_map,,,,,,,,,,,,,,,e33dfe236032_r0049_c0033,56.405258012367824,25.295115706459434,49.0,33.0,0.0,55.0,1.616153631828413e-05,44.0,1.1823041683814791e-05,58.0,1.2160736209426893e-05,60.0,2.3655605891009446e-05,58.0,4.383231599483451e-05,1.5950230025633816e-05,4.383231599483451e-05,2.7882085969200693e-05,at_least_40_eligible_days_in_each_year_2022_2026,descriptive_pixel_pattern_not_source_attribution_or_causal_effect,,,,,,,,,,,,,,,,,
no2_pixel_map,,,,,,,,,,,,,,,e33dfe236032_r0050_c0013,56.20525709751146,25.285115660716613,50.0,13.0,0.0,55.0,1.68638881778326e-05,44.0,9.578126425988583e-06,57.0,5.102855591894448e-06,58.0,3.4996653730841475e-05,59.0,2.1207464637756715e-05,1.6635380981639275e-05,2.1207464637756715e-05,4.57208365611744e-06,at_least_40_eligible_days_in_each_year_2022_2026,descriptive_pixel_pattern_not_source_attribution_or_causal_effect,,,,,,,,,,,,,,,,,
no2_pixel_map,,,,,,,,,,,,,,,e33dfe236032_r0050_c0014,56.21525714325428,25.285115660716613,50.0,14.0,0.0,55.0,1.689507911673096e-05,44.0,1.0093599869958392e-05,57.0,6.670918726079013e-06,58.0,3.3370944433453095e-05,59.0,2.2394398201048838e-05,1.6757635536555364e-05,2.2394398201048838e-05,5.636762664493474e-06,at_least_40_eligible_days_in_each_year_2022_2026,descriptive_pixel_pattern_not_source_attribution_or_causal_effect,,,,,,,,,,,,,,,,,
no2_pixel_map,,,,,,,,,,,,,,,e33dfe236032_r0050_c0015,56.22525718899709,25.285115660716613,50.0,15.0,0.0,55.0,1.6773729471957828e-05,44.0,9.616418922757997e-06,57.0,8.056613397258214e-06,58.0,3.223386662156044e-05,59.0,2.4109079907862366e-05,1.667015710338362e-05,2.4109079907862366e-05,7.438922804478745e-06,at_least_40_eligible_days_in_each_year_2022_2026,descriptive_pixel_pattern_not_source_attribution_or_causal_effect,,,,,,,,,,,,,,,,,
no2_pixel_map,,,,,,,,,,,,,,,e33dfe236032_r0050_c0016,56.23525723473992,25.285115660716613,50.0,16.0,0.0,55.0,1.656705907089027e-05,44.0,9.520148949916002e-06,57.0,9.106796111195276e-06,58.0,2.9449179130755804e-05,59.0,2.6902853708940184e-05,1.6160795815689336e-05,2.6902853708940184e-05,1.0742057893250848e-05,at_least_40_eligible_days_in_each_year_2022_2026,descriptive_pixel_pattern_not_source_attribution_or_causal_effect,,,,,,,,,,,,,,,,,
no2_pixel_map,,,,,,,,,,,,,,,e33dfe236032_r0050_c0017,56.24525728048273,25.285115660716613,50.0,17.0,35.75408355226312,55.0,1.7497914363664244e-05,43.0,9.264914823888468e-06,57.0,1.011592196853558e-05,58.0,2.966746852222264e-05,59.0,2.7470402327181698e-05,1.663655491957773e-05,2.7470402327181698e-05,1.0833847407603967e-05,at_least_40_eligible_days_in_each_year_2022_2026,descriptive_pixel_pattern_not_source_attribution_or_causal_effect,,,,,,,,,,,,,,,,,
no2_pixel_map,,,,,,,,,,,,,,,e33dfe236032_r0050_c0018,56.255257326225546,25.285115660716613,50.0,18.0,8.979031940928476,55.0,1.7419942258415075e-05,43.0,9.36836481226772e-06,57.0,1.2166775398383842e-05,58.0,3.0329725839284863e-05,59.0,3.2236894060740204e-05,1.7321202077087874e-05,3.2236894060740204e-05,1.491569198365233e-05,at_least_40_eligible_days_in_each_year_2022_2026,descriptive_pixel_pattern_not_source_attribution_or_causal_effect,,,,,,,,,,,,,,,,,
no2_pixel_map,,,,,,,,,,,,,,,e33dfe236032_r0050_c0019,56.265257371968374,25.285115660716613,50.0,19.0,0.0,55.0,1.8550227084601645e-05,43.0,8.937095369123217e-06,57.0,1.2914876659260452e-05,58.0,3.149273475640995e-05,59.0,3.5390256354404764e-05,1.797373346734882e-05,3.5390256354404764e-05,1.7416522887055944e-05,at_least_40_eligible_days_in_each_year_2022_2026,descriptive_pixel_pattern_not_source_attribution_or_causal_effect,,,,,,,,,,,,,,,,,
no2_pixel_map,,,,,,,,,,,,,,,e33dfe236032_r0050_c0020,56.27525741771119,25.285115660716613,50.0,20.0,0.0,55.0,1.9901145767475826e-05,43.0,9.731971868297835e-06,57.0,1.4915319191196552e-05,58.0,3.149328302490569e-05,59.0,3.942388761626515e-05,1.9010429962968975e-05,3.942388761626515e-05,2.0413457653296173e-05,at_least_40_eligible_days_in_each_year_2022_2026,descriptive_pixel_pattern_not_source_attribution_or_causal_effect,,,,,,,,,,,,,,,,,
no2_pixel_map,,,,,,,,,,,,,,,e33dfe236032_r0050_c0021,56.285257463454,25.285115660716613,50.0,21.0,0.0,55.0,2.1942091763731018e-05,43.0,1.1083714587213485e-05,58.0,1.6820246497409986e-05,57.0,3.226504150131458e-05,59.0,4.179168122972193e-05,2.0527773587417267e-05,4.179168122972193e-05,2.1263907642304664e-05,at_least_40_eligible_days_in_each_year_2022_2026,descriptive_pixel_pattern_not_source_attribution_or_causal_effect,,,,,,,,,,,,,,,,,
no2_pixel_map,,,,,,,,,,,,,,,e33dfe236032_r0050_c0022,56.29525750919683,25.285115660716613,50.0,22.0,0.0,55.0,2.6233721370313748e-05,43.0,1.56984599080957e-05,58.0,1.9060145344653414e-05,57.0,3.509389801633874e-05,59.0,4.6768632750339636e-05,2.40215561598504e-05,4.6768632750339636e-05,2.2747076590489235e-05,at_least_40_eligible_days_in_each_year_2022_2026,descriptive_pixel_pattern_not_source_attribution_or_causal_effect,,,,,,,,,,,,,,,,,
no2_pixel_map,,,,,,,,,,,,,,,e33dfe236032_r0050_c0023,56.305257554939644,25.285115660716613,50.0,23.0,67.82444413771545,55.0,2.990332850057404e-05,44.0,1.9596603831840693e-05,58.0,2.150867675679157e-05,57.0,3.799151089477266e-05,59.0,5.334312620487606e-05,2.725002999599474e-05,5.334312620487606e-05,2.6093096208881318e-05,at_least_40_eligible_days_in_each_year_2022_2026,descriptive_pixel_pattern_not_source_attribution_or_causal_effect,,,,,,,,,,,,,,,,,
no2_pixel_map,,,,,,,,,,,,,,,e33dfe236032_r0050_c0024,56.31525760068246,25.285115660716613,50.0,24.0,78.43039101812202,55.0,3.1397831427094535e-05,44.0,2.1204868273865952e-05,58.0,2.4525506968274784e-05,57.0,4.196520308824888e-05,59.0,6.060807683670567e-05,2.9773352439371037e-05,6.060807683670567e-05,3.0834724397334635e-05,at_least_40_eligible_days_in_each_year_2022_2026,descriptive_pixel_pattern_not_source_attribution_or_causal_effect,,,,,,,,,,,,,,,,,
no2_pixel_map,,,,,,,,,,,,,,,e33dfe236032_r0050_c0025,56.325257646425285,25.285115660716613,50.0,25.0,301.1747051591485,55.0,3.2731446989803754e-05,44.0,2.310874292630236e-05,58.0,2.731041236146521e-05,58.0,4.3423268887070786e-05,59.0,6.594815068386626e-05,3.1643467791160526e-05,6.594815068386626e-05,3.430468289270574e-05,at_least_40_eligible_days_in_each_year_2022_2026,descriptive_pixel_pattern_not_source_attribution_or_causal_effect,,,,,,,,,,,,,,,,,
no2_pixel_map,,,,,,,,,,,,,,,e33dfe236032_r0050_c0026,56.3352576921681,25.285115660716613,50.0,26.0,1852.2270784322657,55.0,3.5428825714871213e-05,44.0,2.6281169585450545e-05,58.0,2.9941245212406312e-05,58.0,4.544620040316301e-05,59.0,6.907982976059134e-05,3.4274360228972774e-05,6.907982976059134e-05,3.4805469531618565e-05,at_least_40_eligible_days_in_each_year_2022_2026,descriptive_pixel_pattern_not_source_attribution_or_causal_effect,,,,,,,,,,,,,,,,,
no2_pixel_map,,,,,,,,,,,,,,,e33dfe236032_r0050_c0027,56.34525773791091,25.285115660716613,50.0,27.0,512.1799547424247,55.0,3.687536956364823e-05,44.0,2.7449052641491864e-05,58.0,3.249934815554999e-05,59.0,4.719935525022217e-05,59.0,7.067650764371305e-05,3.6005781402728064e-05,7.067650764371305e-05,3.4670726240984984e-05,at_least_40_eligible_days_in_each_year_2022_2026,descriptive_pixel_pattern_not_source_attribution_or_causal_effect,,,,,,,,,,,,,,,,,
no2_pixel_map,,,,,,,,,,,,,,,e33dfe236032_r0050_c0028,56.35525778365374,25.285115660716613,50.0,28.0,5628.0645585273705,55.0,3.611785900015198e-05,44.0,2.736696702399671e-05,58.0,3.096757178457959e-05,59.0,4.6433206655832584e-05,59.0,7.13345763273113e-05,3.5221401116140215e-05,7.13345763273113e-05,3.611317521117109e-05,at_least_40_eligible_days_in_each_year_2022_2026,descriptive_pixel_pattern_not_source_attribution_or_causal_effect,,,,,,,,,,,,,,,,,
no2_pixel_map,,,,,,,,,,,,,,,e33dfe236032_r0050_c0029,56.365257829396555,25.285115660716613,50.0,29.0,3701.492010672262,55.0,3.1787849080952316e-05,45.0,2.385858099023339e-05,58.0,2.873119484580217e-05,60.0,4.2880132246789795e-05,59.0,7.013483529045914e-05,3.181443929094442e-05,7.013483529045914e-05,3.832039599951473e-05,at_least_40_eligible_days_in_each_year_2022_2026,descriptive_pixel_pattern_not_source_attribution_or_causal_effect,,,,,,,,,,,,,,,,,
no2_pixel_map,,,,,,,,,,,,,,,e33dfe236032_r0050_c0030,56.37525787513937,25.285115660716613,50.0,30.0,188.54162229631146,55.0,2.7163982713438664e-05,45.0,1.992559868378454e-05,58.0,2.4814298193691016e-05,60.0,3.652369487637588e-05,59.0,6.710323109129401e-05,2.710689361682252e-05,6.710323109129401e-05,3.9996337474471485e-05,at_least_40_eligible_days_in_each_year_2022_2026,descriptive_pixel_pattern_not_source_attribution_or_causal_effect,,,,,,,,,,,,,,,,,
no2_pixel_map,,,,,,,,,,,,,,,e33dfe236032_r0050_c0031,56.3852579208822,25.285115660716613,50.0,31.0,0.0,55.0,2.285867539793491e-05,45.0,1.566787709018105e-05,58.0,1.9604443456951503e-05,60.0,3.368706363524749e-05,58.0,5.490340043037396e-05,2.2954514895078736e-05,5.490340043037396e-05,3.1948885535295225e-05,at_least_40_eligible_days_in_each_year_2022_2026,descriptive_pixel_pattern_not_source_attribution_or_causal_effect,,,,,,,,,,,,,,,,,
no2_pixel_map,,,,,,,,,,,,,,,e33dfe236032_r0050_c0032,56.39525796662501,25.285115660716613,50.0,32.0,0.0,55.0,1.994826222318251e-05,45.0,1.2853374956645933e-05,58.0,1.4379268626941374e-05,60.0,2.6878429106774394e-05,58.0,4.72573651568226e-05,1.8514833728386052e-05,4.72573651568226e-05,2.8742531428436545e-05,at_least_40_eligible_days_in_each_year_2022_2026,descriptive_pixel_pattern_not_source_attribution_or_causal_effect,,,,,,,,,,,,,,,,,
no2_pixel_map,,,,,,,,,,,,,,,e33dfe236032_r0050_c0033,56.405258012367824,25.285115660716613,50.0,33.0,0.0,55.0,1.6592437644121077e-05,45.0,1.1102806435294585e-05,58.0,1.1925240056335331e-05,60.0,2.293065548588068e-05,58.0,4.031522364824742e-05,1.5637784905407918e-05,4.031522364824742e-05,2.46774387428395e-05,at_least_40_eligible_days_in_each_year_2022_2026,descriptive_pixel_pattern_not_source_attribution_or_causal_effect,,,,,,,,,,,,,,,,,
no2_pixel_map,,,,,,,,,,,,,,,e33dfe236032_r0051_c0014,56.21525714325428,25.275115614973792,51.0,14.0,0.0,55.0,1.681146658992167e-05,44.0,1.0783240929207693e-05,57.0,7.842193511247906e-06,58.0,3.32351002349118e-05,59.0,2.1833092416100952e-05,1.7168000316322268e-05,2.1833092416100952e-05,4.665092099778684e-06,at_least_40_eligible_days_in_each_year_2022_2026,descriptive_pixel_pattern_not_source_attribution_or_causal_effect,,,,,,,,,,,,,,,,,
no2_pixel_map,,,,,,,,,,,,,,,e33dfe236032_r0051_c0015,56.22525718899709,25.275115614973792,51.0,15.0,0.0,55.0,1.6797473203657796e-05,44.0,9.816819383105403e-06,57.0,8.331573207718282e-06,58.0,3.093937189859061e-05,59.0,2.4189133754833735e-05,1.6471309423268023e-05,2.4189133754833735e-05,7.717824331565712e-06,at_least_40_eligible_days_in_each_year_2022_2026,descriptive_pixel_pattern_not_source_attribution_or_causal_effect,,,,,,,,,,,,,,,,,
no2_pixel_map,,,,,,,,,,,,,,,e33dfe236032_r0051_c0016,56.23525723473992,25.275115614973792,51.0,16.0,0.0,55.0,1.6605601868869746e-05,44.0,9.563190249248718e-06,57.0,9.254193417906249e-06,58.0,2.7882680039699227e-05,59.0,2.630637508163613e-05,1.5826416393930984e-05,2.630637508163613e-05,1.0479958687705145e-05,at_least_40_eligible_days_in_each_year_2022_2026,descriptive_pixel_pattern_not_source_attribution_or_causal_effect,,,,,,,,,,,,,,,,,
no2_pixel_map,,,,,,,,,,,,,,,e33dfe236032_r0051_c0017,56.24525728048273,25.275115614973792,51.0,17.0,77.70778005569272,55.0,1.673277241202436e-05,44.0,8.929760468701825e-06,57.0,1.0264681219628386e-05,58.0,2.802707718913977e-05,59.0,2.6909300639010956e-05,1.5988572822373583e-05,2.6909300639010956e-05,1.0920727816637372e-05,at_least_40_eligible_days_in_each_year_2022_2026,descriptive_pixel_pattern_not_source_attribution_or_causal_effect,,,,,,,,,,,,,,,,,
no2_pixel_map,,,,,,,,,,,,,,,e33dfe236032_r0051_c0018,56.255257326225546,25.275115614973792,51.0,18.0,37.07704874874062,55.0,1.7344273291403605e-05,43.0,9.420650520516508e-06,57.0,1.2327937348944488e-05,58.0,2.771946949056233e-05,59.0,2.90569472061125e-05,1.6703082662856733e-05,2.90569472061125e-05,1.2353864543255767e-05,at_least_40_eligible_days_in_each_year_2022_2026,descriptive_pixel_pattern_not_source_attribution_or_causal_effect,,,,,,,,,,,,,,,,,
no2_pixel_map,,,,,,,,,,,,,,,e33dfe236032_r0051_c0019,56.265257371968374,25.275115614973792,51.0,19.0,0.0,55.0,1.7553984910463753e-05,43.0,9.230115526098836e-06,57.0,1.2864462187193671e-05,58.0,2.853787629079198e-05,59.0,3.333368498356166e-05,1.704660972863706e-05,3.333368498356166e-05,1.62870752549246e-05,at_least_40_eligible_days_in_each_year_2022_2026,descriptive_pixel_pattern_not_source_attribution_or_causal_effect,,,,,,,,,,,,,,,,,
no2_pixel_map,,,,,,,,,,,,,,,e33dfe236032_r0051_c0020,56.27525741771119,25.275115614973792,51.0,20.0,18.106800485735484,55.0,1.882552157286581e-05,43.0,9.675180100275672e-06,57.0,1.3748799563449474e-05,58.0,2.894913110324948e-05,59.0,3.644366567482546e-05,1.779965808496011e-05,3.644366567482546e-05,1.864400758986535e-05,at_least_40_eligible_days_in_each_year_2022_2026,descriptive_pixel_pattern_not_source_attribution_or_causal_effect,,,,,,,,,,,,,,,,,
no2_pixel_map,,,,,,,,,,,,,,,e33dfe236032_r0051_c0021,56.285257463454,25.275115614973792,51.0,21.0,225.14559814911456,55.0,2.0724845684315765e-05,43.0,1.0570586982930612e-05,57.0,1.5686059275068745e-05,57.0,3.014374627076974e-05,59.0,3.837775104710443e-05,1.9281309553271214e-05,3.837775104710443e-05,1.9096441493833213e-05,at_least_40_eligible_days_in_each_year_2022_2026,descriptive_pixel_pattern_not_source_attribution_or_causal_effect,,,,,,,,,,,,,,,,,
no2_pixel_map,,,,,,,,,,,,,,,e33dfe236032_r0051_c0022,56.29525750919683,25.275115614973792,51.0,22.0,0.0,55.0,2.4102330524614345e-05,43.0,1.4577115040261876e-05,58.0,1.734239443076035e-05,57.0,3.408884388699803e-05,59.0,4.190151421467369e-05,2.252767097065865e-05,4.190151421467369e-05,1.937384324401504e-05,at_least_40_eligible_days_in_each_year_2022_2026,descriptive_pixel_pattern_not_source_attribution_or_causal_effect,,,,,,,,,,,,,,,,,
no2_pixel_map,,,,,,,,,,,,,,,e33dfe236032_r0051_c0023,56.305257554939644,25.275115614973792,51.0,23.0,33.37335156312736,54.0,2.7617911460516467e-05,44.0,1.9117762478040206e-05,58.0,1.946438205692563e-05,57.0,3.658767595286541e-05,59.0,4.714417815790217e-05,2.5696932987086927e-05,4.714417815790217e-05,2.1447245170815243e-05,at_least_40_eligible_days_in_each_year_2022_2026,descriptive_pixel_pattern_not_source_attribution_or_causal_effect,,,,,,,,,,,,,,,,,
no2_pixel_map,,,,,,,,,,,,,,,e33dfe236032_r0051_c0024,56.31525760068246,25.275115614973792,51.0,24.0,515.0868250744336,55.0,3.002398530881963e-05,44.0,2.17212356271056e-05,58.0,2.2204755202433534e-05,57.0,4.094189313448486e-05,59.0,5.41647746940548e-05,2.8722967318210904e-05,5.41647746940548e-05,2.5441807375843897e-05,at_least_40_eligible_days_in_each_year_2022_2026,descriptive_pixel_pattern_not_source_attribution_or_causal_effect,,,,,,,,,,,,,,,,,
no2_pixel_map,,,,,,,,,,,,,,,e33dfe236032_r0051_c0025,56.325257646425285,25.275115614973792,51.0,25.0,429.3913532679468,55.0,3.090271600504347e-05,44.0,2.3020428427638774e-05,58.0,2.4800090255631236e-05,57.0,4.228376359603052e-05,59.0,5.8771488741510835e-05,3.0251749571086e-05,5.8771488741510835e-05,2.8519739170424836e-05,at_least_40_eligible_days_in_each_year_2022_2026,descriptive_pixel_pattern_not_source_attribution_or_causal_effect,,,,,,,,,,,,,,,,,
no2_pixel_map,,,,,,,,,,,,,,,e33dfe236032_r0051_c0026,56.3352576921681,25.275115614973792,51.0,26.0,77.6281700592387,55.0,3.292368896848718e-05,44.0,2.4716648283283093e-05,58.0,2.716237271710595e-05,59.0,4.064621764058345e-05,59.0,6.211168917919752e-05,3.1362231902364915e-05,6.211168917919752e-05,3.0749457276832603e-05,at_least_40_eligible_days_in_each_year_2022_2026,descriptive_pixel_pattern_not_source_attribution_or_causal_effect,,,,,,,,,,,,,,,,,
no2_pixel_map,,,,,,,,,,,,,,,e33dfe236032_r0051_c0027,56.34525773791091,25.275115614973792,51.0,27.0,191.63754845823343,55.0,3.349289864188679e-05,44.0,2.5350660016417113e-05,58.0,2.942483186268383e-05,59.0,4.034151391606418e-05,59.0,6.264223566834946e-05,3.215247610926298e-05,6.264223566834946e-05,3.0489759559086477e-05,at_least_40_eligible_days_in_each_year_2022_2026,descriptive_pixel_pattern_not_source_attribution_or_causal_effect,,,,,,,,,,,,,,,,,
no2_pixel_map,,,,,,,,,,,,,,,e33dfe236032_r0051_c0028,56.35525778365374,25.275115614973792,51.0,28.0,6828.702981487291,55.0,3.260425035241933e-05,44.0,2.532498084691924e-05,58.0,2.8633319197128244e-05,60.0,3.945994798346085e-05,59.0,6.283557179746696e-05,3.150562459498191e-05,6.283557179746696e-05,3.132994720248505e-05,at_least_40_eligible_days_in_each_year_2022_2026,descriptive_pixel_pattern_not_source_attribution_or_causal_effect,,,,,,,,,,,,,,,,,
no2_pixel_map,,,,,,,,,,,,,,,e33dfe236032_r0051_c0029,56.365257829396555,25.275115614973792,51.0,29.0,4200.363824959537,55.0,2.939108474670343e-05,44.0,2.3006003428261974e-05,58.0,2.600831018574334e-05,60.0,3.779847730212895e-05,59.0,6.061184553610719e-05,2.9050968915709422e-05,6.061184553610719e-05,3.156087662039776e-05,at_least_40_eligible_days_in_each_year_2022_2026,descriptive_pixel_pattern_not_source_attribution_or_causal_effect,,,,,,,,,,,,,,,,,
no2_pixel_map,,,,,,,,,,,,,,,e33dfe236032_r0051_c0030,56.37525787513937,25.275115614973792,51.0,30.0,64.55071203215321,55.0,2.5368367125293163e-05,45.0,1.8946948389786017e-05,58.0,2.294102788828754e-05,60.0,3.1900575479616844e-05,59.0,5.705590820728933e-05,2.478922972074589e-05,5.705590820728933e-05,3.2266678486543443e-05,at_least_40_eligible_days_in_each_year_2022_2026,descriptive_pixel_pattern_not_source_attribution_or_causal_effect,,,,,,,,,,,,,,,,,
no2_pixel_map,,,,,,,,,,,,,,,e33dfe236032_r0051_c0031,56.3852579208822,25.275115614973792,51.0,31.0,0.0,55.0,2.1829633603742695e-05,45.0,1.495358852975322e-05,58.0,1.8703404484230388e-05,60.0,2.98497380808094e-05,58.0,4.73814228058191e-05,2.1334091174633926e-05,4.73814228058191e-05,2.6047331631185176e-05,at_least_40_eligible_days_in_each_year_2022_2026,descriptive_pixel_pattern_not_source_attribution_or_causal_effect,,,,,,,,,,,,,,,,,
no2_pixel_map,,,,,,,,,,,,,,,e33dfe236032_r0051_c0032,56.39525796662501,25.275115614973792,51.0,32.0,0.0,55.0,1.8401891839068476e-05,45.0,1.2700442209883212e-05,58.0,1.4374919423277496e-05,60.0,2.6556501876182663e-05,58.0,4.0782530838708396e-05,1.8008438837102962e-05,4.0782530838708396e-05,2.2774092001605433e-05,at_least_40_eligible_days_in_each_year_2022_2026,descriptive_pixel_pattern_not_source_attribution_or_causal_effect,,,,,,,,,,,,,,,,,
no2_pixel_map,,,,,,,,,,,,,,,e33dfe236032_r0051_c0033,56.405258012367824,25.275115614973792,51.0,33.0,0.0,55.0,1.642580782998041e-05,45.0,1.0351586043722857e-05,58.0,1.1729975918847817e-05,60.0,2.2304728377928767e-05,58.0,3.4510101524370785e-05,1.5203024542619962e-05,3.4510101524370785e-05,1.9307076981750825e-05,at_least_40_eligible_days_in_each_year_2022_2026,descriptive_pixel_pattern_not_source_attribution_or_causal_effect,,,,,,,,,,,,,,,,,
no2_pixel_map,,,,,,,,,,,,,,,e33dfe236032_r0052_c0014,56.21525714325428,25.26511556923098,52.0,14.0,0.0,55.0,1.7517769823615196e-05,44.0,1.0188429492577458e-05,57.0,7.497508518092067e-06,58.0,3.0113200742091923e-05,59.0,2.1698893235669825e-05,1.6329227144094162e-05,2.1698893235669825e-05,5.3696660915756634e-06,at_least_40_eligible_days_in_each_year_2022_2026,descriptive_pixel_pattern_not_source_attribution_or_causal_effect,,,,,,,,,,,,,,,,,
no2_pixel_map,,,,,,,,,,,,,,,e33dfe236032_r0052_c0015,56.22525718899709,25.26511556923098,52.0,15.0,0.0,55.0,1.7712342688392856e-05,44.0,1.033005526340551e-05,57.0,8.273129493039586e-06,58.0,2.824568258297264e-05,59.0,2.3396439137392083e-05,1.6140302506952645e-05,2.3396439137392083e-05,7.256136630439438e-06,at_least_40_eligible_days_in_each_year_2022_2026,descriptive_pixel_pattern_not_source_attribution_or_causal_effect,,,,,,,,,,,,,,,,,
no2_pixel_map,,,,,,,,,,,,,,,e33dfe236032_r0052_c0016,56.23525723473992,25.26511556923098,52.0,16.0,0.0,55.0,1.7236393263163732e-05,44.0,1.014470185547025e-05,57.0,8.86061979758435e-06,58.0,2.5804300489151918e-05,59.0,2.550990202240904e-05,1.551150385134256e-05,2.550990202240904e-05,9.99839817106648e-06,at_least_40_eligible_days_in_each_year_2022_2026,descriptive_pixel_pattern_not_source_attribution_or_causal_effect,,,,,,,,,,,,,,,,,
no2_pixel_map,,,,,,,,,,,,,,,e33dfe236032_r0052_c0017,56.24525728048273,25.26511556923098,52.0,17.0,0.0,55.0,1.680875880922302e-05,44.0,8.851222831378958e-06,57.0,9.547741704465815e-06,58.0,2.538329583076764e-05,59.0,2.7117479598340078e-05,1.5147754793958857e-05,2.7117479598340078e-05,1.196972480438122e-05,at_least_40_eligible_days_in_each_year_2022_2026,descriptive_pixel_pattern_not_source_attribution_or_causal_effect,,,,,,,,,,,,,,,,,
no2_pixel_map,,,,,,,,,,,,,,,e33dfe236032_r0052_c0018,56.255257326225546,25.26511556923098,52.0,18.0,0.0,55.0,1.721143748921538e-05,43.0,9.338096997801033e-06,57.0,1.0646592660642255e-05,58.0,2.559902973029381e-05,59.0,2.736989576335686e-05,1.569878921948812e-05,2.736989576335686e-05,1.167110654386874e-05,at_least_40_eligible_days_in_each_year_2022_2026,descriptive_pixel_pattern_not_source_attribution_or_causal_effect,,,,,,,,,,,,,,,,,
no2_pixel_map,,,,,,,,,,,,,,,e33dfe236032_r0052_c0019,56.265257371968374,25.26511556923098,52.0,19.0,0.0,55.0,1.7488085636321127e-05,43.0,9.48680970324822e-06,57.0,1.1468583121992396e-05,58.0,2.733688345647525e-05,59.0,3.094868890984257e-05,1.644509047950925e-05,3.094868890984257e-05,1.4503598430333323e-05,at_least_40_eligible_days_in_each_year_2022_2026,descriptive_pixel_pattern_not_source_attribution_or_causal_effect,,,,,,,,,,,,,,,,,
no2_pixel_map,,,,,,,,,,,,,,,e33dfe236032_r0052_c0020,56.27525741771119,25.26511556923098,52.0,20.0,20.737687483005523,55.0,1.900755601139469e-05,43.0,9.612690115285466e-06,57.0,1.1925797916048723e-05,58.0,2.8393369562920814e-05,59.0,3.2562960983385245e-05,1.7234853401412425e-05,3.2562960983385245e-05,1.532810758197282e-05,at_least_40_eligible_days_in_each_year_2022_2026,descriptive_pixel_pattern_not_source_attribution_or_causal_effect,,,,,,,,,,,,,,,,,
no2_pixel_map,,,,,,,,,,,,,,,e33dfe236032_r0052_c0021,56.285257463454,25.26511556923098,52.0,21.0,22.29352553779137,54.0,2.055514317714738e-05,43.0,1.0696360709124237e-05,57.0,1.4407698349866471e-05,57.0,2.8938812841853443e-05,59.0,3.413656742151895e-05,1.8649503769497882e-05,3.413656742151895e-05,1.548706365202107e-05,at_least_40_eligible_days_in_each_year_2022_2026,descriptive_pixel_pattern_not_source_attribution_or_causal_effect,,,,,,,,,,,,,,,,,
no2_pixel_map,,,,,,,,,,,,,,,e33dfe236032_r0052_c0022,56.29525750919683,25.26511556923098,52.0,22.0,46.705111244763195,54.0,2.276440342685181e-05,43.0,1.3632511347177841e-05,58.0,1.6549787580354757e-05,57.0,3.1824077877710485e-05,59.0,3.562714692074669e-05,2.1192695058023726e-05,3.562714692074669e-05,1.4434451862722963e-05,at_least_40_eligible_days_in_each_year_2022_2026,descriptive_pixel_pattern_not_source_attribution_or_causal_effect,,,,,,,,,,,,,,,,,
no2_pixel_map,,,,,,,,,,,,,,,e33dfe236032_r0052_c0023,56.305257554939644,25.26511556923098,52.0,23.0,179.20811737688422,54.0,2.6397351919802986e-05,43.0,1.8293506673353327e-05,58.0,1.8302048612106984e-05,57.0,3.2379336519738876e-05,59.0,3.878930381236509e-05,2.3843060931250546e-05,3.878930381236509e-05,1.4946242881114542e-05,at_least_40_eligible_days_in_each_year_2022_2026,descriptive_pixel_pattern_not_source_attribution_or_causal_effect,,,,,,,,,,,,,,,,,
no2_pixel_map,,,,,,,,,,,,,,,e33dfe236032_r0052_c0024,56.31525760068246,25.26511556923098,52.0,24.0,337.31467713834473,55.0,2.896516130034076e-05,44.0,2.0212864667495534e-05,58.0,2.1251455817377617e-05,58.0,3.441008514285771e-05,59.0,4.440202357645752e-05,2.6209891732017904e-05,4.440202357645752e-05,1.8192131844439613e-05,at_least_40_eligible_days_in_each_year_2022_2026,descriptive_pixel_pattern_not_source_attribution_or_causal_effect,,,,,,,,,,,,,,,,,
no2_pixel_map,,,,,,,,,,,,,,,e33dfe236032_r0052_c0025,56.325257646425285,25.26511556923098,52.0,25.0,0.0,55.0,2.9205096321299257e-05,44.0,2.0682289815945225e-05,58.0,2.3601593827461447e-05,58.0,3.59701573993708e-05,59.0,4.772883834859646e-05,2.736478434101918e-05,4.772883834859646e-05,2.0364054007577277e-05,at_least_40_eligible_days_in_each_year_2022_2026,descriptive_pixel_pattern_not_source_attribution_or_causal_effect,,,,,,,,,,,,,,,,,
no2_pixel_map,,,,,,,,,,,,,,,e33dfe236032_r0052_c0026,56.3352576921681,25.26511556923098,52.0,26.0,2.494012138383838,55.0,3.084630160310163e-05,44.0,2.1725193748047712e-05,58.0,2.492928843140593e-05,59.0,3.5444574128188596e-05,59.0,4.979752344893928e-05,2.8236339477685965e-05,4.979752344893928e-05,2.1561183971253317e-05,at_least_40_eligible_days_in_each_year_2022_2026,descriptive_pixel_pattern_not_source_attribution_or_causal_effect,,,,,,,,,,,,,,,,,
no2_pixel_map,,,,,,,,,,,,,,,e33dfe236032_r0052_c0027,56.34525773791091,25.26511556923098,52.0,27.0,562.4786801036538,55.0,3.153189749449772e-05,44.0,2.1552514727551014e-05,58.0,2.7791490336653268e-05,59.0,3.477884540273905e-05,59.0,4.972626419992176e-05,2.8913686990360262e-05,4.972626419992176e-05,2.0812577209561496e-05,at_least_40_eligible_days_in_each_year_2022_2026,descriptive_pixel_pattern_not_source_attribution_or_causal_effect,,,,,,,,,,,,,,,,,
no2_pixel_map,,,,,,,,,,,,,,,e33dfe236032_r0052_c0028,56.35525778365374,25.26511556923098,52.0,28.0,702.9377903957597,55.0,3.030419397885641e-05,44.0,2.065249985441734e-05,58.0,2.7540030356213552e-05,60.0,3.365857089428087e-05,59.0,5.001532936344118e-05,2.8038823770942043e-05,5.001532936344118e-05,2.1976505592499136e-05,at_least_40_eligible_days_in_each_year_2022_2026,descriptive_pixel_pattern_not_source_attribution_or_causal_effect,,,,,,,,,,,,,,,,,
no2_pixel_map,,,,,,,,,,,,,,,e33dfe236032_r0052_c0029,56.365257829396555,25.26511556923098,52.0,29.0,831.4112908685203,55.0,2.7886130833101128e-05,44.0,1.865817963320909e-05,58.0,2.4438632661599157e-05,60.0,3.2109451063586676e-05,59.0,4.822030961568472e-05,2.5773098547874016e-05,4.822030961568472e-05,2.2447211067810708e-05,at_least_40_eligible_days_in_each_year_2022_2026,descriptive_pixel_pattern_not_source_attribution_or_causal_effect,,,,,,,,,,,,,,,,,
no2_pixel_map,,,,,,,,,,,,,,,e33dfe236032_r0052_c0030,56.37525787513937,25.26511556923098,52.0,30.0,12.430132754502996,55.0,2.327331929100619e-05,45.0,1.5403373677546813e-05,58.0,2.1418418816206485e-05,60.0,2.7841030841274308e-05,59.0,4.581088180120708e-05,2.1984035656508448e-05,4.581088180120708e-05,2.3826846144698634e-05,at_least_40_eligible_days_in_each_year_2022_2026,descriptive_pixel_pattern_not_source_attribution_or_causal_effect,,,,,,,,,,,,,,,,,
no2_pixel_map,,,,,,,,,,,,,,,e33dfe236032_r0052_c0031,56.3852579208822,25.26511556923098,52.0,31.0,0.0,55.0,2.0180360012541957e-05,45.0,1.3128743395097483e-05,58.0,1.7328619412178613e-05,60.0,2.4514744357097393e-05,58.0,3.838774676865678e-05,1.878811679422886e-05,3.838774676865678e-05,1.9599629974427923e-05,at_least_40_eligible_days_in_each_year_2022_2026,descriptive_pixel_pattern_not_source_attribution_or_causal_effect,,,,,,,,,,,,,,,,,
no2_pixel_map,,,,,,,,,,,,,,,e33dfe236032_r0052_c0032,56.39525796662501,25.26511556923098,52.0,32.0,0.0,55.0,1.7654508747120482e-05,45.0,1.0772913344829893e-05,58.0,1.3635887800926607e-05,60.0,2.2914585987792935e-05,58.0,3.368976273786137e-05,1.6244473970167478e-05,3.368976273786137e-05,1.7445288767693893e-05,at_least_40_eligible_days_in_each_year_2022_2026,descriptive_pixel_pattern_not_source_attribution_or_causal_effect,,,,,,,,,,,,,,,,,
no2_pixel_map,,,,,,,,,,,,,,,e33dfe236032_r0052_c0033,56.405258012367824,25.26511556923098,52.0,33.0,0.0,55.0,1.596737097327793e-05,45.0,9.449336255478291e-06,58.0,1.1258019987347221e-05,60.0,1.9340569487441218e-05,58.0,2.897785111290753e-05,1.4003824175886163e-05,2.897785111290753e-05,1.4974026937021365e-05,at_least_40_eligible_days_in_each_year_2022_2026,descriptive_pixel_pattern_not_source_attribution_or_causal_effect,,,,,,,,,,,,,,,,,
no2_pixel_map,,,,,,,,,,,,,,,e33dfe236032_r0053_c0014,56.21525714325428,25.255115523488158,53.0,14.0,17.77243578992784,55.0,1.7687491655161613e-05,44.0,1.0035952457781217e-05,57.0,6.9875253520323915e-06,58.0,2.9763818666024717e-05,59.0,2.1851101274445266e-05,1.6118697032749984e-05,2.1851101274445266e-05,5.732404241695282e-06,at_least_40_eligible_days_in_each_year_2022_2026,descriptive_pixel_pattern_not_source_attribution_or_causal_effect,,,,,,,,,,,,,,,,,
no2_pixel_map,,,,,,,,,,,,,,,e33dfe236032_r0053_c0015,56.22525718899709,25.255115523488158,53.0,15.0,0.0,55.0,1.727055831588196e-05,44.0,9.953474310640915e-06,57.0,7.768530439878122e-06,58.0,2.8397594730324503e-05,59.0,2.2178648854464787e-05,1.5847539449181376e-05,2.2178648854464787e-05,6.331109405283411e-06,at_least_40_eligible_days_in_each_year_2022_2026,descriptive_pixel_pattern_not_source_attribution_or_causal_effect,,,,,,,,,,,,,,,,,
no2_pixel_map,,,,,,,,,,,,,,,e33dfe236032_r0053_c0016,56.23525723473992,25.255115523488158,53.0,16.0,0.0,55.0,1.6950384596587337e-05,44.0,9.881132481951872e-06,57.0,8.036601673642772e-06,58.0,2.5905187349335874e-05,59.0,2.3455045311136572e-05,1.5193326525379463e-05,2.3455045311136572e-05,8.261718785757108e-06,at_least_40_eligible_days_in_each_year_2022_2026,descriptive_pixel_pattern_not_source_attribution_or_causal_effect,,,,,,,,,,,,,,,,,
no2_pixel_map,,,,,,,,,,,,,,,e33dfe236032_r0053_c0017,56.24525728048273,25.255115523488158,53.0,17.0,0.0,55.0,1.665865937547615e-05,44.0,8.480499479241132e-06,57.0,8.67081603987547e-06,58.0,2.50272767014333e-05,59.0,2.559546722229118e-05,1.4709312899006512e-05,2.559546722229118e-05,1.0886154323284666e-05,at_least_40_eligible_days_in_each_year_2022_2026,descriptive_pixel_pattern_not_source_attribution_or_causal_effect,,,,,,,,,,,,,,,,,
no2_pixel_map,,,,,,,,,,,,,,,e33dfe236032_r0053_c0018,56.255257326225546,25.255115523488158,53.0,18.0,0.0,55.0,1.7356597407628115e-05,44.0,8.205301761213238e-06,57.0,9.732408061681375e-06,58.0,2.5675228199988705e-05,59.0,2.466788664801241e-05,1.5242383857627859e-05,2.466788664801241e-05,9.42550279038455e-06,at_least_40_eligible_days_in_each_year_2022_2026,descriptive_pixel_pattern_not_source_attribution_or_causal_effect,,,,,,,,,,,,,,,,,
no2_pixel_map,,,,,,,,,,,,,,,e33dfe236032_r0053_c0019,56.265257371968374,25.255115523488158,53.0,19.0,0.0,55.0,1.7848592039168313e-05,43.0,9.47200253727425e-06,57.0,1.1029449274079884e-05,58.0,2.633621664649441e-05,59.0,2.7356125396965435e-05,1.6171565124254214e-05,2.7356125396965435e-05,1.1184560272711221e-05,at_least_40_eligible_days_in_each_year_2022_2026,descriptive_pixel_pattern_not_source_attribution_or_causal_effect,,,,,,,,,,,,,,,,,
no2_pixel_map,,,,,,,,,,,,,,,e33dfe236032_r0053_c0020,56.27525741771119,25.255115523488158,53.0,20.0,0.0,55.0,1.895275025753627e-05,43.0,9.425433785814567e-06,57.0,1.1427518893701738e-05,58.0,2.6779525219792905e-05,59.0,2.866185635661459e-05,1.664630703921137e-05,2.866185635661459e-05,1.201554931740322e-05,at_least_40_eligible_days_in_each_year_2022_2026,descriptive_pixel_pattern_not_source_attribution_or_causal_effect,,,,,,,,,,,,,,,,,
no2_pixel_map,,,,,,,,,,,,,,,e33dfe236032_r0053_c0021,56.285257463454,25.255115523488158,53.0,21.0,0.0,55.0,2.0007476215179087e-05,43.0,9.94475923692235e-06,57.0,1.3280078161547265e-05,58.0,2.6752304764692226e-05,59.0,2.974078548176046e-05,1.749615459458523e-05,2.974078548176046e-05,1.2244630887175228e-05,at_least_40_eligible_days_in_each_year_2022_2026,descriptive_pixel_pattern_not_source_attribution_or_causal_effect,,,,,,,,,,,,,,,,,
no2_pixel_map,,,,,,,,,,,,,,,e33dfe236032_r0053_c0022,56.29525750919683,25.255115523488158,53.0,22.0,0.2910979273181866,54.0,2.125867246241222e-05,43.0,1.1560154740403767e-05,58.0,1.5492708671534954e-05,58.0,2.8359798278610045e-05,59.0,3.11642621535881e-05,1.9167833538240246e-05,3.11642621535881e-05,1.1996428615347853e-05,at_least_40_eligible_days_in_each_year_2022_2026,descriptive_pixel_pattern_not_source_attribution_or_causal_effect,,,,,,,,,,,,,,,,,
no2_pixel_map,,,,,,,,,,,,,,,e33dfe236032_r0053_c0023,56.305257554939644,25.255115523488158,53.0,23.0,0.0,54.0,2.516198098839122e-05,44.0,1.5819569775332816e-05,58.0,1.7232402180050538e-05,58.0,2.9249895402831105e-05,59.0,3.283201344050488e-05,2.186596208665142e-05,3.283201344050488e-05,1.0966051353853461e-05,at_least_40_eligible_days_in_each_year_2022_2026,descriptive_pixel_pattern_not_source_attribution_or_causal_effect,,,,,,,,,,,,,,,,,
no2_pixel_map,,,,,,,,,,,,,,,e33dfe236032_r0053_c0024,56.31525760068246,25.255115523488158,53.0,24.0,0.0,54.0,2.8139662532427133e-05,44.0,1.7804967564131993e-05,58.0,2.0067175983148216e-05,58.0,3.0567087538302156e-05,59.0,3.6967793566978874e-05,2.4144723404502375e-05,3.6967793566978874e-05,1.2823070162476498e-05,at_least_40_eligible_days_in_each_year_2022_2026,descriptive_pixel_pattern_not_source_attribution_or_causal_effect,,,,,,,,,,,,,,,,,
no2_pixel_map,,,,,,,,,,,,,,,e33dfe236032_r0053_c0025,56.325257646425285,25.255115523488158,53.0,25.0,6.4499598239252585,55.0,2.801459060979991e-05,44.0,1.8322375255288464e-05,58.0,2.2230381721026528e-05,58.0,3.239010129909392e-05,59.0,4.170546587986451e-05,2.5239362221302208e-05,4.170546587986451e-05,1.64661036585623e-05,at_least_40_eligible_days_in_each_year_2022_2026,descriptive_pixel_pattern_not_source_attribution_or_causal_effect,,,,,,,,,,,,,,,,,
no2_pixel_map,,,,,,,,,,,,,,,e33dfe236032_r0053_c0026,56.3352576921681,25.255115523488158,53.0,26.0,77.47074545229798,55.0,2.8878145808155318e-05,44.0,1.9563479745417443e-05,58.0,2.3097805957741432e-05,59.0,3.208595118163511e-05,59.0,4.5066843238829896e-05,2.5906345673237327e-05,4.5066843238829896e-05,1.9160497565592568e-05,at_least_40_eligible_days_in_each_year_2022_2026,descriptive_pixel_pattern_not_source_attribution_or_causal_effect,,,,,,,,,,,,,,,,,
no2_pixel_map,,,,,,,,,,,,,,,e33dfe236032_r0053_c0027,56.34525773791091,25.255115523488158,53.0,27.0,61.08124902528894,55.0,2.8803104491705675e-05,43.0,2.069798845201916e-05,58.0,2.4956317234019628e-05,59.0,3.109954757307856e-05,59.0,4.539867870098916e-05,2.6389239437705758e-05,4.539867870098916e-05,1.9009439263283405e-05,at_least_40_eligible_days_in_each_year_2022_2026,descriptive_pixel_pattern_not_source_attribution_or_causal_effect,,,,,,,,,,,,,,,,,
no2_pixel_map,,,,,,,,,,,,,,,e33dfe236032_r0053_c0028,56.35525778365374,25.255115523488158,53.0,28.0,246.6337542737319,55.0,2.7519944652377638e-05,43.0,1.9476568117264215e-05,58.0,2.4628647493605958e-05,60.0,3.049560910396212e-05,59.0,4.53107459168315e-05,2.5530192341802483e-05,4.53107459168315e-05,1.9780553575029017e-05,at_least_40_eligible_days_in_each_year_2022_2026,descriptive_pixel_pattern_not_source_attribution_or_causal_effect,,,,,,,,,,,,,,,,,
no2_pixel_map,,,,,,,,,,,,,,,e33dfe236032_r0053_c0029,56.365257829396555,25.255115523488158,53.0,29.0,654.62456166629,55.0,2.6098865365421407e-05,44.0,1.7606406143412237e-05,58.0,2.1845582698158718e-05,60.0,2.8370065719401585e-05,59.0,4.387530821812305e-05,2.348022998159849e-05,4.387530821812305e-05,2.0395078236524562e-05,at_least_40_eligible_days_in_each_year_2022_2026,descriptive_pixel_pattern_not_source_attribution_or_causal_effect,,,,,,,,,,,,,,,,,
no2_pixel_map,,,,,,,,,,,,,,,e33dfe236032_r0053_c0030,56.37525787513937,25.255115523488158,53.0,30.0,0.05881023180083268,55.0,2.2427927991674038e-05,45.0,1.460595689715707e-05,58.0,1.9104086828484302e-05,60.0,2.5151870376477136e-05,59.0,4.210144516694957e-05,2.0322460523448138e-05,4.210144516694957e-05,2.1778984643501432e-05,at_least_40_eligible_days_in_each_year_2022_2026,descriptive_pixel_pattern_not_source_attribution_or_causal_effect,,,,,,,,,,,,,,,,,
no2_pixel_map,,,,,,,,,,,,,,,e33dfe236032_r0053_c0031,56.3852579208822,25.255115523488158,53.0,31.0,0.0,55.0,1.977489933708328e-05,45.0,1.2245271276997641e-05,58.0,1.596204645004612e-05,60.0,2.0599541712046023e-05,59.0,3.7919217392698665e-05,1.7145439694043266e-05,3.7919217392698665e-05,2.07737776986554e-05,at_least_40_eligible_days_in_each_year_2022_2026,descriptive_pixel_pattern_not_source_attribution_or_causal_effect,,,,,,,,,,,,,,,,,
no2_pixel_map,,,,,,,,,,,,,,,e33dfe236032_r0053_c0032,56.39525796662501,25.255115523488158,53.0,32.0,0.0,55.0,1.7237823617213077e-05,45.0,9.687261605497585e-06,58.0,1.2512795884938948e-05,60.0,1.9483613086096132e-05,58.0,2.9907086491268097e-05,1.4730373548436435e-05,2.9907086491268097e-05,1.5176712942831661e-05,at_least_40_eligible_days_in_each_year_2022_2026,descriptive_pixel_pattern_not_source_attribution_or_causal_effect,,,,,,,,,,,,,,,,,
no2_pixel_map,,,,,,,,,,,,,,,e33dfe236032_r0053_c0033,56.405258012367824,25.255115523488158,53.0,33.0,0.0,55.0,1.5164536353160721e-05,45.0,8.720872634004523e-06,57.0,9.3455886043116e-06,60.0,1.710601667514432e-05,58.0,2.5477478822832174e-05,1.2584253566655291e-05,2.5477478822832174e-05,1.2893225256176882e-05,at_least_40_eligible_days_in_each_year_2022_2026,descriptive_pixel_pattern_not_source_attribution_or_causal_effect,,,,,,,,,,,,,,,,,
no2_pixel_map,,,,,,,,,,,,,,,e33dfe236032_r0054_c0014,56.21525714325428,25.245115477745337,54.0,14.0,0.0,55.0,1.7180718561530967e-05,44.0,9.645089916418024e-06,57.0,6.732369645099003e-06,58.0,2.9195593410302952e-05,59.0,2.164021276083275e-05,1.5688442883337737e-05,2.164021276083275e-05,5.951769877495015e-06,at_least_40_eligible_days_in_each_year_2022_2026,descriptive_pixel_pattern_not_source_attribution_or_causal_effect,,,,,,,,,,,,,,,,,
no2_pixel_map,,,,,,,,,,,,,,,e33dfe236032_r0054_c0015,56.22525718899709,25.245115477745337,54.0,15.0,0.0,55.0,1.6846406829778623e-05,44.0,9.481071600559626e-06,57.0,7.463168742593274e-06,58.0,2.8321687048039082e-05,59.0,2.1311296807496498e-05,1.552808355524265e-05,2.1311296807496498e-05,5.783213252253847e-06,at_least_40_eligible_days_in_each_year_2022_2026,descriptive_pixel_pattern_not_source_attribution_or_causal_effect,,,,,,,,,,,,,,,,,
no2_pixel_map,,,,,,,,,,,,,,,e33dfe236032_r0054_c0016,56.23525723473992,25.245115477745337,54.0,16.0,0.329217229130056,55.0,1.7163193987674257e-05,44.0,9.530475807507283e-06,57.0,7.696618289413676e-06,58.0,2.600004043349695e-05,59.0,2.2579360566201627e-05,1.509758212952304e-05,2.2579360566201627e-05,7.481778436678586e-06,at_least_40_eligible_days_in_each_year_2022_2026,descriptive_pixel_pattern_not_source_attribution_or_causal_effect,,,,,,,,,,,,,,,,,
no2_pixel_map,,,,,,,,,,,,,,,e33dfe236032_r0054_c0017,56.24525728048273,25.245115477745337,54.0,17.0,1.6281172297005022,55.0,1.6906937836248436e-05,44.0,9.14842788209033e-06,57.0,8.159676953917984e-06,58.0,2.4536693565755124e-05,59.0,2.4689547605454438e-05,1.4687934059502969e-05,2.4689547605454438e-05,1.0001613545951469e-05,at_least_40_eligible_days_in_each_year_2022_2026,descriptive_pixel_pattern_not_source_attribution_or_causal_effect,,,,,,,,,,,,,,,,,
no2_pixel_map,,,,,,,,,,,,,,,e33dfe236032_r0054_c0018,56.255257326225546,25.245115477745337,54.0,18.0,15.658674858510494,55.0,1.7436337041416976e-05,44.0,8.39948454371331e-06,57.0,9.007451526239197e-06,58.0,2.5317437092718338e-05,59.0,2.433183951628636e-05,1.5040177551021955e-05,2.433183951628636e-05,9.291661965264406e-06,at_least_40_eligible_days_in_each_year_2022_2026,descriptive_pixel_pattern_not_source_attribution_or_causal_effect,,,,,,,,,,,,,,,,,
no2_pixel_map,,,,,,,,,,,,,,,e33dfe236032_r0054_c0019,56.265257371968374,25.245115477745337,54.0,19.0,0.0,55.0,1.831735695234145e-05,43.0,9.754406649069983e-06,57.0,1.0331906664114358e-05,58.0,2.5270882222904733e-05,59.0,2.538772124410075e-05,1.591863812210763e-05,2.538772124410075e-05,9.469083121993121e-06,at_least_40_eligible_days_in_each_year_2022_2026,descriptive_pixel_pattern_not_source_attribution_or_causal_effect,,,,,,,,,,,,,,,,,
no2_pixel_map,,,,,,,,,,,,,,,e33dfe236032_r0054_c0020,56.27525741771119,25.245115477745337,54.0,20.0,0.0,55.0,1.9378449538259353e-05,44.0,9.356304050207087e-06,57.0,1.1014833215540971e-05,59.0,2.564271211583437e-05,59.0,2.6607086278566256e-05,1.6348074729960447e-05,2.6607086278566256e-05,1.025901154860581e-05,at_least_40_eligible_days_in_each_year_2022_2026,descriptive_pixel_pattern_not_source_attribution_or_causal_effect,,,,,,,,,,,,,,,,,
no2_pixel_map,,,,,,,,,,,,,,,e33dfe236032_r0054_c0021,56.285257463454,25.245115477745337,54.0,21.0,0.0,55.0,1.992117072416665e-05,44.0,9.648143330222008e-06,57.0,1.2061772352250564e-05,59.0,2.6424391334242422e-05,59.0,2.6516335848992173e-05,1.701386943522041e-05,2.6516335848992173e-05,9.502466413771762e-06,at_least_40_eligible_days_in_each_year_2022_2026,descriptive_pixel_pattern_not_source_attribution_or_causal_effect,,,,,,,,,,,,,,,,,
no2_pixel_map,,,,,,,,,,,,,,,e33dfe236032_r0054_c0022,56.29525750919683,25.245115477745337,54.0,22.0,0.0,54.0,2.1072794886957245e-05,44.0,1.0421808388219946e-05,58.0,1.4333209808082872e-05,58.0,2.7578079553793328e-05,59.0,2.7557061263810957e-05,1.8351473159263348e-05,2.7557061263810957e-05,9.205588104547609e-06,at_least_40_eligible_days_in_each_year_2022_2026,descriptive_pixel_pattern_not_source_attribution_or_causal_effect,,,,,,,,,,,,,,,,,
no2_pixel_map,,,,,,,,,,,,,,,e33dfe236032_r0054_c0023,56.305257554939644,25.245115477745337,54.0,23.0,0.0,54.0,2.4898144861914176e-05,44.0,1.4632864478394297e-05,58.0,1.660281353633336e-05,58.0,2.8879365818682047e-05,59.0,2.8923630913809322e-05,2.1253297173830968e-05,2.8923630913809322e-05,7.670333739978354e-06,at_least_40_eligible_days_in_each_year_2022_2026,descriptive_pixel_pattern_not_source_attribution_or_causal_effect,,,,,,,,,,,,,,,,,
no2_pixel_map,,,,,,,,,,,,,,,e33dfe236032_r0054_c0024,56.31525760068246,25.245115477745337,54.0,24.0,0.0,54.0,2.736542680478223e-05,44.0,1.8016320283700154e-05,58.0,1.8988186907896297e-05,58.0,2.9371672979972148e-05,59.0,3.1452936234385757e-05,2.343540174408771e-05,3.1452936234385757e-05,8.017534490298047e-06,at_least_40_eligible_days_in_each_year_2022_2026,descriptive_pixel_pattern_not_source_attribution_or_causal_effect,,,,,,,,,,,,,,,,,
no2_pixel_map,,,,,,,,,,,,,,,e33dfe236032_r0054_c0025,56.325257646425285,25.245115477745337,54.0,25.0,1.3408647681882369,55.0,2.775395710998326e-05,43.0,1.9168340278229212e-05,58.0,2.077790776835874e-05,58.0,3.0706048763357746e-05,59.0,3.671884942110886e-05,2.4601563479982238e-05,3.671884942110886e-05,1.2117285941126621e-05,at_least_40_eligible_days_in_each_year_2022_2026,descriptive_pixel_pattern_not_source_attribution_or_causal_effect,,,,,,,,,,,,,,,,,
no2_pixel_map,,,,,,,,,,,,,,,e33dfe236032_r0054_c0026,56.3352576921681,25.245115477745337,54.0,26.0,437.99930030001593,55.0,2.8192119576938883e-05,43.0,2.0140258127707286e-05,58.0,2.2442253529706333e-05,59.0,2.945783619853505e-05,59.0,4.053065862484629e-05,2.5058116858221887e-05,4.053065862484629e-05,1.5472541766624405e-05,at_least_40_eligible_days_in_each_year_2022_2026,descriptive_pixel_pattern_not_source_attribution_or_causal_effect,,,,,,,,,,,,,,,,,
no2_pixel_map,,,,,,,,,,,,,,,e33dfe236032_r0054_c0027,56.34525773791091,25.245115477745337,54.0,27.0,2556.3933170831524,55.0,2.7171268890466043e-05,43.0,2.0038798621360463e-05,58.0,2.2308615263521358e-05,59.0,2.7377263293342487e-05,59.0,4.121668042770639e-05,2.4223986517172587e-05,4.121668042770639e-05,1.6992693910533806e-05,at_least_40_eligible_days_in_each_year_2022_2026,descriptive_pixel_pattern_not_source_attribution_or_causal_effect,,,,,,,,,,,,,,,,,
no2_pixel_map,,,,,,,,,,,,,,,e33dfe236032_r0054_c0028,56.35525778365374,25.245115477745337,54.0,28.0,505.1787438771133,55.0,2.5930855202903727e-05,43.0,1.8249070158193312e-05,58.0,2.1665169150823445e-05,60.0,2.6378212538400474e-05,59.0,3.932066557873377e-05,2.305582676258024e-05,3.932066557873377e-05,1.6264838816153532e-05,at_least_40_eligible_days_in_each_year_2022_2026,descriptive_pixel_pattern_not_source_attribution_or_causal_effect,,,,,,,,,,,,,,,,,
no2_pixel_map,,,,,,,,,,,,,,,e33dfe236032_r0054_c0029,56.365257829396555,25.245115477745337,54.0,29.0,89.05608443861486,55.0,2.4202062340212233e-05,44.0,1.5839689451762763e-05,58.0,1.8313142283498462e-05,60.0,2.4757682821701867e-05,59.0,3.619706888853522e-05,2.077814422429383e-05,3.619706888853522e-05,1.5418924664241392e-05,at_least_40_eligible_days_in_each_year_2022_2026,descriptive_pixel_pattern_not_source_attribution_or_causal_effect,,,,,,,,,,,,,,,,,
no2_pixel_map,,,,,,,,,,,,,,,e33dfe236032_r0054_c0030,56.37525787513937,25.245115477745337,54.0,30.0,0.0,55.0,2.0660915218158464e-05,44.0,1.3627680557487123e-05,58.0,1.5123817275515105e-05,60.0,2.2528710790161008e-05,59.0,3.3662867403430364e-05,1.7985280960330425e-05,3.3662867403430364e-05,1.567758644309994e-05,at_least_40_eligible_days_in_each_year_2022_2026,descriptive_pixel_pattern_not_source_attribution_or_causal_effect,,,,,,,,,,,,,,,,,
no2_pixel_map,,,,,,,,,,,,,,,e33dfe236032_r0054_c0031,56.3852579208822,25.245115477745337,54.0,31.0,0.0,55.0,1.827132603643827e-05,45.0,1.0875873521194826e-05,58.0,1.2226835007034634e-05,60.0,1.8803583867264022e-05,59.0,3.1021127203127216e-05,1.5044404607982938e-05,3.1021127203127216e-05,1.5976722595144277e-05,at_least_40_eligible_days_in_each_year_2022_2026,descriptive_pixel_pattern_not_source_attribution_or_causal_effect,,,,,,,,,,,,,,,,,
no2_pixel_map,,,,,,,,,,,,,,,e33dfe236032_r0054_c0032,56.39525796662501,25.245115477745337,54.0,32.0,0.0,55.0,1.6187036995312717e-05,45.0,8.841485779154975e-06,57.0,9.875662157300397e-06,60.0,1.7534447736202004e-05,58.0,2.4176282660642705e-05,1.3109658166992525e-05,2.4176282660642705e-05,1.106662449365018e-05,at_least_40_eligible_days_in_each_year_2022_2026,descriptive_pixel_pattern_not_source_attribution_or_causal_effect,,,,,,,,,,,,,,,,,
no2_pixel_map,,,,,,,,,,,,,,,e33dfe236032_r0055_c0015,56.22525718899709,25.235115432002523,55.0,15.0,11.39100415377421,55.0,1.663023214293247e-05,44.0,9.586307165468358e-06,57.0,7.2424708220852445e-06,58.0,2.718556056760448e-05,59.0,2.1879655276816866e-05,1.5161142674522639e-05,2.1879655276816866e-05,6.718512602294227e-06,at_least_40_eligible_days_in_each_year_2022_2026,descriptive_pixel_pattern_not_source_attribution_or_causal_effect,,,,,,,,,,,,,,,,,
no2_pixel_map,,,,,,,,,,,,,,,e33dfe236032_r0055_c0016,56.23525723473992,25.235115432002523,55.0,16.0,0.20087433402864777,55.0,1.7076701934494088e-05,44.0,1.0217687937133493e-05,57.0,6.903732743531492e-06,58.0,2.5617203002529546e-05,59.0,2.274919849691886e-05,1.4953831404422156e-05,2.274919849691886e-05,7.795367092496706e-06,at_least_40_eligible_days_in_each_year_2022_2026,descriptive_pixel_pattern_not_source_attribution_or_causal_effect,,,,,,,,,,,,,,,,,
no2_pixel_map,,,,,,,,,,,,,,,e33dfe236032_r0055_c0017,56.24525728048273,25.235115432002523,55.0,17.0,0.0,54.0,1.7097434136284623e-05,45.0,9.70960611175273e-06,57.0,7.507849568587509e-06,58.0,2.3752422453824485e-05,59.0,2.4305884448978155e-05,1.4516828067612338e-05,2.4305884448978155e-05,9.789056381365818e-06,at_least_40_eligible_days_in_each_year_2022_2026,descriptive_pixel_pattern_not_source_attribution_or_causal_effect,,,,,,,,,,,,,,,,,
no2_pixel_map,,,,,,,,,,,,,,,e33dfe236032_r0055_c0018,56.255257326225546,25.235115432002523,55.0,18.0,0.0,55.0,1.7517695046614442e-05,45.0,8.366256728850544e-06,57.0,8.501623889340066e-06,59.0,2.4515233269428328e-05,59.0,2.5335677799142286e-05,1.4725202233558345e-05,2.5335677799142286e-05,1.061047556558394e-05,at_least_40_eligible_days_in_each_year_2022_2026,descriptive_pixel_pattern_not_source_attribution_or_causal_effect,,,,,,,,,,,,,,,,,
no2_pixel_map,,,,,,,,,,,,,,,e33dfe236032_r0055_c0019,56.265257371968374,25.235115432002523,55.0,19.0,28.06108408616035,55.0,1.9101877457983208e-05,44.0,9.106891209765815e-06,57.0,1.0234547585872486e-05,59.0,2.451112444983868e-05,59.0,2.3899864186233878e-05,1.573861017586505e-05,2.3899864186233878e-05,8.161254010368829e-06,at_least_40_eligible_days_in_each_year_2022_2026,descriptive_pixel_pattern_not_source_attribution_or_causal_effect,,,,,,,,,,,,,,,,,
no2_pixel_map,,,,,,,,,,,,,,,e33dfe236032_r0055_c0020,56.27525741771119,25.235115432002523,55.0,20.0,0.0,55.0,2.043161539829955e-05,44.0,9.35491570654483e-06,57.0,1.169338538466091e-05,59.0,2.484098115983018e-05,59.0,2.500384239864367e-05,1.658022441233387e-05,2.500384239864367e-05,8.4236179863098e-06,at_least_40_eligible_days_in_each_year_2022_2026,descriptive_pixel_pattern_not_source_attribution_or_causal_effect,,,,,,,,,,,,,,,,,
no2_pixel_map,,,,,,,,,,,,,,,e33dfe236032_r0055_c0021,56.285257463454,25.235115432002523,55.0,21.0,0.0,55.0,2.0963176356620333e-05,44.0,1.0127843329702304e-05,57.0,1.2624335353657515e-05,59.0,2.518209747589029e-05,59.0,2.4748317981530505e-05,1.722436312896761e-05,2.4748317981530505e-05,7.523954852562895e-06,at_least_40_eligible_days_in_each_year_2022_2026,descriptive_pixel_pattern_not_source_attribution_or_causal_effect,,,,,,,,,,,,,,,,,
no2_pixel_map,,,,,,,,,,,,,,,e33dfe236032_r0055_c0022,56.29525750919683,25.235115432002523,55.0,22.0,0.0,54.0,2.1971831612319386e-05,44.0,1.1729914980962527e-05,57.0,1.4794751084649227e-05,58.0,2.5476145595840646e-05,59.0,2.568531734460149e-05,1.8493160818442948e-05,2.568531734460149e-05,7.192156526158542e-06,at_least_40_eligible_days_in_each_year_2022_2026,descriptive_pixel_pattern_not_source_attribution_or_causal_effect,,,,,,,,,,,,,,,,,
no2_pixel_map,,,,,,,,,,,,,,,e33dfe236032_r0055_c0023,56.305257554939644,25.235115432002523,55.0,23.0,0.0,54.0,2.4639679604816002e-05,44.0,1.4458241909060577e-05,58.0,1.8183333021369834e-05,58.0,2.6695626952073876e-05,59.0,2.7594349035897533e-05,2.0994220371830074e-05,2.7594349035897533e-05,6.600128664067459e-06,at_least_40_eligible_days_in_each_year_2022_2026,descriptive_pixel_pattern_not_source_attribution_or_causal_effect,,,,,,,,,,,,,,,,,
no2_pixel_map,,,,,,,,,,,,,,,e33dfe236032_r0055_c0024,56.31525760068246,25.235115432002523,55.0,24.0,0.0,54.0,2.7055736582870934e-05,44.0,1.8524892771257587e-05,58.0,2.000513175996381e-05,58.0,2.6898422944486575e-05,59.0,2.9606690908635195e-05,2.3121046014644726e-05,2.9606690908635195e-05,6.48564489399047e-06,at_least_40_eligible_days_in_each_year_2022_2026,descriptive_pixel_pattern_not_source_attribution_or_causal_effect,,,,,,,,,,,,,,,,,
no2_pixel_map,,,,,,,,,,,,,,,e33dfe236032_r0055_c0025,56.325257646425285,25.235115432002523,55.0,25.0,0.0,55.0,2.8484176317136998e-05,44.0,1.911195787615015e-05,58.0,2.1842365564503458e-05,58.0,2.7777799384229545e-05,59.0,3.4251761399867554e-05,2.430407478550504e-05,3.4251761399867554e-05,9.947686614362515e-06,at_least_40_eligible_days_in_each_year_2022_2026,descriptive_pixel_pattern_not_source_attribution_or_causal_effect,,,,,,,,,,,,,,,,,
no2_pixel_map,,,,,,,,,,,,,,,e33dfe236032_r0055_c0026,56.3352576921681,25.235115432002523,55.0,26.0,316.484983440772,55.0,2.8600668631824506e-05,43.0,2.033590202882833e-05,58.0,2.2587838102884757e-05,58.0,2.744013849953615e-05,59.0,3.676807725545261e-05,2.4741136815768437e-05,3.676807725545261e-05,1.2026940439684172e-05,at_least_40_eligible_days_in_each_year_2022_2026,descriptive_pixel_pattern_not_source_attribution_or_causal_effect,,,,,,,,,,,,,,,,,
no2_pixel_map,,,,,,,,,,,,,,,e33dfe236032_r0055_c0027,56.34525773791091,25.235115432002523,55.0,27.0,1643.2868978352085,55.0,2.738230493224718e-05,43.0,1.9809442247467366e-05,58.0,2.1522655784443477e-05,59.0,2.5243745587696507e-05,59.0,3.760286507585138e-05,2.3489537137963633e-05,3.760286507585138e-05,1.411332793788775e-05,at_least_40_eligible_days_in_each_year_2022_2026,descriptive_pixel_pattern_not_source_attribution_or_causal_effect,,,,,,,,,,,,,,,,,
no2_pixel_map,,,,,,,,,,,,,,,e33dfe236032_r0055_c0028,56.35525778365374,25.235115432002523,55.0,28.0,1539.2042787419953,55.0,2.5100971978848048e-05,43.0,1.7773192326541202e-05,58.0,1.999857982285601e-05,59.0,2.440359070032609e-05,59.0,3.521703239032799e-05,2.1819083707142836e-05,3.521703239032799e-05,1.3397948683185151e-05,at_least_40_eligible_days_in_each_year_2022_2026,descriptive_pixel_pattern_not_source_attribution_or_causal_effect,,,,,,,,,,,,,,,,,
no2_pixel_map,,,,,,,,,,,,,,,e33dfe236032_r0055_c0029,56.365257829396555,25.235115432002523,55.0,29.0,106.22965637503724,55.0,2.32241232012507e-05,43.0,1.615062788970586e-05,58.0,1.661697455701128e-05,60.0,2.407948105057403e-05,59.0,3.269036395694979e-05,2.0017801674635467e-05,3.269036395694979e-05,1.2672562282314324e-05,at_least_40_eligible_days_in_each_year_2022_2026,descriptive_pixel_pattern_not_source_attribution_or_causal_effect,,,,,,,,,,,,,,,,,
no2_pixel_map,,,,,,,,,,,,,,,e33dfe236032_r0055_c0030,56.37525787513937,25.235115432002523,55.0,30.0,0.0,55.0,2.051979137265192e-05,44.0,1.4493089653306358e-05,58.0,1.3573248548674035e-05,60.0,2.157496489652173e-05,59.0,2.9560207497676794e-05,1.754027361778851e-05,2.9560207497676794e-05,1.2019933879888285e-05,at_least_40_eligible_days_in_each_year_2022_2026,descriptive_pixel_pattern_not_source_attribution_or_causal_effect,,,,,,,,,,,,,,,,,
no2_pixel_map,,,,,,,,,,,,,,,e33dfe236032_r0055_c0031,56.3852579208822,25.235115432002523,55.0,31.0,0.0,55.0,1.6828193355025986e-05,45.0,1.0790284410679849e-05,58.0,1.1245970813366816e-05,60.0,1.7618359081629627e-05,59.0,2.650656106239245e-05,1.412070191517557e-05,2.650656106239245e-05,1.2385859147216882e-05,at_least_40_eligible_days_in_each_year_2022_2026,descriptive_pixel_pattern_not_source_attribution_or_causal_effect,,,,,,,,,,,,,,,,,
no2_pixel_map,,,,,,,,,,,,,,,e33dfe236032_r0055_c0032,56.39525796662501,25.235115432002523,55.0,32.0,0.0,55.0,1.5068304107812582e-05,45.0,8.803485473635432e-06,57.0,9.220191017073671e-06,60.0,1.543859244149462e-05,59.0,2.1937184547173797e-05,1.2132643260004075e-05,2.1937184547173797e-05,9.804541287169722e-06,at_least_40_eligible_days_in_each_year_2022_2026,descriptive_pixel_pattern_not_source_attribution_or_causal_effect,,,,,,,,,,,,,,,,,
no2_pixel_map,,,,,,,,,,,,,,,e33dfe236032_r0056_c0015,56.22525718899709,25.225115386259702,56.0,15.0,5.459110319635473,54.0,1.6685832405610532e-05,45.0,8.906481746834528e-06,57.0,6.97799416667876e-06,58.0,2.6680705609704196e-05,59.0,2.1052019599431515e-05,1.4812753482207003e-05,2.1052019599431515e-05,6.2392661172245115e-06,at_least_40_eligible_days_in_each_year_2022_2026,descriptive_pixel_pattern_not_source_attribution_or_causal_effect,,,,,,,,,,,,,,,,,
no2_pixel_map,,,,,,,,,,,,,,,e33dfe236032_r0056_c0016,56.23525723473992,25.225115386259702,56.0,16.0,10.899200938114697,54.0,1.684077415879949e-05,45.0,9.579962573497381e-06,57.0,7.673905717567012e-06,58.0,2.5493620078405484e-05,59.0,2.2030421381110883e-05,1.4897065632067343e-05,2.2030421381110883e-05,7.13335574904354e-06,at_least_40_eligible_days_in_each_year_2022_2026,descriptive_pixel_pattern_not_source_attribution_or_causal_effect,,,,,,,,,,,,,,,,,
no2_pixel_map,,,,,,,,,,,,,,,e33dfe236032_r0056_c0017,56.24525728048273,25.225115386259702,56.0,17.0,16.422741190910706,54.0,1.7253427669568696e-05,45.0,1.0002797614710025e-05,57.0,8.384853481634302e-06,58.0,2.256032090243606e-05,59.0,2.3433745130203023e-05,1.455034991708727e-05,2.3433745130203023e-05,8.883395213115753e-06,at_least_40_eligible_days_in_each_year_2022_2026,descriptive_pixel_pattern_not_source_attribution_or_causal_effect,,,,,,,,,,,,,,,,,
no2_pixel_map,,,,,,,,,,,,,,,e33dfe236032_r0056_c0018,56.255257326225546,25.225115386259702,56.0,18.0,0.0,55.0,1.731146338579102e-05,45.0,8.78014209966582e-06,57.0,8.989497590232684e-06,59.0,2.285716615877471e-05,59.0,2.516268962542074e-05,1.448456730861606e-05,2.516268962542074e-05,1.0678122316804682e-05,at_least_40_eligible_days_in_each_year_2022_2026,descriptive_pixel_pattern_not_source_attribution_or_causal_effect,,,,,,,,,,,,,,,,,
no2_pixel_map,,,,,,,,,,,,,,,e33dfe236032_r0056_c0019,56.265257371968374,25.225115386259702,56.0,19.0,0.031477898270456946,55.0,1.881707891544819e-05,45.0,8.71256902822131e-06,57.0,1.0470835458228506e-05,59.0,2.265329327147937e-05,59.0,2.3644151210829322e-05,1.5163444168344344e-05,2.3644151210829322e-05,8.480707042484978e-06,at_least_40_eligible_days_in_each_year_2022_2026,descriptive_pixel_pattern_not_source_attribution_or_causal_effect,,,,,,,,,,,,,,,,,
no2_pixel_map,,,,,,,,,,,,,,,e33dfe236032_r0056_c0020,56.27525741771119,25.225115386259702,56.0,20.0,0.0,55.0,2.0359401552051314e-05,44.0,9.749545912391455e-06,57.0,1.22098822560384e-05,59.0,2.2563216916215778e-05,59.0,2.478077084895213e-05,1.6220511659174235e-05,2.478077084895213e-05,8.560259189777896e-06,at_least_40_eligible_days_in_each_year_2022_2026,descriptive_pixel_pattern_not_source_attribution_or_causal_effect,,,,,,,,,,,,,,,,,
no2_pixel_map,,,,,,,,,,,,,,,e33dfe236032_r0056_c0021,56.285257463454,25.225115386259702,56.0,21.0,0.0001858531664933889,55.0,2.1263405650845908e-05,44.0,1.040325895439261e-05,57.0,1.3445653937763758e-05,59.0,2.3132538031724897e-05,59.0,2.5685393063889202e-05,1.7061214143681792e-05,2.5685393063889202e-05,8.62417892020741e-06,at_least_40_eligible_days_in_each_year_2022_2026,descriptive_pixel_pattern_not_source_attribution_or_causal_effect,,,,,,,,,,,,,,,,,
no2_pixel_map,,,,,,,,,,,,,,,e33dfe236032_r0056_c0022,56.29525750919683,25.225115386259702,56.0,22.0,93.86596305157472,54.0,2.196762792780779e-05,44.0,1.1533869677335228e-05,57.0,1.5201209245158337e-05,58.0,2.352804206637529e-05,59.0,2.6456410013850575e-05,1.805768722916916e-05,2.6456410013850575e-05,8.398722784681414e-06,at_least_40_eligible_days_in_each_year_2022_2026,descriptive_pixel_pattern_not_source_attribution_or_causal_effect,,,,,,,,,,,,,,,,,
no2_pixel_map,,,,,,,,,,,,,,,e33dfe236032_r0056_c0023,56.305257554939644,25.225115386259702,56.0,23.0,25.951273726252644,54.0,2.508598367848105e-05,44.0,1.3171340350652507e-05,58.0,1.9384324726658655e-05,58.0,2.481613840003249e-05,59.0,2.844278223653447e-05,2.0614446788956177e-05,2.844278223653447e-05,7.828335447578294e-06,at_least_40_eligible_days_in_each_year_2022_2026,descriptive_pixel_pattern_not_source_attribution_or_causal_effect,,,,,,,,,,,,,,,,,
no2_pixel_map,,,,,,,,,,,,,,,e33dfe236032_r0056_c0024,56.31525760068246,25.225115386259702,56.0,24.0,17.641291685232368,54.0,2.821624346845593e-05,44.0,1.791232196231118e-05,58.0,2.143075473191304e-05,58.0,2.5481911227735932e-05,59.0,2.9794274653330796e-05,2.326030784760402e-05,2.9794274653330796e-05,6.533966805726775e-06,at_least_40_eligible_days_in_each_year_2022_2026,descriptive_pixel_pattern_not_source_attribution_or_causal_effect,,,,,,,,,,,,,,,,,
no2_pixel_map,,,,,,,,,,,,,,,e33dfe236032_r0056_c0025,56.325257646425285,25.225115386259702,56.0,25.0,124.94133880505132,54.0,3.028645043319151e-05,44.0,1.904636693724769e-05,58.0,2.294026635896518e-05,58.0,2.7450525744439442e-05,59.0,3.2999989681813085e-05,2.4930902368460956e-05,3.2999989681813085e-05,8.069087313352129e-06,at_least_40_eligible_days_in_each_year_2022_2026,descriptive_pixel_pattern_not_source_attribution_or_causal_effect,,,,,,,,,,,,,,,,,
no2_pixel_map,,,,,,,,,,,,,,,e33dfe236032_r0056_c0026,56.3352576921681,25.225115386259702,56.0,26.0,191.21819925367456,55.0,2.9547782217250045e-05,43.0,1.9835539584554594e-05,58.0,2.2932929057501456e-05,58.0,2.811814064389472e-05,59.0,3.58017783509972e-05,2.5108597875800203e-05,3.58017783509972e-05,1.0693180475196996e-05,at_least_40_eligible_days_in_each_year_2022_2026,descriptive_pixel_pattern_not_source_attribution_or_causal_effect,,,,,,,,,,,,,,,,,
no2_pixel_map,,,,,,,,,,,,,,,e33dfe236032_r0056_c0027,56.34525773791091,25.225115386259702,56.0,27.0,64.38187896514727,55.0,2.8823440528657042e-05,43.0,2.0209829565351734e-05,58.0,2.1865122313693494e-05,59.0,2.6756771847788604e-05,59.0,3.6693747675643216e-05,2.441379106387272e-05,3.6693747675643216e-05,1.2279956611770495e-05,at_least_40_eligible_days_in_each_year_2022_2026,descriptive_pixel_pattern_not_source_attribution_or_causal_effect,,,,,,,,,,,,,,,,,
no2_pixel_map,,,,,,,,,,,,,,,e33dfe236032_r0056_c0028,56.35525778365374,25.225115386259702,56.0,28.0,112.04631004657632,55.0,2.6562781580440454e-05,43.0,1.8814764779551336e-05,58.0,2.044696804951145e-05,59.0,2.4815910462508464e-05,59.0,3.4305920144520376e-05,2.266010621800293e-05,3.4305920144520376e-05,1.1645813926517447e-05,at_least_40_eligible_days_in_each_year_2022_2026,descriptive_pixel_pattern_not_source_attribution_or_causal_effect,,,,,,,,,,,,,,,,,
no2_pixel_map,,,,,,,,,,,,,,,e33dfe236032_r0056_c0029,56.365257829396555,25.225115386259702,56.0,29.0,0.0026171336724776038,55.0,2.3254494272016082e-05,43.0,1.5959455149142887e-05,58.0,1.648750814302334e-05,60.0,2.3865552799104987e-05,59.0,3.0306851037861833e-05,1.9891752590821822e-05,3.0306851037861833e-05,1.0415098447040011e-05,at_least_40_eligible_days_in_each_year_2022_2026,descriptive_pixel_pattern_not_source_attribution_or_causal_effect,,,,,,,,,,,,,,,,,
no2_pixel_map,,,,,,,,,,,,,,,e33dfe236032_r0056_c0030,56.37525787513937,25.225115386259702,56.0,30.0,0.0,55.0,2.1345295561617505e-05,44.0,1.4327145565098292e-05,58.0,1.2974450769680663e-05,60.0,2.126264644713774e-05,59.0,2.560441100820644e-05,1.747738458588355e-05,2.560441100820644e-05,8.127026422322889e-06,at_least_40_eligible_days_in_each_year_2022_2026,descriptive_pixel_pattern_not_source_attribution_or_causal_effect,,,,,,,,,,,,,,,,,
no2_pixel_map,,,,,,,,,,,,,,,e33dfe236032_r0056_c0031,56.3852579208822,25.225115386259702,56.0,31.0,0.0,55.0,1.7011379346137453e-05,44.0,1.1189674549340051e-05,58.0,1.0186577005316855e-05,60.0,1.7688872448390002e-05,59.0,2.201753251548262e-05,1.4019125837296091e-05,2.201753251548262e-05,7.998406678186529e-06,at_least_40_eligible_days_in_each_year_2022_2026,descriptive_pixel_pattern_not_source_attribution_or_causal_effect,,,,,,,,,,,,,,,,,
no2_pixel_map,,,,,,,,,,,,,,,e33dfe236032_r0056_c0032,56.39525796662501,25.225115386259702,56.0,32.0,0.0,55.0,1.5320149342224943e-05,45.0,8.543350707640698e-06,57.0,8.095031091702998e-06,60.0,1.4588279802942148e-05,59.0,1.9502095848386052e-05,1.1636702736127697e-05,1.9502095848386052e-05,7.865393112258356e-06,at_least_40_eligible_days_in_each_year_2022_2026,descriptive_pixel_pattern_not_source_attribution_or_causal_effect,,,,,,,,,,,,,,,,,
no2_pixel_map,,,,,,,,,,,,,,,e33dfe236032_r0057_c0016,56.23525723473992,25.21511534051688,57.0,16.0,0.0,54.0,1.678139597820484e-05,45.0,8.154077031473145e-06,57.0,8.852514572274718e-06,58.0,2.4497025640718436e-05,59.0,2.2693183304012917e-05,1.4571253305667786e-05,2.2693183304012917e-05,8.121929998345131e-06,at_least_40_eligible_days_in_each_year_2022_2026,descriptive_pixel_pattern_not_source_attribution_or_causal_effect,,,,,,,,,,,,,,,,,
no2_pixel_map,,,,,,,,,,,,,,,e33dfe236032_r0057_c0017,56.24525728048273,25.21511534051688,57.0,17.0,0.0,54.0,1.7862014971340407e-05,45.0,9.912997503303852e-06,57.0,9.314252714296242e-06,58.0,2.123221589684787e-05,59.0,2.3767634878835804e-05,1.4580370271447095e-05,2.3767634878835804e-05,9.18726460738871e-06,at_least_40_eligible_days_in_each_year_2022_2026,descriptive_pixel_pattern_not_source_attribution_or_causal_effect,,,,,,,,,,,,,,,,,
no2_pixel_map,,,,,,,,,,,,,,,e33dfe236032_r0057_c0018,56.255257326225546,25.21511534051688,57.0,18.0,0.0,54.0,1.777295600379821e-05,45.0,9.568114525384406e-06,57.0,1.0064678994663626e-05,58.0,2.127556360608605e-05,59.0,2.606228902483838e-05,1.4670328282483073e-05,2.606228902483838e-05,1.1391960742355307e-05,at_least_40_eligible_days_in_each_year_2022_2026,descriptive_pixel_pattern_not_source_attribution_or_causal_effect,,,,,,,,,,,,,,,,,
no2_pixel_map,,,,,,,,,,,,,,,e33dfe236032_r0057_c0019,56.265257371968374,25.21511534051688,57.0,19.0,0.0,54.0,1.8584654053638906e-05,45.0,8.956859143429571e-06,57.0,1.129722343815405e-05,59.0,2.126272649586857e-05,59.0,2.5716388704986285e-05,1.5025365782772775e-05,2.5716388704986285e-05,1.069102292221351e-05,at_least_40_eligible_days_in_each_year_2022_2026,descriptive_pixel_pattern_not_source_attribution_or_causal_effect,,,,,,,,,,,,,,,,,
no2_pixel_map,,,,,,,,,,,,,,,e33dfe236032_r0057_c0020,56.27525741771119,25.21511534051688,57.0,20.0,0.0,54.0,2.0340101037200587e-05,44.0,9.700231042627913e-06,57.0,1.2926906178691713e-05,59.0,2.0770713971526597e-05,59.0,2.684311476725222e-05,1.5934488057511703e-05,2.684311476725222e-05,1.0908626709740518e-05,at_least_40_eligible_days_in_each_year_2022_2026,descriptive_pixel_pattern_not_source_attribution_or_causal_effect,,,,,,,,,,,,,,,,,
no2_pixel_map,,,,,,,,,,,,,,,e33dfe236032_r0057_c0021,56.285257463454,25.21511534051688,57.0,21.0,0.05173980919439849,54.0,2.2519836663566264e-05,44.0,1.0745580316598792e-05,57.0,1.43928580769495e-05,59.0,2.1055586210319203e-05,59.0,2.817984870561672e-05,1.717846531685844e-05,2.817984870561672e-05,1.100138338875828e-05,at_least_40_eligible_days_in_each_year_2022_2026,descriptive_pixel_pattern_not_source_attribution_or_causal_effect,,,,,,,,,,,,,,,,,
no2_pixel_map,,,,,,,,,,,,,,,e33dfe236032_r0057_c0022,56.29525750919683,25.21511534051688,57.0,22.0,11.315485870577389,54.0,2.3706312991385772e-05,44.0,1.1552115960042196e-05,57.0,1.5998125224789453e-05,59.0,2.1861495631625967e-05,59.0,2.7946194028932715e-05,1.8279512451960846e-05,2.7946194028932715e-05,9.666681576971869e-06,at_least_40_eligible_days_in_each_year_2022_2026,descriptive_pixel_pattern_not_source_attribution_or_causal_effect,,,,,,,,,,,,,,,,,
no2_pixel_map,,,,,,,,,,,,,,,e33dfe236032_r0057_c0023,56.305257554939644,25.21511534051688,57.0,23.0,0.0,54.0,2.6595817946165157e-05,44.0,1.3312781287352758e-05,58.0,2.0040971872695824e-05,58.0,2.489698081239841e-05,59.0,2.9206714685223967e-05,2.1211637979653038e-05,2.9206714685223967e-05,7.995076705570929e-06,at_least_40_eligible_days_in_each_year_2022_2026,descriptive_pixel_pattern_not_source_attribution_or_causal_effect,,,,,,,,,,,,,,,,,
no2_pixel_map,,,,,,,,,,,,,,,e33dfe236032_r0057_c0024,56.31525760068246,25.21511534051688,57.0,24.0,0.0,54.0,3.053578342030419e-05,44.0,1.8408416099878952e-05,58.0,2.2272037205605455e-05,58.0,2.7399169589371405e-05,59.0,3.067678677459481e-05,2.465385157879e-05,3.067678677459481e-05,6.02293519580481e-06,at_least_40_eligible_days_in_each_year_2022_2026,descriptive_pixel_pattern_not_source_attribution_or_causal_effect,,,,,,,,,,,,,,,,,
no2_pixel_map,,,,,,,,,,,,,,,e33dfe236032_r0057_c0025,56.325257646425285,25.21511534051688,57.0,25.0,13.69069716394395,54.0,3.285351896834913e-05,44.0,2.1534669366644856e-05,58.0,2.3927962990451578e-05,58.0,2.906004095551068e-05,59.0,3.309214446369769e-05,2.6844048070239062e-05,3.309214446369769e-05,6.24809639345863e-06,at_least_40_eligible_days_in_each_year_2022_2026,descriptive_pixel_pattern_not_source_attribution_or_causal_effect,,,,,,,,,,,,,,,,,
no2_pixel_map,,,,,,,,,,,,,,,e33dfe236032_r0057_c0026,56.3352576921681,25.21511534051688,57.0,26.0,96.58647102862597,55.0,3.158667434296089e-05,43.0,2.267584898229982e-05,58.0,2.384883889583428e-05,58.0,2.997824118375955e-05,59.0,3.553742307946344e-05,2.7022400851213635e-05,3.553742307946344e-05,8.515022228249805e-06,at_least_40_eligible_days_in_each_year_2022_2026,descriptive_pixel_pattern_not_source_attribution_or_causal_effect,,,,,,,,,,,,,,,,,
no2_pixel_map,,,,,,,,,,,,,,,e33dfe236032_r0057_c0027,56.34525773791091,25.21511534051688,57.0,27.0,1493.0692446365367,55.0,3.0683988978411335e-05,43.0,2.2259771400237102e-05,58.0,2.2717786204083894e-05,59.0,2.861898947284907e-05,59.0,3.5586552750040056e-05,2.607013401389535e-05,3.5586552750040056e-05,9.516418736144705e-06,at_least_40_eligible_days_in_each_year_2022_2026,descriptive_pixel_pattern_not_source_attribution_or_causal_effect,,,,,,,,,,,,,,,,,
no2_pixel_map,,,,,,,,,,,,,,,e33dfe236032_r0057_c0028,56.35525778365374,25.21511534051688,57.0,28.0,231.80535664576396,55.0,2.786695210335337e-05,43.0,2.0934495611674232e-05,58.0,2.120781418454134e-05,59.0,2.657134628777482e-05,59.0,3.351057652356124e-05,2.414515204683594e-05,3.351057652356124e-05,9.3654244767253e-06,at_least_40_eligible_days_in_each_year_2022_2026,descriptive_pixel_pattern_not_source_attribution_or_causal_effect,,,,,,,,,,,,,,,,,
no2_pixel_map,,,,,,,,,,,,,,,e33dfe236032_r0057_c0029,56.365257829396555,25.21511534051688,57.0,29.0,0.0037109035170976184,55.0,2.4111570891566754e-05,43.0,1.6934404196404693e-05,58.0,1.7290593219164284e-05,60.0,2.4443243339723872e-05,59.0,2.9347968307356323e-05,2.06949529117149e-05,2.9347968307356323e-05,8.653015395641423e-06,at_least_40_eligible_days_in_each_year_2022_2026,descriptive_pixel_pattern_not_source_attribution_or_causal_effect,,,,,,,,,,,,,,,,,
no2_pixel_map,,,,,,,,,,,,,,,e33dfe236032_r0057_c0030,56.37525787513937,25.21511534051688,57.0,30.0,0.0,55.0,2.1782768135501165e-05,45.0,1.403730063015381e-05,58.0,1.278890176051183e-05,60.0,2.1792671643729285e-05,59.0,2.405976784506013e-05,1.760041054247402e-05,2.405976784506013e-05,6.4593573025861085e-06,at_least_40_eligible_days_in_each_year_2022_2026,descriptive_pixel_pattern_not_source_attribution_or_causal_effect,,,,,,,,,,,,,,,,,
no2_pixel_map,,,,,,,,,,,,,,,e33dfe236032_r0057_c0031,56.3852579208822,25.21511534051688,57.0,31.0,0.0,55.0,1.797311780480271e-05,45.0,1.080975863250017e-05,58.0,9.867185658169098e-06,60.0,1.774743314483021e-05,59.0,2.1171247263858305e-05,1.4099373810075547e-05,2.1171247263858305e-05,7.0718734537827586e-06,at_least_40_eligible_days_in_each_year_2022_2026,descriptive_pixel_pattern_not_source_attribution_or_causal_effect,,,,,,,,,,,,,,,,,
no2_pixel_map,,,,,,,,,,,,,,,e33dfe236032_r0057_c0032,56.39525796662501,25.21511534051688,57.0,32.0,0.0,55.0,1.5362977050861014e-05,45.0,7.647907699010161e-06,57.0,7.323923571971288e-06,60.0,1.4129095330570633e-05,59.0,1.921905234138092e-05,1.1115975913103274e-05,1.921905234138092e-05,8.103076428277647e-06,at_least_40_eligible_days_in_each_year_2022_2026,descriptive_pixel_pattern_not_source_attribution_or_causal_effect,,,,,,,,,,,,,,,,,
no2_pixel_map,,,,,,,,,,,,,,,e33dfe236032_r0058_c0016,56.23525723473992,25.205115294774068,58.0,16.0,0.0,54.0,1.67339737117948e-05,45.0,8.29645466779093e-06,57.0,9.26489427727055e-06,58.0,2.393380122593343e-05,59.0,2.261259732556519e-05,1.4557280970697427e-05,2.261259732556519e-05,8.055316354867763e-06,at_least_40_eligible_days_in_each_year_2022_2026,descriptive_pixel_pattern_not_source_attribution_or_causal_effect,,,,,,,,,,,,,,,,,
no2_pixel_map,,,,,,,,,,,,,,,e33dfe236032_r0058_c0017,56.24525728048273,25.205115294774068,58.0,17.0,0.0,54.0,1.8298802328241026e-05,44.0,1.0319062010713954e-05,57.0,9.88020902447946e-06,58.0,2.0737453162586755e-05,59.0,2.4242556302063377e-05,1.4808881631505298e-05,2.4242556302063377e-05,9.43367467055808e-06,at_least_40_eligible_days_in_each_year_2022_2026,descriptive_pixel_pattern_not_source_attribution_or_causal_effect,,,,,,,,,,,,,,,,,
no2_pixel_map,,,,,,,,,,,,,,,e33dfe236032_r0058_c0018,56.255257326225546,25.205115294774068,58.0,18.0,0.0,54.0,1.9039801548874317e-05,43.0,1.098603639597311e-05,57.0,1.1343043685493085e-05,58.0,1.9140980983671753e-05,59.0,2.635210447524127e-05,1.5127465653503066e-05,2.635210447524127e-05,1.1224638821738205e-05,at_least_40_eligible_days_in_each_year_2022_2026,descriptive_pixel_pattern_not_source_attribution_or_causal_effect,,,,,,,,,,,,,,,,,
no2_pixel_map,,,,,,,,,,,,,,,e33dfe236032_r0058_c0019,56.265257371968374,25.205115294774068,58.0,19.0,0.0,54.0,1.969109737407657e-05,43.0,1.0149484819063456e-05,57.0,1.2388137920178156e-05,59.0,1.9998585464888013e-05,59.0,2.7055464823435318e-05,1.555682639455155e-05,2.7055464823435318e-05,1.1498638428883768e-05,at_least_40_eligible_days_in_each_year_2022_2026,descriptive_pixel_pattern_not_source_attribution_or_causal_effect,,,,,,,,,,,,,,,,,
no2_pixel_map,,,,,,,,,,,,,,,e33dfe236032_r0058_c0020,56.27525741771119,25.205115294774068,58.0,20.0,0.0,54.0,2.134440699102451e-05,43.0,1.0405630338246236e-05,57.0,1.390260883972004e-05,59.0,2.087481300859311e-05,59.0,2.6963372842930625e-05,1.6631864794395976e-05,2.6963372842930625e-05,1.0331508048534649e-05,at_least_40_eligible_days_in_each_year_2022_2026,descriptive_pixel_pattern_not_source_attribution_or_causal_effect,,,,,,,,,,,,,,,,,
no2_pixel_map,,,,,,,,,,,,,,,e33dfe236032_r0058_c0021,56.285257463454,25.205115294774068,58.0,21.0,0.0,54.0,2.490575581674351e-05,44.0,1.1997252721755693e-05,57.0,1.564056660538282e-05,59.0,2.227347681513665e-05,59.0,2.854381794129377e-05,1.870426298975467e-05,2.854381794129377e-05,9.8395549515391e-06,at_least_40_eligible_days_in_each_year_2022_2026,descriptive_pixel_pattern_not_source_attribution_or_causal_effect,,,,,,,,,,,,,,,,,
no2_pixel_map,,,,,,,,,,,,,,,e33dfe236032_r0058_c0022,56.29525750919683,25.205115294774068,58.0,22.0,0.0,54.0,2.685181894421137e-05,44.0,1.367871594318241e-05,57.0,1.6524338116373648e-05,59.0,2.369214315407145e-05,59.0,2.8967619534555275e-05,2.0186754039459716e-05,2.8967619534555275e-05,8.780865495095559e-06,at_least_40_eligible_days_in_each_year_2022_2026,descriptive_pixel_pattern_not_source_attribution_or_causal_effect,,,,,,,,,,,,,,,,,
no2_pixel_map,,,,,,,,,,,,,,,e33dfe236032_r0058_c0023,56.305257554939644,25.205115294774068,58.0,23.0,0.0,54.0,2.8960358718992462e-05,44.0,1.5892993530650955e-05,57.0,1.9593813996205083e-05,58.0,2.65699486148807e-05,59.0,3.1525448335477725e-05,2.27542787151823e-05,3.1525448335477725e-05,8.771169620295424e-06,at_least_40_eligible_days_in_each_year_2022_2026,descriptive_pixel_pattern_not_source_attribution_or_causal_effect,,,,,,,,,,,,,,,,,
no2_pixel_map,,,,,,,,,,,,,,,e33dfe236032_r0058_c0024,56.31525760068246,25.205115294774068,58.0,24.0,0.0,54.0,3.264349767706098e-05,44.0,2.0390407169569297e-05,58.0,2.2642868930166817e-05,58.0,2.868543532972714e-05,59.0,3.384540912531164e-05,2.6090552276631056e-05,3.384540912531164e-05,7.754856848680581e-06,at_least_40_eligible_days_in_each_year_2022_2026,descriptive_pixel_pattern_not_source_attribution_or_causal_effect,,,,,,,,,,,,,,,,,
no2_pixel_map,,,,,,,,,,,,,,,e33dfe236032_r0058_c0025,56.325257646425285,25.205115294774068,58.0,25.0,11.347389309745123,54.0,3.441147284908461e-05,44.0,2.4024975454210697e-05,58.0,2.4181560095269143e-05,58.0,2.9670952153308477e-05,59.0,3.5396368282121993e-05,2.807224013796823e-05,3.5396368282121993e-05,7.324128144153762e-06,at_least_40_eligible_days_in_each_year_2022_2026,descriptive_pixel_pattern_not_source_attribution_or_causal_effect,,,,,,,,,,,,,,,,,
no2_pixel_map,,,,,,,,,,,,,,,e33dfe236032_r0058_c0026,56.3352576921681,25.205115294774068,58.0,26.0,0.0,55.0,3.3971053905956796e-05,43.0,2.5228376278020454e-05,58.0,2.4464905705477567e-05,58.0,3.160273226003773e-05,59.0,3.717946902473589e-05,2.8816767037373135e-05,3.717946902473589e-05,8.362701987362756e-06,at_least_40_eligible_days_in_each_year_2022_2026,descriptive_pixel_pattern_not_source_attribution_or_causal_effect,,,,,,,,,,,,,,,,,
no2_pixel_map,,,,,,,,,,,,,,,e33dfe236032_r0058_c0027,56.34525773791091,25.205115294774068,58.0,27.0,811.5542700336625,55.0,3.336257377267122e-05,44.0,2.3898210545378814e-05,58.0,2.3326650317479317e-05,59.0,3.022232109588763e-05,58.0,3.674461938793387e-05,2.7702438932854246e-05,3.674461938793387e-05,9.042180455079627e-06,at_least_40_eligible_days_in_each_year_2022_2026,descriptive_pixel_pattern_not_source_attribution_or_causal_effect,,,,,,,,,,,,,,,,,
no2_pixel_map,,,,,,,,,,,,,,,e33dfe236032_r0058_c0028,56.35525778365374,25.205115294774068,58.0,28.0,2491.1166132983767,55.0,3.0503728219913582e-05,44.0,2.1975221332179925e-05,58.0,2.1737723306610223e-05,59.0,2.7796557708334965e-05,58.0,3.493298961551476e-05,2.5503307641759672e-05,3.493298961551476e-05,9.42968197375509e-06,at_least_40_eligible_days_in_each_year_2022_2026,descriptive_pixel_pattern_not_source_attribution_or_causal_effect,,,,,,,,,,,,,,,,,
no2_pixel_map,,,,,,,,,,,,,,,e33dfe236032_r0058_c0029,56.365257829396555,25.205115294774068,58.0,29.0,20.01132576836816,55.0,2.6761537260960374e-05,44.0,1.6900443630924145e-05,58.0,1.829876753156562e-05,60.0,2.4892023617137964e-05,58.0,3.1291178009578455e-05,2.171319301014703e-05,3.1291178009578455e-05,9.577984999431425e-06,at_least_40_eligible_days_in_each_year_2022_2026,descriptive_pixel_pattern_not_source_attribution_or_causal_effect,,,,,,,,,,,,,,,,,
no2_pixel_map,,,,,,,,,,,,,,,e33dfe236032_r0058_c0030,56.37525787513937,25.205115294774068,58.0,30.0,0.0,55.0,2.316329758464258e-05,44.0,1.453699655150503e-05,58.0,1.3083242565788849e-05,60.0,2.217768849057817e-05,59.0,2.4948625526273583e-05,1.8240306298128657e-05,2.4948625526273583e-05,6.708319228144926e-06,at_least_40_eligible_days_in_each_year_2022_2026,descriptive_pixel_pattern_not_source_attribution_or_causal_effect,,,,,,,,,,,,,,,,,
no2_pixel_map,,,,,,,,,,,,,,,e33dfe236032_r0058_c0031,56.3852579208822,25.205115294774068,58.0,31.0,0.0,55.0,1.984437682796296e-05,45.0,1.1814049037333197e-05,58.0,9.658355732924086e-06,60.0,1.7289818157149055e-05,59.0,2.1356562574616036e-05,1.4651649938842323e-05,2.1356562574616036e-05,6.704912635773713e-06,at_least_40_eligible_days_in_each_year_2022_2026,descriptive_pixel_pattern_not_source_attribution_or_causal_effect,,,,,,,,,,,,,,,,,
no2_pixel_map,,,,,,,,,,,,,,,e33dfe236032_r0058_c0032,56.39525796662501,25.205115294774068,58.0,32.0,0.0,55.0,1.5859572501908404e-05,45.0,8.075511726219033e-06,58.0,6.917917480140289e-06,60.0,1.3587745803231881e-05,59.0,1.9110971259037086e-05,1.1110186877874902e-05,1.9110971259037086e-05,8.000784381162184e-06,at_least_40_eligible_days_in_each_year_2022_2026,descriptive_pixel_pattern_not_source_attribution_or_causal_effect,,,,,,,,,,,,,,,,,
no2_pixel_map,,,,,,,,,,,,,,,e33dfe236032_r0059_c0017,56.24525728048273,25.195115249031247,59.0,17.0,0.0,55.0,1.908342758075318e-05,44.0,9.893108038780249e-06,57.0,9.997505949837313e-06,58.0,1.9914914182946204e-05,59.0,2.3972200523620935e-05,1.4722238938079238e-05,2.3972200523620935e-05,9.249961585541697e-06,at_least_40_eligible_days_in_each_year_2022_2026,descriptive_pixel_pattern_not_source_attribution_or_causal_effect,,,,,,,,,,,,,,,,,
no2_pixel_map,,,,,,,,,,,,,,,e33dfe236032_r0059_c0018,56.255257326225546,25.195115249031247,59.0,18.0,0.0,55.0,2.0190479083666416e-05,43.0,1.1448537633364018e-05,57.0,1.1325955684178944e-05,58.0,1.832061575909221e-05,59.0,2.560437977708329e-05,1.5321397040075396e-05,2.560437977708329e-05,1.0282982737007894e-05,at_least_40_eligible_days_in_each_year_2022_2026,descriptive_pixel_pattern_not_source_attribution_or_causal_effect,,,,,,,,,,,,,,,,,
no2_pixel_map,,,,,,,,,,,,,,,e33dfe236032_r0059_c0019,56.265257371968374,25.195115249031247,59.0,19.0,0.0,54.0,2.0356715046397784e-05,43.0,1.1322357341887662e-05,57.0,1.2082422190113607e-05,59.0,1.9580044450642225e-05,59.0,2.7286422401288798e-05,1.583538475726032e-05,2.7286422401288798e-05,1.1451037644028478e-05,at_least_40_eligible_days_in_each_year_2022_2026,descriptive_pixel_pattern_not_source_attribution_or_causal_effect,,,,,,,,,,,,,,,,,
no2_pixel_map,,,,,,,,,,,,,,,e33dfe236032_r0059_c0020,56.27525741771119,25.195115249031247,59.0,20.0,0.0,54.0,2.206928346433952e-05,43.0,1.1919922603491448e-05,57.0,1.358121763339344e-05,59.0,2.117938706074914e-05,59.0,2.794888822971233e-05,1.7187452690493388e-05,2.794888822971233e-05,1.0761435539218942e-05,at_least_40_eligible_days_in_each_year_2022_2026,descriptive_pixel_pattern_not_source_attribution_or_causal_effect,,,,,,,,,,,,,,,,,
no2_pixel_map,,,,,,,,,,,,,,,e33dfe236032_r0059_c0021,56.285257463454,25.195115249031247,59.0,21.0,0.0,54.0,2.5651129976372244e-05,44.0,1.3840727955069364e-05,57.0,1.5112815359356741e-05,59.0,2.246915728246171e-05,59.0,3.0356536517607385e-05,1.9268457643315014e-05,3.0356536517607385e-05,1.1088078874292371e-05,at_least_40_eligible_days_in_each_year_2022_2026,descriptive_pixel_pattern_not_source_attribution_or_causal_effect,,,,,,,,,,,,,,,,,
no2_pixel_map,,,,,,,,,,,,,,,e33dfe236032_r0059_c0022,56.29525750919683,25.195115249031247,59.0,22.0,0.0,54.0,2.840886016385612e-05,44.0,1.613290587211884e-05,57.0,1.630287775209668e-05,59.0,2.3989357297627774e-05,59.0,3.196732118766918e-05,2.1208500271424856e-05,3.196732118766918e-05,1.0758820916244325e-05,at_least_40_eligible_days_in_each_year_2022_2026,descriptive_pixel_pattern_not_source_attribution_or_causal_effect,,,,,,,,,,,,,,,,,
no2_pixel_map,,,,,,,,,,,,,,,e33dfe236032_r0059_c0023,56.305257554939644,25.195115249031247,59.0,23.0,0.0,54.0,3.0863300445755005e-05,44.0,1.7782654021118696e-05,57.0,1.947638169974109e-05,58.0,2.690582551003562e-05,59.0,3.42885228365796e-05,2.37570404191626e-05,3.42885228365796e-05,1.0531482417417e-05,at_least_40_eligible_days_in_each_year_2022_2026,descriptive_pixel_pattern_not_source_attribution_or_causal_effect,,,,,,,,,,,,,,,,,
no2_pixel_map,,,,,,,,,,,,,,,e33dfe236032_r0059_c0024,56.31525760068246,25.195115249031247,59.0,24.0,0.0,54.0,3.4971386015516766e-05,44.0,2.091054942190932e-05,58.0,2.3482707377167905e-05,58.0,2.9934977148033937e-05,59.0,3.6857334448878026e-05,2.7324904990656983e-05,3.6857334448878026e-05,9.532429458221043e-06,at_least_40_eligible_days_in_each_year_2022_2026,descriptive_pixel_pattern_not_source_attribution_or_causal_effect,,,,,,,,,,,,,,,,,
no2_pixel_map,,,,,,,,,,,,,,,e33dfe236032_r0059_c0025,56.325257646425285,25.195115249031247,59.0,25.0,4.797273923551609,54.0,3.863408549493247e-05,44.0,2.4826286223908963e-05,58.0,2.5371905067407692e-05,58.0,3.0946480148319993e-05,59.0,3.766473716799412e-05,2.9944689233642283e-05,3.766473716799412e-05,7.720047934351835e-06,at_least_40_eligible_days_in_each_year_2022_2026,descriptive_pixel_pattern_not_source_attribution_or_causal_effect,,,,,,,,,,,,,,,,,
no2_pixel_map,,,,,,,,,,,,,,,e33dfe236032_r0059_c0026,56.3352576921681,25.195115249031247,59.0,26.0,39.30541372887404,55.0,3.809611521331323e-05,44.0,2.5906725415760304e-05,58.0,2.598707116367736e-05,58.0,3.265317348835267e-05,58.0,3.900623828585486e-05,3.066077132027589e-05,3.900623828585486e-05,8.345466965578973e-06,at_least_40_eligible_days_in_each_year_2022_2026,descriptive_pixel_pattern_not_source_attribution_or_causal_effect,,,,,,,,,,,,,,,,,
no2_pixel_map,,,,,,,,,,,,,,,e33dfe236032_r0059_c0027,56.34525773791091,25.195115249031247,59.0,27.0,1047.5136570389936,55.0,3.6003359305674725e-05,44.0,2.5688973532811138e-05,58.0,2.487144964899875e-05,58.0,3.146292282140613e-05,58.0,3.873094872881965e-05,2.9506676327222686e-05,3.873094872881965e-05,9.224272401596964e-06,at_least_40_eligible_days_in_each_year_2022_2026,descriptive_pixel_pattern_not_source_attribution_or_causal_effect,,,,,,,,,,,,,,,,,
no2_pixel_map,,,,,,,,,,,,,,,e33dfe236032_r0059_c0028,56.35525778365374,25.195115249031247,59.0,28.0,1236.0341809102517,55.0,3.2340746123526e-05,44.0,2.374958712231532e-05,58.0,2.2775866912081747e-05,60.0,2.748454520701792e-05,58.0,3.715871445825935e-05,2.6587686341235247e-05,3.715871445825935e-05,1.0571028117024104e-05,at_least_40_eligible_days_in_each_year_2022_2026,descriptive_pixel_pattern_not_source_attribution_or_causal_effect,,,,,,,,,,,,,,,,,
no2_pixel_map,,,,,,,,,,,,,,,e33dfe236032_r0059_c0029,56.365257829396555,25.195115249031247,59.0,29.0,222.94628113401282,55.0,2.8104060017908338e-05,44.0,1.9454939374101025e-05,58.0,1.8795859701291183e-05,60.0,2.35956272316962e-05,58.0,3.312035789355315e-05,2.2487621581249186e-05,3.312035789355315e-05,1.0632736312303967e-05,at_least_40_eligible_days_in_each_year_2022_2026,descriptive_pixel_pattern_not_source_attribution_or_causal_effect,,,,,,,,,,,,,,,,,
no2_pixel_map,,,,,,,,,,,,,,,e33dfe236032_r0059_c0030,56.37525787513937,25.195115249031247,59.0,30.0,0.0,55.0,2.3621830682420774e-05,44.0,1.5076474413160736e-05,58.0,1.2330101952129355e-05,60.0,2.066294619536893e-05,59.0,2.6630484278397688e-05,1.792283831076995e-05,2.6630484278397688e-05,8.70764596762774e-06,at_least_40_eligible_days_in_each_year_2022_2026,descriptive_pixel_pattern_not_source_attribution_or_causal_effect,,,,,,,,,,,,,,,,,
no2_pixel_map,,,,,,,,,,,,,,,e33dfe236032_r0059_c0031,56.3852579208822,25.195115249031247,59.0,31.0,0.0,55.0,2.0523338666569113e-05,45.0,1.272449555562802e-05,58.0,8.03782961447923e-06,60.0,1.5961850967188484e-05,59.0,2.160933384336079e-05,1.4311878700966213e-05,2.160933384336079e-05,7.297455142394576e-06,at_least_40_eligible_days_in_each_year_2022_2026,descriptive_pixel_pattern_not_source_attribution_or_causal_effect,,,,,,,,,,,,,,,,,
no2_pixel_map,,,,,,,,,,,,,,,e33dfe236032_r0059_c0032,56.39525796662501,25.195115249031247,59.0,32.0,0.0,55.0,1.6485755734592516e-05,45.0,8.636237644064686e-06,58.0,5.821833730645163e-06,60.0,1.3231665955194935e-05,59.0,1.851887892428254e-05,1.1043873266124325e-05,1.851887892428254e-05,7.475005658158216e-06,at_least_40_eligible_days_in_each_year_2022_2026,descriptive_pixel_pattern_not_source_attribution_or_causal_effect,,,,,,,,,,,,,,,,,
no2_pixel_map,,,,,,,,,,,,,,,e33dfe236032_r0060_c0018,56.255257326225546,25.185115203288426,60.0,18.0,0.0,55.0,2.152024500334704e-05,43.0,1.3876487209574897e-05,57.0,1.133758971701936e-05,58.0,1.8801863778427618e-05,59.0,2.6505865499342735e-05,1.638404642709223e-05,2.6505865499342735e-05,1.0121819072250505e-05,at_least_40_eligible_days_in_each_year_2022_2026,descriptive_pixel_pattern_not_source_attribution_or_causal_effect,,,,,,,,,,,,,,,,,
no2_pixel_map,,,,,,,,,,,,,,,e33dfe236032_r0060_c0019,56.265257371968374,25.185115203288426,60.0,19.0,0.0,54.0,2.1892350331371626e-05,43.0,1.4388821353759112e-05,57.0,1.2598172605681652e-05,58.0,1.950646114732223e-05,59.0,2.912229671270955e-05,1.7096451359533655e-05,2.912229671270955e-05,1.2025845353175895e-05,at_least_40_eligible_days_in_each_year_2022_2026,descriptive_pixel_pattern_not_source_attribution_or_causal_effect,,,,,,,,,,,,,,,,,
no2_pixel_map,,,,,,,,,,,,,,,e33dfe236032_r0060_c0020,56.27525741771119,25.185115203288426,60.0,20.0,0.0,54.0,2.3572560073113908e-05,43.0,1.5230060043340911e-05,57.0,1.4818289892542333e-05,59.0,2.118088760368575e-05,59.0,3.0377670029783044e-05,1.8700449403170727e-05,3.0377670029783044e-05,1.1677220626612317e-05,at_least_40_eligible_days_in_each_year_2022_2026,descriptive_pixel_pattern_not_source_attribution_or_causal_effect,,,,,,,,,,,,,,,,,
no2_pixel_map,,,,,,,,,,,,,,,e33dfe236032_r0060_c0021,56.285257463454,25.185115203288426,60.0,21.0,0.0,54.0,2.7567395126815983e-05,43.0,1.626775060375556e-05,58.0,1.7077225448509493e-05,59.0,2.2448983826727177e-05,59.0,3.307971768303859e-05,2.0840338751452057e-05,3.307971768303859e-05,1.223937893158653e-05,at_least_40_eligible_days_in_each_year_2022_2026,descriptive_pixel_pattern_not_source_attribution_or_causal_effect,,,,,,,,,,,,,,,,,
no2_pixel_map,,,,,,,,,,,,,,,e33dfe236032_r0060_c0022,56.29525750919683,25.185115203288426,60.0,22.0,5.5387701308354735,54.0,3.2242227065129266e-05,43.0,1.9525095412686568e-05,58.0,1.9321993354043577e-05,59.0,2.433158140906497e-05,59.0,3.5039685671352915e-05,2.3855224310231096e-05,3.5039685671352915e-05,1.1184461361121819e-05,at_least_40_eligible_days_in_each_year_2022_2026,descriptive_pixel_pattern_not_source_attribution_or_causal_effect,,,,,,,,,,,,,,,,,
no2_pixel_map,,,,,,,,,,,,,,,e33dfe236032_r0060_c0023,56.305257554939644,25.185115203288426,60.0,23.0,0.0,54.0,3.38429637450611e-05,44.0,2.0538128919271196e-05,58.0,2.2163227392093607e-05,58.0,2.6757155178143516e-05,59.0,3.775537469690387e-05,2.5825368808642356e-05,3.775537469690387e-05,1.1930005888261513e-05,at_least_40_eligible_days_in_each_year_2022_2026,descriptive_pixel_pattern_not_source_attribution_or_causal_effect,,,,,,,,,,,,,,,,,
no2_pixel_map,,,,,,,,,,,,,,,e33dfe236032_r0060_c0024,56.31525760068246,25.185115203288426,60.0,24.0,0.0,54.0,3.594163974663656e-05,44.0,2.2569434155933718e-05,58.0,2.5532558650595272e-05,59.0,2.946454392035501e-05,59.0,4.041311522128587e-05,2.837704411838014e-05,4.041311522128587e-05,1.203607110290573e-05,at_least_40_eligible_days_in_each_year_2022_2026,descriptive_pixel_pattern_not_source_attribution_or_causal_effect,,,,,,,,,,,,,,,,,
no2_pixel_map,,,,,,,,,,,,,,,e33dfe236032_r0060_c0025,56.325257646425285,25.185115203288426,60.0,25.0,0.0,54.0,3.901953891608071e-05,44.0,2.5836915496298994e-05,58.0,2.6794035767873436e-05,59.0,3.028811076508726e-05,59.0,4.140000705893046e-05,3.04846502363351e-05,4.140000705893046e-05,1.0915356822595363e-05,at_least_40_eligible_days_in_each_year_2022_2026,descriptive_pixel_pattern_not_source_attribution_or_causal_effect,,,,,,,,,,,,,,,,,
no2_pixel_map,,,,,,,,,,,,,,,e33dfe236032_r0060_c0026,56.3352576921681,25.185115203288426,60.0,26.0,62.556738503257826,54.0,3.860831573731248e-05,44.0,2.6784832628561682e-05,58.0,2.6808413938251878e-05,59.0,3.115633450877412e-05,58.0,4.19556776684208e-05,3.083947420322504e-05,4.19556776684208e-05,1.1116203465195762e-05,at_least_40_eligible_days_in_each_year_2022_2026,descriptive_pixel_pattern_not_source_attribution_or_causal_effect,,,,,,,,,,,,,,,,,
no2_pixel_map,,,,,,,,,,,,,,,e33dfe236032_r0060_c0027,56.34525773791091,25.185115203288426,60.0,27.0,2375.593922623616,55.0,3.569971345326127e-05,44.0,2.62750222360338e-05,58.0,2.5501745973679565e-05,59.0,3.0131505766468514e-05,58.0,4.127769503115549e-05,2.940199685736079e-05,4.127769503115549e-05,1.1875698173794701e-05,at_least_40_eligible_days_in_each_year_2022_2026,descriptive_pixel_pattern_not_source_attribution_or_causal_effect,,,,,,,,,,,,,,,,,
no2_pixel_map,,,,,,,,,,,,,,,e33dfe236032_r0060_c0028,56.35525778365374,25.185115203288426,60.0,28.0,3055.5430014097424,55.0,3.207376812095992e-05,44.0,2.4129028146532314e-05,58.0,2.3055142502137852e-05,60.0,2.601073547877422e-05,58.0,3.8521649723841724e-05,2.6317168562101078e-05,3.8521649723841724e-05,1.2204481161740646e-05,at_least_40_eligible_days_in_each_year_2022_2026,descriptive_pixel_pattern_not_source_attribution_or_causal_effect,,,,,,,,,,,,,,,,,
no2_pixel_map,,,,,,,,,,,,,,,e33dfe236032_r0060_c0029,56.365257829396555,25.185115203288426,60.0,29.0,120.56439644463079,55.0,2.7715061097334147e-05,44.0,2.0884986014236458e-05,58.0,1.848654996178409e-05,60.0,2.2073431415190498e-05,58.0,3.330610468645774e-05,2.2290007122136297e-05,3.330610468645774e-05,1.1016097564321443e-05,at_least_40_eligible_days_in_each_year_2022_2026,descriptive_pixel_pattern_not_source_attribution_or_causal_effect,,,,,,,,,,,,,,,,,
no2_pixel_map,,,,,,,,,,,,,,,e33dfe236032_r0060_c0030,56.37525787513937,25.185115203288426,60.0,30.0,21.58731602958027,55.0,2.271498257715747e-05,44.0,1.4911550860689396e-05,58.0,1.234178851998073e-05,60.0,1.9446696968999576e-05,59.0,2.7539287270912006e-05,1.7353754731706793e-05,2.7539287270912006e-05,1.0185532539205213e-05,at_least_40_eligible_days_in_each_year_2022_2026,descriptive_pixel_pattern_not_source_attribution_or_causal_effect,,,,,,,,,,,,,,,,,
no2_pixel_map,,,,,,,,,,,,,,,e33dfe236032_r0060_c0031,56.3852579208822,25.185115203288426,60.0,31.0,0.0,55.0,1.954471720814604e-05,45.0,1.2527194666085798e-05,58.0,7.545750156164377e-06,60.0,1.5341628937601853e-05,59.0,2.1646888883568367e-05,1.3739822741999517e-05,2.1646888883568367e-05,7.90706614156885e-06,at_least_40_eligible_days_in_each_year_2022_2026,descriptive_pixel_pattern_not_source_attribution_or_causal_effect,,,,,,,,,,,,,,,,,
no2_pixel_map,,,,,,,,,,,,,,,e33dfe236032_r0060_c0032,56.39525796662501,25.185115203288426,60.0,32.0,0.0,55.0,1.6626773152682684e-05,45.0,8.957966503756464e-06,58.0,5.680841980263148e-06,60.0,1.2251387554519774e-05,59.0,1.8018870184183238e-05,1.0879242297805518e-05,1.8018870184183238e-05,7.13962788637772e-06,at_least_40_eligible_days_in_each_year_2022_2026,descriptive_pixel_pattern_not_source_attribution_or_causal_effect,,,,,,,,,,,,,,,,,
no2_pixel_map,,,,,,,,,,,,,,,e33dfe236032_r0061_c0018,56.255257326225546,25.175115157545612,61.0,18.0,3.7742459416070737,55.0,2.2504738424145032e-05,43.0,1.5803039251937266e-05,58.0,1.290400549689315e-05,58.0,1.9184104298613682e-05,59.0,2.795135225125657e-05,1.7598971867897286e-05,2.795135225125657e-05,1.0352380383359283e-05,at_least_40_eligible_days_in_each_year_2022_2026,descriptive_pixel_pattern_not_source_attribution_or_causal_effect,,,,,,,,,,,,,,,,,
no2_pixel_map,,,,,,,,,,,,,,,e33dfe236032_r0061_c0019,56.265257371968374,25.175115157545612,61.0,19.0,2.5843511283716407,54.0,2.2679556329273526e-05,42.0,1.6759082782225302e-05,58.0,1.5335201250054014e-05,58.0,1.935413056968378e-05,59.0,3.064224475159773e-05,1.8531992732809155e-05,3.064224475159773e-05,1.2110252018788573e-05,at_least_40_eligible_days_in_each_year_2022_2026,descriptive_pixel_pattern_not_source_attribution_or_causal_effect,,,,,,,,,,,,,,,,,
no2_pixel_map,,,,,,,,,,,,,,,e33dfe236032_r0061_c0020,56.27525741771119,25.175115157545612,61.0,20.0,0.0,54.0,2.3891882989206602e-05,42.0,1.735436412838866e-05,58.0,1.743462807609466e-05,59.0,2.0989622131946384e-05,59.0,3.282461015363245e-05,1.9917624331409074e-05,3.282461015363245e-05,1.2906985822223375e-05,at_least_40_eligible_days_in_each_year_2022_2026,descriptive_pixel_pattern_not_source_attribution_or_causal_effect,,,,,,,,,,,,,,,,,
no2_pixel_map,,,,,,,,,,,,,,,e33dfe236032_r0061_c0021,56.285257463454,25.175115157545612,61.0,21.0,12.674790092201986,54.0,2.6664965851476273e-05,43.0,1.7285536901911806e-05,58.0,1.8544691260946213e-05,59.0,2.2247022142349046e-05,59.0,3.486555911856803e-05,2.1185554039170835e-05,3.486555911856803e-05,1.3680005079397197e-05,at_least_40_eligible_days_in_each_year_2022_2026,descriptive_pixel_pattern_not_source_attribution_or_causal_effect,,,,,,,,,,,,,,,,,
no2_pixel_map,,,,,,,,,,,,,,,e33dfe236032_r0061_c0022,56.29525750919683,25.175115157545612,61.0,22.0,1.916221797466278,54.0,3.224746353140221e-05,44.0,1.9755941813236306e-05,58.0,2.0790271878401048e-05,59.0,2.354185781792589e-05,59.0,3.653285467156341e-05,2.4083883760241362e-05,3.653285467156341e-05,1.2448970911322047e-05,at_least_40_eligible_days_in_each_year_2022_2026,descriptive_pixel_pattern_not_source_attribution_or_causal_effect,,,,,,,,,,,,,,,,,
no2_pixel_map,,,,,,,,,,,,,,,e33dfe236032_r0061_c0023,56.305257554939644,25.175115157545612,61.0,23.0,0.0,54.0,3.416054063343632e-05,44.0,2.089864005149083e-05,58.0,2.2303571707695504e-05,59.0,2.510200555346276e-05,59.0,3.9549108696624974e-05,2.5616189486521353e-05,3.9549108696624974e-05,1.3932919210103621e-05,at_least_40_eligible_days_in_each_year_2022_2026,descriptive_pixel_pattern_not_source_attribution_or_causal_effect,,,,,,,,,,,,,,,,,
no2_pixel_map,,,,,,,,,,,,,,,e33dfe236032_r0061_c0024,56.31525760068246,25.175115157545612,61.0,24.0,0.0,54.0,3.5186819170815346e-05,44.0,2.2274797807644832e-05,58.0,2.5461959218455807e-05,59.0,2.8020405347892492e-05,59.0,4.223198790120661e-05,2.773599538620212e-05,4.223198790120661e-05,1.4495992515004488e-05,at_least_40_eligible_days_in_each_year_2022_2026,descriptive_pixel_pattern_not_source_attribution_or_causal_effect,,,,,,,,,,,,,,,,,
no2_pixel_map,,,,,,,,,,,,,,,e33dfe236032_r0061_c0025,56.325257646425285,25.175115157545612,61.0,25.0,92.87394857315662,54.0,3.832583699054843e-05,44.0,2.5205480527017764e-05,58.0,2.7006745189811688e-05,59.0,2.862323212489361e-05,59.0,4.289192225132632e-05,2.9790323708067873e-05,4.289192225132632e-05,1.3101598543258446e-05,at_least_40_eligible_days_in_each_year_2022_2026,descriptive_pixel_pattern_not_source_attribution_or_causal_effect,,,,,,,,,,,,,,,,,
no2_pixel_map,,,,,,,,,,,,,,,e33dfe236032_r0061_c0026,56.3352576921681,25.175115157545612,61.0,26.0,499.73065788866353,53.0,3.834541910996862e-05,44.0,2.6286675757010288e-05,58.0,2.649611020491032e-05,59.0,2.9113035286207838e-05,59.0,4.213163326924246e-05,3.006031008952427e-05,4.213163326924246e-05,1.207132317971819e-05,at_least_40_eligible_days_in_each_year_2022_2026,descriptive_pixel_pattern_not_source_attribution_or_causal_effect,,,,,,,,,,,,,,,,,
no2_pixel_map,,,,,,,,,,,,,,,e33dfe236032_r0061_c0027,56.34525773791091,25.175115157545612,61.0,27.0,1549.1821385275177,55.0,3.569406019955772e-05,44.0,2.603888260261087e-05,58.0,2.5133069626113856e-05,59.0,2.850649616764639e-05,58.0,4.123281811634289e-05,2.8843127148982208e-05,4.123281811634289e-05,1.238969096736068e-05,at_least_40_eligible_days_in_each_year_2022_2026,descriptive_pixel_pattern_not_source_attribution_or_causal_effect,,,,,,,,,,,,,,,,,
no2_pixel_map,,,,,,,,,,,,,,,e33dfe236032_r0061_c0028,56.35525778365374,25.175115157545612,61.0,28.0,2246.875776751427,55.0,3.180944055131747e-05,44.0,2.4495835958616334e-05,58.0,2.2036307155566105e-05,60.0,2.405618122118964e-05,58.0,3.779958055402154e-05,2.5599441221672388e-05,3.779958055402154e-05,1.220013933234915e-05,at_least_40_eligible_days_in_each_year_2022_2026,descriptive_pixel_pattern_not_source_attribution_or_causal_effect,,,,,,,,,,,,,,,,,
no2_pixel_map,,,,,,,,,,,,,,,e33dfe236032_r0061_c0029,56.365257829396555,25.175115157545612,61.0,29.0,42.868032713146015,55.0,2.6429107753297747e-05,44.0,2.14789928374403e-05,58.0,1.7407061856197876e-05,60.0,1.9570583729168596e-05,58.0,3.2186788553405434e-05,2.1221436544026133e-05,3.2186788553405434e-05,1.0965352009379301e-05,at_least_40_eligible_days_in_each_year_2022_2026,descriptive_pixel_pattern_not_source_attribution_or_causal_effect,,,,,,,,,,,,,,,,,
no2_pixel_map,,,,,,,,,,,,,,,e33dfe236032_r0061_c0030,56.37525787513937,25.175115157545612,61.0,30.0,0.0,55.0,2.221565520246116e-05,44.0,1.544946852552488e-05,58.0,1.2418940328294402e-05,60.0,1.7306741640445274e-05,59.0,2.5575547284350974e-05,1.684770142418143e-05,2.5575547284350974e-05,8.727845860169545e-06,at_least_40_eligible_days_in_each_year_2022_2026,descriptive_pixel_pattern_not_source_attribution_or_causal_effect,,,,,,,,,,,,,,,,,
no2_pixel_map,,,,,,,,,,,,,,,e33dfe236032_r0061_c0031,56.3852579208822,25.175115157545612,61.0,31.0,0.0,55.0,1.9315222061897723e-05,45.0,1.2376486664629573e-05,58.0,7.326628404555046e-06,60.0,1.4416801822563987e-05,59.0,1.8751275908530476e-05,1.3358784738411583e-05,1.8751275908530476e-05,5.392491170118893e-06,at_least_40_eligible_days_in_each_year_2022_2026,descriptive_pixel_pattern_not_source_attribution_or_causal_effect,,,,,,,,,,,,,,,,,
no2_pixel_map,,,,,,,,,,,,,,,e33dfe236032_r0062_c0019,56.265257371968374,25.16511511180279,62.0,19.0,0.0,54.0,2.3140011702593307e-05,43.0,1.679237014321406e-05,58.0,1.5852247953069677e-05,58.0,1.9384406080211486e-05,59.0,3.149319376873142e-05,1.8792258969772133e-05,3.149319376873142e-05,1.2700934798959286e-05,at_least_40_eligible_days_in_each_year_2022_2026,descriptive_pixel_pattern_not_source_attribution_or_causal_effect,,,,,,,,,,,,,,,,,
no2_pixel_map,,,,,,,,,,,,,,,e33dfe236032_r0062_c0020,56.27525741771119,25.16511511180279,62.0,20.0,0.0,54.0,2.4485855755355477e-05,43.0,1.755711757874161e-05,58.0,1.8371736166041318e-05,59.0,2.051832502969021e-05,59.0,3.424997906772504e-05,2.0233258632457154e-05,3.424997906772504e-05,1.4016720435267889e-05,at_least_40_eligible_days_in_each_year_2022_2026,descriptive_pixel_pattern_not_source_attribution_or_causal_effect,,,,,,,,,,,,,,,,,
no2_pixel_map,,,,,,,,,,,,,,,e33dfe236032_r0062_c0021,56.285257463454,25.16511511180279,62.0,21.0,53.45708754060968,54.0,2.6827088402185616e-05,44.0,1.671819470047205e-05,58.0,1.9721653206719495e-05,59.0,2.1874305355800013e-05,59.0,3.672789812263327e-05,2.1285310416294293e-05,3.672789812263327e-05,1.544258770633898e-05,at_least_40_eligible_days_in_each_year_2022_2026,descriptive_pixel_pattern_not_source_attribution_or_causal_effect,,,,,,,,,,,,,,,,,
no2_pixel_map,,,,,,,,,,,,,,,e33dfe236032_r0062_c0022,56.29525750919683,25.16511511180279,62.0,22.0,0.0,54.0,3.236645508118439e-05,44.0,1.9105935003485546e-05,58.0,2.1545350750717565e-05,59.0,2.3066542506416627e-05,59.0,3.868803358129405e-05,2.402107083545103e-05,3.868803358129405e-05,1.466696274584302e-05,at_least_40_eligible_days_in_each_year_2022_2026,descriptive_pixel_pattern_not_source_attribution_or_causal_effect,,,,,,,,,,,,,,,,,
no2_pixel_map,,,,,,,,,,,,,,,e33dfe236032_r0062_c0023,56.305257554939644,25.16511511180279,62.0,23.0,0.0,54.0,3.4713692346775584e-05,44.0,2.120394584748889e-05,58.0,2.2630221308672646e-05,59.0,2.4401633681537425e-05,59.0,4.1227086218647175e-05,2.5737373296118634e-05,4.1227086218647175e-05,1.548971292252854e-05,at_least_40_eligible_days_in_each_year_2022_2026,descriptive_pixel_pattern_not_source_attribution_or_causal_effect,,,,,,,,,,,,,,,,,
no2_pixel_map,,,,,,,,,,,,,,,e33dfe236032_r0062_c0024,56.31525760068246,25.16511511180279,62.0,24.0,0.5967944679429642,53.0,3.455551775876388e-05,44.0,2.289823699559609e-05,58.0,2.517036888196638e-05,59.0,2.657504333548928e-05,59.0,4.2876354908386175e-05,2.729979174295391e-05,4.2876354908386175e-05,1.5576563165432265e-05,at_least_40_eligible_days_in_each_year_2022_2026,descriptive_pixel_pattern_not_source_attribution_or_causal_effect,,,,,,,,,,,,,,,,,
no2_pixel_map,,,,,,,,,,,,,,,e33dfe236032_r0062_c0025,56.325257646425285,25.16511511180279,62.0,25.0,209.29753704062935,53.0,3.630914445509659e-05,44.0,2.4745897392801973e-05,58.0,2.6448259179699144e-05,59.0,2.745900232408734e-05,59.0,4.315291553715707e-05,2.8740575837921264e-05,4.315291553715707e-05,1.4412339699235806e-05,at_least_40_eligible_days_in_each_year_2022_2026,descriptive_pixel_pattern_not_source_attribution_or_causal_effect,,,,,,,,,,,,,,,,,
no2_pixel_map,,,,,,,,,,,,,,,e33dfe236032_r0062_c0026,56.3352576921681,25.16511511180279,62.0,26.0,3370.6429564444466,53.0,3.607698532741762e-05,44.0,2.484990423036861e-05,58.0,2.506086546897783e-05,59.0,2.6256925982313986e-05,59.0,4.1126868535003885e-05,2.806117025226951e-05,4.1126868535003885e-05,1.3065698282734374e-05,at_least_40_eligible_days_in_each_year_2022_2026,descriptive_pixel_pattern_not_source_attribution_or_causal_effect,,,,,,,,,,,,,,,,,
no2_pixel_map,,,,,,,,,,,,,,,e33dfe236032_r0062_c0027,56.34525773791091,25.16511511180279,62.0,27.0,485.72805192679647,55.0,3.3884055280764005e-05,44.0,2.438493391099021e-05,58.0,2.3286083341248982e-05,59.0,2.51531249209739e-05,59.0,3.749305657018076e-05,2.6677049363494275e-05,3.749305657018076e-05,1.0816007206686483e-05,at_least_40_eligible_days_in_each_year_2022_2026,descriptive_pixel_pattern_not_source_attribution_or_causal_effect,,,,,,,,,,,,,,,,,
no2_pixel_map,,,,,,,,,,,,,,,e33dfe236032_r0062_c0028,56.35525778365374,25.16511511180279,62.0,28.0,851.9520593971563,55.0,3.00287367075769e-05,44.0,2.2808678969631175e-05,58.0,2.0602417911720004e-05,59.0,2.1596330570674012e-05,59.0,3.2495913588916466e-05,2.3759041039900523e-05,3.2495913588916466e-05,8.736872549015942e-06,at_least_40_eligible_days_in_each_year_2022_2026,descriptive_pixel_pattern_not_source_attribution_or_causal_effect,,,,,,,,,,,,,,,,,
no2_pixel_map,,,,,,,,,,,,,,,e33dfe236032_r0062_c0029,56.365257829396555,25.16511511180279,62.0,29.0,0.7267656765116312,55.0,2.4955685524917893e-05,44.0,1.9846873176200902e-05,58.0,1.6130072115029297e-05,60.0,1.7129246473436673e-05,59.0,2.7634976811662637e-05,1.951546932239619e-05,2.7634976811662637e-05,8.119507489266446e-06,at_least_40_eligible_days_in_each_year_2022_2026,descriptive_pixel_pattern_not_source_attribution_or_causal_effect,,,,,,,,,,,,,,,,,
no2_pixel_map,,,,,,,,,,,,,,,e33dfe236032_r0062_c0030,56.37525787513937,25.16511511180279,62.0,30.0,0.0,55.0,2.0451705507883557e-05,44.0,1.5090051804816153e-05,58.0,1.1674754881725541e-05,60.0,1.4975518636296934e-05,59.0,2.219845274704711e-05,1.5548007707680547e-05,2.219845274704711e-05,6.650445039366564e-06,at_least_40_eligible_days_in_each_year_2022_2026,descriptive_pixel_pattern_not_source_attribution_or_causal_effect,,,,,,,,,,,,,,,,,
no2_pixel_map,,,,,,,,,,,,,,,e33dfe236032_r0062_c0031,56.3852579208822,25.16511511180279,62.0,31.0,0.0,55.0,1.753934394743595e-05,44.0,1.204721528372278e-05,58.0,6.779376488679746e-06,60.0,1.3275337404821887e-05,59.0,1.6484582096086708e-05,1.241031828116509e-05,1.6484582096086708e-05,4.074263814921618e-06,at_least_40_eligible_days_in_each_year_2022_2026,descriptive_pixel_pattern_not_source_attribution_or_causal_effect,,,,,,,,,,,,,,,,,
no2_pixel_map,,,,,,,,,,,,,,,e33dfe236032_r0063_c0021,56.285257463454,25.15511506605997,63.0,21.0,127.83267106213775,54.0,2.6545539495856667e-05,44.0,1.85802169698543e-05,58.0,1.9917936150763367e-05,59.0,2.246580722809597e-05,59.0,3.6566768649931006e-05,2.1877374961142574e-05,3.6566768649931006e-05,1.4689393688788432e-05,at_least_40_eligible_days_in_each_year_2022_2026,descriptive_pixel_pattern_not_source_attribution_or_causal_effect,,,,,,,,,,,,,,,,,
no2_pixel_map,,,,,,,,,,,,,,,e33dfe236032_r0063_c0022,56.29525750919683,25.15511506605997,63.0,22.0,0.0,53.0,3.0683941586824424e-05,44.0,2.053773167678986e-05,58.0,2.1324230666758065e-05,59.0,2.3437503690718277e-05,59.0,3.773443911543958e-05,2.3995851905272654e-05,3.773443911543958e-05,1.3738587210166928e-05,at_least_40_eligible_days_in_each_year_2022_2026,descriptive_pixel_pattern_not_source_attribution_or_causal_effect,,,,,,,,,,,,,,,,,
no2_pixel_map,,,,,,,,,,,,,,,e33dfe236032_r0063_c0023,56.305257554939644,25.15511506605997,63.0,23.0,42.99932720749605,53.0,3.271788271853559e-05,44.0,2.176938659964876e-05,58.0,2.2161079353779336e-05,59.0,2.406944709276261e-05,59.0,3.912667171538008e-05,2.5179448941181574e-05,3.912667171538008e-05,1.3947222774198506e-05,at_least_40_eligible_days_in_each_year_2022_2026,descriptive_pixel_pattern_not_source_attribution_or_causal_effect,,,,,,,,,,,,,,,,,
no2_pixel_map,,,,,,,,,,,,,,,e33dfe236032_r0063_c0024,56.31525760068246,25.15511506605997,63.0,24.0,0.4856430845298121,53.0,3.249921946261429e-05,44.0,2.2156884837428757e-05,58.0,2.3429549293562457e-05,59.0,2.4726981795064772e-05,59.0,3.914263781779388e-05,2.5703158847167568e-05,3.914263781779388e-05,1.3439478970626312e-05,at_least_40_eligible_days_in_each_year_2022_2026,descriptive_pixel_pattern_not_source_attribution_or_causal_effect,,,,,,,,,,,,,,,,,
no2_pixel_map,,,,,,,,,,,,,,,e33dfe236032_r0063_c0025,56.325257646425285,25.15511506605997,63.0,25.0,105.38255756067612,53.0,3.3147530349450845e-05,44.0,2.2924738224282366e-05,58.0,2.487446998681768e-05,59.0,2.5385683117011513e-05,59.0,3.835741462225147e-05,2.65831054193906e-05,3.835741462225147e-05,1.1774309202860869e-05,at_least_40_eligible_days_in_each_year_2022_2026,descriptive_pixel_pattern_not_source_attribution_or_causal_effect,,,,,,,,,,,,,,,,,
no2_pixel_map,,,,,,,,,,,,,,,e33dfe236032_r0063_c0026,56.3352576921681,25.15511506605997,63.0,26.0,1458.1819924532383,53.0,3.26166339930732e-05,44.0,2.2784590134300683e-05,58.0,2.3897215201278562e-05,59.0,2.4511250638374756e-05,59.0,3.627427934676556e-05,2.59524224917568e-05,3.627427934676556e-05,1.0321856855008758e-05,at_least_40_eligible_days_in_each_year_2022_2026,descriptive_pixel_pattern_not_source_attribution_or_causal_effect,,,,,,,,,,,,,,,,,
no2_pixel_map,,,,,,,,,,,,,,,e33dfe236032_r0063_c0027,56.34525773791091,25.15511506605997,63.0,27.0,6061.633229800988,54.0,3.0149784834838248e-05,44.0,2.1918389240662223e-05,58.0,2.1477193468661794e-05,60.0,2.2844374088209706e-05,59.0,3.187974378471244e-05,2.4097435408092993e-05,3.187974378471244e-05,7.782308376619448e-06,at_least_40_eligible_days_in_each_year_2022_2026,descriptive_pixel_pattern_not_source_attribution_or_causal_effect,,,,,,,,,,,,,,,,,
no2_pixel_map,,,,,,,,,,,,,,,e33dfe236032_r0063_c0028,56.35525778365374,25.15511506605997,63.0,28.0,500.7195373855643,54.0,2.570890686719049e-05,44.0,2.0190125985003705e-05,58.0,1.8398449311269728e-05,60.0,1.9949919356729876e-05,59.0,2.8354271013746485e-05,2.106185038004845e-05,2.8354271013746485e-05,7.292420633698036e-06,at_least_40_eligible_days_in_each_year_2022_2026,descriptive_pixel_pattern_not_source_attribution_or_causal_effect,,,,,,,,,,,,,,,,,
no2_pixel_map,,,,,,,,,,,,,,,e33dfe236032_r0063_c0029,56.365257829396555,25.15511506605997,63.0,29.0,0.0,54.0,2.1549134915636907e-05,44.0,1.770341880931345e-05,58.0,1.3809723631683567e-05,60.0,1.6025361194428716e-05,59.0,2.4985163936386553e-05,1.727190963776566e-05,2.4985163936386553e-05,7.713254298620893e-06,at_least_40_eligible_days_in_each_year_2022_2026,descriptive_pixel_pattern_not_source_attribution_or_causal_effect,,,,,,,,,,,,,,,,,
no2_pixel_map,,,,,,,,,,,,,,,e33dfe236032_r0063_c0030,56.37525787513937,25.15511506605997,63.0,30.0,0.0,54.0,1.7645455703196957e-05,44.0,1.4740055836931732e-05,58.0,9.690040207554271e-06,60.0,1.3097544469247923e-05,59.0,2.057993425815703e-05,1.3793274054232722e-05,2.057993425815703e-05,6.786660203924308e-06,at_least_40_eligible_days_in_each_year_2022_2026,descriptive_pixel_pattern_not_source_attribution_or_causal_effect,,,,,,,,,,,,,,,,,
no2_pixel_map,,,,,,,,,,,,,,,e33dfe236032_r0063_c0031,56.3852579208822,25.15511506605997,63.0,31.0,0.0,54.0,1.4867106765549054e-05,44.0,1.139639827955541e-05,58.0,5.332756561383692e-06,60.0,1.1567030959896628e-05,59.0,1.5920854897109084e-05,1.0790823141596195e-05,1.5920854897109084e-05,5.130031755512889e-06,at_least_40_eligible_days_in_each_year_2022_2026,descriptive_pixel_pattern_not_source_attribution_or_causal_effect,,,,,,,,,,,,,,,,,
no2_pixel_map,,,,,,,,,,,,,,,e33dfe236032_r0064_c0022,56.29525750919683,25.145115020317157,64.0,22.0,0.0,53.0,2.9274952566440577e-05,44.0,2.1206458864031228e-05,58.0,2.0844390043430824e-05,59.0,2.284003476242047e-05,59.0,3.372822421681536e-05,2.3541459059080774e-05,3.372822421681536e-05,1.0186765157734587e-05,at_least_40_eligible_days_in_each_year_2022_2026,descriptive_pixel_pattern_not_source_attribution_or_causal_effect,,,,,,,,,,,,,,,,,
no2_pixel_map,,,,,,,,,,,,,,,e33dfe236032_r0064_c0023,56.305257554939644,25.145115020317157,64.0,23.0,19.351656990231792,53.0,3.099304022533291e-05,44.0,2.221820098587021e-05,58.0,2.1650822467778817e-05,59.0,2.269712909711542e-05,59.0,3.4610470765626455e-05,2.4389798194024338e-05,3.4610470765626455e-05,1.0220672571602118e-05,at_least_40_eligible_days_in_each_year_2022_2026,descriptive_pixel_pattern_not_source_attribution_or_causal_effect,,,,,,,,,,,,,,,,,
no2_pixel_map,,,,,,,,,,,,,,,e33dfe236032_r0064_c0024,56.31525760068246,25.145115020317157,64.0,24.0,292.2777634070178,53.0,2.9951325654896175e-05,44.0,2.2551181382741832e-05,58.0,2.2162013436199943e-05,60.0,2.1760188494758646e-05,59.0,3.505317061055962e-05,2.410617724214915e-05,3.505317061055962e-05,1.0946993368410471e-05,at_least_40_eligible_days_in_each_year_2022_2026,descriptive_pixel_pattern_not_source_attribution_or_causal_effect,,,,,,,,,,,,,,,,,
no2_pixel_map,,,,,,,,,,,,,,,e33dfe236032_r0064_c0025,56.325257646425285,25.145115020317157,64.0,25.0,227.4539390756233,53.0,2.8564026435762985e-05,44.0,2.170778052910078e-05,58.0,2.1196315035322304e-05,60.0,2.165740325464685e-05,59.0,3.508111762541636e-05,2.328138131370823e-05,3.508111762541636e-05,1.1799736311708128e-05,at_least_40_eligible_days_in_each_year_2022_2026,descriptive_pixel_pattern_not_source_attribution_or_causal_effect,,,,,,,,,,,,,,,,,
no2_pixel_map,,,,,,,,,,,,,,,e33dfe236032_r0064_c0026,56.3352576921681,25.145115020317157,64.0,26.0,738.9055452623609,53.0,2.6357844785583405e-05,44.0,2.000361020149891e-05,58.0,1.9594294499660077e-05,60.0,2.0795546824275635e-05,59.0,3.295866486314247e-05,2.1687824077754506e-05,3.295866486314247e-05,1.1270840785387966e-05,at_least_40_eligible_days_in_each_year_2022_2026,descriptive_pixel_pattern_not_source_attribution_or_causal_effect,,,,,,,,,,,,,,,,,
no2_pixel_map,,,,,,,,,,,,,,,e33dfe236032_r0064_c0027,56.34525773791091,25.145115020317157,64.0,27.0,8405.857759558176,54.0,2.426048181651005e-05,44.0,1.7778308835453516e-05,58.0,1.6382970477020807e-05,60.0,1.9242650013667416e-05,59.0,2.892763290630943e-05,1.9416102785662948e-05,2.892763290630943e-05,9.511530120646481e-06,at_least_40_eligible_days_in_each_year_2022_2026,descriptive_pixel_pattern_not_source_attribution_or_causal_effect,,,,,,,,,,,,,,,,,
no2_pixel_map,,,,,,,,,,,,,,,e33dfe236032_r0064_c0028,56.35525778365374,25.145115020317157,64.0,28.0,3445.066405726871,54.0,2.095386302051902e-05,44.0,1.6177605808356792e-05,58.0,1.3354463325785303e-05,60.0,1.690684427793227e-05,59.0,2.61352687603587e-05,1.6848194108148346e-05,2.61352687603587e-05,9.287074652210355e-06,at_least_40_eligible_days_in_each_year_2022_2026,descriptive_pixel_pattern_not_source_attribution_or_causal_effect,,,,,,,,,,,,,,,,,
no2_pixel_map,,,,,,,,,,,,,,,e33dfe236032_r0064_c0029,56.365257829396555,25.145115020317157,64.0,29.0,0.0,54.0,1.7161580757094047e-05,44.0,1.4250914951721687e-05,58.0,9.569268343382072e-06,60.0,1.3308702581754304e-05,59.0,2.3074083415585213e-05,1.3572616658488028e-05,2.3074083415585213e-05,9.501466757097185e-06,at_least_40_eligible_days_in_each_year_2022_2026,descriptive_pixel_pattern_not_source_attribution_or_causal_effect,,,,,,,,,,,,,,,,,
no2_pixel_map,,,,,,,,,,,,,,,e33dfe236032_r0064_c0030,56.37525787513937,25.145115020317157,64.0,30.0,0.0,54.0,1.3906785289217434e-05,44.0,1.2895706703231663e-05,58.0,6.445097277777918e-06,60.0,1.0154372017421334e-05,59.0,1.891270030415875e-05,1.0850490321912088e-05,1.891270030415875e-05,8.062209982246662e-06,at_least_40_eligible_days_in_each_year_2022_2026,descriptive_pixel_pattern_not_source_attribution_or_causal_effect,,,,,,,,,,,,,,,,,
no2_pixel_map,,,,,,,,,,,,,,,e33dfe236032_r0064_c0031,56.3852579208822,25.145115020317157,64.0,31.0,0.0,54.0,1.2055132865596918e-05,44.0,9.699833353353106e-06,58.0,2.7561756966410687e-06,60.0,8.280732350538525e-06,59.0,1.451618734647233e-05,8.197968566532404e-06,1.451618734647233e-05,6.318218779939926e-06,at_least_40_eligible_days_in_each_year_2022_2026,descriptive_pixel_pattern_not_source_attribution_or_causal_effect,,,,,,,,,,,,,,,,,
no2_pixel_map,,,,,,,,,,,,,,,e33dfe236032_r0065_c0023,56.305257554939644,25.135114974574336,65.0,23.0,2.445811649567381,53.0,2.761853949362376e-05,44.0,2.068842246399182e-05,58.0,1.9212812843036042e-05,60.0,2.0364809072438823e-05,59.0,3.144586600755615e-05,2.1971145968272615e-05,3.144586600755615e-05,9.474720039283532e-06,at_least_40_eligible_days_in_each_year_2022_2026,descriptive_pixel_pattern_not_source_attribution_or_causal_effect,,,,,,,,,,,,,,,,,
no2_pixel_map,,,,,,,,,,,,,,,e33dfe236032_r0065_c0024,56.31525760068246,25.135114974574336,65.0,24.0,119.10789661682911,53.0,2.663580356104316e-05,44.0,1.993505550874805e-05,58.0,1.834449065279351e-05,60.0,1.9606402995654813e-05,59.0,3.180758598575989e-05,2.1130438179559886e-05,3.180758598575989e-05,1.0677147806200005e-05,at_least_40_eligible_days_in_each_year_2022_2026,descriptive_pixel_pattern_not_source_attribution_or_causal_effect,,,,,,,,,,,,,,,,,
no2_pixel_map,,,,,,,,,,,,,,,e33dfe236032_r0065_c0025,56.325257646425285,25.135114974574336,65.0,25.0,4319.922940703881,54.0,2.5543207576983972e-05,44.0,1.840207312641999e-05,58.0,1.6349237600789028e-05,60.0,1.895889063773029e-05,59.0,3.2047075918789816e-05,1.9813352235480822e-05,3.2047075918789816e-05,1.2233723683308994e-05,at_least_40_eligible_days_in_each_year_2022_2026,descriptive_pixel_pattern_not_source_attribution_or_causal_effect,,,,,,,,,,,,,,,,,
no2_pixel_map,,,,,,,,,,,,,,,e33dfe236032_r0065_c0026,56.3352576921681,25.135114974574336,65.0,26.0,4980.61295597806,54.0,2.3223876202587317e-05,44.0,1.7512291019516632e-05,58.0,1.5027246469481245e-05,60.0,1.8042471861843294e-05,59.0,3.007435952782557e-05,1.8451471388357124e-05,3.007435952782557e-05,1.1622888139468448e-05,at_least_40_eligible_days_in_each_year_2022_2026,descriptive_pixel_pattern_not_source_attribution_or_causal_effect,,,,,,,,,,,,,,,,,
no2_pixel_map,,,,,,,,,,,,,,,e33dfe236032_r0065_c0027,56.34525773791091,25.135114974574336,65.0,27.0,4226.436244006179,54.0,1.9593835027347822e-05,44.0,1.5416379826713663e-05,58.0,1.2660533827952309e-05,60.0,1.6113441875784697e-05,59.0,2.6420979614926996e-05,1.5946047639449622e-05,2.6420979614926996e-05,1.0474931975477374e-05,at_least_40_eligible_days_in_each_year_2022_2026,descriptive_pixel_pattern_not_source_attribution_or_causal_effect,,,,,,,,,,,,,,,,,
no2_pixel_map,,,,,,,,,,,,,,,e33dfe236032_r0065_c0028,56.35525778365374,25.135114974574336,65.0,28.0,4290.278468929602,54.0,1.704834799302354e-05,44.0,1.4446326998992542e-05,58.0,9.645676530010442e-06,60.0,1.3810905213708488e-05,59.0,2.3167507019654614e-05,1.3737814183933752e-05,2.3167507019654614e-05,9.429692835720862e-06,at_least_40_eligible_days_in_each_year_2022_2026,descriptive_pixel_pattern_not_source_attribution_or_causal_effect,,,,,,,,,,,,,,,,,
no2_pixel_map,,,,,,,,,,,,,,,e33dfe236032_r0065_c0029,56.365257829396555,25.135114974574336,65.0,29.0,0.0,54.0,1.4173072756553174e-05,44.0,1.2598571063502305e-05,58.0,6.68909281566698e-06,60.0,1.0500132556673025e-05,59.0,2.0407411776553115e-05,1.0990217298098872e-05,2.0407411776553115e-05,9.417194478454243e-06,at_least_40_eligible_days_in_each_year_2022_2026,descriptive_pixel_pattern_not_source_attribution_or_causal_effect,,,,,,,,,,,,,,,,,
no2_pixel_map,,,,,,,,,,,,,,,e33dfe236032_r0065_c0030,56.37525787513937,25.135114974574336,65.0,30.0,0.0,54.0,1.1626695966930647e-05,44.0,1.2228823888564159e-05,58.0,3.888142775547488e-06,60.0,8.366381528125806e-06,59.0,1.682848763200002e-05,9.027511039792025e-06,1.682848763200002e-05,7.800976592207996e-06,at_least_40_eligible_days_in_each_year_2022_2026,descriptive_pixel_pattern_not_source_attribution_or_causal_effect,,,,,,,,,,,,,,,,,
no2_pixel_map,,,,,,,,,,,,,,,e33dfe236032_r0065_c0031,56.3852579208822,25.135114974574336,65.0,31.0,0.0,54.0,9.84306989007151e-06,44.0,9.867537975259795e-06,58.0,1.3918430081303619e-06,60.0,7.202210119962423e-06,59.0,1.2846252193209782e-05,7.076165248356023e-06,1.2846252193209782e-05,5.770086944853759e-06,at_least_40_eligible_days_in_each_year_2022_2026,descriptive_pixel_pattern_not_source_attribution_or_causal_effect,,,,,,,,,,,,,,,,,
no2_pixel_map,,,,,,,,,,,,,,,e33dfe236032_r0066_c0025,56.325257646425285,25.125114928831515,66.0,25.0,1133.1863180175553,54.0,2.2040029190265645e-05,44.0,1.799221525078158e-05,58.0,1.3652038921459552e-05,60.0,1.636586409639191e-05,59.0,2.875657236807038e-05,1.751253686472467e-05,2.875657236807038e-05,1.1244035503345709e-05,at_least_40_eligible_days_in_each_year_2022_2026,descriptive_pixel_pattern_not_source_attribution_or_causal_effect,,,,,,,,,,,,,,,,,
no2_pixel_map,,,,,,,,,,,,,,,e33dfe236032_r0066_c0026,56.3352576921681,25.125114928831515,66.0,26.0,7316.712692656182,54.0,1.9900889904148258e-05,44.0,1.6878047944003012e-05,58.0,1.111815939747912e-05,60.0,1.4588535431586324e-05,59.0,2.6150366773202404e-05,1.5621408169304178e-05,2.6150366773202404e-05,1.0528958603898227e-05,at_least_40_eligible_days_in_each_year_2022_2026,descriptive_pixel_pattern_not_source_attribution_or_causal_effect,,,,,,,,,,,,,,,,,
no2_pixel_map,,,,,,,,,,,,,,,e33dfe236032_r0066_c0027,56.34525773791091,25.125114928831515,66.0,27.0,8780.47490508272,54.0,1.688966734080058e-05,44.0,1.46036378741067e-05,58.0,9.266105439497856e-06,60.0,1.2749954451087126e-05,59.0,2.287454157289004e-05,1.3377341276373065e-05,2.287454157289004e-05,9.497200296516976e-06,at_least_40_eligible_days_in_each_year_2022_2026,descriptive_pixel_pattern_not_source_attribution_or_causal_effect,,,,,,,,,,,,,,,,,
no2_pixel_map,,,,,,,,,,,,,,,e33dfe236032_r0066_c0028,56.35525778365374,25.125114928831515,66.0,28.0,2394.33521689348,54.0,1.4854003624853127e-05,44.0,1.4126493017309698e-05,58.0,6.486290268620049e-06,60.0,1.0918586824650141e-05,59.0,1.981432152571359e-05,1.1596343433858255e-05,1.981432152571359e-05,8.217978091855334e-06,at_least_40_eligible_days_in_each_year_2022_2026,descriptive_pixel_pattern_not_source_attribution_or_causal_effect,,,,,,,,,,,,,,,,,
no2_pixel_map,,,,,,,,,,,,,,,e33dfe236032_r0066_c0029,56.365257829396555,25.125114928831515,66.0,29.0,0.0,54.0,1.2273762170544965e-05,44.0,1.2435234868670235e-05,58.0,4.616072760587789e-06,60.0,8.772284041622694e-06,59.0,1.779172674963603e-05,9.52433846035642e-06,1.779172674963603e-05,8.267388289279609e-06,at_least_40_eligible_days_in_each_year_2022_2026,descriptive_pixel_pattern_not_source_attribution_or_causal_effect,,,,,,,,,,,,,,,,,
no2_pixel_map,,,,,,,,,,,,,,,e33dfe236032_r0066_c0030,56.37525787513937,25.125114928831515,66.0,30.0,0.0,54.0,9.362826253147884e-06,44.0,1.1159583801063765e-05,58.0,2.129962532742919e-06,60.0,6.396061028303542e-06,59.0,1.4868097021537489e-05,7.262108403814528e-06,1.4868097021537489e-05,7.6059886177229615e-06,at_least_40_eligible_days_in_each_year_2022_2026,descriptive_pixel_pattern_not_source_attribution_or_causal_effect,,,,,,,,,,,,,,,,,
no2_pixel_map,,,,,,,,,,,,,,,e33dfe236032_r0066_c0031,56.3852579208822,25.125114928831515,66.0,31.0,0.0,54.0,7.53737157177452e-06,44.0,8.670030899132996e-06,58.0,1.4700544140188296e-07,60.0,5.180145677439211e-06,59.0,9.956744948993015e-06,5.383638397437153e-06,9.956744948993015e-06,4.573106551555862e-06,at_least_40_eligible_days_in_each_year_2022_2026,descriptive_pixel_pattern_not_source_attribution_or_causal_effect,,,,,,,,,,,,,,,,,
no2_pixel_map,,,,,,,,,,,,,,,e33dfe236032_r0067_c0028,56.35525778365374,25.1151148830887,67.0,28.0,297.7501607043722,55.0,1.2438195050431847e-05,44.0,1.2531004578085589e-05,58.0,4.682530887007447e-06,60.0,7.523776008309139e-06,59.0,1.574987605924155e-05,9.293876630958505e-06,1.574987605924155e-05,6.455999428283044e-06,at_least_40_eligible_days_in_each_year_2022_2026,descriptive_pixel_pattern_not_source_attribution_or_causal_effect,,,,,,,,,,,,,,,,,
no2_pixel_map,,,,,,,,,,,,,,,e33dfe236032_r0067_c0029,56.365257829396555,25.1151148830887,67.0,29.0,0.0,55.0,1.055002795853255e-05,45.0,9.382132358038727e-06,58.0,3.0479233129901298e-06,60.0,6.026972404698727e-06,59.0,1.2721701117557036e-05,7.251764008565033e-06,1.2721701117557036e-05,5.469937108992003e-06,at_least_40_eligible_days_in_each_year_2022_2026,descriptive_pixel_pattern_not_source_attribution_or_causal_effect,,,,,,,,,,,,,,,,,
no2_pixel_map,,,,,,,,,,,,,,,e33dfe236032_r0067_c0030,56.37525787513937,25.1151148830887,67.0,30.0,0.0,55.0,8.686061627688995e-06,45.0,7.499381635976471e-06,58.0,6.388050105627371e-07,60.0,4.134653550789151e-06,59.0,9.850581143141175e-06,5.239725456254339e-06,9.850581143141175e-06,4.6108556868868365e-06,at_least_40_eligible_days_in_each_year_2022_2026,descriptive_pixel_pattern_not_source_attribution_or_causal_effect,,,,,,,,,,,,,,,,,
no2_pixel_map,,,,,,,,,,,,,,,e33dfe236032_r0067_c0031,56.3852579208822,25.1151148830887,67.0,31.0,0.0,55.0,6.986351776293699e-06,45.0,5.899997044553289e-06,58.0,-1.437472039129161e-06,60.0,3.1945487740673922e-06,59.0,6.132581261717687e-06,3.660856388946305e-06,6.132581261717687e-06,2.471724872771382e-06,at_least_40_eligible_days_in_each_year_2022_2026,descriptive_pixel_pattern_not_source_attribution_or_causal_effect,,,,,,,,,,,,,,,,,
no2_buffer_interval,,,,,,,,,,,,,,,,,,,,,,,,,,,,,,,,,,,,khor_fakkan_subregion_sensitivity,10.0,61.0,"{""2022"": 56, ""2023"": 45, ""2024"": 57, ""2025"": 59}",0.9937939817459503,1.2463946566318915e-05,3.775257294921898e-05,2.503029954406082e-05,2.205778030713378e-05,4.70880798511946e-05,113.47605786048058,59.0,3.333030389273886e-05,7.182188267852203e-05,0.0001051521865712609,46.40689250924652,recovery
no2_buffer_interval,,,,,,,,,,,,,,,,,,,,,,,,,,,,,,,,,,,,khor_fakkan_subregion_sensitivity,20.0,61.0,"{""2022"": 55, ""2023"": 45, ""2024"": 58, ""2025"": 60}",0.9872737677528254,1.0424726174220239e-05,3.356249096199575e-05,2.1387914761472713e-05,2.120771959945467e-05,4.259563436092738e-05,100.84966778805713,59.0,2.7334349269446297e-05,6.998269181819836e-05,9.731704108764466e-05,39.058728035863076,recovery
no2_buffer_interval,,,,,,,,,,,,,,,,,,,,,,,,,,,,,,,,,,,,khor_fakkan_subregion_sensitivity,30.0,61.0,"{""2022"": 56, ""2023"": 46, ""2024"": 58, ""2025"": 60}",0.9959631925989949,7.029540175818081e-06,2.8852314422501172e-05,1.681268617424807e-05,1.9412673840181858e-05,3.622536001442993e-05,86.60675140715479,58.0,2.15929417057459e-05,6.689868818342712e-05,8.849162988917302e-05,32.27707791001968,recovery
