{
"type": "FeatureCollection",
"name": "regional_land_context",
"crs": { "type": "name", "properties": { "name": "urn:ogc:def:crs:OGC:1.3:CRS84" } },
"features": [
{ "type": "Feature", "properties": { }, "geometry": { "type": "MultiPolygon", "coordinates": [ [ [ [ 52.5, 27.60260193958057 ], [ 52.5, 29.0 ], [ 59.5, 29.0 ], [ 59.5, 25.434679765332863 ], [ 59.490443371000083, 25.443466614000045 ], [ 59.45390175600005, 25.461607493000088 ], [ 59.397288103000051, 25.451845653000078 ], [ 59.279144727000073, 25.434719143000052 ], [ 59.251068556000064, 25.430731512000079 ], [ 59.195323113000086, 25.422919012000079 ], [ 59.13835696700005, 25.398504950000074 ], [ 59.117198113000086, 25.394191799000055 ], [ 59.10873457100007, 25.395697333000044 ], [ 59.101328972000033, 25.402248440000051 ], [ 59.094086134000065, 25.406398830000057 ], [ 59.085459832000083, 25.40460846600007 ], [ 59.076182488000086, 25.40070221600007 ], [ 59.066905144000032, 25.398504950000074 ], [ 59.043955925000034, 25.399603583000044 ], [ 59.024180535000085, 25.403225002000056 ], [ 59.007334832000083, 25.409735419000071 ], [ 58.994313998000052, 25.419623114000046 ], [ 58.948090040000068, 25.486517645000049 ], [ 58.92351321700005, 25.513373114000046 ], [ 58.88445071700005, 25.529486395000049 ], [ 58.849619988000086, 25.528794664000088 ], [ 58.840342644000032, 25.532904364000046 ], [ 58.834157748000052, 25.542385158000059 ], [ 58.830577019000032, 25.552313544000071 ], [ 58.825205925000034, 25.560370184000078 ], [ 58.813731316000087, 25.563625393000052 ], [ 58.728037957000083, 25.563625393000052 ], [ 58.546397332000083, 25.593654690000051 ], [ 58.484141472000033, 25.584662177000041 ], [ 58.430511915000068, 25.587958075000074 ], [ 58.41179446700005, 25.59601471600007 ], [ 58.418955925000034, 25.612005927000041 ], [ 58.389659050000034, 25.610296942000048 ], [ 58.357595248000052, 25.604559637000079 ], [ 58.344086134000065, 25.598130601000037 ], [ 58.321055535000085, 25.58079661700009 ], [ 58.305918816000087, 25.577297268000052 ], [ 58.299001498000052, 25.579820054000038 ], [ 58.295583530000044, 25.583889065000051 ], [ 58.29070071700005, 25.583726304000038 ], [ 58.27898196700005, 25.573879299000055 ], [ 58.271006707000083, 25.56867096600007 ], [ 58.260752800000034, 25.565741278000075 ], [ 58.251963738000086, 25.566839911000045 ], [ 58.248301629000082, 25.573879299000055 ], [ 58.242442254000082, 25.571437893000052 ], [ 58.207286004000082, 25.549302476000037 ], [ 58.170420769000032, 25.544094143000052 ], [ 58.137868686000047, 25.549790757000039 ], [ 58.106211785000085, 25.55890534100007 ], [ 58.073090040000068, 25.563625393000052 ], [ 58.04623457100007, 25.57493724200009 ], [ 58.024180535000085, 25.60187409100007 ], [ 57.994313998000052, 25.659165757000039 ], [ 57.963226759000065, 25.693182684000078 ], [ 57.925303582000083, 25.701320705000057 ], [ 57.884043816000087, 25.691636460000041 ], [ 57.843516472000033, 25.672837632000039 ], [ 57.809418165000068, 25.647772528000075 ], [ 57.787445509000065, 25.635443427000041 ], [ 57.771739129000082, 25.635565497000073 ], [ 57.775889519000032, 25.679673570000091 ], [ 57.779795769000032, 25.691148179000038 ], [ 57.782481316000087, 25.696112372000073 ], [ 57.783050977000073, 25.699774481000077 ], [ 57.781504754000082, 25.707586981000077 ], [ 57.771250847000033, 25.730454820000091 ], [ 57.755625847000033, 25.742743231000077 ], [ 57.734711134000065, 25.747707424000055 ], [ 57.709727410000085, 25.748521226000037 ], [ 57.68718509200005, 25.74640534100007 ], [ 57.631846550000034, 25.734930731000077 ], [ 57.619639519000032, 25.737005927000041 ], [ 57.598806186000047, 25.74640534100007 ], [ 57.587168816000087, 25.748521226000037 ], [ 57.575694207000083, 25.74750397300005 ], [ 57.555837436000047, 25.74282461100006 ], [ 57.545583530000044, 25.741766669000071 ], [ 57.520681186000047, 25.743557033000059 ], [ 57.45248457100007, 25.762884833000044 ], [ 57.459971550000034, 25.769029039000088 ], [ 57.326182488000086, 25.777004299000055 ], [ 57.311534050000034, 25.784125067000048 ], [ 57.30437259200005, 25.799750067000048 ], [ 57.298675977000073, 25.848700262000079 ], [ 57.274424675000034, 25.899400132000039 ], [ 57.261973504000082, 25.939886786000045 ], [ 57.25359134200005, 25.958970445000091 ], [ 57.243662957000083, 25.967027085000041 ], [ 57.242035352000073, 25.970892645000049 ], [ 57.219737175000034, 25.995021877000056 ], [ 57.215342644000032, 25.995835679000038 ], [ 57.202647332000083, 25.993882554000038 ], [ 57.19857832100007, 25.995021877000056 ], [ 57.196787957000083, 25.999172268000052 ], [ 57.194102410000085, 26.010972398000035 ], [ 57.180511915000068, 26.046861070000091 ], [ 57.176524285000085, 26.063544012000079 ], [ 57.166758660000085, 26.082993882000039 ], [ 57.164561394000032, 26.094916083000044 ], [ 57.170909050000034, 26.115627346000053 ], [ 57.201996290000068, 26.146226304000038 ], [ 57.212901238000086, 26.166245835000041 ], [ 57.199229363000086, 26.198187567000048 ], [ 57.133067254000082, 26.263739325000074 ], [ 57.138438347000033, 26.290432033000059 ], [ 57.131032748000052, 26.296616929000038 ], [ 57.125254754000082, 26.341864325000074 ], [ 57.118174675000034, 26.364325262000079 ], [ 57.10710696700005, 26.38226959800005 ], [ 57.087901238000086, 26.398993231000077 ], [ 57.083181186000047, 26.406480210000041 ], [ 57.080332879000082, 26.415350653000075 ], [ 57.076670769000032, 26.43821849200009 ], [ 57.076345248000052, 26.447455145000049 ], [ 57.09343509200005, 26.572211005000042 ], [ 57.090017123000052, 26.618801174000055 ], [ 57.024912957000083, 26.850978908000059 ], [ 57.011241082000083, 26.868882554000038 ], [ 56.977305535000085, 26.895331122000073 ], [ 56.965179884000065, 26.911118882000039 ], [ 56.96648196700005, 26.927232164000088 ], [ 56.935720248000052, 26.945542710000041 ], [ 56.925547722000033, 26.955145575000074 ], [ 56.940114780000044, 26.954291083000044 ], [ 56.951019727000073, 26.958156643000052 ], [ 56.961110873000052, 26.963853257000039 ], [ 56.973317905000044, 26.968817450000074 ], [ 56.964854363000086, 26.975653387000079 ], [ 56.963552280000044, 26.985052802000041 ], [ 56.967051629000082, 26.994818427000041 ], [ 56.973317905000044, 27.002997137000079 ], [ 56.942556186000047, 26.991115627000056 ], [ 56.932383660000085, 26.989325262000079 ], [ 56.923106316000087, 26.991400458000044 ], [ 56.917246941000087, 26.996079820000091 ], [ 56.913096550000034, 27.000799872000073 ], [ 56.908213738000086, 27.002997137000079 ], [ 56.903086785000085, 27.006415106000077 ], [ 56.89779707100007, 27.013006903000075 ], [ 56.890879754000082, 27.01703522300005 ], [ 56.871348504000082, 27.00844961100006 ], [ 56.865489129000082, 27.011867580000057 ], [ 56.86296634200005, 27.020086981000077 ], [ 56.863454623000052, 27.030259507000039 ], [ 56.850596550000034, 27.02765534100007 ], [ 56.843760613000086, 27.032904364000046 ], [ 56.844086134000065, 27.040228583000044 ], [ 56.853526238000086, 27.043931382000039 ], [ 56.858409050000034, 27.047430731000077 ], [ 56.875987175000034, 27.064398505000042 ], [ 56.884613477000073, 27.07062409100007 ], [ 56.884613477000073, 27.078070380000042 ], [ 56.855316602000073, 27.081691799000055 ], [ 56.83139082100007, 27.096136786000045 ], [ 56.815196160000085, 27.117010809000078 ], [ 56.808848504000082, 27.139553127000056 ], [ 56.797211134000065, 27.129339911000045 ], [ 56.784434441000087, 27.12531159100007 ], [ 56.757334832000083, 27.125230210000041 ], [ 56.742360873000052, 27.129584052000041 ], [ 56.733083530000044, 27.139227606000077 ], [ 56.725596550000034, 27.148830471000053 ], [ 56.716075066000087, 27.153143622000073 ], [ 56.612315300000034, 27.154242255000042 ], [ 56.589691602000073, 27.160630601000037 ], [ 56.582855665000068, 27.153143622000073 ], [ 56.558604363000086, 27.165187893000052 ], [ 56.528575066000087, 27.170721747000073 ], [ 56.46615644600007, 27.173651434000078 ], [ 56.436534050000034, 27.178859768000052 ], [ 56.38412519600007, 27.197495835000041 ], [ 56.353037957000083, 27.201605536000045 ], [ 56.291188998000052, 27.198472398000035 ], [ 56.259613477000073, 27.191229559000078 ], [ 56.236582879000082, 27.177069403000075 ], [ 56.215179884000065, 27.167873440000051 ], [ 56.150157097000033, 27.165350653000075 ], [ 56.123708530000044, 27.160630601000037 ], [ 56.115570509000065, 27.155747789000088 ], [ 56.098887566000087, 27.141017971000053 ], [ 56.095550977000073, 27.136135158000059 ], [ 56.093516472000033, 27.125555731000077 ], [ 56.088145379000082, 27.122219143000052 ], [ 56.080414259000065, 27.120754299000055 ], [ 56.071787957000083, 27.115627346000053 ], [ 56.054535352000073, 27.102606512000079 ], [ 55.987315300000034, 27.066351630000042 ], [ 55.963145379000082, 27.048041083000044 ], [ 55.962738477000073, 27.043931382000039 ], [ 55.957530144000032, 27.040757554000038 ], [ 55.939300977000073, 27.026678778000075 ], [ 55.928396030000044, 27.023423570000091 ], [ 55.883799675000034, 27.018744208000044 ], [ 55.842458530000044, 27.009751695000091 ], [ 55.831797722000033, 27.008734442000048 ], [ 55.798350457000083, 27.009751695000091 ], [ 55.787282748000052, 27.007717190000051 ], [ 55.772471550000034, 26.998277085000041 ], [ 55.763682488000086, 26.996161200000074 ], [ 55.726328972000033, 26.996161200000074 ], [ 55.694834832000083, 27.002752997000073 ], [ 55.684825066000087, 27.002997137000079 ], [ 55.665863477000073, 26.995428778000075 ], [ 55.632334832000083, 26.96751536700009 ], [ 55.619639519000032, 26.961371161000045 ], [ 55.608571811000047, 26.953680731000077 ], [ 55.554453972000033, 26.899888414000088 ], [ 55.568858269000032, 26.904120184000078 ], [ 55.575043165000068, 26.907171942000048 ], [ 55.582367384000065, 26.913560289000088 ], [ 55.586436394000032, 26.889064846000053 ], [ 55.580414259000065, 26.859116929000038 ], [ 55.568532748000052, 26.83079661700009 ], [ 55.554453972000033, 26.810532945000091 ], [ 55.521739129000082, 26.784572658000059 ], [ 55.48406009200005, 26.767523505000042 ], [ 55.442230665000068, 26.759914455000057 ], [ 55.397308790000068, 26.762152411000045 ], [ 55.316742384000065, 26.787095445000091 ], [ 55.27084394600007, 26.792547919000071 ], [ 55.232920769000032, 26.776434637000079 ], [ 55.221039259000065, 26.757391669000071 ], [ 55.215586785000085, 26.739488023000035 ], [ 55.205902540000068, 26.726385809000078 ], [ 55.181651238000086, 26.721177476000037 ], [ 55.162119988000086, 26.719142971000053 ], [ 55.118174675000034, 26.707586981000077 ], [ 55.103282097000033, 26.701320705000057 ], [ 55.037933790000068, 26.648911851000037 ], [ 55.026866082000083, 26.642645575000074 ], [ 54.930674675000034, 26.572658596000053 ], [ 54.822032097000033, 26.515773830000057 ], [ 54.815196160000085, 26.510443427000041 ], [ 54.808929884000065, 26.503851630000042 ], [ 54.801524285000085, 26.498236395000049 ], [ 54.791026238000086, 26.495835679000038 ], [ 54.778493686000047, 26.497870184000078 ], [ 54.761566602000073, 26.506822007000039 ], [ 54.74968509200005, 26.508937893000052 ], [ 54.663828972000033, 26.502020575000074 ], [ 54.619965040000068, 26.508246161000045 ], [ 54.60287519600007, 26.530991929000038 ], [ 54.590586785000085, 26.559963283000059 ], [ 54.561289910000085, 26.584662177000041 ], [ 54.516612175000034, 26.59251536700009 ], [ 54.425629102000073, 26.589341539000088 ], [ 54.389414910000085, 26.605129299000055 ], [ 54.371429884000065, 26.630845445000091 ], [ 54.356618686000047, 26.66282786700009 ], [ 54.337738477000073, 26.693426825000074 ], [ 54.308116082000083, 26.714992580000057 ], [ 54.286875847000033, 26.718654690000051 ], [ 54.266856316000087, 26.715765692000048 ], [ 54.247569207000083, 26.710842190000051 ], [ 54.171397332000083, 26.706122137000079 ], [ 54.150401238000086, 26.708197333000044 ], [ 54.08171634200005, 26.726141669000071 ], [ 54.064463738000086, 26.728583075000074 ], [ 54.053721550000034, 26.731634833000044 ], [ 54.03451582100007, 26.745306708000044 ], [ 54.026215040000068, 26.749090887000079 ], [ 54.015798373000052, 26.74945709800005 ], [ 53.995127800000034, 26.745591539000088 ], [ 53.92937259200005, 26.718003648000035 ], [ 53.883474155000044, 26.71234772300005 ], [ 53.842784050000034, 26.702093817000048 ], [ 53.820811394000032, 26.701320705000057 ], [ 53.776133660000085, 26.714260158000059 ], [ 53.751719597000033, 26.716050523000035 ], [ 53.728282097000033, 26.704738674000055 ], [ 53.716075066000087, 26.708563544000071 ], [ 53.663828972000033, 26.749090887000079 ], [ 53.588633660000085, 26.788763739000046 ], [ 53.49154707100007, 26.854315497000073 ], [ 53.477224155000044, 26.870103257000039 ], [ 53.471446160000085, 26.889634507000039 ], [ 53.469086134000065, 26.937201239000046 ], [ 53.461110873000052, 26.957098700000074 ], [ 53.444102410000085, 26.975653387000079 ], [ 53.412119988000086, 26.993557033000059 ], [ 53.072032097000033, 27.096869208000044 ], [ 53.05014082100007, 27.098578192000048 ], [ 53.02865644600007, 27.104071356000077 ], [ 53.01531009200005, 27.117336330000057 ], [ 53.004730665000068, 27.133246161000045 ], [ 52.992198113000086, 27.146958726000037 ], [ 52.932627800000034, 27.160345770000049 ], [ 52.923350457000083, 27.17023346600007 ], [ 52.914724155000044, 27.191961981000077 ], [ 52.894297722000033, 27.203070380000042 ], [ 52.848317905000044, 27.215277411000045 ], [ 52.767751498000052, 27.279730536000045 ], [ 52.732188347000033, 27.301336981000077 ], [ 52.678802931000064, 27.322373765000066 ], [ 52.601328972000033, 27.352932033000059 ], [ 52.580739780000044, 27.372259833000044 ], [ 52.579112175000034, 27.392767645000049 ], [ 52.588552280000044, 27.405503648000035 ], [ 52.605235222000033, 27.412054755000042 ], [ 52.626149936000047, 27.413885809000078 ], [ 52.644867384000065, 27.413316148000035 ], [ 52.666514519000032, 27.415350653000075 ], [ 52.678965691000087, 27.425279039000088 ], [ 52.670095248000052, 27.448635158000059 ], [ 52.654144727000073, 27.460882880000042 ], [ 52.613536004000082, 27.474676825000074 ], [ 52.598399285000085, 27.485825914000088 ], [ 52.590505405000044, 27.497748114000046 ], [ 52.574473504000082, 27.530585028000075 ], [ 52.567637566000087, 27.540716864000046 ], [ 52.5, 27.60260193958057 ] ] ], [ [ [ 52.5, 22.0 ], [ 52.5, 24.106168278579528 ], [ 52.501800977000073, 24.107489325000074 ], [ 52.51498457100007, 24.119818427000041 ], [ 52.532481316000087, 24.131822007000039 ], [ 52.550059441000087, 24.141058661000045 ], [ 52.563649936000047, 24.144720770000049 ], [ 52.574554884000065, 24.152085679000038 ], [ 52.577647332000083, 24.169012762000079 ], [ 52.577972852000073, 24.187445380000042 ], [ 52.580739780000044, 24.199367580000057 ], [ 52.600271030000044, 24.209540106000077 ], [ 52.618418816000087, 24.203680731000077 ], [ 52.63412519600007, 24.189886786000045 ], [ 52.670095248000052, 24.144720770000049 ], [ 52.68132571700005, 24.140814520000049 ], [ 52.685394727000073, 24.143459377000056 ], [ 52.688649936000047, 24.148586330000057 ], [ 52.697438998000052, 24.152167059000078 ], [ 52.72006269600007, 24.151516018000052 ], [ 52.760996941000087, 24.140611070000091 ], [ 52.782725457000083, 24.137884833000044 ], [ 52.795420769000032, 24.139878648000035 ], [ 52.816905144000032, 24.149318752000056 ], [ 52.827647332000083, 24.152167059000078 ], [ 52.83920332100007, 24.152004299000055 ], [ 52.847829623000052, 24.149603583000044 ], [ 52.854746941000087, 24.146673895000049 ], [ 52.861989780000044, 24.144720770000049 ], [ 52.947113477000073, 24.137884833000044 ], [ 52.95671634200005, 24.139634507000039 ], [ 52.992198113000086, 24.152167059000078 ], [ 52.996918165000068, 24.155910549000055 ], [ 52.998301629000082, 24.161363023000035 ], [ 52.999766472000033, 24.165676174000055 ], [ 53.005869988000086, 24.165838934000078 ], [ 53.010996941000087, 24.162787177000041 ], [ 53.014821811000047, 24.158433335000041 ], [ 53.017588738000086, 24.154364325000074 ], [ 53.019541863000086, 24.152167059000078 ], [ 53.048838738000086, 24.129950262000079 ], [ 53.067230665000068, 24.121893622000073 ], [ 53.107188347000033, 24.137884833000044 ], [ 53.127696160000085, 24.130682684000078 ], [ 53.146494988000086, 24.121323960000041 ], [ 53.16342207100007, 24.124823309000078 ], [ 53.149668816000087, 24.132228908000059 ], [ 53.145762566000087, 24.141750393000052 ], [ 53.145355665000068, 24.15306224200009 ], [ 53.142425977000073, 24.165838934000078 ], [ 53.165293816000087, 24.170314846000053 ], [ 53.191579623000052, 24.159409898000035 ], [ 53.215586785000085, 24.141546942000048 ], [ 53.23178144600007, 24.124823309000078 ], [ 53.245616082000083, 24.10415273600006 ], [ 53.253754102000073, 24.098781643000052 ], [ 53.309092644000032, 24.095770575000074 ], [ 53.437022332000083, 24.119818427000041 ], [ 53.445811394000032, 24.119818427000041 ], [ 53.454600457000083, 24.114406643000052 ], [ 53.468272332000083, 24.10032786700009 ], [ 53.478770379000082, 24.093695380000042 ], [ 53.493011915000068, 24.090643622000073 ], [ 53.507823113000086, 24.091538804000038 ], [ 53.519297722000033, 24.096869208000044 ], [ 53.537445509000065, 24.08429596600007 ], [ 53.54818769600007, 24.07876211100006 ], [ 53.557383660000085, 24.076402085000041 ], [ 53.561534050000034, 24.07257721600007 ], [ 53.574392123000052, 24.054388739000046 ], [ 53.581309441000087, 24.048529364000046 ], [ 53.589610222000033, 24.047064520000049 ], [ 53.601084832000083, 24.04718659100007 ], [ 53.612071160000085, 24.048976955000057 ], [ 53.629161004000082, 24.057033596000053 ], [ 53.639414910000085, 24.054754950000074 ], [ 53.648936394000032, 24.050360419000071 ], [ 53.656993035000085, 24.048529364000046 ], [ 53.687836134000065, 24.062079169000071 ], [ 53.694590691000087, 24.066473700000074 ], [ 53.70281009200005, 24.070502020000049 ], [ 53.712412957000083, 24.068833726000037 ], [ 53.722422722000033, 24.06509023600006 ], [ 53.73210696700005, 24.062730210000041 ], [ 53.853770379000082, 24.061997789000088 ], [ 53.878916863000086, 24.064846096000053 ], [ 53.889821811000047, 24.073309637000079 ], [ 53.951182488000086, 24.103745835000041 ], [ 54.014333530000044, 24.113267320000091 ], [ 54.034190300000034, 24.122748114000046 ], [ 54.055186394000032, 24.12641022300005 ], [ 54.081553582000083, 24.137884833000044 ], [ 54.112071160000085, 24.141791083000044 ], [ 54.122569207000083, 24.144720770000049 ], [ 54.135427280000044, 24.152044989000046 ], [ 54.15365644600007, 24.165269273000035 ], [ 54.170095248000052, 24.18109772300005 ], [ 54.17709394600007, 24.196193752000056 ], [ 54.187022332000083, 24.203599351000037 ], [ 54.252777540000068, 24.221096096000053 ], [ 54.305918816000087, 24.256781317000048 ], [ 54.314952019000032, 24.258246161000045 ], [ 54.323008660000085, 24.270656643000052 ], [ 54.341970248000052, 24.269761460000041 ], [ 54.382578972000033, 24.254584052000041 ], [ 54.390147332000083, 24.265855210000041 ], [ 54.427256707000083, 24.292141018000052 ], [ 54.445974155000044, 24.316148179000038 ], [ 54.485606316000087, 24.388332424000055 ], [ 54.479991082000083, 24.413397528000075 ], [ 54.483164910000085, 24.425116278000075 ], [ 54.499278191000087, 24.432684637000079 ], [ 54.490000847000033, 24.438381252000056 ], [ 54.485606316000087, 24.439520575000074 ], [ 54.485606316000087, 24.446966864000046 ], [ 54.501149936000047, 24.44562409100007 ], [ 54.525726759000065, 24.435207424000055 ], [ 54.540293816000087, 24.432684637000079 ], [ 54.533946160000085, 24.445257880000042 ], [ 54.516856316000087, 24.462388414000088 ], [ 54.513438347000033, 24.474310614000046 ], [ 54.528330925000034, 24.467962958000044 ], [ 54.54428144600007, 24.463568427000041 ], [ 54.558604363000086, 24.457709052000041 ], [ 54.568125847000033, 24.446966864000046 ], [ 54.574392123000052, 24.446966864000046 ], [ 54.571299675000034, 24.473334052000041 ], [ 54.552500847000033, 24.481634833000044 ], [ 54.526052280000044, 24.482855536000045 ], [ 54.499278191000087, 24.487941799000055 ], [ 54.440684441000087, 24.523911851000037 ], [ 54.41732832100007, 24.528957424000055 ], [ 54.41732832100007, 24.535101630000042 ], [ 54.42937259200005, 24.538275458000044 ], [ 54.441661004000082, 24.545721747000073 ], [ 54.451914910000085, 24.556545315000051 ], [ 54.453623894000032, 24.550197658000059 ], [ 54.457041863000086, 24.541896877000056 ], [ 54.465098504000082, 24.535101630000042 ], [ 54.462412957000083, 24.545355536000045 ], [ 54.465830925000034, 24.554348049000055 ], [ 54.478770379000082, 24.569891669000071 ], [ 54.485606316000087, 24.569891669000071 ], [ 54.49350019600007, 24.542303778000075 ], [ 54.512868686000047, 24.515285549000055 ], [ 54.537445509000065, 24.498439846000053 ], [ 54.561289910000085, 24.501613674000055 ], [ 54.555186394000032, 24.504584052000041 ], [ 54.540293816000087, 24.515855210000041 ], [ 54.551768425000034, 24.515326239000046 ], [ 54.573252800000034, 24.508978583000044 ], [ 54.581797722000033, 24.50844961100006 ], [ 54.585134311000047, 24.511948960000041 ], [ 54.593760613000086, 24.525824286000045 ], [ 54.598887566000087, 24.528957424000055 ], [ 54.63640384200005, 24.597805080000057 ], [ 54.619802280000044, 24.604315497000073 ], [ 54.612152540000068, 24.613226630000042 ], [ 54.615896030000044, 24.621161200000074 ], [ 54.632985873000052, 24.624497789000088 ], [ 54.643402540000068, 24.630560614000046 ], [ 54.646332227000073, 24.644232489000046 ], [ 54.652110222000033, 24.658392645000049 ], [ 54.670583530000044, 24.666083075000074 ], [ 54.670583530000044, 24.672308661000045 ], [ 54.661875847000033, 24.678127346000053 ], [ 54.657725457000083, 24.688381252000056 ], [ 54.654795769000032, 24.700995184000078 ], [ 54.650157097000033, 24.713853257000039 ], [ 54.655528191000087, 24.721096096000053 ], [ 54.648285352000073, 24.72532786700009 ], [ 54.640472852000073, 24.732611395000049 ], [ 54.643321160000085, 24.74868398600006 ], [ 54.652517123000052, 24.758002020000049 ], [ 54.691661004000082, 24.782171942000048 ], [ 54.696543816000087, 24.788885809000078 ], [ 54.701345248000052, 24.79828522300005 ], [ 54.707041863000086, 24.803900458000044 ], [ 54.737803582000083, 24.790920315000051 ], [ 54.739431186000047, 24.789618231000077 ], [ 54.754161004000082, 24.79242584800005 ], [ 54.768565300000034, 24.801459052000041 ], [ 54.773610873000052, 24.81476471600007 ], [ 54.760020379000082, 24.830552476000037 ], [ 54.86882571700005, 24.888657945000091 ], [ 54.917735222000033, 24.920884507000039 ], [ 54.948090040000068, 24.946437893000052 ], [ 54.96810957100007, 24.958644924000055 ], [ 54.992849155000044, 24.966009833000044 ], [ 54.994965040000068, 24.96666087400007 ], [ 54.99935957100007, 24.967962958000044 ], [ 55.003347201000054, 24.969142971000053 ], [ 55.005869988000086, 24.969916083000044 ], [ 55.010752800000034, 24.972601630000042 ], [ 55.014008009000065, 24.974351304000038 ], [ 55.015798373000052, 24.97532786700009 ], [ 55.017995639000048, 24.976507880000042 ], [ 55.022227410000085, 24.97882721600007 ], [ 55.049978061000047, 24.993394273000035 ], [ 55.04460696700005, 25.013902085000041 ], [ 55.077647332000083, 25.02024974200009 ], [ 55.082286004000082, 25.016831773000035 ], [ 55.156911655000044, 25.096747137000079 ], [ 55.259043816000087, 25.215277411000045 ], [ 55.264170769000032, 25.23118724200009 ], [ 55.26335696700005, 25.244940497000073 ], [ 55.282399936000047, 25.260687567000048 ], [ 55.298350457000083, 25.258490302000041 ], [ 55.313324415000068, 25.23891836100006 ], [ 55.318369988000086, 25.225287177000041 ], [ 55.314219597000033, 25.212062893000052 ], [ 55.301117384000065, 25.19367096600007 ], [ 55.328868035000085, 25.20148346600007 ], [ 55.334239129000082, 25.219224351000037 ], [ 55.326508009000065, 25.241197007000039 ], [ 55.306407097000033, 25.275051174000055 ], [ 55.303721550000034, 25.283026434000078 ], [ 55.309255405000044, 25.29173411700009 ], [ 55.339366082000083, 25.321437893000052 ], [ 55.348155144000032, 25.324774481000077 ], [ 55.363291863000086, 25.324042059000078 ], [ 55.358653191000087, 25.33657461100006 ], [ 55.359385613000086, 25.348578192000048 ], [ 55.365489129000082, 25.358587958000044 ], [ 55.376963738000086, 25.364976304000038 ], [ 55.387054884000065, 25.357082424000055 ], [ 55.407237175000034, 25.372748114000046 ], [ 55.438975457000083, 25.412787177000041 ], [ 55.445160352000073, 25.412787177000041 ], [ 55.449554884000065, 25.400620835000041 ], [ 55.455332879000082, 25.399888414000088 ], [ 55.461192254000082, 25.407375393000052 ], [ 55.465668165000068, 25.419623114000046 ], [ 55.472504102000073, 25.412787177000041 ], [ 55.486094597000033, 25.44993724200009 ], [ 55.495616082000083, 25.466131903000075 ], [ 55.506602410000085, 25.474839585000041 ], [ 55.494151238000086, 25.48078034100007 ], [ 55.500498894000032, 25.492987372000073 ], [ 55.51335696700005, 25.508856512000079 ], [ 55.520274285000085, 25.52570221600007 ], [ 55.524668816000087, 25.542629299000055 ], [ 55.535655144000032, 25.562404690000051 ], [ 55.551036004000082, 25.578599351000037 ], [ 55.568125847000033, 25.584662177000041 ], [ 55.559580925000034, 25.568304755000042 ], [ 55.548594597000033, 25.554877020000049 ], [ 55.542246941000087, 25.542547919000071 ], [ 55.54818769600007, 25.529486395000049 ], [ 55.563731316000087, 25.52374909100007 ], [ 55.58334394600007, 25.526841539000088 ], [ 55.60515384200005, 25.532945054000038 ], [ 55.62631269600007, 25.536322333000044 ], [ 55.632578972000033, 25.544175523000035 ], [ 55.64812259200005, 25.583156643000052 ], [ 55.656911655000044, 25.597723700000074 ], [ 55.683441602000073, 25.623521226000037 ], [ 55.699473504000082, 25.634711005000042 ], [ 55.733897332000083, 25.64679596600007 ], [ 55.759532097000033, 25.679673570000091 ], [ 55.770518425000034, 25.687160549000055 ], [ 55.779551629000082, 25.688421942000048 ], [ 55.792246941000087, 25.69204336100006 ], [ 55.803477410000085, 25.697414455000057 ], [ 55.808360222000033, 25.704169012000079 ], [ 55.812836134000065, 25.706529039000088 ], [ 55.842458530000044, 25.713812567000048 ], [ 55.878103061000047, 25.740057684000078 ], [ 55.932465040000068, 25.802557684000078 ], [ 55.959727410000085, 25.82367584800005 ], [ 55.953786655000044, 25.814601955000057 ], [ 55.947438998000052, 25.794094143000052 ], [ 55.93718509200005, 25.776678778000075 ], [ 55.941254102000073, 25.770697333000044 ], [ 55.948496941000087, 25.768947658000059 ], [ 55.952321811000047, 25.77212148600006 ], [ 55.95443769600007, 25.787095445000091 ], [ 55.963715040000068, 25.815375067000048 ], [ 55.965993686000047, 25.834214585000041 ], [ 55.97234134200005, 25.842840887000079 ], [ 56.014414910000085, 25.878851630000042 ], [ 56.023203972000033, 25.889227606000077 ], [ 56.030772332000083, 25.900864976000037 ], [ 56.036875847000033, 25.915106512000079 ], [ 56.041026238000086, 25.933539130000042 ], [ 56.034190300000034, 25.933539130000042 ], [ 56.03060957100007, 25.924261786000045 ], [ 56.024668816000087, 25.916449286000045 ], [ 56.01693769600007, 25.91046784100007 ], [ 56.007578972000033, 25.90688711100006 ], [ 56.033702019000032, 25.946437893000052 ], [ 56.055349155000044, 25.988755601000037 ], [ 56.073252800000034, 26.052313544000071 ], [ 56.077403191000087, 26.061061916000085 ], [ 56.07748457100007, 26.061346747000073 ], [ 56.082041863000086, 26.070705471000053 ], [ 56.09148196700005, 26.106512762000079 ], [ 56.157725457000083, 26.201076565000051 ], [ 56.181813998000052, 26.245998440000051 ], [ 56.191905144000032, 26.255072333000044 ], [ 56.208262566000087, 26.263088283000059 ], [ 56.209157748000052, 26.257554429000038 ], [ 56.208262566000087, 26.244045315000051 ], [ 56.219899936000047, 26.227728583000044 ], [ 56.216807488000086, 26.22211334800005 ], [ 56.212412957000083, 26.207831122000073 ], [ 56.219899936000047, 26.207831122000073 ], [ 56.229502800000034, 26.216782945000091 ], [ 56.25554446700005, 26.218085028000075 ], [ 56.260752800000034, 26.224595445000091 ], [ 56.266856316000087, 26.227484442000048 ], [ 56.279958530000044, 26.223089911000045 ], [ 56.291840040000068, 26.211859442000048 ], [ 56.294932488000086, 26.194240627000056 ], [ 56.301931186000047, 26.205308335000041 ], [ 56.308848504000082, 26.204738674000055 ], [ 56.317393425000034, 26.20062897300005 ], [ 56.329112175000034, 26.201076565000051 ], [ 56.356293165000068, 26.219142971000053 ], [ 56.366953972000033, 26.221502997000073 ], [ 56.397471550000034, 26.213853257000039 ], [ 56.404144727000073, 26.214748440000051 ], [ 56.406911655000044, 26.223130601000037 ], [ 56.402354363000086, 26.232082424000055 ], [ 56.394541863000086, 26.239162502000056 ], [ 56.387380405000044, 26.242010809000078 ], [ 56.367849155000044, 26.244086005000042 ], [ 56.355723504000082, 26.243394273000035 ], [ 56.346853061000047, 26.23859284100007 ], [ 56.34115644600007, 26.232326565000051 ], [ 56.331309441000087, 26.223456122000073 ], [ 56.319590691000087, 26.217922268000052 ], [ 56.308441602000073, 26.221502997000073 ], [ 56.30827884200005, 26.232611395000049 ], [ 56.315928582000083, 26.274644273000035 ], [ 56.315928582000083, 26.290432033000059 ], [ 56.345225457000083, 26.269232489000046 ], [ 56.358409050000034, 26.264960028000075 ], [ 56.363780144000032, 26.279527085000041 ], [ 56.35906009200005, 26.287339585000041 ], [ 56.347829623000052, 26.297430731000077 ], [ 56.333994988000086, 26.306138414000088 ], [ 56.322276238000086, 26.309637762000079 ], [ 56.326508009000065, 26.318915106000077 ], [ 56.332041863000086, 26.320746161000045 ], [ 56.338145379000082, 26.320705471000053 ], [ 56.344004754000082, 26.323919989000046 ], [ 56.356293165000068, 26.337591864000046 ], [ 56.361827019000032, 26.349514065000051 ], [ 56.360524936000047, 26.371283270000049 ], [ 56.363780144000032, 26.385972398000035 ], [ 56.369965040000068, 26.385972398000035 ], [ 56.383636915000068, 26.358710028000075 ], [ 56.399099155000044, 26.36790599200009 ], [ 56.404144727000073, 26.372300523000035 ], [ 56.411631707000083, 26.364935614000046 ], [ 56.406911655000044, 26.357367255000042 ], [ 56.406504754000082, 26.354803778000075 ], [ 56.408702019000032, 26.352362372000073 ], [ 56.411631707000083, 26.345038153000075 ], [ 56.421071811000047, 26.352118231000077 ], [ 56.426931186000047, 26.349595445000091 ], [ 56.431895379000082, 26.342962958000044 ], [ 56.438975457000083, 26.337591864000046 ], [ 56.462168816000087, 26.331854559000078 ], [ 56.474375847000033, 26.33079661700009 ], [ 56.487315300000034, 26.331366278000075 ], [ 56.485199415000068, 26.335882880000042 ], [ 56.48178144600007, 26.347357489000046 ], [ 56.47982832100007, 26.35187409100007 ], [ 56.500987175000034, 26.358710028000075 ], [ 56.51107832100007, 26.333482164000088 ], [ 56.508962436000047, 26.323716539000088 ], [ 56.494965040000068, 26.322739976000037 ], [ 56.469574415000068, 26.323919989000046 ], [ 56.45281009200005, 26.318345445000091 ], [ 56.422862175000034, 26.294623114000046 ], [ 56.406260613000086, 26.284898179000038 ], [ 56.407481316000087, 26.284857489000046 ], [ 56.407237175000034, 26.279120184000078 ], [ 56.398610873000052, 26.268703518000052 ], [ 56.420909050000034, 26.247626044000071 ], [ 56.432302280000044, 26.239447333000044 ], [ 56.445811394000032, 26.235174872000073 ], [ 56.454925977000073, 26.239325262000079 ], [ 56.465342644000032, 26.247259833000044 ], [ 56.47624759200005, 26.249172268000052 ], [ 56.487315300000034, 26.235174872000073 ], [ 56.468760613000086, 26.205511786000045 ], [ 56.459646030000044, 26.202093817000048 ], [ 56.453298373000052, 26.221502997000073 ], [ 56.44304446700005, 26.220445054000038 ], [ 56.431976759000065, 26.221502997000073 ], [ 56.435801629000082, 26.211615302000041 ], [ 56.43685957100007, 26.205267645000049 ], [ 56.435394727000073, 26.200140692000048 ], [ 56.431976759000065, 26.194240627000056 ], [ 56.444590691000087, 26.18235911700009 ], [ 56.459727410000085, 26.174261786000045 ], [ 56.472911004000082, 26.164007880000042 ], [ 56.47982832100007, 26.145819403000075 ], [ 56.46810957100007, 26.145982164000088 ], [ 56.457367384000065, 26.148423570000091 ], [ 56.447764519000032, 26.153143622000073 ], [ 56.438975457000083, 26.160101630000042 ], [ 56.424571160000085, 26.153794664000088 ], [ 56.412445509000065, 26.158433335000041 ], [ 56.404958530000044, 26.170599677000041 ], [ 56.404144727000073, 26.186753648000035 ], [ 56.398285352000073, 26.183417059000078 ], [ 56.383148634000065, 26.176988023000035 ], [ 56.377452019000032, 26.173732815000051 ], [ 56.376963738000086, 26.184393622000073 ], [ 56.378916863000086, 26.192531643000052 ], [ 56.383636915000068, 26.198065497000073 ], [ 56.391123894000032, 26.201076565000051 ], [ 56.368418816000087, 26.20453522300005 ], [ 56.343597852000073, 26.191392320000091 ], [ 56.328786655000044, 26.172837632000039 ], [ 56.335948113000086, 26.160101630000042 ], [ 56.330902540000068, 26.149318752000056 ], [ 56.32976321700005, 26.137111721000053 ], [ 56.33171634200005, 26.124212958000044 ], [ 56.335948113000086, 26.11163971600007 ], [ 56.344737175000034, 26.131822007000039 ], [ 56.353037957000083, 26.142645575000074 ], [ 56.363780144000032, 26.145819403000075 ], [ 56.370127800000034, 26.139471747000073 ], [ 56.371104363000086, 26.127834377000056 ], [ 56.368337436000047, 26.114894924000055 ], [ 56.363780144000032, 26.104885158000059 ], [ 56.383311394000032, 26.097479559000078 ], [ 56.472992384000065, 26.098618882000039 ], [ 56.464366082000083, 26.085353908000059 ], [ 56.449229363000086, 26.073553778000075 ], [ 56.418304884000065, 26.057074286000045 ], [ 56.389170769000032, 26.047105210000041 ], [ 56.380137566000087, 26.038234768000052 ], [ 56.383636915000068, 26.022284247000073 ], [ 56.408864780000044, 26.034369208000044 ], [ 56.422862175000034, 26.023138739000046 ], [ 56.423350457000083, 26.00462474200009 ], [ 56.400401238000086, 25.990464585000041 ], [ 56.405039910000085, 25.980454820000091 ], [ 56.418304884000065, 25.963934637000079 ], [ 56.422129754000082, 25.956610419000071 ], [ 56.431162957000083, 25.952704169000071 ], [ 56.453298373000052, 25.947170315000051 ], [ 56.445485873000052, 25.942450262000079 ], [ 56.442637566000087, 25.939276434000078 ], [ 56.438975457000083, 25.92609284100007 ], [ 56.424164259000065, 25.933172919000071 ], [ 56.40788821700005, 25.937404690000051 ], [ 56.393321160000085, 25.93585846600007 ], [ 56.383636915000068, 25.92609284100007 ], [ 56.399424675000034, 25.902329820000091 ], [ 56.392588738000086, 25.880438544000071 ], [ 56.376149936000047, 25.859279690000051 ], [ 56.363780144000032, 25.837958075000074 ], [ 56.36264082100007, 25.830633856000077 ], [ 56.363780144000032, 25.806870835000041 ], [ 56.344004754000082, 25.789536851000037 ], [ 56.327403191000087, 25.762396552000041 ], [ 56.316254102000073, 25.749579169000071 ], [ 56.301768425000034, 25.741766669000071 ], [ 56.301768425000034, 25.762884833000044 ], [ 56.287933790000068, 25.741603908000059 ], [ 56.273773634000065, 25.709133205000057 ], [ 56.266612175000034, 25.67259349200009 ], [ 56.273773634000065, 25.63930898600006 ], [ 56.279063347000033, 25.627427476000037 ], [ 56.300303582000083, 25.616156317000048 ], [ 56.323252800000034, 25.607814846000053 ], [ 56.340017123000052, 25.604559637000079 ], [ 56.347992384000065, 25.593085028000075 ], [ 56.369965040000068, 25.52570221600007 ], [ 56.363780144000032, 25.433254299000055 ], [ 56.365000847000033, 25.423163153000075 ], [ 56.368337436000047, 25.396307684000078 ], [ 56.366953972000033, 25.388861395000049 ], [ 56.359222852000073, 25.37641022300005 ], [ 56.360199415000068, 25.367254950000074 ], [ 56.369965040000068, 25.351304429000038 ], [ 56.37468509200005, 25.341213283000059 ], [ 56.379161004000082, 25.33462148600006 ], [ 56.38249759200005, 25.326849677000041 ], [ 56.382985873000052, 25.321275132000039 ], [ 56.383636915000068, 25.313462632000039 ], [ 56.382660352000073, 25.302232164000088 ], [ 56.378428582000083, 25.282619533000059 ], [ 56.375254754000082, 25.252752997000073 ], [ 56.365977410000085, 25.209214585000041 ], [ 56.362233920000051, 25.068264065000051 ], [ 56.361989780000044, 25.05727773600006 ], [ 56.383311394000032, 24.978216864000046 ], [ 56.405446811000047, 24.897284247000073 ], [ 56.469574415000068, 24.775336005000042 ], [ 56.480316602000073, 24.765122789000088 ], [ 56.486827019000032, 24.741848049000055 ], [ 56.49350019600007, 24.700181382000039 ], [ 56.611175977000073, 24.496323960000041 ], [ 56.635590040000068, 24.471380927000041 ], [ 56.692149285000085, 24.42523834800005 ], [ 56.801442905000044, 24.302964585000041 ], [ 56.823090040000068, 24.271144924000055 ], [ 56.832286004000082, 24.252508856000077 ], [ 56.841075066000087, 24.223822333000044 ], [ 56.939463738000086, 24.115912177000041 ], [ 57.05827884200005, 24.023098049000055 ], [ 57.151540561000047, 23.953558661000045 ], [ 57.184255405000044, 23.934271552000041 ], [ 57.326345248000052, 23.884019273000035 ], [ 57.509613477000073, 23.839097398000035 ], [ 57.586436394000032, 23.807440497000073 ], [ 57.645192905000044, 23.790432033000059 ], [ 57.686778191000087, 23.783351955000057 ], [ 57.709727410000085, 23.782212632000039 ], [ 57.777354363000086, 23.785956122000073 ], [ 57.795746290000068, 23.782212632000039 ], [ 57.824392123000052, 23.747626044000071 ], [ 57.834971550000034, 23.740057684000078 ], [ 57.859222852000073, 23.734076239000046 ], [ 57.887705925000034, 23.720851955000057 ], [ 57.912771030000044, 23.717840887000079 ], [ 58.043142123000052, 23.724554755000042 ], [ 58.086761915000068, 23.72211334800005 ], [ 58.131602410000085, 23.713324286000045 ], [ 58.193207227000073, 23.689357815000051 ], [ 58.21029707100007, 23.685980536000045 ], [ 58.227386915000068, 23.67914459800005 ], [ 58.264170769000032, 23.64484284100007 ], [ 58.282399936000047, 23.631415106000077 ], [ 58.317230665000068, 23.620917059000078 ], [ 58.363536004000082, 23.61554596600007 ], [ 58.411957227000073, 23.616197007000039 ], [ 58.452972852000073, 23.623968817000048 ], [ 58.474864129000082, 23.631537177000041 ], [ 58.483653191000087, 23.63812897300005 ], [ 58.490896030000044, 23.65656159100007 ], [ 58.499522332000083, 23.65688711100006 ], [ 58.518565300000034, 23.651922919000071 ], [ 58.561371290000068, 23.65110911700009 ], [ 58.584157748000052, 23.646958726000037 ], [ 58.604502800000034, 23.637600002000056 ], [ 58.613291863000086, 23.625067450000074 ], [ 58.633311394000032, 23.585272528000075 ], [ 58.642100457000083, 23.57680898600006 ], [ 58.647146030000044, 23.574896552000041 ], [ 58.651540561000047, 23.570542710000041 ], [ 58.655528191000087, 23.565741278000075 ], [ 58.659027540000068, 23.562486070000091 ], [ 58.661306186000047, 23.56313711100006 ], [ 58.666840040000068, 23.56391022300005 ], [ 58.674001498000052, 23.563950914000088 ], [ 58.680349155000044, 23.562486070000091 ], [ 58.694590691000087, 23.55141836100006 ], [ 58.702403191000087, 23.542954820000091 ], [ 58.706879102000073, 23.535142320000091 ], [ 58.714366082000083, 23.535142320000091 ], [ 58.720550977000073, 23.548814195000091 ], [ 58.722911004000082, 23.543402411000045 ], [ 58.724945509000065, 23.540106512000079 ], [ 58.726817254000082, 23.536078192000048 ], [ 58.728037957000083, 23.528387762000079 ], [ 58.734873894000032, 23.528387762000079 ], [ 58.73601321700005, 23.53266022300005 ], [ 58.740977410000085, 23.542059637000079 ], [ 58.746348504000082, 23.537665106000077 ], [ 58.749522332000083, 23.536444403000075 ], [ 58.762054884000065, 23.542059637000079 ], [ 58.786143425000034, 23.512111721000053 ], [ 58.792979363000086, 23.495672919000071 ], [ 58.789398634000065, 23.480617580000057 ], [ 58.797373894000032, 23.466782945000091 ], [ 58.807627800000034, 23.421128648000035 ], [ 58.820567254000082, 23.401760158000059 ], [ 58.879161004000082, 23.351263739000046 ], [ 58.915212436000047, 23.336086330000057 ], [ 58.929453972000033, 23.318101304000038 ], [ 58.946543816000087, 23.275091864000046 ], [ 58.956228061000047, 23.259426174000055 ], [ 58.986501498000052, 23.232489325000074 ], [ 59.001719597000033, 23.212388414000088 ], [ 59.010101759000065, 23.153306382000039 ], [ 59.073741082000083, 23.093247789000088 ], [ 59.077891472000033, 23.085150458000044 ], [ 59.08366946700005, 23.055365302000041 ], [ 59.087901238000086, 23.048407294000071 ], [ 59.092539910000085, 23.043646552000041 ], [ 59.12045332100007, 23.022772528000075 ], [ 59.173675977000073, 22.993963934000078 ], [ 59.207530144000032, 22.970363674000055 ], [ 59.232269727000073, 22.943019924000055 ], [ 59.250010613000086, 22.912014065000051 ], [ 59.286143425000034, 22.82648346600007 ], [ 59.289805535000085, 22.812079169000071 ], [ 59.297536655000044, 22.792710679000038 ], [ 59.315684441000087, 22.779486395000049 ], [ 59.351817254000082, 22.76117584800005 ], [ 59.391612175000034, 22.702215887000079 ], [ 59.397227410000085, 22.686102606000077 ], [ 59.410655144000032, 22.670843817000048 ], [ 59.45248457100007, 22.634100653000075 ], [ 59.483897332000083, 22.618841864000046 ], [ 59.5, 22.605679931052638 ], [ 59.5, 22.0 ], [ 52.5, 22.0 ] ] ] ] } },
{ "type": "Feature", "properties": { }, "geometry": { "type": "MultiPolygon", "coordinates": [ [ [ [ 54.19076582100007, 24.227240302000041 ], [ 54.180837436000047, 24.245062567000048 ], [ 54.159353061000047, 24.253810940000051 ], [ 54.13412519600007, 24.26040273600006 ], [ 54.112559441000087, 24.271673895000049 ], [ 54.101573113000086, 24.297756252000056 ], [ 54.115244988000086, 24.318508205000057 ], [ 54.136973504000082, 24.32689036700009 ], [ 54.142100457000083, 24.322699286000045 ], [ 54.150401238000086, 24.315985419000071 ], [ 54.175873243000069, 24.29014720300006 ], [ 54.188324415000068, 24.277492580000057 ], [ 54.198822462000066, 24.253078518000052 ], [ 54.19076582100007, 24.227240302000041 ] ] ], [ [ [ 54.036875847000033, 26.488430080000057 ], [ 53.963063998000052, 26.492173570000091 ], [ 53.955414259000065, 26.492580471000053 ], [ 53.923106316000087, 26.506537177000041 ], [ 53.902842644000032, 26.536200262000079 ], [ 53.912852410000085, 26.550197658000059 ], [ 53.927582227000073, 26.560126044000071 ], [ 53.945485873000052, 26.56509023600006 ], [ 53.964854363000086, 26.564113674000055 ], [ 53.981700066000087, 26.55890534100007 ], [ 54.018809441000087, 26.555568752000056 ], [ 54.033050977000073, 26.550441799000055 ], [ 54.034922722000033, 26.546128648000035 ], [ 54.035817905000044, 26.544012762000079 ], [ 54.035817905000044, 26.543890692000048 ], [ 54.035411004000082, 26.534816799000055 ], [ 54.035573764000048, 26.533718166000085 ], [ 54.03646894600007, 26.526760158000059 ], [ 54.036631707000083, 26.526678778000075 ], [ 54.043711785000085, 26.523179429000038 ], [ 54.047943556000064, 26.519761460000041 ], [ 54.05046634200005, 26.517767645000049 ], [ 54.051361524000072, 26.51203034100007 ], [ 54.05241946700005, 26.505804755000042 ], [ 54.05014082100007, 26.499823309000078 ], [ 54.048024936000047, 26.493841864000046 ], [ 54.036875847000033, 26.488430080000057 ] ] ], [ [ [ 53.317149285000085, 26.799994208000044 ], [ 53.299082879000082, 26.790716864000046 ], [ 53.279795769000032, 26.790676174000055 ], [ 53.222829623000052, 26.79954661700009 ], [ 53.205251498000052, 26.806219794000071 ], [ 53.203135613000086, 26.807440497000073 ], [ 53.189789259000065, 26.81517161700009 ], [ 53.158457879000082, 26.838568427000041 ], [ 53.149424675000034, 26.847886460000041 ], [ 53.153330925000034, 26.85219961100006 ], [ 53.160492384000065, 26.853705145000049 ], [ 53.168467644000032, 26.856350002000056 ], [ 53.178070509000065, 26.85687897300005 ], [ 53.262461785000085, 26.833644924000055 ], [ 53.337412957000083, 26.828680731000077 ], [ 53.36068769600007, 26.820502020000049 ], [ 53.373789910000085, 26.809800523000035 ], [ 53.382009311000047, 26.803127346000053 ], [ 53.367523634000065, 26.799627997000073 ], [ 53.329112175000034, 26.802557684000078 ], [ 53.317149285000085, 26.799994208000044 ] ] ] ] } },
{ "type": "Feature", "properties": { }, "geometry": { "type": "MultiPolygon", "coordinates": [ [ [ [ 53.656993035000085, 24.158392645000049 ], [ 53.639496290000068, 24.16046784100007 ], [ 53.628184441000087, 24.164211330000057 ], [ 53.627777540000068, 24.171942450000074 ], [ 53.643321160000085, 24.18626536700009 ], [ 53.654633009000065, 24.192613023000035 ], [ 53.656097852000073, 24.193426825000074 ], [ 53.680674675000034, 24.201849677000041 ], [ 53.691172722000033, 24.206732489000046 ], [ 53.710215691000087, 24.222316799000055 ], [ 53.715830925000034, 24.22569407800006 ], [ 53.722829623000052, 24.229885158000059 ], [ 53.727142774000072, 24.231146552000041 ], [ 53.738942905000044, 24.23468659100007 ], [ 53.748301629000082, 24.234442450000074 ], [ 53.762950066000087, 24.228705145000049 ], [ 53.765147332000083, 24.228257554000038 ], [ 53.770274285000085, 24.227240302000041 ], [ 53.777110222000033, 24.229885158000059 ], [ 53.801036004000082, 24.247748114000046 ], [ 53.828623894000032, 24.25844961100006 ], [ 53.839610222000033, 24.264349677000041 ], [ 53.848155144000032, 24.275051174000055 ], [ 53.853526238000086, 24.262681382000039 ], [ 53.852305535000085, 24.259751695000091 ], [ 53.848155144000032, 24.254584052000041 ], [ 53.858409050000034, 24.239203192000048 ], [ 53.863047722000033, 24.23468659100007 ], [ 53.888601108000046, 24.219956773000035 ], [ 53.892344597000033, 24.217840887000079 ], [ 53.926605665000068, 24.211371161000045 ], [ 53.933929884000065, 24.208644924000055 ], [ 53.954600457000083, 24.200995184000078 ], [ 53.964854363000086, 24.17259349200009 ], [ 53.951019727000073, 24.149725653000075 ], [ 53.920420769000032, 24.139837958000044 ], [ 53.884613477000073, 24.141180731000077 ], [ 53.854991082000083, 24.152167059000078 ], [ 53.85710696700005, 24.161444403000075 ], [ 53.849375847000033, 24.174221096000053 ], [ 53.837412957000083, 24.177435614000046 ], [ 53.826996290000068, 24.158392645000049 ], [ 53.834483269000032, 24.152167059000078 ], [ 53.807302280000044, 24.135972398000035 ], [ 53.774668816000087, 24.130113023000035 ], [ 53.741465691000087, 24.133490302000041 ], [ 53.711599155000044, 24.144720770000049 ], [ 53.694346550000034, 24.153591213000084 ], [ 53.694183790000068, 24.153631903000075 ], [ 53.684255405000044, 24.156724351000037 ], [ 53.656993035000085, 24.158392645000049 ] ] ], [ [ [ 53.322759164000047, 24.262690637000048 ], [ 53.308666446000075, 24.278623028000084 ], [ 53.294504348000032, 24.279666903000077 ], [ 53.276007993000064, 24.288666325000065 ], [ 53.266142405000039, 24.273809505000088 ], [ 53.228001436000056, 24.278897356000073 ], [ 53.213837538000064, 24.280925668000066 ], [ 53.19271894600007, 24.277004299000055 ], [ 53.18913821700005, 24.275864976000037 ], [ 53.186534050000034, 24.275946356000077 ], [ 53.184092644000032, 24.281236070000091 ], [ 53.184580925000034, 24.287014065000051 ], [ 53.187673373000052, 24.294256903000075 ], [ 53.191254102000073, 24.300360419000071 ], [ 53.194346550000034, 24.302964585000041 ], [ 53.23178144600007, 24.29555898600006 ], [ 53.24187259200005, 24.297796942000048 ], [ 53.267588738000086, 24.308254299000055 ], [ 53.272715691000087, 24.312567450000074 ], [ 53.278086785000085, 24.316148179000038 ], [ 53.311046050000073, 24.328245655000046 ], [ 53.329606592000061, 24.336115326000083 ], [ 53.338327070000048, 24.33608049500009 ], [ 53.348064954000051, 24.320161759000086 ], [ 53.357849316000056, 24.315160629000047 ], [ 53.366709832000083, 24.319240627000056 ], [ 53.368907097000033, 24.330145575000074 ], [ 53.367686394000032, 24.340887762000079 ], [ 53.361582879000082, 24.350775458000044 ], [ 53.399099155000044, 24.401434637000079 ], [ 53.416758660000085, 24.41282786700009 ], [ 53.41765384200005, 24.407049872000073 ], [ 53.422129754000082, 24.397162177000041 ], [ 53.423594597000033, 24.391750393000052 ], [ 53.446787957000083, 24.379950262000079 ], [ 53.447032097000033, 24.379828192000048 ], [ 53.440440300000034, 24.34125397300005 ], [ 53.427632111000037, 24.328759424000054 ], [ 53.388339854000037, 24.31205650000004 ], [ 53.36977300500007, 24.301217640000061 ], [ 53.345792875000086, 24.298335073000089 ], [ 53.331589241000074, 24.288463065000087 ], [ 53.331541685000047, 24.277545987000053 ], [ 53.322759164000047, 24.262690637000048 ] ] ] ] } },
{ "type": "Feature", "properties": { }, "geometry": { "type": "MultiPolygon", "coordinates": [ [ [ [ 54.526377800000034, 26.309637762000079 ], [ 54.533213738000086, 26.306789455000057 ], [ 54.538910352000073, 26.302720445000091 ], [ 54.543711785000085, 26.297349351000037 ], [ 54.547373894000032, 26.290432033000059 ], [ 54.526377800000034, 26.251939195000091 ], [ 54.521006707000083, 26.250962632000039 ], [ 54.509287957000083, 26.25421784100007 ], [ 54.497569207000083, 26.259711005000042 ], [ 54.492198113000086, 26.265570380000042 ], [ 54.490896030000044, 26.278713283000059 ], [ 54.488536004000082, 26.288723049000055 ], [ 54.488129102000073, 26.298041083000044 ], [ 54.492198113000086, 26.309637762000079 ], [ 54.498383009000065, 26.317368882000039 ], [ 54.506846550000034, 26.321234442000048 ], [ 54.516449415000068, 26.319403387000079 ], [ 54.526377800000034, 26.309637762000079 ] ] ], [ [ [ 56.322276238000086, 26.834418036000045 ], [ 56.326833530000044, 26.861070054000038 ], [ 56.34115644600007, 26.879339911000045 ], [ 56.36654707100007, 26.889797268000052 ], [ 56.404144727000073, 26.893052476000037 ], [ 56.409190300000034, 26.862250067000048 ], [ 56.379161004000082, 26.838690497000073 ], [ 56.340993686000047, 26.827622789000088 ], [ 56.322276238000086, 26.834418036000045 ] ] ], [ [ [ 56.472992384000065, 27.106024481000077 ], [ 56.483571811000047, 27.099758205000057 ], [ 56.495127800000034, 27.095770575000074 ], [ 56.504649285000085, 27.088934637000079 ], [ 56.505137566000087, 27.086981512000079 ], [ 56.508474155000044, 27.074367580000057 ], [ 56.504730665000068, 27.061672268000052 ], [ 56.495290561000047, 27.052313544000071 ], [ 56.488129102000073, 27.04913971600007 ], [ 56.48178144600007, 27.04633209800005 ], [ 56.46615644600007, 27.043931382000039 ], [ 56.434580925000034, 27.054836330000057 ], [ 56.43685957100007, 27.080023505000042 ], [ 56.455414259000065, 27.102769273000035 ], [ 56.472992384000065, 27.106024481000077 ] ] ], [ [ [ 54.266368035000085, 24.294501044000071 ], [ 54.257334832000083, 24.28774648600006 ], [ 54.247813347000033, 24.283189195000091 ], [ 54.239268425000034, 24.281195380000042 ], [ 54.228282097000033, 24.281398830000057 ], [ 54.222178582000083, 24.284491278000075 ], [ 54.205088738000086, 24.302923895000049 ], [ 54.192393425000034, 24.311102606000077 ], [ 54.183116082000083, 24.315008856000077 ], [ 54.179453972000033, 24.321437893000052 ], [ 54.184580925000034, 24.337062893000052 ], [ 54.191905144000032, 24.346177476000037 ], [ 54.203786655000044, 24.353745835000041 ], [ 54.218028191000087, 24.357977606000077 ], [ 54.232432488000086, 24.357570705000057 ], [ 54.241221550000034, 24.340765692000048 ], [ 54.251149936000047, 24.326564846000053 ], [ 54.273448113000086, 24.302923895000049 ], [ 54.266368035000085, 24.294501044000071 ] ] ], [ [ [ 54.32585696700005, 24.373032945000091 ], [ 54.33529707100007, 24.36399974200009 ], [ 54.336110873000052, 24.35032786700009 ], [ 54.325450066000087, 24.321275132000039 ], [ 54.308929884000065, 24.313869533000059 ], [ 54.281586134000065, 24.357489325000074 ], [ 54.279063347000033, 24.364447333000044 ], [ 54.286143425000034, 24.36554596600007 ], [ 54.297211134000065, 24.362860419000071 ], [ 54.306895379000082, 24.357245184000078 ], [ 54.311371290000068, 24.355292059000078 ], [ 54.312673373000052, 24.359849351000037 ], [ 54.30990644600007, 24.365179755000042 ], [ 54.295176629000082, 24.375230210000041 ], [ 54.292002800000034, 24.384507554000038 ], [ 54.304860873000052, 24.385931708000044 ], [ 54.32585696700005, 24.373032945000091 ] ] ], [ [ [ 54.54656009200005, 25.92649974200009 ], [ 54.551605665000068, 25.917710679000038 ], [ 54.553233269000032, 25.89984772300005 ], [ 54.543223504000082, 25.893052476000037 ], [ 54.529633009000065, 25.895982164000088 ], [ 54.513682488000086, 25.90265534100007 ], [ 54.509776238000086, 25.913763739000046 ], [ 54.52279707100007, 25.920111395000049 ], [ 54.54656009200005, 25.92649974200009 ] ] ], [ [ [ 55.894297722000033, 26.679429429000038 ], [ 55.90202884200005, 26.668850002000056 ], [ 55.90398196700005, 26.64524974200009 ], [ 55.889659050000034, 26.62376536700009 ], [ 55.869313998000052, 26.613023179000038 ], [ 55.85320071700005, 26.621039130000042 ], [ 55.855479363000086, 26.644110419000071 ], [ 55.868337436000047, 26.666449286000045 ], [ 55.884532097000033, 26.677679755000042 ], [ 55.894297722000033, 26.679429429000038 ] ] ], [ [ [ 53.639414910000085, 26.688788153000075 ], [ 53.651215040000068, 26.683823960000041 ], [ 53.659190300000034, 26.668850002000056 ], [ 53.646250847000033, 26.657171942000048 ], [ 53.628672722000033, 26.659328518000052 ], [ 53.611175977000073, 26.667303778000075 ], [ 53.60124759200005, 26.679592190000051 ], [ 53.609222852000073, 26.690497137000079 ], [ 53.629161004000082, 26.691107489000046 ], [ 53.639414910000085, 26.688788153000075 ] ] ], [ [ [ 53.060801629000082, 24.893540757000153 ], [ 53.079356316000087, 24.89101797100011 ], [ 53.083099806000178, 24.873887437000064 ], [ 53.079356316000087, 24.853501695000205 ], [ 53.072927280000158, 24.859035549000112 ], [ 53.071462436000104, 24.863755601000037 ], [ 53.063161655000101, 24.873277085000041 ], [ 53.058197462000123, 24.886297919000015 ], [ 53.060801629000082, 24.893540757000153 ] ] ], [ [ [ 54.211110873000052, 25.249416408000059 ], [ 54.231130405000044, 25.243475653000132 ], [ 54.23983808700018, 25.208644924000112 ], [ 54.226980014000048, 25.21421946800001 ], [ 54.214284701000111, 25.21421946800001 ], [ 54.197927279999988, 25.232001044000128 ], [ 54.211110873000052, 25.249416408000059 ] ] ] ] } },
{ "type": "Feature", "properties": { }, "geometry": { "type": "MultiPolygon", "coordinates": [ [ [ [ 52.574473504000082, 24.343939520000049 ], [ 52.587168816000087, 24.360500393000052 ], [ 52.611094597000033, 24.373236395000049 ], [ 52.634461163000083, 24.366599714000074 ], [ 52.645374730000071, 24.350718968000081 ], [ 52.650854831000061, 24.324899146000064 ], [ 52.648773634000065, 24.309515692000048 ], [ 52.627207879000082, 24.283596096000053 ], [ 52.608653191000087, 24.268255927000041 ], [ 52.592154254000036, 24.253367801000081 ], [ 52.579064850000066, 24.266259262000062 ], [ 52.568139296000084, 24.283127345000082 ], [ 52.556104327000071, 24.306946332000052 ], [ 52.558239364000087, 24.326812872000062 ], [ 52.574473504000082, 24.343939520000049 ] ] ], [ [ [ 54.382578972000033, 24.439520575000074 ], [ 54.334808790000068, 24.453192450000074 ], [ 54.334808790000068, 24.468980210000041 ], [ 54.375336134000065, 24.503607489000046 ], [ 54.389414910000085, 24.522691148000035 ], [ 54.396250847000033, 24.522691148000035 ], [ 54.389414910000085, 24.501572984000063 ], [ 54.396657748000052, 24.483465887000079 ], [ 54.414317254000082, 24.470607815000051 ], [ 54.451426629000082, 24.453192450000074 ], [ 54.469737175000034, 24.436468817000048 ], [ 54.470550977000073, 24.425034898000035 ], [ 54.45671634200005, 24.420803127000056 ], [ 54.430430535000085, 24.42523834800005 ], [ 54.382578972000033, 24.439520575000074 ] ] ], [ [ [ 55.048675977000187, 25.885768947000088 ], [ 55.049896681000121, 25.876084703000174 ], [ 55.054372592000163, 25.86461009300001 ], [ 55.04647871200001, 25.858384507000039 ], [ 55.038259311000047, 25.857733466000127 ], [ 55.032644076000054, 25.854641018000052 ], [ 55.023041212000066, 25.862860419000015 ], [ 55.018402540000125, 25.859605210000097 ], [ 55.018972201000111, 25.865749416000028 ], [ 55.015635613000086, 25.871852932000024 ], [ 55.012054884000179, 25.881618557000081 ], [ 55.026459181000121, 25.888739325000017 ], [ 55.043711785000141, 25.892889716000184 ], [ 55.048675977000187, 25.885768947000088 ] ] ] ] } },
{ "type": "Feature", "properties": { }, "geometry": { "type": "Polygon", "coordinates": [ [ [ 56.212412957000083, 27.002997137000079 ], [ 56.23210696700005, 26.99876536700009 ], [ 56.257660352000073, 26.988714911000045 ], [ 56.273610873000052, 26.977769273000035 ], [ 56.279470248000052, 26.973822333000044 ], [ 56.287445509000065, 26.955145575000074 ], [ 56.271332227000073, 26.946966864000046 ], [ 56.25521894600007, 26.938788153000075 ], [ 56.193532748000052, 26.92454661700009 ], [ 56.171397332000083, 26.906805731000077 ], [ 56.148692254000082, 26.862005927000041 ], [ 56.137217644000032, 26.844671942000048 ], [ 56.095876498000052, 26.806870835000041 ], [ 56.089366082000083, 26.793524481000077 ], [ 56.080821160000085, 26.785345770000049 ], [ 56.042816602000073, 26.768133856000077 ], [ 56.034190300000034, 26.759019273000035 ], [ 56.025645379000082, 26.754095770000049 ], [ 55.976410352000073, 26.71157461100006 ], [ 55.947032097000033, 26.696275132000039 ], [ 55.924001498000052, 26.705023505000042 ], [ 55.902191602000073, 26.724839585000041 ], [ 55.87663821700005, 26.74290599200009 ], [ 55.809825066000087, 26.712062893000052 ], [ 55.791270379000082, 26.69790273600006 ], [ 55.772715691000087, 26.688381252000056 ], [ 55.75131269600007, 26.688544012000079 ], [ 55.705821160000085, 26.694525458000044 ], [ 55.685557488000086, 26.690497137000079 ], [ 55.664235873000052, 26.681545315000051 ], [ 55.610362175000034, 26.646918036000045 ], [ 55.554453972000033, 26.62563711100006 ], [ 55.520518425000034, 26.603257554000038 ], [ 55.502940300000034, 26.594875393000052 ], [ 55.441172722000033, 26.58860911700009 ], [ 55.397308790000068, 26.577826239000046 ], [ 55.378754102000073, 26.567287502000056 ], [ 55.369476759000065, 26.564113674000055 ], [ 55.36654707100007, 26.564601955000057 ], [ 55.361094597000033, 26.565619208000044 ], [ 55.349782748000052, 26.56899648600006 ], [ 55.339610222000033, 26.56899648600006 ], [ 55.33529707100007, 26.560451565000051 ], [ 55.330739780000044, 26.553615627000056 ], [ 55.319834832000083, 26.54828522300005 ], [ 55.307627800000034, 26.544907945000091 ], [ 55.298350457000083, 26.543646552000041 ], [ 55.294118686000047, 26.546291408000059 ], [ 55.290537957000083, 26.548488674000055 ], [ 55.285411004000082, 26.559963283000059 ], [ 55.28060957100007, 26.584662177000041 ], [ 55.287364129000082, 26.60228099200009 ], [ 55.289235873000052, 26.61359284100007 ], [ 55.284027540000068, 26.618801174000055 ], [ 55.273773634000065, 26.649807033000059 ], [ 55.284678582000083, 26.660223700000074 ], [ 55.331879102000073, 26.645331122000073 ], [ 55.342784050000034, 26.649807033000059 ], [ 55.34896894600007, 26.648220119000086 ], [ 55.351898634000065, 26.647447007000039 ], [ 55.404795769000032, 26.674017645000049 ], [ 55.53842207100007, 26.712958075000074 ], [ 55.557871941000087, 26.714992580000057 ], [ 55.570485873000052, 26.71938711100006 ], [ 55.574066602000073, 26.720648505000042 ], [ 55.574229363000086, 26.720689195000091 ], [ 55.62045332100007, 26.746079820000091 ], [ 55.640391472000033, 26.760565497000073 ], [ 55.705821160000085, 26.783270575000074 ], [ 55.716075066000087, 26.78392161700009 ], [ 55.736827019000032, 26.782416083000044 ], [ 55.746836785000085, 26.783270575000074 ], [ 55.754161004000082, 26.786078192000048 ], [ 55.764496290000068, 26.793890692000048 ], [ 55.774180535000085, 26.796942450000074 ], [ 55.77116946700005, 26.803656317000048 ], [ 55.766774936000047, 26.810532945000091 ], [ 55.782074415000068, 26.826157945000091 ], [ 55.785655144000032, 26.844956773000035 ], [ 55.781016472000033, 26.889634507000039 ], [ 55.773203972000033, 26.906724351000037 ], [ 55.756114129000082, 26.92133209800005 ], [ 55.739431186000047, 26.932928778000075 ], [ 55.732595248000052, 26.940904039000088 ], [ 55.757985873000052, 26.954046942000048 ], [ 55.897715691000087, 26.906805731000077 ], [ 55.935557488000086, 26.91478099200009 ], [ 56.041026238000086, 26.975653387000079 ], [ 56.17318769600007, 27.002346096000053 ], [ 56.212412957000083, 27.002997137000079 ] ] ] } },
{ "type": "Feature", "properties": { }, "geometry": { "type": "MultiPolygon", "coordinates": [ [ [ [ 55.017995639000048, 24.976507880000042 ], [ 55.015798373000052, 24.97532786700009 ], [ 55.014008009000065, 24.974351304000038 ], [ 55.010752800000034, 24.972601630000042 ], [ 55.005869988000086, 24.969916083000044 ], [ 55.003347201000054, 24.969142971000053 ], [ 54.99935957100007, 24.967962958000044 ], [ 54.994965040000068, 24.96666087400007 ], [ 54.992849155000044, 24.966009833000044 ], [ 54.992930535000085, 24.966538804000038 ], [ 54.992767774000072, 24.967556057000081 ], [ 54.992360873000052, 24.96828847900008 ], [ 54.991302931000064, 24.96946849200009 ], [ 54.990082227000073, 24.970404364000046 ], [ 54.988210483000046, 24.970974026000079 ], [ 54.985850457000083, 24.970933335000041 ], [ 54.983897332000083, 24.970974026000079 ], [ 54.98178144600007, 24.971299546000068 ], [ 54.979502800000034, 24.971869208000044 ], [ 54.979014519000032, 24.971177476000037 ], [ 54.978688998000052, 24.970811265000066 ], [ 54.978607618000069, 24.969916083000044 ], [ 54.979909701000054, 24.969427802000041 ], [ 54.982269727000073, 24.969020901000079 ], [ 54.984222852000073, 24.968858140000066 ], [ 54.984466993000069, 24.969346421000068 ], [ 54.984873894000032, 24.969224351000037 ], [ 54.984873894000032, 24.968695380000042 ], [ 54.984548373000052, 24.968247789000088 ], [ 54.984385613000086, 24.968085028000075 ], [ 54.98406009200005, 24.96820709800005 ], [ 54.98406009200005, 24.968491929000038 ], [ 54.981618686000047, 24.96861399900007 ], [ 54.979421420000051, 24.96906159100007 ], [ 54.977142774000072, 24.969712632000039 ], [ 54.97234134200005, 24.971136786000045 ], [ 54.97006269600007, 24.972276109000063 ], [ 54.965017123000052, 24.975409247000073 ], [ 54.962982618000069, 24.977077541000085 ], [ 54.96225019600007, 24.977077541000085 ], [ 54.961843295000051, 24.97728099200009 ], [ 54.961843295000051, 24.977525132000039 ], [ 54.963226759000065, 24.978013414000088 ], [ 54.963389519000032, 24.977687893000052 ], [ 54.963470899000072, 24.97728099200009 ], [ 54.965261264000048, 24.975775458000044 ], [ 54.970306837000066, 24.972723700000074 ], [ 54.972666863000086, 24.971584377000056 ], [ 54.977224155000044, 24.97016022300005 ], [ 54.97787519600007, 24.970119533000059 ], [ 54.97787519600007, 24.970526434000078 ], [ 54.977956576000054, 24.971462307000081 ], [ 54.97787519600007, 24.971950588000084 ], [ 54.976898634000065, 24.972276109000063 ], [ 54.974538608000046, 24.973049221000053 ], [ 54.971527540000068, 24.974391994000086 ], [ 54.968923373000052, 24.975775458000044 ], [ 54.966319207000083, 24.977769273000035 ], [ 54.963308139000048, 24.980536200000074 ], [ 54.962982618000069, 24.980943101000037 ], [ 54.962738477000073, 24.980739651000079 ], [ 54.96257571700005, 24.981024481000077 ], [ 54.962901238000086, 24.981309312000064 ], [ 54.96225019600007, 24.98228587400007 ], [ 54.961273634000065, 24.983465887000079 ], [ 54.959971550000034, 24.98305898600006 ], [ 54.959320509000065, 24.98273346600007 ], [ 54.959157748000052, 24.982407945000091 ], [ 54.959076368000069, 24.973903713000084 ], [ 54.958750847000033, 24.973781643000052 ], [ 54.95834394600007, 24.974351304000038 ], [ 54.958750847000033, 24.98273346600007 ], [ 54.959076368000069, 24.98305898600006 ], [ 54.961355014000048, 24.983994859000063 ], [ 54.961599155000044, 24.984279690000051 ], [ 54.961843295000051, 24.984767971000053 ], [ 54.961029493000069, 24.986395575000074 ], [ 54.96062259200005, 24.986395575000074 ], [ 54.960215691000087, 24.98619212400007 ], [ 54.959808790000068, 24.986314195000091 ], [ 54.95866946700005, 24.98936595300006 ], [ 54.957855665000068, 24.991603908000059 ], [ 54.957530144000032, 24.994614976000037 ], [ 54.957367384000065, 24.997870184000078 ], [ 54.957937045000051, 25.002061265000066 ], [ 54.959076368000069, 25.005357164000088 ], [ 54.96029707100007, 25.00812409100007 ], [ 54.962494337000066, 25.01203034100007 ], [ 54.965179884000065, 25.015244859000063 ], [ 54.967946811000047, 25.018418687000064 ], [ 54.96843509200005, 25.019598700000074 ], [ 54.969818556000064, 25.02256907800006 ], [ 54.971446160000085, 25.024359442000048 ], [ 54.974619988000086, 25.027044989000046 ], [ 54.97787519600007, 25.028713283000059 ], [ 54.981130405000044, 25.029689846000053 ], [ 54.984466993000069, 25.02993398600006 ], [ 54.988698764000048, 25.029730536000045 ], [ 54.990977410000085, 25.029323635000083 ], [ 54.99154707100007, 25.02916087400007 ], [ 54.991221550000034, 25.027004299000055 ], [ 54.990407748000052, 25.026760158000059 ], [ 54.988617384000065, 25.026434637000079 ], [ 54.98764082100007, 25.025987046000068 ], [ 54.987071160000085, 25.025132554000038 ], [ 54.985606316000087, 25.023993231000077 ], [ 54.98373457100007, 25.023871161000045 ], [ 54.980479363000086, 25.022813218000067 ], [ 54.97820071700005, 25.021063544000071 ], [ 54.976735873000052, 25.019883531000062 ], [ 54.975759311000047, 25.019232489000046 ], [ 54.973317905000044, 25.018622137000079 ], [ 54.971771681000064, 25.018255927000041 ], [ 54.969737175000034, 25.016669012000079 ], [ 54.967133009000065, 25.014512437000064 ], [ 54.966807488000086, 25.014146226000037 ], [ 54.966726108000046, 25.013617255000042 ], [ 54.967295769000032, 25.01321035400008 ], [ 54.967539910000085, 25.01243724200009 ], [ 54.966888868000069, 25.011460679000038 ], [ 54.964366082000083, 25.008571682000081 ], [ 54.96257571700005, 25.004787502000056 ], [ 54.961761915000068, 25.001695054000038 ], [ 54.961355014000048, 24.999579169000071 ], [ 54.961273634000065, 24.99791087400007 ], [ 54.961355014000048, 24.99522532800006 ], [ 54.961924675000034, 24.99054596600007 ], [ 54.96225019600007, 24.989569403000075 ], [ 54.963063998000052, 24.988226630000042 ], [ 54.963226759000065, 24.987901109000063 ], [ 54.963715040000068, 24.988185940000051 ], [ 54.963796420000051, 24.98781972900008 ], [ 54.962168816000087, 24.987127997000073 ], [ 54.961924675000034, 24.986721096000053 ], [ 54.963226759000065, 24.984971421000068 ], [ 54.963552280000044, 24.984849351000037 ], [ 54.965179884000065, 24.985663153000075 ], [ 54.965342644000032, 24.985663153000075 ], [ 54.965505405000044, 24.985419012000079 ], [ 54.964447462000066, 24.984971421000068 ], [ 54.965830925000034, 24.983303127000056 ], [ 54.967621290000068, 24.981227932000081 ], [ 54.969248894000032, 24.979966539000088 ], [ 54.973480665000068, 24.97719961100006 ], [ 54.975677931000064, 24.976263739000046 ], [ 54.979340040000068, 24.97524648600006 ], [ 54.983571811000047, 24.974514065000051 ], [ 54.987071160000085, 24.974310614000046 ], [ 54.987071160000085, 24.975043036000045 ], [ 54.987152540000068, 24.97524648600006 ], [ 54.987315300000034, 24.975083726000037 ], [ 54.987315300000034, 24.972805080000057 ], [ 54.987478061000047, 24.972438869000086 ], [ 54.988291863000086, 24.972276109000063 ], [ 54.990407748000052, 24.97142161700009 ], [ 54.991058790000068, 24.970974026000079 ], [ 54.99154707100007, 24.970933335000041 ], [ 54.992523634000065, 24.971950588000084 ], [ 54.992930535000085, 24.972031968000067 ], [ 54.993581576000054, 24.971380927000041 ], [ 54.995127800000034, 24.969794012000079 ], [ 54.996348504000082, 24.96828847900008 ], [ 54.997894727000073, 24.968166408000059 ], [ 55.000173373000052, 24.968776760000083 ], [ 55.001556837000066, 24.96906159100007 ], [ 55.005137566000087, 24.970282294000071 ], [ 55.007741733000046, 24.971909898000035 ], [ 55.007741733000046, 24.972601630000042 ], [ 55.007741733000046, 24.973537502000056 ], [ 55.007416212000066, 24.974025783000059 ], [ 55.006276889000048, 24.973944403000075 ], [ 55.005056186000047, 24.973863023000035 ], [ 55.005056186000047, 24.97532786700009 ], [ 55.00326582100007, 24.978216864000046 ], [ 54.994965040000068, 24.992377020000049 ], [ 54.995046420000051, 24.99290599200009 ], [ 54.996185743000069, 24.993475653000075 ], [ 54.99545332100007, 24.994940497000073 ], [ 54.993988477000073, 24.993882554000038 ], [ 54.992523634000065, 24.991766669000071 ], [ 54.991302931000064, 24.989243882000039 ], [ 54.990896030000044, 24.987209377000056 ], [ 54.990977410000085, 24.982367255000042 ], [ 54.991302931000064, 24.980292059000078 ], [ 54.990977410000085, 24.980047919000071 ], [ 54.989838087000066, 24.979885158000059 ], [ 54.98959394600007, 24.980292059000078 ], [ 54.989268425000034, 24.983791408000059 ], [ 54.98959394600007, 24.987616278000075 ], [ 54.990651889000048, 24.99095286700009 ], [ 54.992686394000032, 24.993882554000038 ], [ 54.993337436000047, 24.994899807000081 ], [ 54.99350019600007, 24.995469468000067 ], [ 54.993174675000034, 24.995876369000086 ], [ 54.992198113000086, 24.995794989000046 ], [ 54.98991946700005, 24.993557033000059 ], [ 54.987559441000087, 24.989569403000075 ], [ 54.986664259000065, 24.986273505000042 ], [ 54.985931837000066, 24.983384507000039 ], [ 54.985606316000087, 24.980943101000037 ], [ 54.984873894000032, 24.980454820000091 ], [ 54.984222852000073, 24.980658270000049 ], [ 54.983897332000083, 24.981675523000035 ], [ 54.984873894000032, 24.986151434000078 ], [ 54.986745639000048, 24.990016994000086 ], [ 54.988942905000044, 24.993801174000055 ], [ 54.991058790000068, 24.995835679000038 ], [ 54.99187259200005, 24.99673086100006 ], [ 54.992035352000073, 24.997219143000052 ], [ 54.991628451000054, 24.997626044000071 ], [ 54.990896030000044, 24.997300523000035 ], [ 54.98959394600007, 24.996771552000041 ], [ 54.985850457000083, 24.993801174000055 ], [ 54.983246290000068, 24.990830796000068 ], [ 54.981455925000034, 24.987453518000052 ], [ 54.980804884000065, 24.984645901000079 ], [ 54.980479363000086, 24.98314036700009 ], [ 54.979909701000054, 24.982367255000042 ], [ 54.979095899000072, 24.982611395000049 ], [ 54.978688998000052, 24.983303127000056 ], [ 54.979991082000083, 24.98773834800005 ], [ 54.981700066000087, 24.99054596600007 ], [ 54.98406009200005, 24.993557033000059 ], [ 54.987071160000085, 24.99595774900007 ], [ 54.989268425000034, 24.997707424000055 ], [ 54.990896030000044, 24.998643296000068 ], [ 54.991058790000068, 24.999172268000052 ], [ 54.990896030000044, 24.999782619000086 ], [ 54.98959394600007, 24.999579169000071 ], [ 54.985931837000066, 24.998032945000091 ], [ 54.983571811000047, 24.996364651000079 ], [ 54.981618686000047, 24.994696356000077 ], [ 54.979014519000032, 24.99164459800005 ], [ 54.977631056000064, 24.989081122000073 ], [ 54.976817254000082, 24.986599026000079 ], [ 54.976084832000083, 24.985337632000039 ], [ 54.975433790000068, 24.985256252000056 ], [ 54.974782748000052, 24.985500393000052 ], [ 54.974457227000073, 24.986558335000041 ], [ 54.976328972000033, 24.990830796000068 ], [ 54.978607618000069, 24.993963934000078 ], [ 54.98210696700005, 24.997015692000048 ], [ 54.98406009200005, 24.998521226000037 ], [ 54.986175977000073, 24.999375718000067 ], [ 54.98959394600007, 25.000352281000062 ], [ 54.989838087000066, 25.000677802000041 ], [ 54.989838087000066, 25.00141022300005 ], [ 54.98959394600007, 25.001776434000078 ], [ 54.988698764000048, 25.001695054000038 ], [ 54.985606316000087, 25.00108470300006 ], [ 54.981130405000044, 24.999619859000063 ], [ 54.978770379000082, 24.998195705000057 ], [ 54.977061394000032, 24.99681224200009 ], [ 54.974782748000052, 24.994737046000068 ], [ 54.972585483000046, 24.99205149900007 ], [ 54.971771681000064, 24.990993557000081 ], [ 54.970632358000046, 24.99087148600006 ], [ 54.970225457000083, 24.99131907800006 ], [ 54.970225457000083, 24.992010809000078 ], [ 54.970957879000082, 24.99359772300005 ], [ 54.972992384000065, 24.995591539000088 ], [ 54.976491733000046, 24.998236395000049 ], [ 54.980235222000033, 25.000474351000037 ], [ 54.983002149000072, 25.001695054000038 ], [ 54.986745639000048, 25.002427476000037 ], [ 54.988210483000046, 25.00259023600006 ], [ 54.988698764000048, 25.00259023600006 ], [ 54.988780144000032, 25.003078518000052 ], [ 54.988536004000082, 25.003607489000046 ], [ 54.988129102000073, 25.003933010000083 ], [ 54.98601321700005, 25.003933010000083 ], [ 54.983653191000087, 25.003648179000038 ], [ 54.97982832100007, 25.002956447000088 ], [ 54.976084832000083, 25.001206773000035 ], [ 54.974131707000083, 25.000270901000079 ], [ 54.971364780000044, 24.997870184000078 ], [ 54.970306837000066, 24.997015692000048 ], [ 54.969493035000085, 24.996934312000064 ], [ 54.969086134000065, 24.997463283000059 ], [ 54.969167514000048, 24.998561916000085 ], [ 54.97038821700005, 24.999904690000051 ], [ 54.973724806000064, 25.001776434000078 ], [ 54.97820071700005, 25.003648179000038 ], [ 54.98178144600007, 25.004584052000041 ], [ 54.985036655000044, 25.004828192000048 ], [ 54.987152540000068, 25.004787502000056 ], [ 54.987559441000087, 25.004787502000056 ], [ 54.987478061000047, 25.005438544000071 ], [ 54.987152540000068, 25.00617096600007 ], [ 54.98601321700005, 25.00657786700009 ], [ 54.983653191000087, 25.006984768000052 ], [ 54.97982832100007, 25.007228908000059 ], [ 54.976084832000083, 25.006862697000088 ], [ 54.973317905000044, 25.005641994000086 ], [ 54.972259962000066, 25.005031643000052 ], [ 54.971527540000068, 25.005031643000052 ], [ 54.971120639000048, 25.005682684000078 ], [ 54.971527540000068, 25.00649648600006 ], [ 54.977224155000044, 25.00812409100007 ], [ 54.980479363000086, 25.008327541000085 ], [ 54.983653191000087, 25.008327541000085 ], [ 54.985850457000083, 25.007798570000091 ], [ 54.986664259000065, 25.007635809000078 ], [ 54.986745639000048, 25.008327541000085 ], [ 54.986257358000046, 25.009019273000035 ], [ 54.984141472000033, 25.009588934000078 ], [ 54.980479363000086, 25.010565497000073 ], [ 54.977386915000068, 25.010931708000044 ], [ 54.975433790000068, 25.010728257000039 ], [ 54.974945509000065, 25.011338609000063 ], [ 54.975596550000034, 25.012071031000062 ], [ 54.977712436000047, 25.012071031000062 ], [ 54.980479363000086, 25.011745510000083 ], [ 54.983409050000034, 25.011338609000063 ], [ 54.984711134000065, 25.011013088000084 ], [ 54.985606316000087, 25.010972398000035 ], [ 54.985362175000034, 25.011379299000055 ], [ 54.985280795000051, 25.011745510000083 ], [ 54.983164910000085, 25.013047593000067 ], [ 54.979665561000047, 25.014064846000053 ], [ 54.978770379000082, 25.015000718000067 ], [ 54.979177280000044, 25.015692450000074 ], [ 54.980479363000086, 25.015448309000078 ], [ 54.983653191000087, 25.013780015000066 ], [ 54.985606316000087, 25.012884833000044 ], [ 54.986175977000073, 25.013006903000075 ], [ 54.986745639000048, 25.01939524900007 ], [ 54.987315300000034, 25.019598700000074 ], [ 54.98764082100007, 25.019313869000086 ], [ 54.987071160000085, 25.013006903000075 ], [ 54.987071160000085, 25.012396552000041 ], [ 54.987396681000064, 25.012071031000062 ], [ 54.98764082100007, 25.012274481000077 ], [ 54.987803582000083, 25.012884833000044 ], [ 54.989105665000068, 25.015244859000063 ], [ 54.990407748000052, 25.017808335000041 ], [ 54.992360873000052, 25.020493882000039 ], [ 54.993581576000054, 25.020738023000035 ], [ 54.994069858000046, 25.020534572000088 ], [ 54.993988477000073, 25.019802151000079 ], [ 54.992767774000072, 25.018866278000075 ], [ 54.991302931000064, 25.016872463000084 ], [ 54.98959394600007, 25.011948960000041 ], [ 54.989349806000064, 25.01048411700009 ], [ 54.98959394600007, 25.009995835000041 ], [ 54.990163608000046, 25.010362046000068 ], [ 54.992360873000052, 25.014471747000073 ], [ 54.993988477000073, 25.01626211100006 ], [ 54.997162306000064, 25.019313869000086 ], [ 54.999440951000054, 25.020575262000079 ], [ 55.000336134000065, 25.020738023000035 ], [ 55.000661655000044, 25.020290432000081 ], [ 55.000498894000032, 25.01939524900007 ], [ 54.998952670000051, 25.018418687000064 ], [ 54.997325066000087, 25.01703522300005 ], [ 54.995127800000034, 25.015041408000059 ], [ 54.993337436000047, 25.012600002000056 ], [ 54.992035352000073, 25.010321356000077 ], [ 54.991384311000047, 25.008815822000088 ], [ 54.991302931000064, 25.00812409100007 ], [ 54.991791212000066, 25.007635809000078 ], [ 54.992360873000052, 25.00767649900007 ], [ 54.994802280000044, 25.010972398000035 ], [ 54.997894727000073, 25.01353587400007 ], [ 55.002614780000044, 25.016302802000041 ], [ 55.005463087000066, 25.017401434000078 ], [ 55.008311394000032, 25.017767645000049 ], [ 55.009206576000054, 25.017401434000078 ], [ 55.00912519600007, 25.01626211100006 ], [ 55.007741733000046, 25.015773830000057 ], [ 55.004323764000048, 25.015285549000055 ], [ 55.000824415000068, 25.013617255000042 ], [ 54.998138868000069, 25.012071031000062 ], [ 54.99577884200005, 25.010036526000079 ], [ 54.993174675000034, 25.006659247000073 ], [ 54.992523634000065, 25.005764065000051 ], [ 54.992930535000085, 25.005072333000044 ], [ 54.993581576000054, 25.005235093000067 ], [ 54.996755405000044, 25.008205471000053 ], [ 55.000824415000068, 25.010809637000079 ], [ 55.004649285000085, 25.012518622000073 ], [ 55.009369337000066, 25.013413804000038 ], [ 55.012299024000072, 25.013617255000042 ], [ 55.013519727000073, 25.013495184000078 ], [ 55.014008009000065, 25.013047593000067 ], [ 55.014008009000065, 25.01243724200009 ], [ 55.013519727000073, 25.011745510000083 ], [ 55.012380405000044, 25.011867580000057 ], [ 55.008881056000064, 25.011745510000083 ], [ 55.005869988000086, 25.011379299000055 ], [ 55.00163821700005, 25.009670315000051 ], [ 54.997487826000054, 25.007066148000035 ], [ 54.994069858000046, 25.004299221000053 ], [ 54.99382571700005, 25.003607489000046 ], [ 54.994151238000086, 25.003078518000052 ], [ 54.994965040000068, 25.00303782800006 ], [ 54.998627149000072, 25.005601304000038 ], [ 55.002126498000052, 25.006984768000052 ], [ 55.004567905000044, 25.007717190000051 ], [ 55.008799675000034, 25.007920640000066 ], [ 55.013112826000054, 25.007839260000083 ], [ 55.016205274000072, 25.007147528000075 ], [ 55.017019076000054, 25.006740627000056 ], [ 55.01726321700005, 25.006089585000041 ], [ 55.017019076000054, 25.005519924000055 ], [ 55.016286655000044, 25.005357164000088 ], [ 55.014659050000034, 25.005641994000086 ], [ 55.012543165000068, 25.006089585000041 ], [ 55.008799675000034, 25.006659247000073 ], [ 55.004730665000068, 25.00649648600006 ], [ 55.002289259000065, 25.005764065000051 ], [ 54.998952670000051, 25.004461981000077 ], [ 54.995616082000083, 25.002305406000062 ], [ 54.995290561000047, 25.001857815000051 ], [ 54.995616082000083, 25.00141022300005 ], [ 54.996267123000052, 25.001328843000067 ], [ 54.998627149000072, 25.002183335000041 ], [ 55.002126498000052, 25.003241278000075 ], [ 55.005381707000083, 25.003688869000086 ], [ 55.008067254000082, 25.003729559000078 ], [ 55.012054884000065, 25.003648179000038 ], [ 55.014496290000068, 25.003159898000035 ], [ 55.016123894000032, 25.00259023600006 ], [ 55.017100457000083, 25.001979885000083 ], [ 55.017344597000033, 25.00149160400008 ], [ 55.017019076000054, 25.000840562000064 ], [ 55.016286655000044, 25.000677802000041 ], [ 55.013519727000073, 25.001328843000067 ], [ 55.00945071700005, 25.002427476000037 ], [ 55.007009311000047, 25.002712307000081 ], [ 55.005381707000083, 25.00259023600006 ], [ 55.002045118000069, 25.002183335000041 ], [ 54.998627149000072, 25.001125393000052 ], [ 54.996755405000044, 25.000352281000062 ], [ 54.996348504000082, 24.999904690000051 ], [ 54.996755405000044, 24.999335028000075 ], [ 54.998138868000069, 24.99953847900008 ], [ 55.000824415000068, 24.99986399900007 ], [ 55.005951368000069, 24.999986070000091 ], [ 55.009776238000086, 24.999660549000055 ], [ 55.012299024000072, 24.998846747000073 ], [ 55.015798373000052, 24.99717845300006 ], [ 55.016123894000032, 24.996690171000068 ], [ 55.016205274000072, 24.995794989000046 ], [ 55.015472852000073, 24.99563222900008 ], [ 55.014252149000072, 24.995672919000071 ], [ 55.011647983000046, 24.997219143000052 ], [ 55.009206576000054, 24.998114325000074 ], [ 55.005788608000046, 24.998643296000068 ], [ 55.000580274000072, 24.998561916000085 ], [ 54.998383009000065, 24.998480536000045 ], [ 54.99740644600007, 24.99791087400007 ], [ 54.99740644600007, 24.99758535400008 ], [ 54.998545769000032, 24.997300523000035 ], [ 55.001231316000087, 24.997341213000084 ], [ 55.003103061000047, 24.99717845300006 ], [ 55.005869988000086, 24.996527411000045 ], [ 55.009369337000066, 24.995103257000039 ], [ 55.012054884000065, 24.993638414000088 ], [ 55.013438347000033, 24.992173570000091 ], [ 55.013601108000046, 24.991359768000052 ], [ 55.013438347000033, 24.99087148600006 ], [ 55.012543165000068, 24.990668036000045 ], [ 55.011647983000046, 24.991115627000056 ], [ 55.008962436000047, 24.993434963000084 ], [ 55.005788608000046, 24.995103257000039 ], [ 55.003998243000069, 24.995754299000055 ], [ 55.00163821700005, 24.996201890000066 ], [ 54.999034050000034, 24.996242580000057 ], [ 54.997813347000033, 24.996242580000057 ], [ 54.996999545000051, 24.995672919000071 ], [ 54.996918165000068, 24.995306708000044 ], [ 54.997162306000064, 24.994289455000057 ], [ 54.99773196700005, 24.994330145000049 ], [ 54.998871290000068, 24.994737046000068 ], [ 54.999440951000054, 24.994737046000068 ], [ 55.00131269600007, 24.99205149900007 ], [ 55.009369337000066, 24.978094794000071 ], [ 55.010020379000082, 24.977484442000048 ], [ 55.01140384200005, 24.976955471000053 ], [ 55.011566602000073, 24.976548570000091 ], [ 55.011241082000083, 24.976141669000071 ], [ 55.009613477000073, 24.97492096600007 ], [ 55.009369337000066, 24.974636135000083 ], [ 55.009613477000073, 24.974229234000063 ], [ 55.010752800000034, 24.973415432000081 ], [ 55.011892123000052, 24.974107164000088 ], [ 55.01303144600007, 24.974676825000074 ], [ 55.015961134000065, 24.976223049000055 ], [ 55.017751498000052, 24.977240302000041 ], [ 55.018239780000044, 24.97837962400007 ], [ 55.017832879000082, 24.978705145000049 ], [ 55.017670118000069, 24.981146552000041 ], [ 55.017751498000052, 24.98468659100007 ], [ 55.018077019000032, 24.985825914000088 ], [ 55.018809441000087, 24.986070054000038 ], [ 55.019297722000033, 24.986314195000091 ], [ 55.021494988000086, 24.98969147300005 ], [ 55.019704623000052, 24.990830796000068 ], [ 55.020030144000032, 24.991197007000039 ], [ 55.020762566000087, 24.990830796000068 ], [ 55.022471550000034, 24.993963934000078 ], [ 55.023773634000065, 24.997097072000088 ], [ 55.02507571700005, 25.000962632000039 ], [ 55.025319858000046, 25.00499095300006 ], [ 55.024994337000066, 25.009141343000067 ], [ 55.023773634000065, 25.011664130000042 ], [ 55.022715691000087, 25.013495184000078 ], [ 55.022715691000087, 25.014064846000053 ], [ 55.023773634000065, 25.014715887000079 ], [ 55.022308790000068, 25.016750393000052 ], [ 55.021088087000066, 25.01593659100007 ], [ 55.021088087000066, 25.016506252000056 ], [ 55.021088087000066, 25.017197984000063 ], [ 55.018483920000051, 25.019435940000051 ], [ 55.015635613000086, 25.021918036000045 ], [ 55.013112826000054, 25.023179429000038 ], [ 55.01107832100007, 25.024562893000052 ], [ 55.007660352000073, 25.025417385000083 ], [ 55.004323764000048, 25.026353257000039 ], [ 55.000905795000051, 25.026434637000079 ], [ 54.996999545000051, 25.026434637000079 ], [ 54.994476759000065, 25.026434637000079 ], [ 54.994313998000052, 25.025864976000037 ], [ 54.993907097000033, 25.025946356000077 ], [ 54.994639519000032, 25.029811916000085 ], [ 55.000091993000069, 25.029974677000041 ], [ 55.005137566000087, 25.029405015000066 ], [ 55.00945071700005, 25.028387762000079 ], [ 55.014659050000034, 25.02647532800006 ], [ 55.01726321700005, 25.024807033000059 ], [ 55.022146030000044, 25.021063544000071 ], [ 55.024343295000051, 25.01866282800006 ], [ 55.024587436000047, 25.018133856000077 ], [ 55.023529493000069, 25.017604885000083 ], [ 55.024994337000066, 25.015407619000086 ], [ 55.027761264000048, 25.016994533000059 ], [ 55.028412306000064, 25.016953843000067 ], [ 55.032237175000034, 25.014471747000073 ], [ 55.034271681000064, 25.013088283000059 ], [ 55.036387566000087, 25.01158274900007 ], [ 55.036387566000087, 25.01117584800005 ], [ 55.035817905000044, 25.011460679000038 ], [ 55.034108920000051, 25.012884833000044 ], [ 55.031993035000085, 25.014146226000037 ], [ 55.028412306000064, 25.016628322000088 ], [ 55.027761264000048, 25.016628322000088 ], [ 55.026215040000068, 25.015570380000042 ], [ 55.027272983000046, 25.013495184000078 ], [ 55.028086785000085, 25.011460679000038 ], [ 55.028900587000066, 25.007717190000051 ], [ 55.029144727000073, 25.003933010000083 ], [ 55.028900587000066, 25.001206773000035 ], [ 55.028493686000047, 24.998236395000049 ], [ 55.028005405000044, 24.997056382000039 ], [ 55.028086785000085, 24.996893622000073 ], [ 55.029958530000044, 24.996242580000057 ], [ 55.030284050000034, 24.99640534100007 ], [ 55.030772332000083, 24.998724677000041 ], [ 55.031260613000086, 25.00141022300005 ], [ 55.031504754000082, 25.005031643000052 ], [ 55.031016472000033, 25.01040273600006 ], [ 55.030121290000068, 25.010606187000064 ], [ 55.030121290000068, 25.010972398000035 ], [ 55.031179233000046, 25.01158274900007 ], [ 55.031586134000065, 25.01158274900007 ], [ 55.031586134000065, 25.011216539000088 ], [ 55.031423373000052, 25.010809637000079 ], [ 55.031504754000082, 25.010199286000045 ], [ 55.031830274000072, 25.00499095300006 ], [ 55.031586134000065, 25.00108470300006 ], [ 55.031179233000046, 24.998521226000037 ], [ 55.030284050000034, 24.99522532800006 ], [ 55.027761264000048, 24.989813544000071 ], [ 55.027842644000032, 24.989488023000035 ], [ 55.027842644000032, 24.989284572000088 ], [ 55.026459181000064, 24.989162502000056 ], [ 55.026540561000047, 24.989488023000035 ], [ 55.026947462000066, 24.989650783000059 ], [ 55.027354363000086, 24.989813544000071 ], [ 55.029795769000032, 24.994737046000068 ], [ 55.029633009000065, 24.995184637000079 ], [ 55.028168165000068, 24.995672919000071 ], [ 55.027598504000082, 24.995672919000071 ], [ 55.026377800000034, 24.992743231000077 ], [ 55.024180535000085, 24.989162502000056 ], [ 55.023041212000066, 24.989081122000073 ], [ 55.022471550000034, 24.98899974200009 ], [ 55.022227410000085, 24.988877671000068 ], [ 55.020518425000034, 24.986029364000046 ], [ 55.020355665000068, 24.984035549000055 ], [ 55.020355665000068, 24.980821031000062 ], [ 55.020518425000034, 24.979722398000035 ], [ 55.021006707000083, 24.978583075000074 ], [ 55.020030144000032, 24.97764720300006 ], [ 55.017995639000048, 24.976507880000042 ] ] ], [ [ [ 55.051117384000065, 25.035386460000041 ], [ 55.043304884000065, 25.02993398600006 ], [ 55.046397332000083, 25.02688222900008 ], [ 55.063731316000087, 25.039333401000079 ], [ 55.062591993000069, 25.041896877000056 ], [ 55.052663608000046, 25.036322333000044 ], [ 55.062917514000048, 25.042547919000071 ], [ 55.065928582000083, 25.03461334800005 ], [ 55.04656009200005, 25.02330149900007 ], [ 55.041921420000051, 25.029405015000066 ], [ 55.051117384000065, 25.035386460000041 ] ] ], [ [ [ 55.146006707000083, 25.08820221600007 ], [ 55.145518425000034, 25.088039455000057 ], [ 55.145599806000064, 25.088487046000068 ], [ 55.145274285000085, 25.089341539000088 ], [ 55.144786004000082, 25.089463609000063 ], [ 55.144134962000066, 25.090033270000049 ], [ 55.144134962000066, 25.090806382000039 ], [ 55.144541863000086, 25.09133535400008 ], [ 55.146006707000083, 25.09243398600006 ], [ 55.147552931000064, 25.094183661000045 ], [ 55.148692254000082, 25.095038153000075 ], [ 55.149099155000044, 25.095729885000083 ], [ 55.149506056000064, 25.096055406000062 ], [ 55.149587436000047, 25.095485744000086 ], [ 55.149424675000034, 25.09483470300006 ], [ 55.149343295000051, 25.094183661000045 ], [ 55.14779707100007, 25.092718817000048 ], [ 55.146332227000073, 25.090806382000039 ], [ 55.146006707000083, 25.09015534100007 ], [ 55.146006707000083, 25.089463609000063 ], [ 55.146006707000083, 25.08820221600007 ] ] ], [ [ [ 55.121918165000068, 25.096096096000053 ], [ 55.122650587000066, 25.096055406000062 ], [ 55.123383009000065, 25.095689195000091 ], [ 55.125580274000072, 25.09446849200009 ], [ 55.127207879000082, 25.093898830000057 ], [ 55.129893425000034, 25.093532619000086 ], [ 55.13217207100007, 25.093573309000078 ], [ 55.135183139000048, 25.093736070000091 ], [ 55.13835696700005, 25.094346421000068 ], [ 55.139170769000032, 25.09446849200009 ], [ 55.13998457100007, 25.094020901000079 ], [ 55.140635613000086, 25.093369859000063 ], [ 55.141123894000032, 25.09288157800006 ], [ 55.141449415000068, 25.09288157800006 ], [ 55.141856316000087, 25.092962958000044 ], [ 55.142019076000054, 25.093166408000059 ], [ 55.142100457000083, 25.093410549000055 ], [ 55.142100457000083, 25.094020901000079 ], [ 55.142100457000083, 25.094305731000077 ], [ 55.141856316000087, 25.09438711100006 ], [ 55.141856316000087, 25.094590562000064 ], [ 55.142019076000054, 25.094671942000048 ], [ 55.142425977000073, 25.094265041000085 ], [ 55.142507358000046, 25.093858140000066 ], [ 55.142507358000046, 25.09320709800005 ], [ 55.142181837000066, 25.09288157800006 ], [ 55.141368035000085, 25.09243398600006 ], [ 55.13803144600007, 25.091579494000086 ], [ 55.13445071700005, 25.091213283000059 ], [ 55.130707227000073, 25.091091213000084 ], [ 55.127696160000085, 25.091376044000071 ], [ 55.125254754000082, 25.091864325000074 ], [ 55.123789910000085, 25.09251536700009 ], [ 55.121836785000085, 25.093491929000038 ], [ 55.120209181000064, 25.094794012000079 ], [ 55.120127800000034, 25.095282294000071 ], [ 55.120371941000087, 25.096869208000044 ], [ 55.121429884000065, 25.096258856000077 ], [ 55.121918165000068, 25.096096096000053 ] ] ], [ [ [ 55.164561394000032, 25.110744533000059 ], [ 55.16537519600007, 25.11045970300006 ], [ 55.16537519600007, 25.11009349200009 ], [ 55.164724155000044, 25.110052802000041 ], [ 55.164235873000052, 25.109645901000079 ], [ 55.163666212000066, 25.109279690000051 ], [ 55.162852410000085, 25.109279690000051 ], [ 55.162689649000072, 25.108994859000063 ], [ 55.16179446700005, 25.108791408000059 ], [ 55.162282748000052, 25.10850657800006 ], [ 55.162038608000046, 25.107977606000077 ], [ 55.16146894600007, 25.108181057000081 ], [ 55.161143425000034, 25.107814846000053 ], [ 55.160899285000085, 25.107082424000055 ], [ 55.160655144000032, 25.106227932000081 ], [ 55.160411004000082, 25.106309312000064 ], [ 55.160329623000052, 25.106797593000067 ], [ 55.159759962000066, 25.106756903000075 ], [ 55.159434441000087, 25.106309312000064 ], [ 55.159353061000047, 25.105821031000062 ], [ 55.158620639000048, 25.105576890000066 ], [ 55.158213738000086, 25.105373440000051 ], [ 55.15788821700005, 25.105617580000057 ], [ 55.158050977000073, 25.105943101000037 ], [ 55.159027540000068, 25.107082424000055 ], [ 55.160085483000046, 25.108425197000088 ], [ 55.161306186000047, 25.109523830000057 ], [ 55.16146894600007, 25.11045970300006 ], [ 55.161550326000054, 25.111070054000038 ], [ 55.162445509000065, 25.11119212400007 ], [ 55.163584832000083, 25.111232815000051 ], [ 55.164561394000032, 25.110744533000059 ] ] ], [ [ [ 55.155446811000047, 25.096299546000068 ], [ 55.154633009000065, 25.096502997000073 ], [ 55.153900587000066, 25.096828518000052 ], [ 55.147634311000047, 25.101670640000066 ], [ 55.145274285000085, 25.103216864000046 ], [ 55.144786004000082, 25.103216864000046 ], [ 55.144053582000083, 25.10305410400008 ], [ 55.143077019000032, 25.103135484000063 ], [ 55.142507358000046, 25.103135484000063 ], [ 55.141449415000068, 25.103176174000055 ], [ 55.140879754000082, 25.103501695000091 ], [ 55.141042514000048, 25.10423411700009 ], [ 55.142588738000086, 25.106309312000064 ], [ 55.142181837000066, 25.106797593000067 ], [ 55.141693556000064, 25.107570705000057 ], [ 55.141449415000068, 25.10805898600006 ], [ 55.140879754000082, 25.108628648000035 ], [ 55.140635613000086, 25.109442450000074 ], [ 55.140879754000082, 25.10968659100007 ], [ 55.140879754000082, 25.11045970300006 ], [ 55.140554233000046, 25.110581773000035 ], [ 55.140228712000066, 25.110052802000041 ], [ 55.139740431000064, 25.108425197000088 ], [ 55.139333530000044, 25.105088609000063 ], [ 55.139414910000085, 25.102891343000067 ], [ 55.139740431000064, 25.100938218000067 ], [ 55.140472852000073, 25.099351304000038 ], [ 55.140472852000073, 25.098822333000044 ], [ 55.139821811000047, 25.098456122000073 ], [ 55.139008009000065, 25.098537502000056 ], [ 55.13835696700005, 25.100368557000081 ], [ 55.13803144600007, 25.102687893000052 ], [ 55.13835696700005, 25.107326565000051 ], [ 55.138682488000086, 25.109442450000074 ], [ 55.139170769000032, 25.110663153000075 ], [ 55.138845248000052, 25.110825914000088 ], [ 55.13835696700005, 25.110663153000075 ], [ 55.137705925000034, 25.109076239000046 ], [ 55.136566602000073, 25.105821031000062 ], [ 55.136241082000083, 25.103420315000051 ], [ 55.13607832100007, 25.10142649900007 ], [ 55.13640384200005, 25.09874095300006 ], [ 55.136322462000066, 25.097886460000041 ], [ 55.135671420000051, 25.097601630000042 ], [ 55.135101759000065, 25.097560940000051 ], [ 55.13445071700005, 25.098211981000077 ], [ 55.13445071700005, 25.100490627000056 ], [ 55.134857618000069, 25.103989976000037 ], [ 55.13640384200005, 25.10850657800006 ], [ 55.137461785000085, 25.110215562000064 ], [ 55.137868686000047, 25.111070054000038 ], [ 55.137950066000087, 25.111476955000057 ], [ 55.137868686000047, 25.111599026000079 ], [ 55.137461785000085, 25.111476955000057 ], [ 55.136810743000069, 25.110744533000059 ], [ 55.135101759000065, 25.108791408000059 ], [ 55.133311394000032, 25.105698960000041 ], [ 55.132253451000054, 25.103338934000078 ], [ 55.131683790000068, 25.100978908000059 ], [ 55.131439649000072, 25.098618882000039 ], [ 55.131439649000072, 25.097805080000057 ], [ 55.131114129000082, 25.097398179000038 ], [ 55.13054446700005, 25.097235419000071 ], [ 55.130300326000054, 25.097601630000042 ], [ 55.130381707000083, 25.098008531000062 ], [ 55.130381707000083, 25.100775458000044 ], [ 55.131114129000082, 25.103338934000078 ], [ 55.131765170000051, 25.105047919000071 ], [ 55.133148634000065, 25.107652085000041 ], [ 55.135345899000072, 25.110622463000084 ], [ 55.13640384200005, 25.111761786000045 ], [ 55.136810743000069, 25.112127997000073 ], [ 55.137136264000048, 25.11241282800006 ], [ 55.136729363000086, 25.112697658000059 ], [ 55.13640384200005, 25.112616278000075 ], [ 55.135671420000051, 25.112005927000041 ], [ 55.132090691000087, 25.108994859000063 ], [ 55.129893425000034, 25.106309312000064 ], [ 55.128916863000086, 25.104396877000056 ], [ 55.127940300000034, 25.102077541000085 ], [ 55.127696160000085, 25.100816148000035 ], [ 55.127614780000044, 25.098822333000044 ], [ 55.127207879000082, 25.098089911000045 ], [ 55.126475457000083, 25.097845770000049 ], [ 55.125987175000034, 25.098211981000077 ], [ 55.125824415000068, 25.099188544000071 ], [ 55.125987175000034, 25.100287177000041 ], [ 55.12663821700005, 25.102525132000039 ], [ 55.127614780000044, 25.105088609000063 ], [ 55.128835483000046, 25.107326565000051 ], [ 55.131032748000052, 25.109849351000037 ], [ 55.135101759000065, 25.11281972900008 ], [ 55.135590040000068, 25.113104559000078 ], [ 55.135752800000034, 25.113470770000049 ], [ 55.135590040000068, 25.113674221000053 ], [ 55.135345899000072, 25.113796291000085 ], [ 55.134938998000052, 25.113511460000041 ], [ 55.132823113000086, 25.112616278000075 ], [ 55.130056186000047, 25.11086660400008 ], [ 55.127452019000032, 25.108384507000039 ], [ 55.125498894000032, 25.106309312000064 ], [ 55.123871290000068, 25.10415273600006 ], [ 55.123220248000052, 25.102484442000048 ], [ 55.12240644600007, 25.101996161000045 ], [ 55.121755405000044, 25.102077541000085 ], [ 55.121429884000065, 25.102484442000048 ], [ 55.121348504000082, 25.103338934000078 ], [ 55.121918165000068, 25.104396877000056 ], [ 55.123545769000032, 25.106512762000079 ], [ 55.126068556000064, 25.109116929000038 ], [ 55.128916863000086, 25.111436265000066 ], [ 55.132253451000054, 25.113470770000049 ], [ 55.13412519600007, 25.114121812000064 ], [ 55.134369337000066, 25.114325262000079 ], [ 55.134287957000083, 25.114569403000075 ], [ 55.133718295000051, 25.114650783000059 ], [ 55.131683790000068, 25.113959052000041 ], [ 55.129242384000065, 25.113226630000042 ], [ 55.126475457000083, 25.112005927000041 ], [ 55.123871290000068, 25.109930731000077 ], [ 55.122243686000047, 25.10850657800006 ], [ 55.121511264000048, 25.10814036700009 ], [ 55.120697462000066, 25.108425197000088 ], [ 55.120616082000083, 25.109198309000078 ], [ 55.121592644000032, 25.110296942000048 ], [ 55.125336134000065, 25.112575588000084 ], [ 55.128754102000073, 25.114162502000056 ], [ 55.132009311000047, 25.114894924000055 ], [ 55.132578972000033, 25.115179755000042 ], [ 55.132578972000033, 25.115464585000041 ], [ 55.132334832000083, 25.11587148600006 ], [ 55.131683790000068, 25.115749416000085 ], [ 55.129567905000044, 25.115749416000085 ], [ 55.127126498000052, 25.115220445000091 ], [ 55.125254754000082, 25.114732164000088 ], [ 55.123057488000086, 25.113877671000068 ], [ 55.12240644600007, 25.114243882000039 ], [ 55.12240644600007, 25.114854234000063 ], [ 55.123383009000065, 25.115586656000062 ], [ 55.126068556000064, 25.116359768000052 ], [ 55.12859134200005, 25.116766669000071 ], [ 55.130951368000069, 25.11664459800005 ], [ 55.130869988000086, 25.117295640000066 ], [ 55.13054446700005, 25.11749909100007 ], [ 55.129567905000044, 25.117702541000085 ], [ 55.128347201000054, 25.117702541000085 ], [ 55.125987175000034, 25.117417710000041 ], [ 55.124847852000073, 25.11749909100007 ], [ 55.12435957100007, 25.117987372000073 ], [ 55.12435957100007, 25.118719794000071 ], [ 55.125010613000086, 25.118963934000078 ], [ 55.12631269600007, 25.119045315000051 ], [ 55.126800977000073, 25.119248765000066 ], [ 55.126800977000073, 25.11985911700009 ], [ 55.126719597000033, 25.120184637000079 ], [ 55.126394076000054, 25.12055084800005 ], [ 55.12631269600007, 25.121242580000057 ], [ 55.126882358000046, 25.121771552000041 ], [ 55.127533399000072, 25.121771552000041 ], [ 55.128103061000047, 25.121364651000079 ], [ 55.128428582000083, 25.121323960000041 ], [ 55.128835483000046, 25.121323960000041 ], [ 55.129161004000082, 25.12173086100006 ], [ 55.128916863000086, 25.123602606000077 ], [ 55.129486524000072, 25.124009507000039 ], [ 55.13021894600007, 25.123887437000064 ], [ 55.13054446700005, 25.123032945000091 ], [ 55.130381707000083, 25.12181224200009 ], [ 55.13054446700005, 25.120754299000055 ], [ 55.130707227000073, 25.120266018000052 ], [ 55.131521030000044, 25.119248765000066 ], [ 55.131683790000068, 25.118719794000071 ], [ 55.131846550000034, 25.118557033000059 ], [ 55.13217207100007, 25.118557033000059 ], [ 55.132253451000054, 25.118923244000086 ], [ 55.13217207100007, 25.120021877000056 ], [ 55.132090691000087, 25.12258535400008 ], [ 55.132334832000083, 25.12571849200009 ], [ 55.132823113000086, 25.126288153000075 ], [ 55.133392774000072, 25.126288153000075 ], [ 55.133718295000051, 25.125881252000056 ], [ 55.133311394000032, 25.12250397300005 ], [ 55.133392774000072, 25.117173570000091 ], [ 55.133718295000051, 25.116766669000071 ], [ 55.13412519600007, 25.116766669000071 ], [ 55.134287957000083, 25.117661851000037 ], [ 55.13445071700005, 25.120266018000052 ], [ 55.135183139000048, 25.122748114000046 ], [ 55.136322462000066, 25.125189520000049 ], [ 55.137868686000047, 25.127875067000048 ], [ 55.13835696700005, 25.128688869000086 ], [ 55.139170769000032, 25.128810940000051 ], [ 55.13998457100007, 25.128281968000067 ], [ 55.140228712000066, 25.127712307000081 ], [ 55.139659050000034, 25.126857815000051 ], [ 55.137461785000085, 25.124335028000075 ], [ 55.13607832100007, 25.121608791000085 ], [ 55.135671420000051, 25.119737046000068 ], [ 55.135345899000072, 25.116603908000059 ], [ 55.135345899000072, 25.11587148600006 ], [ 55.135345899000072, 25.115627346000053 ], [ 55.135752800000034, 25.115586656000062 ], [ 55.135915561000047, 25.115749416000085 ], [ 55.135996941000087, 25.11664459800005 ], [ 55.13640384200005, 25.11790599200009 ], [ 55.137543165000068, 25.120103257000039 ], [ 55.138682488000086, 25.122056382000039 ], [ 55.140472852000073, 25.124579169000071 ], [ 55.142995639000048, 25.12726471600007 ], [ 55.144541863000086, 25.128607489000046 ], [ 55.145518425000034, 25.128892320000091 ], [ 55.146250847000033, 25.128566799000055 ], [ 55.146332227000073, 25.127997137000079 ], [ 55.145681186000047, 25.127386786000045 ], [ 55.143728061000047, 25.126288153000075 ], [ 55.141856316000087, 25.124335028000075 ], [ 55.140472852000073, 25.122544664000088 ], [ 55.138275587000066, 25.119533596000053 ], [ 55.137054884000065, 25.116563218000067 ], [ 55.136729363000086, 25.11509837400007 ], [ 55.136729363000086, 25.114732164000088 ], [ 55.136892123000052, 25.114650783000059 ], [ 55.137217644000032, 25.114894924000055 ], [ 55.13803144600007, 25.116441148000035 ], [ 55.139414910000085, 25.118963934000078 ], [ 55.141286655000044, 25.120713609000063 ], [ 55.144460483000046, 25.123236395000049 ], [ 55.147552931000064, 25.124904690000051 ], [ 55.149099155000044, 25.125759182000081 ], [ 55.150726759000065, 25.126206773000035 ], [ 55.151377800000034, 25.126206773000035 ], [ 55.151621941000087, 25.125433661000045 ], [ 55.151377800000034, 25.124904690000051 ], [ 55.150563998000052, 25.124619859000063 ], [ 55.14812259200005, 25.123806057000081 ], [ 55.145030144000032, 25.122097072000088 ], [ 55.141856316000087, 25.119614976000037 ], [ 55.140472852000073, 25.117783921000068 ], [ 55.137868686000047, 25.11436595300006 ], [ 55.137868686000047, 25.114081122000073 ], [ 55.138194207000083, 25.113959052000041 ], [ 55.138682488000086, 25.114162502000056 ], [ 55.140879754000082, 25.116400458000044 ], [ 55.143565300000034, 25.118719794000071 ], [ 55.146250847000033, 25.120388088000084 ], [ 55.148773634000065, 25.121568101000037 ], [ 55.152679884000065, 25.122788804000038 ], [ 55.153168165000068, 25.122341213000084 ], [ 55.153249545000051, 25.121852932000081 ], [ 55.153249545000051, 25.121446031000062 ], [ 55.152679884000065, 25.121161200000074 ], [ 55.149424675000034, 25.120266018000052 ], [ 55.146983269000032, 25.119289455000057 ], [ 55.14421634200005, 25.117783921000068 ], [ 55.141449415000068, 25.115749416000085 ], [ 55.139333530000044, 25.11359284100007 ], [ 55.139170769000032, 25.113226630000042 ], [ 55.139170769000032, 25.112941799000055 ], [ 55.139496290000068, 25.112941799000055 ], [ 55.140147332000083, 25.113308010000083 ], [ 55.142019076000054, 25.114732164000088 ], [ 55.144786004000082, 25.116278387000079 ], [ 55.148203972000033, 25.117295640000066 ], [ 55.151540561000047, 25.118109442000048 ], [ 55.152679884000065, 25.118353583000044 ], [ 55.153575066000087, 25.11827220300006 ], [ 55.153900587000066, 25.117865302000041 ], [ 55.153900587000066, 25.117295640000066 ], [ 55.153493686000047, 25.116848049000055 ], [ 55.151621941000087, 25.116807359000063 ], [ 55.148529493000069, 25.116156317000048 ], [ 55.145274285000085, 25.11509837400007 ], [ 55.142181837000066, 25.113633531000062 ], [ 55.140798373000052, 25.112616278000075 ], [ 55.14031009200005, 25.11204661700009 ], [ 55.14031009200005, 25.111843166000085 ], [ 55.140635613000086, 25.111843166000085 ], [ 55.141286655000044, 25.112209377000056 ], [ 55.142914259000065, 25.113226630000042 ], [ 55.145681186000047, 25.114284572000088 ], [ 55.147552931000064, 25.114528713000084 ], [ 55.153168165000068, 25.114528713000084 ], [ 55.153493686000047, 25.114040432000081 ], [ 55.153493686000047, 25.113511460000041 ], [ 55.153168165000068, 25.113226630000042 ], [ 55.152435743000069, 25.113185940000051 ], [ 55.148203972000033, 25.113226630000042 ], [ 55.145518425000034, 25.112982489000046 ], [ 55.142751498000052, 25.112005927000041 ], [ 55.142100457000083, 25.111476955000057 ], [ 55.141856316000087, 25.110988674000055 ], [ 55.142914259000065, 25.110337632000039 ], [ 55.143402540000068, 25.110296942000048 ], [ 55.14421634200005, 25.11045970300006 ], [ 55.144786004000082, 25.110215562000064 ], [ 55.145355665000068, 25.109890041000085 ], [ 55.145518425000034, 25.10923899900007 ], [ 55.145925326000054, 25.109198309000078 ], [ 55.146413608000046, 25.109198309000078 ], [ 55.146657748000052, 25.109564520000049 ], [ 55.146739129000082, 25.110215562000064 ], [ 55.14812259200005, 25.111761786000045 ], [ 55.148692254000082, 25.111517645000049 ], [ 55.148936394000032, 25.110296942000048 ], [ 55.149261915000068, 25.109076239000046 ], [ 55.148285352000073, 25.108262437000064 ], [ 55.148692254000082, 25.107896226000037 ], [ 55.150563998000052, 25.106431382000039 ], [ 55.151377800000034, 25.10618724200009 ], [ 55.152110222000033, 25.106512762000079 ], [ 55.152679884000065, 25.107082424000055 ], [ 55.152761264000048, 25.107489325000074 ], [ 55.153168165000068, 25.107570705000057 ], [ 55.153493686000047, 25.107611395000049 ], [ 55.153819207000083, 25.107936916000085 ], [ 55.153819207000083, 25.108262437000064 ], [ 55.153819207000083, 25.10850657800006 ], [ 55.154063347000033, 25.10850657800006 ], [ 55.155202670000051, 25.107530015000066 ], [ 55.155121290000068, 25.107326565000051 ], [ 55.154958530000044, 25.107245184000078 ], [ 55.154307488000086, 25.107407945000091 ], [ 55.153900587000066, 25.107367255000042 ], [ 55.153900587000066, 25.107001044000071 ], [ 55.153900587000066, 25.106675523000035 ], [ 55.153819207000083, 25.106512762000079 ], [ 55.153249545000051, 25.106309312000064 ], [ 55.152924024000072, 25.105821031000062 ], [ 55.152842644000032, 25.105495510000083 ], [ 55.152924024000072, 25.10500722900008 ], [ 55.15560957100007, 25.103135484000063 ], [ 55.157806837000066, 25.101223049000055 ], [ 55.158620639000048, 25.099798895000049 ], [ 55.158620639000048, 25.099025783000059 ], [ 55.158295118000069, 25.098456122000073 ], [ 55.156748894000032, 25.096706447000088 ], [ 55.156097852000073, 25.096380927000041 ], [ 55.155446811000047, 25.096299546000068 ] ] ], [ [ [ 55.155284050000034, 25.13031647300005 ], [ 55.155528191000087, 25.130438544000071 ], [ 55.156016472000033, 25.130031643000052 ], [ 55.158376498000052, 25.126735744000086 ], [ 55.160166863000086, 25.12335846600007 ], [ 55.160817905000044, 25.119289455000057 ], [ 55.160655144000032, 25.116156317000048 ], [ 55.160411004000082, 25.113348700000074 ], [ 55.160004102000073, 25.112697658000059 ], [ 55.159434441000087, 25.112290757000039 ], [ 55.159027540000068, 25.112290757000039 ], [ 55.158376498000052, 25.11241282800006 ], [ 55.15788821700005, 25.112779039000088 ], [ 55.158132358000046, 25.113023179000038 ], [ 55.158620639000048, 25.112779039000088 ], [ 55.159027540000068, 25.112616278000075 ], [ 55.159434441000087, 25.11281972900008 ], [ 55.15984134200005, 25.113104559000078 ], [ 55.160004102000073, 25.113511460000041 ], [ 55.160004102000073, 25.113714911000045 ], [ 55.158539259000065, 25.114243882000039 ], [ 55.158213738000086, 25.114569403000075 ], [ 55.158376498000052, 25.118231512000079 ], [ 55.158539259000065, 25.121039130000042 ], [ 55.158050977000073, 25.123155015000066 ], [ 55.156748894000032, 25.125555731000077 ], [ 55.155039910000085, 25.128119208000044 ], [ 55.15398196700005, 25.129095770000049 ], [ 55.154144727000073, 25.129421291000085 ], [ 55.155284050000034, 25.13031647300005 ] ] ], [ [ [ 55.11850019600007, 25.096584377000056 ], [ 55.118093295000051, 25.096543687000064 ], [ 55.117035352000073, 25.097886460000041 ], [ 55.115651889000048, 25.099880276000079 ], [ 55.114756707000083, 25.101833401000079 ], [ 55.114187045000051, 25.104763088000084 ], [ 55.113942905000044, 25.109564520000049 ], [ 55.114187045000051, 25.113023179000038 ], [ 55.115082227000073, 25.116278387000079 ], [ 55.116709832000083, 25.119411526000079 ], [ 55.118337436000047, 25.121568101000037 ], [ 55.121348504000082, 25.125596421000068 ], [ 55.123220248000052, 25.127386786000045 ], [ 55.125254754000082, 25.129055080000057 ], [ 55.127940300000034, 25.131130276000079 ], [ 55.13021894600007, 25.132554429000038 ], [ 55.13412519600007, 25.134182033000059 ], [ 55.13640384200005, 25.134792385000083 ], [ 55.139170769000032, 25.13507721600007 ], [ 55.143077019000032, 25.135117906000062 ], [ 55.145681186000047, 25.134914455000057 ], [ 55.147878451000054, 25.134507554000038 ], [ 55.149587436000047, 25.13389720300006 ], [ 55.152924024000072, 25.132554429000038 ], [ 55.15398196700005, 25.131781317000048 ], [ 55.15398196700005, 25.131374416000085 ], [ 55.152761264000048, 25.130194403000075 ], [ 55.152354363000086, 25.130235093000067 ], [ 55.150726759000065, 25.131293036000045 ], [ 55.148203972000033, 25.132147528000075 ], [ 55.145518425000034, 25.132635809000078 ], [ 55.141286655000044, 25.132798570000091 ], [ 55.138601108000046, 25.132717190000051 ], [ 55.137054884000065, 25.132310289000088 ], [ 55.135590040000068, 25.13157786700009 ], [ 55.134287957000083, 25.130153713000084 ], [ 55.133311394000032, 25.12962474200009 ], [ 55.132253451000054, 25.129746812000064 ], [ 55.131439649000072, 25.129706122000073 ], [ 55.13054446700005, 25.129502671000068 ], [ 55.128754102000073, 25.128078518000052 ], [ 55.125580274000072, 25.125759182000081 ], [ 55.122976108000046, 25.12258535400008 ], [ 55.120290561000047, 25.119533596000053 ], [ 55.118988477000073, 25.117377020000049 ], [ 55.117605014000048, 25.114650783000059 ], [ 55.116465691000087, 25.111680406000062 ], [ 55.116465691000087, 25.108791408000059 ], [ 55.116791212000066, 25.105821031000062 ], [ 55.117279493000069, 25.102687893000052 ], [ 55.118174675000034, 25.10069407800006 ], [ 55.118418816000087, 25.100409247000073 ], [ 55.118093295000051, 25.100124416000085 ], [ 55.118744337000066, 25.099391994000086 ], [ 55.119069858000046, 25.09874095300006 ], [ 55.11882571700005, 25.097560940000051 ], [ 55.11850019600007, 25.096584377000056 ] ] ], [ [ [ 52.873789910000085, 25.160060940000051 ], [ 52.884857618000069, 25.150539455000057 ], [ 52.886729363000086, 25.134548244000086 ], [ 52.881195509000065, 25.138251044000071 ], [ 52.874929233000046, 25.14134349200009 ], [ 52.873789910000085, 25.160060940000051 ] ] ], [ [ [ 55.171153191000087, 25.17999909100007 ], [ 55.16928144600007, 25.179103908000059 ], [ 55.166677280000044, 25.178656317000048 ], [ 55.16374759200005, 25.17881907800006 ], [ 55.157725457000083, 25.178737697000088 ], [ 55.156016472000033, 25.178534247000073 ], [ 55.15398196700005, 25.178534247000073 ], [ 55.15170332100007, 25.178941148000035 ], [ 55.149912957000083, 25.179754950000074 ], [ 55.145518425000034, 25.181341864000046 ], [ 55.14421634200005, 25.181870835000041 ], [ 55.142914259000065, 25.182806708000044 ], [ 55.141368035000085, 25.185695705000057 ], [ 55.140472852000073, 25.187282619000086 ], [ 55.140147332000083, 25.18781159100007 ], [ 55.140472852000073, 25.188055731000077 ], [ 55.141693556000064, 25.186021226000037 ], [ 55.143321160000085, 25.183172919000071 ], [ 55.144379102000073, 25.18227773600006 ], [ 55.145518425000034, 25.181992906000062 ], [ 55.150238477000073, 25.180243231000077 ], [ 55.151621941000087, 25.179592190000051 ], [ 55.153819207000083, 25.179022528000075 ], [ 55.155528191000087, 25.178941148000035 ], [ 55.157399936000047, 25.179185289000088 ], [ 55.16374759200005, 25.179388739000046 ], [ 55.166595899000072, 25.179185289000088 ], [ 55.168874545000051, 25.179510809000078 ], [ 55.170746290000068, 25.18032461100006 ], [ 55.171641472000033, 25.181219794000071 ], [ 55.172211134000065, 25.18235911700009 ], [ 55.172373894000032, 25.183823960000041 ], [ 55.172292514000048, 25.18467845300006 ], [ 55.172373894000032, 25.185614325000074 ], [ 55.173350457000083, 25.185573635000083 ], [ 55.173350457000083, 25.184068101000037 ], [ 55.173106316000087, 25.183172919000071 ], [ 55.172862175000034, 25.182196356000077 ], [ 55.171722852000073, 25.180528062000064 ], [ 55.171153191000087, 25.17999909100007 ] ] ], [ [ [ 55.17741946700005, 25.189846096000053 ], [ 55.177663608000046, 25.190619208000044 ], [ 55.178558790000068, 25.190700588000084 ], [ 55.179291212000066, 25.190293687000064 ], [ 55.179616733000046, 25.189927476000037 ], [ 55.17904707100007, 25.189683335000041 ], [ 55.17741946700005, 25.189846096000053 ] ] ], [ [ [ 55.17741946700005, 25.182033596000053 ], [ 55.176117384000065, 25.181870835000041 ], [ 55.175629102000073, 25.181626695000091 ], [ 55.174978061000047, 25.181626695000091 ], [ 55.174733920000051, 25.182033596000053 ], [ 55.17709394600007, 25.183254299000055 ], [ 55.178151889000048, 25.183294989000046 ], [ 55.179698113000086, 25.183498440000051 ], [ 55.181976759000065, 25.184556382000039 ], [ 55.185069207000083, 25.186428127000056 ], [ 55.186534050000034, 25.187160549000055 ], [ 55.187754754000082, 25.18736399900007 ], [ 55.188487175000034, 25.187730210000041 ], [ 55.190114780000044, 25.188828843000067 ], [ 55.190847201000054, 25.189561265000066 ], [ 55.191172722000033, 25.190212307000081 ], [ 55.191986524000072, 25.190741278000075 ], [ 55.192637566000087, 25.190741278000075 ], [ 55.192963087000066, 25.19009023600006 ], [ 55.192393425000034, 25.189439195000091 ], [ 55.191579623000052, 25.189276434000078 ], [ 55.190684441000087, 25.188503322000088 ], [ 55.188731316000087, 25.187160549000055 ], [ 55.18718509200005, 25.186509507000039 ], [ 55.185313347000033, 25.185817776000079 ], [ 55.182302280000044, 25.18423086100006 ], [ 55.179860873000052, 25.182969468000067 ], [ 55.177826368000069, 25.181992906000062 ], [ 55.17741946700005, 25.182033596000053 ] ] ], [ [ [ 55.185557488000086, 25.188828843000067 ], [ 55.184418165000068, 25.18891022300005 ], [ 55.184174024000072, 25.189276434000078 ], [ 55.184662306000064, 25.190293687000064 ], [ 55.186127149000072, 25.190822658000059 ], [ 55.187022332000083, 25.190497137000079 ], [ 55.187266472000033, 25.189805406000062 ], [ 55.187022332000083, 25.189195054000038 ], [ 55.185801629000082, 25.189072984000063 ], [ 55.185557488000086, 25.188828843000067 ] ] ], [ [ [ 55.179616733000046, 25.190822658000059 ], [ 55.178558790000068, 25.191066799000055 ], [ 55.178233269000032, 25.191351630000042 ], [ 55.178558790000068, 25.191677151000079 ], [ 55.179209832000083, 25.191799221000053 ], [ 55.179860873000052, 25.191473700000074 ], [ 55.179616733000046, 25.190822658000059 ] ] ], [ [ [ 55.176605665000068, 25.190415757000039 ], [ 55.175710483000046, 25.190619208000044 ], [ 55.17546634200005, 25.190822658000059 ], [ 55.17514082100007, 25.191310940000051 ], [ 55.175873243000069, 25.191839911000045 ], [ 55.176687045000051, 25.191595770000049 ], [ 55.176768425000034, 25.190822658000059 ], [ 55.176605665000068, 25.190415757000039 ] ] ], [ [ [ 55.175384962000066, 25.192409572000088 ], [ 55.175384962000066, 25.191961981000077 ], [ 55.175059441000087, 25.191880601000037 ], [ 55.174652540000068, 25.191961981000077 ], [ 55.174164259000065, 25.192409572000088 ], [ 55.173838738000086, 25.193101304000038 ], [ 55.174327019000032, 25.193508205000057 ], [ 55.174978061000047, 25.193141994000086 ], [ 55.175384962000066, 25.192409572000088 ] ] ], [ [ [ 55.183116082000083, 25.187526760000083 ], [ 55.182220899000072, 25.187160549000055 ], [ 55.181651238000086, 25.187526760000083 ], [ 55.181569858000046, 25.18821849200009 ], [ 55.181651238000086, 25.189561265000066 ], [ 55.182220899000072, 25.190375067000048 ], [ 55.182790561000047, 25.191514390000066 ], [ 55.182465040000068, 25.192735093000067 ], [ 55.183034701000054, 25.193630276000079 ], [ 55.184092644000032, 25.19367096600007 ], [ 55.186045769000032, 25.19289785400008 ], [ 55.186696811000047, 25.19212474200009 ], [ 55.186615431000064, 25.191595770000049 ], [ 55.18490644600007, 25.191433010000083 ], [ 55.183441602000073, 25.190700588000084 ], [ 55.18295332100007, 25.189072984000063 ], [ 55.183116082000083, 25.188177802000041 ], [ 55.183116082000083, 25.187526760000083 ] ] ], [ [ [ 55.177663608000046, 25.192613023000035 ], [ 55.17709394600007, 25.19212474200009 ], [ 55.176687045000051, 25.192328192000048 ], [ 55.176198764000048, 25.192938544000071 ], [ 55.176198764000048, 25.193426825000074 ], [ 55.176931186000047, 25.193752346000053 ], [ 55.177663608000046, 25.193386135000083 ], [ 55.177663608000046, 25.192613023000035 ] ] ], [ [ [ 55.179942254000082, 25.192409572000088 ], [ 55.17904707100007, 25.19249095300006 ], [ 55.17904707100007, 25.193019924000055 ], [ 55.17937259200005, 25.19367096600007 ], [ 55.180349155000044, 25.19407786700009 ], [ 55.18100019600007, 25.19367096600007 ], [ 55.180511915000068, 25.192938544000071 ], [ 55.179942254000082, 25.192409572000088 ] ] ], [ [ [ 55.173594597000033, 25.194281317000048 ], [ 55.173594597000033, 25.193793036000045 ], [ 55.17351321700005, 25.193548895000049 ], [ 55.173106316000087, 25.193548895000049 ], [ 55.172455274000072, 25.193752346000053 ], [ 55.171641472000033, 25.194281317000048 ], [ 55.171641472000033, 25.194932359000063 ], [ 55.172048373000052, 25.195298570000091 ], [ 55.17318769600007, 25.194932359000063 ], [ 55.173594597000033, 25.194281317000048 ] ] ], [ [ [ 55.15756269600007, 25.194891669000071 ], [ 55.156748894000032, 25.194566148000035 ], [ 55.156097852000073, 25.194891669000071 ], [ 55.155772332000083, 25.195705471000053 ], [ 55.156423373000052, 25.195705471000053 ], [ 55.156748894000032, 25.195868231000077 ], [ 55.157237175000034, 25.196193752000056 ], [ 55.157725457000083, 25.196112372000073 ], [ 55.157806837000066, 25.195461330000057 ], [ 55.15756269600007, 25.194891669000071 ] ] ], [ [ [ 55.176117384000065, 25.19399648600006 ], [ 55.175629102000073, 25.193955796000068 ], [ 55.175303582000083, 25.194240627000056 ], [ 55.174571160000085, 25.194932359000063 ], [ 55.17351321700005, 25.195705471000053 ], [ 55.173594597000033, 25.196193752000056 ], [ 55.174327019000032, 25.196112372000073 ], [ 55.175629102000073, 25.195217190000051 ], [ 55.176198764000048, 25.194484768000052 ], [ 55.176117384000065, 25.19399648600006 ] ] ], [ [ [ 55.159027540000068, 25.195420640000066 ], [ 55.158620639000048, 25.195705471000053 ], [ 55.158620639000048, 25.196234442000048 ], [ 55.160085483000046, 25.196315822000088 ], [ 55.160655144000032, 25.196112372000073 ], [ 55.160817905000044, 25.195502020000049 ], [ 55.159027540000068, 25.195420640000066 ] ] ], [ [ [ 55.154063347000033, 25.194891669000071 ], [ 55.153249545000051, 25.194891669000071 ], [ 55.152679884000065, 25.195135809000078 ], [ 55.151621941000087, 25.195746161000045 ], [ 55.150726759000065, 25.196153062000064 ], [ 55.150726759000065, 25.196519273000035 ], [ 55.150970899000072, 25.196763414000088 ], [ 55.15170332100007, 25.196763414000088 ], [ 55.152924024000072, 25.196193752000056 ], [ 55.153819207000083, 25.195868231000077 ], [ 55.154063347000033, 25.195502020000049 ], [ 55.154063347000033, 25.194891669000071 ] ] ], [ [ [ 55.169769727000073, 25.195135809000078 ], [ 55.168955925000034, 25.195095119000086 ], [ 55.168549024000072, 25.195502020000049 ], [ 55.168793165000068, 25.19603099200009 ], [ 55.169444207000083, 25.196966864000046 ], [ 55.170013868000069, 25.196966864000046 ], [ 55.170420769000032, 25.196519273000035 ], [ 55.170502149000072, 25.19603099200009 ], [ 55.169769727000073, 25.195135809000078 ] ] ], [ [ [ 55.176198764000048, 25.196234442000048 ], [ 55.175791863000086, 25.195990302000041 ], [ 55.17514082100007, 25.196071682000081 ], [ 55.174815300000034, 25.196763414000088 ], [ 55.175303582000083, 25.197251695000091 ], [ 55.176198764000048, 25.197007554000038 ], [ 55.176198764000048, 25.196234442000048 ] ] ], [ [ [ 55.150157097000033, 25.196193752000056 ], [ 55.149343295000051, 25.196356512000079 ], [ 55.148366733000046, 25.196682033000059 ], [ 55.14779707100007, 25.197048244000086 ], [ 55.147634311000047, 25.197617906000062 ], [ 55.148285352000073, 25.197780666000085 ], [ 55.149261915000068, 25.197536526000079 ], [ 55.150157097000033, 25.197170315000051 ], [ 55.150563998000052, 25.196559963000084 ], [ 55.150157097000033, 25.196193752000056 ] ] ], [ [ [ 55.167491082000083, 25.196315822000088 ], [ 55.166921420000051, 25.195990302000041 ], [ 55.166270379000082, 25.196071682000081 ], [ 55.165863477000073, 25.196682033000059 ], [ 55.165863477000073, 25.197088934000078 ], [ 55.166677280000044, 25.19790273600006 ], [ 55.16765384200005, 25.19798411700009 ], [ 55.168060743000069, 25.197780666000085 ], [ 55.168142123000052, 25.197088934000078 ], [ 55.167491082000083, 25.196315822000088 ] ] ], [ [ [ 55.173106316000087, 25.197251695000091 ], [ 55.172536655000044, 25.197088934000078 ], [ 55.171966993000069, 25.197088934000078 ], [ 55.171397332000083, 25.197251695000091 ], [ 55.17156009200005, 25.197943427000041 ], [ 55.172048373000052, 25.198513088000084 ], [ 55.173350457000083, 25.198553778000075 ], [ 55.174001498000052, 25.19835032800006 ], [ 55.174245639000048, 25.197780666000085 ], [ 55.173920118000069, 25.197414455000057 ], [ 55.173106316000087, 25.197251695000091 ] ] ], [ [ [ 55.153575066000087, 25.197536526000079 ], [ 55.152924024000072, 25.19790273600006 ], [ 55.152110222000033, 25.197821356000077 ], [ 55.152110222000033, 25.198309637000079 ], [ 55.152435743000069, 25.198838609000063 ], [ 55.153005405000044, 25.19875722900008 ], [ 55.153575066000087, 25.198228257000039 ], [ 55.154144727000073, 25.197617906000062 ], [ 55.154633009000065, 25.197414455000057 ], [ 55.154795769000032, 25.197088934000078 ], [ 55.154714389000048, 25.196682033000059 ], [ 55.15365644600007, 25.197007554000038 ], [ 55.153575066000087, 25.197536526000079 ] ] ], [ [ [ 55.151052280000044, 25.19835032800006 ], [ 55.150726759000065, 25.198187567000048 ], [ 55.150401238000086, 25.198187567000048 ], [ 55.150401238000086, 25.198635158000059 ], [ 55.150726759000065, 25.198960679000038 ], [ 55.150970899000072, 25.198838609000063 ], [ 55.151052280000044, 25.19835032800006 ] ] ], [ [ [ 55.157155795000051, 25.198106187000064 ], [ 55.156667514000048, 25.197536526000079 ], [ 55.156097852000073, 25.197821356000077 ], [ 55.155284050000034, 25.198268947000088 ], [ 55.155039910000085, 25.198635158000059 ], [ 55.155121290000068, 25.199164130000042 ], [ 55.155853712000066, 25.199408270000049 ], [ 55.156748894000032, 25.198919989000046 ], [ 55.157155795000051, 25.198106187000064 ] ] ], [ [ [ 55.170827670000051, 25.198065497000073 ], [ 55.170258009000065, 25.197821356000077 ], [ 55.169688347000033, 25.197699286000045 ], [ 55.169037306000064, 25.198187567000048 ], [ 55.168304884000065, 25.19867584800005 ], [ 55.168304884000065, 25.199408270000049 ], [ 55.169200066000087, 25.19985586100006 ], [ 55.170176629000082, 25.199367580000057 ], [ 55.170176629000082, 25.198838609000063 ], [ 55.170827670000051, 25.198065497000073 ] ] ], [ [ [ 55.147634311000047, 25.199489651000079 ], [ 55.147308790000068, 25.199001369000086 ], [ 55.146494988000086, 25.199042059000078 ], [ 55.145681186000047, 25.19953034100007 ], [ 55.145925326000054, 25.200100002000056 ], [ 55.146657748000052, 25.200384833000044 ], [ 55.147308790000068, 25.200222072000088 ], [ 55.147634311000047, 25.199489651000079 ] ] ], [ [ [ 55.172048373000052, 25.199326890000066 ], [ 55.171153191000087, 25.19908274900007 ], [ 55.170909050000034, 25.199164130000042 ], [ 55.170827670000051, 25.199571031000062 ], [ 55.17123457100007, 25.200222072000088 ], [ 55.171966993000069, 25.200466213000084 ], [ 55.172455274000072, 25.200262762000079 ], [ 55.172699415000068, 25.199774481000077 ], [ 55.172048373000052, 25.199326890000066 ] ] ], [ [ [ 55.175710483000046, 25.19875722900008 ], [ 55.17546634200005, 25.198106187000064 ], [ 55.174978061000047, 25.198187567000048 ], [ 55.174652540000068, 25.19875722900008 ], [ 55.174571160000085, 25.199326890000066 ], [ 55.174164259000065, 25.200181382000039 ], [ 55.174652540000068, 25.200466213000084 ], [ 55.175384962000066, 25.19985586100006 ], [ 55.175710483000046, 25.19875722900008 ] ] ], [ [ [ 55.149587436000047, 25.198838609000063 ], [ 55.148936394000032, 25.198838609000063 ], [ 55.148529493000069, 25.199204820000091 ], [ 55.148692254000082, 25.199693101000037 ], [ 55.149261915000068, 25.200262762000079 ], [ 55.14975019600007, 25.200791734000063 ], [ 55.150401238000086, 25.200751044000071 ], [ 55.150238477000073, 25.200181382000039 ], [ 55.149831576000054, 25.199774481000077 ], [ 55.149587436000047, 25.198838609000063 ] ] ], [ [ [ 55.165782097000033, 25.198472398000035 ], [ 55.165131056000064, 25.198391018000052 ], [ 55.164398634000065, 25.198838609000063 ], [ 55.164317254000082, 25.199571031000062 ], [ 55.16537519600007, 25.200466213000084 ], [ 55.165944858000046, 25.200791734000063 ], [ 55.166595899000072, 25.199977932000081 ], [ 55.166677280000044, 25.199326890000066 ], [ 55.165782097000033, 25.198472398000035 ] ] ], [ [ [ 55.151621941000087, 25.200181382000039 ], [ 55.151296420000051, 25.200873114000046 ], [ 55.151377800000034, 25.201361395000049 ], [ 55.152354363000086, 25.201402085000041 ], [ 55.153168165000068, 25.201280015000066 ], [ 55.153575066000087, 25.200791734000063 ], [ 55.153575066000087, 25.200222072000088 ], [ 55.153005405000044, 25.19985586100006 ], [ 55.151621941000087, 25.200181382000039 ] ] ], [ [ [ 55.163096550000034, 25.200100002000056 ], [ 55.162852410000085, 25.199977932000081 ], [ 55.162445509000065, 25.200100002000056 ], [ 55.162689649000072, 25.20062897300005 ], [ 55.163666212000066, 25.201402085000041 ], [ 55.163991733000046, 25.201076565000051 ], [ 55.163991733000046, 25.200669664000088 ], [ 55.163096550000034, 25.200100002000056 ] ] ], [ [ [ 55.168630405000044, 25.200222072000088 ], [ 55.167979363000086, 25.200100002000056 ], [ 55.16732832100007, 25.200100002000056 ], [ 55.166921420000051, 25.200547593000067 ], [ 55.166921420000051, 25.201076565000051 ], [ 55.167165561000047, 25.201605536000045 ], [ 55.167979363000086, 25.201605536000045 ], [ 55.168793165000068, 25.201402085000041 ], [ 55.168955925000034, 25.200832424000055 ], [ 55.168630405000044, 25.200222072000088 ] ] ], [ [ [ 55.157481316000087, 25.200344143000052 ], [ 55.156993035000085, 25.200100002000056 ], [ 55.156423373000052, 25.200262762000079 ], [ 55.155528191000087, 25.200913804000038 ], [ 55.154795769000032, 25.200954494000086 ], [ 55.154388868000069, 25.201157945000091 ], [ 55.154388868000069, 25.201686916000085 ], [ 55.154633009000065, 25.202053127000056 ], [ 55.155284050000034, 25.202093817000048 ], [ 55.15593509200005, 25.201971747000073 ], [ 55.156341993000069, 25.201646226000037 ], [ 55.156748894000032, 25.201239325000074 ], [ 55.157237175000034, 25.200995184000078 ], [ 55.157481316000087, 25.200344143000052 ] ] ], [ [ [ 55.148692254000082, 25.201280015000066 ], [ 55.148203972000033, 25.200751044000071 ], [ 55.14779707100007, 25.200791734000063 ], [ 55.147308790000068, 25.201076565000051 ], [ 55.147146030000044, 25.201646226000037 ], [ 55.147634311000047, 25.20225657800006 ], [ 55.148366733000046, 25.202134507000039 ], [ 55.148692254000082, 25.201280015000066 ] ] ], [ [ [ 55.165782097000033, 25.201727606000077 ], [ 55.165131056000064, 25.201727606000077 ], [ 55.164886915000068, 25.202093817000048 ], [ 55.165537957000083, 25.202541408000059 ], [ 55.166188998000052, 25.202541408000059 ], [ 55.166270379000082, 25.202215887000079 ], [ 55.165782097000033, 25.201727606000077 ] ] ], [ [ [ 55.171153191000087, 25.201076565000051 ], [ 55.170420769000032, 25.201076565000051 ], [ 55.169769727000073, 25.201076565000051 ], [ 55.169688347000033, 25.20148346600007 ], [ 55.169769727000073, 25.202053127000056 ], [ 55.170746290000068, 25.202622789000088 ], [ 55.171641472000033, 25.20266347900008 ], [ 55.171966993000069, 25.202297268000052 ], [ 55.171966993000069, 25.20180898600006 ], [ 55.171153191000087, 25.201076565000051 ] ] ], [ [ [ 55.151052280000044, 25.202541408000059 ], [ 55.151296420000051, 25.202053127000056 ], [ 55.150726759000065, 25.201727606000077 ], [ 55.150482618000069, 25.20180898600006 ], [ 55.14975019600007, 25.202419338000084 ], [ 55.150238477000073, 25.20343659100007 ], [ 55.150645379000082, 25.203558661000045 ], [ 55.151052280000044, 25.203233140000066 ], [ 55.151052280000044, 25.202541408000059 ] ] ], [ [ [ 55.174164259000065, 25.201971747000073 ], [ 55.173838738000086, 25.201524156000062 ], [ 55.173431837000066, 25.201524156000062 ], [ 55.172373894000032, 25.202622789000088 ], [ 55.172048373000052, 25.203273830000057 ], [ 55.172373894000032, 25.203599351000037 ], [ 55.173024936000047, 25.203721421000068 ], [ 55.173920118000069, 25.202866929000038 ], [ 55.174164259000065, 25.201971747000073 ] ] ], [ [ [ 55.153330925000034, 25.202744859000063 ], [ 55.153168165000068, 25.202541408000059 ], [ 55.152761264000048, 25.202541408000059 ], [ 55.152191602000073, 25.202866929000038 ], [ 55.15202884200005, 25.203233140000066 ], [ 55.15202884200005, 25.203680731000077 ], [ 55.152354363000086, 25.203884182000081 ], [ 55.153168165000068, 25.203680731000077 ], [ 55.153330925000034, 25.20343659100007 ], [ 55.153330925000034, 25.202744859000063 ] ] ], [ [ [ 55.159190300000034, 25.201686916000085 ], [ 55.158539259000065, 25.201239325000074 ], [ 55.158050977000073, 25.201239325000074 ], [ 55.157806837000066, 25.201605536000045 ], [ 55.157725457000083, 25.202378648000035 ], [ 55.158050977000073, 25.202622789000088 ], [ 55.158132358000046, 25.202948309000078 ], [ 55.15788821700005, 25.203314520000049 ], [ 55.15788821700005, 25.203640041000085 ], [ 55.158050977000073, 25.204169012000079 ], [ 55.158539259000065, 25.204291083000044 ], [ 55.159027540000068, 25.204087632000039 ], [ 55.159190300000034, 25.203477281000062 ], [ 55.158620639000048, 25.203111070000091 ], [ 55.158864780000044, 25.202704169000071 ], [ 55.159190300000034, 25.202541408000059 ], [ 55.159190300000034, 25.201686916000085 ] ] ], [ [ [ 55.15398196700005, 25.203640041000085 ], [ 55.153900587000066, 25.204169012000079 ], [ 55.154388868000069, 25.204331773000035 ], [ 55.154795769000032, 25.204250393000052 ], [ 55.155528191000087, 25.204006252000056 ], [ 55.15560957100007, 25.20343659100007 ], [ 55.154958530000044, 25.20343659100007 ], [ 55.154388868000069, 25.203355210000041 ], [ 55.15398196700005, 25.203640041000085 ] ] ], [ [ [ 55.147064649000072, 25.203029690000051 ], [ 55.146494988000086, 25.202785549000055 ], [ 55.145925326000054, 25.202785549000055 ], [ 55.145599806000064, 25.203640041000085 ], [ 55.14584394600007, 25.204291083000044 ], [ 55.146494988000086, 25.204901434000078 ], [ 55.147308790000068, 25.204860744000086 ], [ 55.147552931000064, 25.20384349200009 ], [ 55.147064649000072, 25.203029690000051 ] ] ], [ [ [ 55.149343295000051, 25.203273830000057 ], [ 55.148529493000069, 25.203029690000051 ], [ 55.148285352000073, 25.203273830000057 ], [ 55.148285352000073, 25.203721421000068 ], [ 55.148692254000082, 25.204250393000052 ], [ 55.149099155000044, 25.204982815000051 ], [ 55.149912957000083, 25.205104885000083 ], [ 55.150401238000086, 25.204860744000086 ], [ 55.15007571700005, 25.204087632000039 ], [ 55.149343295000051, 25.203273830000057 ] ] ], [ [ [ 55.158946160000085, 25.20494212400007 ], [ 55.158050977000073, 25.20494212400007 ], [ 55.157237175000034, 25.205064195000091 ], [ 55.157237175000034, 25.205633856000077 ], [ 55.157806837000066, 25.205674546000068 ], [ 55.158050977000073, 25.206000067000048 ], [ 55.158620639000048, 25.206122137000079 ], [ 55.159271681000064, 25.20579661700009 ], [ 55.159271681000064, 25.20538971600007 ], [ 55.158946160000085, 25.20494212400007 ] ] ], [ [ [ 55.156097852000073, 25.204901434000078 ], [ 55.156016472000033, 25.204413153000075 ], [ 55.15560957100007, 25.204331773000035 ], [ 55.155202670000051, 25.204657294000071 ], [ 55.155121290000068, 25.205267645000049 ], [ 55.155202670000051, 25.205959377000056 ], [ 55.15560957100007, 25.206244208000044 ], [ 55.156097852000073, 25.205877997000073 ], [ 55.156097852000073, 25.204901434000078 ] ] ], [ [ [ 55.147552931000064, 25.20579661700009 ], [ 55.146983269000032, 25.20579661700009 ], [ 55.145599806000064, 25.206284898000035 ], [ 55.145192905000044, 25.206976630000042 ], [ 55.145518425000034, 25.20734284100007 ], [ 55.145925326000054, 25.20734284100007 ], [ 55.146983269000032, 25.207180080000057 ], [ 55.147552931000064, 25.206406968000067 ], [ 55.147552931000064, 25.20579661700009 ] ] ], [ [ [ 55.153575066000087, 25.20579661700009 ], [ 55.152924024000072, 25.205959377000056 ], [ 55.152354363000086, 25.206529039000088 ], [ 55.152679884000065, 25.207261460000041 ], [ 55.153819207000083, 25.207464911000045 ], [ 55.154063347000033, 25.207424221000053 ], [ 55.154388868000069, 25.20689524900007 ], [ 55.154144727000073, 25.206203518000052 ], [ 55.153575066000087, 25.20579661700009 ] ] ], [ [ [ 55.150482618000069, 25.205959377000056 ], [ 55.150157097000033, 25.205877997000073 ], [ 55.149587436000047, 25.206000067000048 ], [ 55.149099155000044, 25.206325588000084 ], [ 55.148203972000033, 25.207424221000053 ], [ 55.148285352000073, 25.207993882000039 ], [ 55.149343295000051, 25.208034572000088 ], [ 55.149506056000064, 25.207505601000037 ], [ 55.14975019600007, 25.207098700000074 ], [ 55.150563998000052, 25.207180080000057 ], [ 55.150889519000032, 25.206773179000038 ], [ 55.150726759000065, 25.20648834800005 ], [ 55.150482618000069, 25.205959377000056 ] ] ], [ [ [ 55.159271681000064, 25.207098700000074 ], [ 55.158539259000065, 25.207505601000037 ], [ 55.158213738000086, 25.20774974200009 ], [ 55.158050977000073, 25.208156643000052 ], [ 55.158620639000048, 25.208156643000052 ], [ 55.159759962000066, 25.208156643000052 ], [ 55.160166863000086, 25.207831122000073 ], [ 55.159678582000083, 25.207424221000053 ], [ 55.159271681000064, 25.207098700000074 ] ] ], [ [ [ 55.175710483000046, 25.206935940000051 ], [ 55.174733920000051, 25.206529039000088 ], [ 55.174327019000032, 25.206651109000063 ], [ 55.174327019000032, 25.20766836100006 ], [ 55.175059441000087, 25.208156643000052 ], [ 55.175629102000073, 25.208156643000052 ], [ 55.175873243000069, 25.207586981000077 ], [ 55.175710483000046, 25.206935940000051 ] ] ], [ [ [ 55.157074415000068, 25.207586981000077 ], [ 55.156097852000073, 25.207912502000056 ], [ 55.155853712000066, 25.208319403000075 ], [ 55.155446811000047, 25.208319403000075 ], [ 55.154714389000048, 25.208482164000088 ], [ 55.154958530000044, 25.208970445000091 ], [ 55.156423373000052, 25.209011135000083 ], [ 55.156993035000085, 25.208644924000055 ], [ 55.157237175000034, 25.20811595300006 ], [ 55.157074415000068, 25.207586981000077 ] ] ], [ [ [ 55.186045769000032, 25.20656972900008 ], [ 55.18490644600007, 25.206406968000067 ], [ 55.183929884000065, 25.206773179000038 ], [ 55.183116082000083, 25.207424221000053 ], [ 55.182465040000068, 25.207424221000053 ], [ 55.182220899000072, 25.207831122000073 ], [ 55.182220899000072, 25.208319403000075 ], [ 55.183116082000083, 25.209418036000045 ], [ 55.183848504000082, 25.209214585000041 ], [ 55.184092644000032, 25.208644924000055 ], [ 55.183848504000082, 25.207953192000048 ], [ 55.184743686000047, 25.207424221000053 ], [ 55.185801629000082, 25.207464911000045 ], [ 55.186371290000068, 25.207180080000057 ], [ 55.186045769000032, 25.20656972900008 ] ] ], [ [ [ 55.150970899000072, 25.208075262000079 ], [ 55.150482618000069, 25.208075262000079 ], [ 55.150482618000069, 25.208400783000059 ], [ 55.150970899000072, 25.209011135000083 ], [ 55.152110222000033, 25.209458726000037 ], [ 55.152761264000048, 25.209458726000037 ], [ 55.153005405000044, 25.209214585000041 ], [ 55.152924024000072, 25.20884837400007 ], [ 55.152354363000086, 25.208726304000038 ], [ 55.151621941000087, 25.208685614000046 ], [ 55.150970899000072, 25.208075262000079 ] ] ], [ [ [ 55.18132571700005, 25.208604234000063 ], [ 55.180349155000044, 25.208482164000088 ], [ 55.179616733000046, 25.20852285400008 ], [ 55.178884311000047, 25.20884837400007 ], [ 55.179209832000083, 25.209458726000037 ], [ 55.180430535000085, 25.20929596600007 ], [ 55.181569858000046, 25.209214585000041 ], [ 55.18132571700005, 25.208604234000063 ] ] ], [ [ [ 55.187673373000052, 25.208400783000059 ], [ 55.187591993000069, 25.207953192000048 ], [ 55.187266472000033, 25.207831122000073 ], [ 55.186452670000051, 25.207871812000064 ], [ 55.186045769000032, 25.208400783000059 ], [ 55.186045769000032, 25.208889065000051 ], [ 55.186371290000068, 25.209540106000077 ], [ 55.186940951000054, 25.209540106000077 ], [ 55.187673373000052, 25.208400783000059 ] ] ], [ [ [ 55.189463738000086, 25.20689524900007 ], [ 55.189545118000069, 25.206773179000038 ], [ 55.18881269600007, 25.206284898000035 ], [ 55.188161655000044, 25.206284898000035 ], [ 55.187591993000069, 25.206773179000038 ], [ 55.187998894000032, 25.20766836100006 ], [ 55.188405795000051, 25.208156643000052 ], [ 55.188080274000072, 25.208644924000055 ], [ 55.187998894000032, 25.209214585000041 ], [ 55.188161655000044, 25.209662177000041 ], [ 55.188731316000087, 25.209580796000068 ], [ 55.18881269600007, 25.208889065000051 ], [ 55.188975457000083, 25.207912502000056 ], [ 55.189707879000082, 25.20734284100007 ], [ 55.189463738000086, 25.20689524900007 ] ] ], [ [ [ 55.146413608000046, 25.208400783000059 ], [ 55.146006707000083, 25.207953192000048 ], [ 55.145274285000085, 25.208360093000067 ], [ 55.144460483000046, 25.209214585000041 ], [ 55.144704623000052, 25.209743557000081 ], [ 55.145274285000085, 25.209824937000064 ], [ 55.14616946700005, 25.209011135000083 ], [ 55.146413608000046, 25.208400783000059 ] ] ], [ [ [ 55.174571160000085, 25.209051825000074 ], [ 55.174001498000052, 25.208807684000078 ], [ 55.173431837000066, 25.208807684000078 ], [ 55.172699415000068, 25.208807684000078 ], [ 55.172048373000052, 25.209458726000037 ], [ 55.172373894000032, 25.209947007000039 ], [ 55.17318769600007, 25.209947007000039 ], [ 55.174164259000065, 25.209947007000039 ], [ 55.174571160000085, 25.209051825000074 ] ] ], [ [ [ 55.177744988000086, 25.208889065000051 ], [ 55.176768425000034, 25.208726304000038 ], [ 55.175791863000086, 25.209011135000083 ], [ 55.176442905000044, 25.209662177000041 ], [ 55.17709394600007, 25.209743557000081 ], [ 55.178070509000065, 25.209947007000039 ], [ 55.178477410000085, 25.209458726000037 ], [ 55.177744988000086, 25.208889065000051 ] ] ], [ [ [ 55.152191602000073, 25.210231838000084 ], [ 55.151784701000054, 25.209865627000056 ], [ 55.151296420000051, 25.209987697000088 ], [ 55.150970899000072, 25.210598049000055 ], [ 55.151377800000034, 25.211167710000041 ], [ 55.152110222000033, 25.211086330000057 ], [ 55.152435743000069, 25.210760809000078 ], [ 55.152191602000073, 25.210231838000084 ] ] ], [ [ [ 55.188080274000072, 25.210435289000088 ], [ 55.187347852000073, 25.210028387000079 ], [ 55.186534050000034, 25.210231838000084 ], [ 55.186371290000068, 25.210760809000078 ], [ 55.18685957100007, 25.211371161000045 ], [ 55.187754754000082, 25.211289781000062 ], [ 55.188080274000072, 25.210435289000088 ] ] ], [ [ [ 55.149424675000034, 25.209662177000041 ], [ 55.148773634000065, 25.209458726000037 ], [ 55.148203972000033, 25.209662177000041 ], [ 55.147634311000047, 25.210150458000044 ], [ 55.147634311000047, 25.210598049000055 ], [ 55.147878451000054, 25.21124909100007 ], [ 55.149506056000064, 25.211493231000077 ], [ 55.150157097000033, 25.211167710000041 ], [ 55.150157097000033, 25.210679429000038 ], [ 55.149587436000047, 25.210598049000055 ], [ 55.149506056000064, 25.210191148000035 ], [ 55.149424675000034, 25.209662177000041 ] ] ], [ [ [ 55.185557488000086, 25.210435289000088 ], [ 55.185394727000073, 25.209865627000056 ], [ 55.185069207000083, 25.209458726000037 ], [ 55.184580925000034, 25.209458726000037 ], [ 55.183929884000065, 25.210313218000067 ], [ 55.184092644000032, 25.211086330000057 ], [ 55.184987826000054, 25.211533921000068 ], [ 55.185557488000086, 25.211330471000053 ], [ 55.185557488000086, 25.210435289000088 ] ] ], [ [ [ 55.146332227000073, 25.210272528000075 ], [ 55.145518425000034, 25.21047597900008 ], [ 55.145192905000044, 25.210760809000078 ], [ 55.145274285000085, 25.211493231000077 ], [ 55.14616946700005, 25.21157461100006 ], [ 55.146820509000065, 25.211371161000045 ], [ 55.146983269000032, 25.210760809000078 ], [ 55.146332227000073, 25.210272528000075 ] ] ], [ [ [ 55.171397332000083, 25.209824937000064 ], [ 55.171315951000054, 25.20929596600007 ], [ 55.171153191000087, 25.209011135000083 ], [ 55.170420769000032, 25.209011135000083 ], [ 55.170013868000069, 25.209865627000056 ], [ 55.169769727000073, 25.211045640000066 ], [ 55.170502149000072, 25.211778062000064 ], [ 55.170909050000034, 25.211778062000064 ], [ 55.170909050000034, 25.210720119000086 ], [ 55.171397332000083, 25.209824937000064 ] ] ], [ [ [ 55.183441602000073, 25.210923570000091 ], [ 55.182465040000068, 25.210679429000038 ], [ 55.181813998000052, 25.210964260000083 ], [ 55.181488477000073, 25.21157461100006 ], [ 55.181895379000082, 25.212144273000035 ], [ 55.182383660000085, 25.212388414000088 ], [ 55.183197462000066, 25.212388414000088 ], [ 55.183767123000052, 25.211778062000064 ], [ 55.183441602000073, 25.210923570000091 ] ] ], [ [ [ 55.176768425000034, 25.211452541000085 ], [ 55.176605665000068, 25.210842190000051 ], [ 55.176198764000048, 25.210435289000088 ], [ 55.17546634200005, 25.210435289000088 ], [ 55.175059441000087, 25.211127020000049 ], [ 55.174245639000048, 25.211330471000053 ], [ 55.173594597000033, 25.211127020000049 ], [ 55.173106316000087, 25.211493231000077 ], [ 55.173431837000066, 25.21234772300005 ], [ 55.174571160000085, 25.21242910400008 ], [ 55.17514082100007, 25.21202220300006 ], [ 55.176524285000085, 25.212062893000052 ], [ 55.176768425000034, 25.211452541000085 ] ] ], [ [ [ 55.180756056000064, 25.21165599200009 ], [ 55.179942254000082, 25.211289781000062 ], [ 55.179698113000086, 25.211778062000064 ], [ 55.179860873000052, 25.212266343000067 ], [ 55.179942254000082, 25.213080145000049 ], [ 55.180511915000068, 25.213324286000045 ], [ 55.181488477000073, 25.212917385000083 ], [ 55.181488477000073, 25.212307033000059 ], [ 55.180756056000064, 25.21165599200009 ] ] ], [ [ [ 55.185313347000033, 25.213283596000053 ], [ 55.185069207000083, 25.212388414000088 ], [ 55.184743686000047, 25.21242910400008 ], [ 55.183848504000082, 25.212958075000074 ], [ 55.183848504000082, 25.213568427000041 ], [ 55.184255405000044, 25.213853257000039 ], [ 55.184743686000047, 25.213812567000048 ], [ 55.185313347000033, 25.213283596000053 ] ] ], [ [ [ 55.187998894000032, 25.212225653000075 ], [ 55.187591993000069, 25.211981512000079 ], [ 55.186696811000047, 25.21234772300005 ], [ 55.186371290000068, 25.212713934000078 ], [ 55.186208530000044, 25.213364976000037 ], [ 55.186534050000034, 25.213812567000048 ], [ 55.187022332000083, 25.21397532800006 ], [ 55.187998894000032, 25.212958075000074 ], [ 55.187998894000032, 25.212225653000075 ] ] ], [ [ [ 55.172048373000052, 25.212307033000059 ], [ 55.17156009200005, 25.212062893000052 ], [ 55.171071811000047, 25.212917385000083 ], [ 55.170909050000034, 25.213568427000041 ], [ 55.172048373000052, 25.214097398000035 ], [ 55.172780795000051, 25.213893947000088 ], [ 55.172862175000034, 25.213405666000085 ], [ 55.173024936000047, 25.212917385000083 ], [ 55.17318769600007, 25.21242910400008 ], [ 55.172536655000044, 25.21234772300005 ], [ 55.172048373000052, 25.212307033000059 ] ] ], [ [ [ 55.200368686000047, 25.210598049000055 ], [ 55.199473504000082, 25.209458726000037 ], [ 55.19890384200005, 25.209418036000045 ], [ 55.198741082000083, 25.209947007000039 ], [ 55.199066602000073, 25.210435289000088 ], [ 55.199636264000048, 25.21124909100007 ], [ 55.200287306000064, 25.212225653000075 ], [ 55.201345248000052, 25.21352773600006 ], [ 55.20248457100007, 25.214097398000035 ], [ 55.202647332000083, 25.21360911700009 ], [ 55.202565951000054, 25.212795315000051 ], [ 55.201182488000086, 25.211859442000048 ], [ 55.200368686000047, 25.210598049000055 ] ] ], [ [ [ 55.178721550000034, 25.212632554000038 ], [ 55.178233269000032, 25.212062893000052 ], [ 55.177826368000069, 25.212144273000035 ], [ 55.17709394600007, 25.213039455000057 ], [ 55.176687045000051, 25.213812567000048 ], [ 55.177012566000087, 25.214178778000075 ], [ 55.177582227000073, 25.214178778000075 ], [ 55.178477410000085, 25.213283596000053 ], [ 55.178721550000034, 25.212632554000038 ] ] ], [ [ [ 55.157725457000083, 25.212795315000051 ], [ 55.156911655000044, 25.212469794000071 ], [ 55.156097852000073, 25.212510484000063 ], [ 55.155853712000066, 25.213242906000062 ], [ 55.15593509200005, 25.214422919000071 ], [ 55.156586134000065, 25.214626369000086 ], [ 55.157155795000051, 25.214422919000071 ], [ 55.157399936000047, 25.213771877000056 ], [ 55.157725457000083, 25.212795315000051 ] ] ], [ [ [ 55.154958530000044, 25.213283596000053 ], [ 55.154795769000032, 25.212917385000083 ], [ 55.154144727000073, 25.212917385000083 ], [ 55.153249545000051, 25.213731187000064 ], [ 55.153168165000068, 25.214341539000088 ], [ 55.153575066000087, 25.214829820000091 ], [ 55.154144727000073, 25.214748440000051 ], [ 55.154633009000065, 25.214178778000075 ], [ 55.154958530000044, 25.213283596000053 ] ] ], [ [ [ 55.168955925000034, 25.213568427000041 ], [ 55.168142123000052, 25.213039455000057 ], [ 55.166921420000051, 25.213690497000073 ], [ 55.167084181000064, 25.214585679000038 ], [ 55.168467644000032, 25.215114651000079 ], [ 55.169362826000054, 25.21438222900008 ], [ 55.168955925000034, 25.213568427000041 ] ] ], [ [ [ 55.19109134200005, 25.212998765000066 ], [ 55.190847201000054, 25.212713934000078 ], [ 55.190358920000051, 25.212713934000078 ], [ 55.189952019000032, 25.212713934000078 ], [ 55.18881269600007, 25.214056708000044 ], [ 55.188649936000047, 25.214829820000091 ], [ 55.188975457000083, 25.215114651000079 ], [ 55.189626498000052, 25.215114651000079 ], [ 55.19109134200005, 25.212998765000066 ] ] ], [ [ [ 55.176198764000048, 25.214219468000067 ], [ 55.175873243000069, 25.213568427000041 ], [ 55.175629102000073, 25.213812567000048 ], [ 55.17514082100007, 25.214829820000091 ], [ 55.17514082100007, 25.215440171000068 ], [ 55.175954623000052, 25.215358791000085 ], [ 55.176198764000048, 25.214219468000067 ] ] ], [ [ [ 55.182383660000085, 25.213934637000079 ], [ 55.181813998000052, 25.213568427000041 ], [ 55.18100019600007, 25.214097398000035 ], [ 55.180511915000068, 25.214667059000078 ], [ 55.180674675000034, 25.215236721000053 ], [ 55.181244337000066, 25.21556224200009 ], [ 55.181813998000052, 25.21515534100007 ], [ 55.182383660000085, 25.213934637000079 ] ] ], [ [ [ 55.146494988000086, 25.214544989000046 ], [ 55.145925326000054, 25.214097398000035 ], [ 55.145599806000064, 25.214056708000044 ], [ 55.145681186000047, 25.21556224200009 ], [ 55.146657748000052, 25.215765692000048 ], [ 55.146739129000082, 25.215196031000062 ], [ 55.146494988000086, 25.214544989000046 ] ] ], [ [ [ 55.183604363000086, 25.214585679000038 ], [ 55.183034701000054, 25.214626369000086 ], [ 55.182627800000034, 25.214829820000091 ], [ 55.182383660000085, 25.215521552000041 ], [ 55.182709181000064, 25.215847072000088 ], [ 55.183360222000033, 25.215847072000088 ], [ 55.183767123000052, 25.215318101000037 ], [ 55.183604363000086, 25.214585679000038 ] ] ], [ [ [ 55.178802931000064, 25.214829820000091 ], [ 55.178558790000068, 25.214219468000067 ], [ 55.178151889000048, 25.214219468000067 ], [ 55.177907748000052, 25.214544989000046 ], [ 55.177582227000073, 25.214992580000057 ], [ 55.177826368000069, 25.215969143000052 ], [ 55.178396030000044, 25.215887762000079 ], [ 55.178802931000064, 25.214829820000091 ] ] ], [ [ [ 55.15170332100007, 25.214951890000066 ], [ 55.151296420000051, 25.214544989000046 ], [ 55.150889519000032, 25.214544989000046 ], [ 55.150482618000069, 25.215114651000079 ], [ 55.150482618000069, 25.215969143000052 ], [ 55.150889519000032, 25.216050523000035 ], [ 55.151540561000047, 25.215847072000088 ], [ 55.15170332100007, 25.214951890000066 ] ] ], [ [ [ 55.164317254000082, 25.214951890000066 ], [ 55.163503451000054, 25.215114651000079 ], [ 55.162852410000085, 25.216050523000035 ], [ 55.163096550000034, 25.216579494000086 ], [ 55.164235873000052, 25.216457424000055 ], [ 55.164561394000032, 25.215602932000081 ], [ 55.164317254000082, 25.214951890000066 ] ] ], [ [ [ 55.145111524000072, 25.214992580000057 ], [ 55.144541863000086, 25.214585679000038 ], [ 55.144134962000066, 25.214544989000046 ], [ 55.143972201000054, 25.214626369000086 ], [ 55.143728061000047, 25.215318101000037 ], [ 55.143728061000047, 25.216131903000075 ], [ 55.144134962000066, 25.216579494000086 ], [ 55.144704623000052, 25.21666087400007 ], [ 55.145274285000085, 25.216538804000038 ], [ 55.145355665000068, 25.215887762000079 ], [ 55.145274285000085, 25.215399481000077 ], [ 55.145111524000072, 25.214992580000057 ] ] ], [ [ [ 55.152842644000032, 25.215887762000079 ], [ 55.152761264000048, 25.215521552000041 ], [ 55.152354363000086, 25.215440171000068 ], [ 55.151621941000087, 25.216294664000088 ], [ 55.150970899000072, 25.216579494000086 ], [ 55.150970899000072, 25.217271226000037 ], [ 55.151621941000087, 25.217311916000085 ], [ 55.152435743000069, 25.21666087400007 ], [ 55.152842644000032, 25.215887762000079 ] ] ], [ [ [ 55.156423373000052, 25.21625397300005 ], [ 55.156423373000052, 25.215643622000073 ], [ 55.156341993000069, 25.215318101000037 ], [ 55.155853712000066, 25.215318101000037 ], [ 55.155202670000051, 25.215887762000079 ], [ 55.154714389000048, 25.216864325000074 ], [ 55.155202670000051, 25.217311916000085 ], [ 55.155772332000083, 25.217230536000045 ], [ 55.156423373000052, 25.21625397300005 ] ] ], [ [ [ 55.182627800000034, 25.21666087400007 ], [ 55.182465040000068, 25.216131903000075 ], [ 55.182139519000032, 25.216131903000075 ], [ 55.180756056000064, 25.216131903000075 ], [ 55.180186394000032, 25.216294664000088 ], [ 55.180105014000048, 25.216945705000057 ], [ 55.180674675000034, 25.217311916000085 ], [ 55.182220899000072, 25.217311916000085 ], [ 55.182627800000034, 25.21666087400007 ] ] ], [ [ [ 55.149424675000034, 25.215765692000048 ], [ 55.148366733000046, 25.21556224200009 ], [ 55.14779707100007, 25.215765692000048 ], [ 55.147878451000054, 25.21666087400007 ], [ 55.148529493000069, 25.217271226000037 ], [ 55.149831576000054, 25.217393296000068 ], [ 55.14975019600007, 25.216579494000086 ], [ 55.149424675000034, 25.215765692000048 ] ] ], [ [ [ 55.175710483000046, 25.216294664000088 ], [ 55.175059441000087, 25.216131903000075 ], [ 55.174733920000051, 25.216131903000075 ], [ 55.174571160000085, 25.216498114000046 ], [ 55.174571160000085, 25.216945705000057 ], [ 55.175303582000083, 25.217393296000068 ], [ 55.175873243000069, 25.217393296000068 ], [ 55.176280144000032, 25.217027085000041 ], [ 55.175710483000046, 25.216294664000088 ] ] ], [ [ [ 55.169362826000054, 25.216294664000088 ], [ 55.169200066000087, 25.215765692000048 ], [ 55.168223504000082, 25.215765692000048 ], [ 55.167491082000083, 25.215806382000039 ], [ 55.167002800000034, 25.216091213000084 ], [ 55.167002800000034, 25.216579494000086 ], [ 55.167165561000047, 25.217271226000037 ], [ 55.168467644000032, 25.21743398600006 ], [ 55.168955925000034, 25.217149156000062 ], [ 55.169362826000054, 25.216294664000088 ] ] ], [ [ [ 55.171071811000047, 25.215765692000048 ], [ 55.170420769000032, 25.215033270000049 ], [ 55.170013868000069, 25.216091213000084 ], [ 55.169932488000086, 25.216864325000074 ], [ 55.170095248000052, 25.21743398600006 ], [ 55.170746290000068, 25.217271226000037 ], [ 55.171071811000047, 25.216416734000063 ], [ 55.171071811000047, 25.215765692000048 ] ] ], [ [ [ 55.17741946700005, 25.216131903000075 ], [ 55.176931186000047, 25.215684312000064 ], [ 55.176524285000085, 25.215765692000048 ], [ 55.176198764000048, 25.216294664000088 ], [ 55.176931186000047, 25.217271226000037 ], [ 55.177744988000086, 25.21743398600006 ], [ 55.177907748000052, 25.216864325000074 ], [ 55.17741946700005, 25.216131903000075 ] ] ], [ [ [ 55.194916212000066, 25.199977932000081 ], [ 55.194590691000087, 25.199326890000066 ], [ 55.194102410000085, 25.19908274900007 ], [ 55.193532748000052, 25.199326890000066 ], [ 55.19271894600007, 25.200222072000088 ], [ 55.192393425000034, 25.201931057000081 ], [ 55.192393425000034, 25.203355210000041 ], [ 55.19304446700005, 25.204494533000059 ], [ 55.193451368000069, 25.20579661700009 ], [ 55.193532748000052, 25.207261460000041 ], [ 55.193858269000032, 25.208482164000088 ], [ 55.196381056000064, 25.210557359000063 ], [ 55.197683139000048, 25.21165599200009 ], [ 55.198334181000064, 25.212632554000038 ], [ 55.19857832100007, 25.21397532800006 ], [ 55.199392123000052, 25.215969143000052 ], [ 55.199147983000046, 25.216416734000063 ], [ 55.198822462000066, 25.216091213000084 ], [ 55.198496941000087, 25.215684312000064 ], [ 55.197927280000044, 25.215847072000088 ], [ 55.197927280000044, 25.21666087400007 ], [ 55.198496941000087, 25.217759507000039 ], [ 55.199392123000052, 25.217922268000052 ], [ 55.199961785000085, 25.216945705000057 ], [ 55.201426629000082, 25.216945705000057 ], [ 55.202240431000064, 25.216742255000042 ], [ 55.20281009200005, 25.216131903000075 ], [ 55.202159050000034, 25.215765692000048 ], [ 55.201101108000046, 25.215887762000079 ], [ 55.200612826000054, 25.215033270000049 ], [ 55.199880405000044, 25.214056708000044 ], [ 55.199473504000082, 25.21202220300006 ], [ 55.198252800000034, 25.210231838000084 ], [ 55.195485873000052, 25.208726304000038 ], [ 55.194916212000066, 25.20766836100006 ], [ 55.194916212000066, 25.206406968000067 ], [ 55.194102410000085, 25.204372463000084 ], [ 55.193858269000032, 25.202378648000035 ], [ 55.194183790000068, 25.200995184000078 ], [ 55.194916212000066, 25.199977932000081 ] ] ], [ [ [ 55.153900587000066, 25.217596747000073 ], [ 55.153819207000083, 25.217149156000062 ], [ 55.15365644600007, 25.216864325000074 ], [ 55.153330925000034, 25.216782945000091 ], [ 55.153005405000044, 25.217027085000041 ], [ 55.152679884000065, 25.217474677000041 ], [ 55.152924024000072, 25.217962958000044 ], [ 55.153493686000047, 25.217962958000044 ], [ 55.153900587000066, 25.217596747000073 ] ] ], [ [ [ 55.165537957000083, 25.216620184000078 ], [ 55.165049675000034, 25.216620184000078 ], [ 55.163666212000066, 25.217189846000053 ], [ 55.163096550000034, 25.217637437000064 ], [ 55.163096550000034, 25.21820709800005 ], [ 55.16374759200005, 25.218247789000088 ], [ 55.16537519600007, 25.218166408000059 ], [ 55.165782097000033, 25.217637437000064 ], [ 55.165537957000083, 25.216620184000078 ] ] ], [ [ [ 55.172536655000044, 25.217230536000045 ], [ 55.171966993000069, 25.217230536000045 ], [ 55.171722852000073, 25.217393296000068 ], [ 55.171722852000073, 25.218247789000088 ], [ 55.172211134000065, 25.218491929000038 ], [ 55.172536655000044, 25.218044338000084 ], [ 55.172536655000044, 25.217230536000045 ] ] ], [ [ [ 55.146413608000046, 25.21751536700009 ], [ 55.14584394600007, 25.217149156000062 ], [ 55.145274285000085, 25.21743398600006 ], [ 55.145274285000085, 25.218166408000059 ], [ 55.145599806000064, 25.218573309000078 ], [ 55.146332227000073, 25.21861399900007 ], [ 55.147146030000044, 25.218573309000078 ], [ 55.147146030000044, 25.217962958000044 ], [ 55.146413608000046, 25.21751536700009 ] ] ], [ [ [ 55.184580925000034, 25.21788157800006 ], [ 55.184580925000034, 25.21710846600007 ], [ 55.184174024000072, 25.217067776000079 ], [ 55.183522983000046, 25.217271226000037 ], [ 55.183116082000083, 25.217637437000064 ], [ 55.183116082000083, 25.218329169000071 ], [ 55.183767123000052, 25.218776760000083 ], [ 55.184336785000085, 25.218532619000086 ], [ 55.184580925000034, 25.21788157800006 ] ] ], [ [ [ 55.189219597000033, 25.218329169000071 ], [ 55.188894076000054, 25.218044338000084 ], [ 55.187673373000052, 25.217922268000052 ], [ 55.187022332000083, 25.218085028000075 ], [ 55.187022332000083, 25.218736070000091 ], [ 55.187591993000069, 25.21906159100007 ], [ 55.189219597000033, 25.218898830000057 ], [ 55.189219597000033, 25.218329169000071 ] ] ], [ [ [ 55.17123457100007, 25.218044338000084 ], [ 55.170583530000044, 25.218044338000084 ], [ 55.170095248000052, 25.218125718000067 ], [ 55.170420769000032, 25.218776760000083 ], [ 55.170909050000034, 25.219102281000062 ], [ 55.171315951000054, 25.219102281000062 ], [ 55.171641472000033, 25.218654690000051 ], [ 55.17123457100007, 25.218044338000084 ] ] ], [ [ [ 55.150563998000052, 25.218491929000038 ], [ 55.149912957000083, 25.218247789000088 ], [ 55.149424675000034, 25.218247789000088 ], [ 55.148773634000065, 25.218654690000051 ], [ 55.148936394000032, 25.219102281000062 ], [ 55.149506056000064, 25.219427802000041 ], [ 55.150401238000086, 25.219427802000041 ], [ 55.150726759000065, 25.218898830000057 ], [ 55.150563998000052, 25.218491929000038 ] ] ], [ [ [ 55.168142123000052, 25.218573309000078 ], [ 55.168060743000069, 25.217800197000088 ], [ 55.167491082000083, 25.217678127000056 ], [ 55.167084181000064, 25.217678127000056 ], [ 55.167002800000034, 25.219183661000045 ], [ 55.167491082000083, 25.219427802000041 ], [ 55.168060743000069, 25.219183661000045 ], [ 55.168142123000052, 25.218573309000078 ] ] ], [ [ [ 55.139903191000087, 25.21946849200009 ], [ 55.141449415000068, 25.219183661000045 ], [ 55.141774936000047, 25.218736070000091 ], [ 55.141286655000044, 25.218003648000035 ], [ 55.140635613000086, 25.217271226000037 ], [ 55.140879754000082, 25.215969143000052 ], [ 55.140147332000083, 25.21548086100006 ], [ 55.139740431000064, 25.214178778000075 ], [ 55.140472852000073, 25.213446356000077 ], [ 55.142588738000086, 25.212795315000051 ], [ 55.143321160000085, 25.211981512000079 ], [ 55.142832879000082, 25.211493231000077 ], [ 55.141368035000085, 25.211289781000062 ], [ 55.140879754000082, 25.21080149900007 ], [ 55.141286655000044, 25.209662177000041 ], [ 55.142425977000073, 25.208644924000055 ], [ 55.142100457000083, 25.207586981000077 ], [ 55.141123894000032, 25.20648834800005 ], [ 55.141123894000032, 25.205430406000062 ], [ 55.141693556000064, 25.204250393000052 ], [ 55.142751498000052, 25.203233140000066 ], [ 55.143728061000047, 25.203111070000091 ], [ 55.14421634200005, 25.202500718000067 ], [ 55.144379102000073, 25.201768296000068 ], [ 55.145111524000072, 25.201646226000037 ], [ 55.145192905000044, 25.201280015000066 ], [ 55.144460483000046, 25.20103587400007 ], [ 55.144134962000066, 25.20103587400007 ], [ 55.144053582000083, 25.200466213000084 ], [ 55.144134962000066, 25.199774481000077 ], [ 55.143402540000068, 25.199204820000091 ], [ 55.142832879000082, 25.198797919000071 ], [ 55.142588738000086, 25.19790273600006 ], [ 55.142751498000052, 25.19712962400007 ], [ 55.142995639000048, 25.196763414000088 ], [ 55.143402540000068, 25.196437893000052 ], [ 55.143077019000032, 25.196071682000081 ], [ 55.14226321700005, 25.196071682000081 ], [ 55.141449415000068, 25.195868231000077 ], [ 55.141286655000044, 25.195542710000041 ], [ 55.141123894000032, 25.194932359000063 ], [ 55.141286655000044, 25.194362697000088 ], [ 55.141693556000064, 25.193752346000053 ], [ 55.142588738000086, 25.193548895000049 ], [ 55.143239780000044, 25.19367096600007 ], [ 55.144460483000046, 25.194403387000079 ], [ 55.145111524000072, 25.194566148000035 ], [ 55.145599806000064, 25.193874416000085 ], [ 55.145518425000034, 25.192735093000067 ], [ 55.144460483000046, 25.192206122000073 ], [ 55.143239780000044, 25.191961981000077 ], [ 55.14226321700005, 25.19212474200009 ], [ 55.141449415000068, 25.19212474200009 ], [ 55.141123894000032, 25.191799221000053 ], [ 55.140554233000046, 25.191636460000041 ], [ 55.14031009200005, 25.191880601000037 ], [ 55.13998457100007, 25.193101304000038 ], [ 55.140147332000083, 25.193955796000068 ], [ 55.139170769000032, 25.194484768000052 ], [ 55.137705925000034, 25.194362697000088 ], [ 55.137461785000085, 25.194891669000071 ], [ 55.137624545000051, 25.195379950000074 ], [ 55.139008009000065, 25.195217190000051 ], [ 55.139170769000032, 25.195705471000053 ], [ 55.138275587000066, 25.19594961100006 ], [ 55.137543165000068, 25.196193752000056 ], [ 55.137868686000047, 25.196641343000067 ], [ 55.139089389000048, 25.196193752000056 ], [ 55.139496290000068, 25.196234442000048 ], [ 55.139821811000047, 25.19672272300005 ], [ 55.139903191000087, 25.198309637000079 ], [ 55.139740431000064, 25.198716539000088 ], [ 55.138845248000052, 25.199123440000051 ], [ 55.139008009000065, 25.200100002000056 ], [ 55.139659050000034, 25.200181382000039 ], [ 55.14031009200005, 25.199286200000074 ], [ 55.141774936000047, 25.200344143000052 ], [ 55.142100457000083, 25.200913804000038 ], [ 55.142181837000066, 25.201564846000053 ], [ 55.141286655000044, 25.202541408000059 ], [ 55.140472852000073, 25.202704169000071 ], [ 55.140228712000066, 25.202419338000084 ], [ 55.140472852000073, 25.201849677000041 ], [ 55.140879754000082, 25.201239325000074 ], [ 55.140472852000073, 25.200954494000086 ], [ 55.139496290000068, 25.201605536000045 ], [ 55.139170769000032, 25.201402085000041 ], [ 55.138682488000086, 25.200669664000088 ], [ 55.137543165000068, 25.200832424000055 ], [ 55.137868686000047, 25.201605536000045 ], [ 55.138194207000083, 25.20266347900008 ], [ 55.138194207000083, 25.204169012000079 ], [ 55.138682488000086, 25.206325588000084 ], [ 55.139089389000048, 25.207546291000085 ], [ 55.13835696700005, 25.208644924000055 ], [ 55.137705925000034, 25.209662177000041 ], [ 55.137624545000051, 25.21047597900008 ], [ 55.138275587000066, 25.21124909100007 ], [ 55.13835696700005, 25.212469794000071 ], [ 55.13803144600007, 25.213812567000048 ], [ 55.137543165000068, 25.214789130000042 ], [ 55.137950066000087, 25.215969143000052 ], [ 55.138601108000046, 25.216864325000074 ], [ 55.139089389000048, 25.217800197000088 ], [ 55.139170769000032, 25.218817450000074 ], [ 55.139170769000032, 25.219509182000081 ], [ 55.139903191000087, 25.21946849200009 ] ] ], [ [ [ 55.152110222000033, 25.218247789000088 ], [ 55.151784701000054, 25.218166408000059 ], [ 55.151621941000087, 25.218939520000049 ], [ 55.152191602000073, 25.219509182000081 ], [ 55.152842644000032, 25.219509182000081 ], [ 55.153168165000068, 25.219142971000053 ], [ 55.153005405000044, 25.218817450000074 ], [ 55.152110222000033, 25.218247789000088 ] ] ], [ [ [ 55.157155795000051, 25.218573309000078 ], [ 55.156586134000065, 25.218003648000035 ], [ 55.155853712000066, 25.218003648000035 ], [ 55.155039910000085, 25.218410549000055 ], [ 55.154388868000069, 25.218817450000074 ], [ 55.154388868000069, 25.219549872000073 ], [ 55.155853712000066, 25.219997463000084 ], [ 55.156341993000069, 25.219631252000056 ], [ 55.157155795000051, 25.218573309000078 ] ] ], [ [ [ 55.190684441000087, 25.218817450000074 ], [ 55.190114780000044, 25.218491929000038 ], [ 55.189707879000082, 25.218736070000091 ], [ 55.189545118000069, 25.21946849200009 ], [ 55.189870639000048, 25.219997463000084 ], [ 55.190928582000083, 25.219997463000084 ], [ 55.190928582000083, 25.219427802000041 ], [ 55.190684441000087, 25.218817450000074 ] ] ], [ [ [ 55.179860873000052, 25.219142971000053 ], [ 55.17937259200005, 25.219020901000079 ], [ 55.17904707100007, 25.219020901000079 ], [ 55.178802931000064, 25.219102281000062 ], [ 55.178802931000064, 25.219549872000073 ], [ 55.179291212000066, 25.220200914000088 ], [ 55.179698113000086, 25.219997463000084 ], [ 55.180105014000048, 25.219753322000088 ], [ 55.179860873000052, 25.219142971000053 ] ] ], [ [ [ 55.169932488000086, 25.218980210000041 ], [ 55.16928144600007, 25.218736070000091 ], [ 55.168874545000051, 25.21906159100007 ], [ 55.169444207000083, 25.219997463000084 ], [ 55.170095248000052, 25.22024160400008 ], [ 55.170420769000032, 25.219590562000064 ], [ 55.169932488000086, 25.218980210000041 ] ] ], [ [ [ 55.176768425000034, 25.219102281000062 ], [ 55.175873243000069, 25.219020901000079 ], [ 55.175629102000073, 25.219631252000056 ], [ 55.175629102000073, 25.220322984000063 ], [ 55.176524285000085, 25.220363674000055 ], [ 55.176768425000034, 25.219875393000052 ], [ 55.176768425000034, 25.219102281000062 ] ] ], [ [ [ 55.189219597000033, 25.220119533000059 ], [ 55.189463738000086, 25.219794012000079 ], [ 55.189219597000033, 25.219753322000088 ], [ 55.188975457000083, 25.219631252000056 ], [ 55.188405795000051, 25.219631252000056 ], [ 55.187998894000032, 25.219916083000044 ], [ 55.187998894000032, 25.220363674000055 ], [ 55.188405795000051, 25.220363674000055 ], [ 55.189219597000033, 25.220119533000059 ] ] ], [ [ [ 55.181976759000065, 25.219183661000045 ], [ 55.18132571700005, 25.218898830000057 ], [ 55.181081576000054, 25.218939520000049 ], [ 55.180756056000064, 25.219102281000062 ], [ 55.180756056000064, 25.219427802000041 ], [ 55.18132571700005, 25.219712632000039 ], [ 55.181813998000052, 25.220363674000055 ], [ 55.182709181000064, 25.220445054000038 ], [ 55.182790561000047, 25.219916083000044 ], [ 55.182627800000034, 25.219509182000081 ], [ 55.181976759000065, 25.219183661000045 ] ] ], [ [ [ 55.178151889000048, 25.218980210000041 ], [ 55.177663608000046, 25.218858140000066 ], [ 55.17709394600007, 25.218980210000041 ], [ 55.177256707000083, 25.219631252000056 ], [ 55.17741946700005, 25.22024160400008 ], [ 55.177907748000052, 25.220526434000078 ], [ 55.178558790000068, 25.220485744000086 ], [ 55.178721550000034, 25.219997463000084 ], [ 55.178396030000044, 25.219631252000056 ], [ 55.178151889000048, 25.218980210000041 ] ] ], [ [ [ 55.174978061000047, 25.219631252000056 ], [ 55.174652540000068, 25.219305731000077 ], [ 55.174245639000048, 25.219631252000056 ], [ 55.174327019000032, 25.220689195000091 ], [ 55.174733920000051, 25.220811265000066 ], [ 55.17514082100007, 25.220282294000071 ], [ 55.174978061000047, 25.219631252000056 ] ] ], [ [ [ 55.151621941000087, 25.219997463000084 ], [ 55.151377800000034, 25.219631252000056 ], [ 55.150889519000032, 25.219794012000079 ], [ 55.150401238000086, 25.220078843000067 ], [ 55.150157097000033, 25.220485744000086 ], [ 55.150157097000033, 25.220933335000041 ], [ 55.150889519000032, 25.220933335000041 ], [ 55.151540561000047, 25.22056712400007 ], [ 55.151621941000087, 25.219997463000084 ] ] ], [ [ [ 55.147552931000064, 25.219997463000084 ], [ 55.147146030000044, 25.219875393000052 ], [ 55.146739129000082, 25.219875393000052 ], [ 55.146332227000073, 25.220200914000088 ], [ 55.146250847000033, 25.221055406000062 ], [ 55.146739129000082, 25.221055406000062 ], [ 55.147146030000044, 25.220689195000091 ], [ 55.147552931000064, 25.219997463000084 ] ] ], [ [ [ 55.167084181000064, 25.220485744000086 ], [ 55.166921420000051, 25.21983470300006 ], [ 55.166351759000065, 25.219631252000056 ], [ 55.165863477000073, 25.219631252000056 ], [ 55.165863477000073, 25.22142161700009 ], [ 55.166351759000065, 25.221747137000079 ], [ 55.167002800000034, 25.22142161700009 ], [ 55.167084181000064, 25.220485744000086 ] ] ], [ [ [ 55.195404493000069, 25.194647528000075 ], [ 55.198252800000034, 25.197414455000057 ], [ 55.199554884000065, 25.199042059000078 ], [ 55.20053144600007, 25.200100002000056 ], [ 55.202321811000047, 25.202948309000078 ], [ 55.20476321700005, 25.206203518000052 ], [ 55.205088738000086, 25.207912502000056 ], [ 55.205251498000052, 25.209458726000037 ], [ 55.205577019000032, 25.210760809000078 ], [ 55.205983920000051, 25.211778062000064 ], [ 55.208181186000047, 25.215643622000073 ], [ 55.209076368000069, 25.21743398600006 ], [ 55.209564649000072, 25.220526434000078 ], [ 55.209564649000072, 25.221747137000079 ], [ 55.209890170000051, 25.221706447000088 ], [ 55.209890170000051, 25.22056712400007 ], [ 55.209483269000032, 25.217393296000068 ], [ 55.20866946700005, 25.215765692000048 ], [ 55.206065300000034, 25.211330471000053 ], [ 55.205577019000032, 25.209458726000037 ], [ 55.205414259000065, 25.207912502000056 ], [ 55.204925977000073, 25.20571523600006 ], [ 55.202565951000054, 25.202460028000075 ], [ 55.201019727000073, 25.199733791000085 ], [ 55.198741082000083, 25.19712962400007 ], [ 55.195404493000069, 25.194647528000075 ] ] ], [ [ [ 55.14584394600007, 25.220485744000086 ], [ 55.145192905000044, 25.220200914000088 ], [ 55.144786004000082, 25.220526434000078 ], [ 55.145111524000072, 25.22134023600006 ], [ 55.145274285000085, 25.221828518000052 ], [ 55.14584394600007, 25.221828518000052 ], [ 55.146250847000033, 25.22134023600006 ], [ 55.14584394600007, 25.220485744000086 ] ] ], [ [ [ 55.149017774000072, 25.220851955000057 ], [ 55.148692254000082, 25.220363674000055 ], [ 55.148203972000033, 25.220363674000055 ], [ 55.14779707100007, 25.220485744000086 ], [ 55.14779707100007, 25.221462307000081 ], [ 55.147878451000054, 25.222276109000063 ], [ 55.148529493000069, 25.222276109000063 ], [ 55.149017774000072, 25.221950588000084 ], [ 55.149017774000072, 25.220851955000057 ] ] ], [ [ [ 55.144379102000073, 25.220770575000074 ], [ 55.143402540000068, 25.220648505000042 ], [ 55.143077019000032, 25.221136786000045 ], [ 55.143402540000068, 25.222316799000055 ], [ 55.14421634200005, 25.222316799000055 ], [ 55.144704623000052, 25.22219472900008 ], [ 55.144704623000052, 25.221584377000056 ], [ 55.144379102000073, 25.220770575000074 ] ] ], [ [ [ 55.169688347000033, 25.221299546000068 ], [ 55.169769727000073, 25.220851955000057 ], [ 55.16960696700005, 25.22056712400007 ], [ 55.169037306000064, 25.22056712400007 ], [ 55.168223504000082, 25.221136786000045 ], [ 55.167491082000083, 25.221665757000039 ], [ 55.16765384200005, 25.222398179000038 ], [ 55.168549024000072, 25.222398179000038 ], [ 55.169688347000033, 25.221299546000068 ] ] ], [ [ [ 55.173350457000083, 25.219509182000081 ], [ 55.172455274000072, 25.220363674000055 ], [ 55.172048373000052, 25.220485744000086 ], [ 55.171397332000083, 25.220933335000041 ], [ 55.171153191000087, 25.221543687000064 ], [ 55.171315951000054, 25.222316799000055 ], [ 55.172292514000048, 25.222479559000078 ], [ 55.172455274000072, 25.22219472900008 ], [ 55.172455274000072, 25.221828518000052 ], [ 55.172536655000044, 25.221136786000045 ], [ 55.173106316000087, 25.220851955000057 ], [ 55.173920118000069, 25.220485744000086 ], [ 55.173920118000069, 25.219753322000088 ], [ 55.173350457000083, 25.219509182000081 ] ] ], [ [ [ 55.177663608000046, 25.221462307000081 ], [ 55.176768425000034, 25.221136786000045 ], [ 55.176117384000065, 25.22142161700009 ], [ 55.175954623000052, 25.222276109000063 ], [ 55.176524285000085, 25.222601630000042 ], [ 55.177338087000066, 25.222601630000042 ], [ 55.177663608000046, 25.222072658000059 ], [ 55.177663608000046, 25.221462307000081 ] ] ], [ [ [ 55.175303582000083, 25.221747137000079 ], [ 55.174733920000051, 25.221502997000073 ], [ 55.174245639000048, 25.221584377000056 ], [ 55.173838738000086, 25.221828518000052 ], [ 55.173675977000073, 25.222398179000038 ], [ 55.174571160000085, 25.222845770000049 ], [ 55.174978061000047, 25.222845770000049 ], [ 55.175384962000066, 25.222398179000038 ], [ 55.175303582000083, 25.221747137000079 ] ] ], [ [ [ 55.180511915000068, 25.220933335000041 ], [ 55.180105014000048, 25.221258856000077 ], [ 55.179698113000086, 25.22134023600006 ], [ 55.179291212000066, 25.221462307000081 ], [ 55.178965691000087, 25.221380927000041 ], [ 55.178558790000068, 25.221584377000056 ], [ 55.178233269000032, 25.221828518000052 ], [ 55.178396030000044, 25.222560940000051 ], [ 55.178721550000034, 25.222805080000057 ], [ 55.17904707100007, 25.222805080000057 ], [ 55.17937259200005, 25.222316799000055 ], [ 55.17937259200005, 25.221747137000079 ], [ 55.179860873000052, 25.221584377000056 ], [ 55.179942254000082, 25.221747137000079 ], [ 55.179942254000082, 25.222031968000067 ], [ 55.179942254000082, 25.222601630000042 ], [ 55.180430535000085, 25.222601630000042 ], [ 55.180756056000064, 25.222398179000038 ], [ 55.18100019600007, 25.222154039000088 ], [ 55.181162957000083, 25.222072658000059 ], [ 55.181488477000073, 25.222154039000088 ], [ 55.181569858000046, 25.222316799000055 ], [ 55.181651238000086, 25.222683010000083 ], [ 55.182220899000072, 25.222886460000041 ], [ 55.182465040000068, 25.222845770000049 ], [ 55.182627800000034, 25.222316799000055 ], [ 55.182709181000064, 25.221502997000073 ], [ 55.182465040000068, 25.221055406000062 ], [ 55.182139519000032, 25.221096096000053 ], [ 55.181488477000073, 25.221584377000056 ], [ 55.181162957000083, 25.221502997000073 ], [ 55.18100019600007, 25.221136786000045 ], [ 55.180511915000068, 25.220933335000041 ] ] ], [ [ [ 55.154144727000073, 25.220485744000086 ], [ 55.153493686000047, 25.22024160400008 ], [ 55.152842644000032, 25.220485744000086 ], [ 55.151296420000051, 25.221584377000056 ], [ 55.150726759000065, 25.222072658000059 ], [ 55.150970899000072, 25.222560940000051 ], [ 55.15170332100007, 25.223008531000062 ], [ 55.152110222000033, 25.222805080000057 ], [ 55.153168165000068, 25.22219472900008 ], [ 55.154388868000069, 25.221828518000052 ], [ 55.155121290000068, 25.221462307000081 ], [ 55.155284050000034, 25.221055406000062 ], [ 55.154714389000048, 25.220892645000049 ], [ 55.154144727000073, 25.220485744000086 ] ] ], [ [ [ 55.171397332000083, 25.22337474200009 ], [ 55.171315951000054, 25.223089911000045 ], [ 55.170583530000044, 25.223089911000045 ], [ 55.169200066000087, 25.223618882000039 ], [ 55.168060743000069, 25.223618882000039 ], [ 55.16765384200005, 25.223863023000035 ], [ 55.167979363000086, 25.224310614000046 ], [ 55.169932488000086, 25.224310614000046 ], [ 55.170909050000034, 25.223944403000075 ], [ 55.171397332000083, 25.22337474200009 ] ] ], [ [ [ 55.15007571700005, 25.222316799000055 ], [ 55.149424675000034, 25.222560940000051 ], [ 55.148773634000065, 25.22296784100007 ], [ 55.148285352000073, 25.223008531000062 ], [ 55.147471550000034, 25.222683010000083 ], [ 55.146739129000082, 25.222316799000055 ], [ 55.145925326000054, 25.222479559000078 ], [ 55.145681186000047, 25.222845770000049 ], [ 55.14616946700005, 25.223252671000068 ], [ 55.14779707100007, 25.223252671000068 ], [ 55.148203972000033, 25.223618882000039 ], [ 55.148692254000082, 25.224432684000078 ], [ 55.149506056000064, 25.224391994000086 ], [ 55.150726759000065, 25.22414785400008 ], [ 55.151215040000068, 25.223537502000056 ], [ 55.150482618000069, 25.222845770000049 ], [ 55.15007571700005, 25.222316799000055 ] ] ], [ [ [ 55.163910352000073, 25.222479559000078 ], [ 55.163991733000046, 25.221747137000079 ], [ 55.163584832000083, 25.221502997000073 ], [ 55.162852410000085, 25.221462307000081 ], [ 55.162119988000086, 25.222886460000041 ], [ 55.162282748000052, 25.224188544000071 ], [ 55.162852410000085, 25.224432684000078 ], [ 55.163259311000047, 25.22414785400008 ], [ 55.163259311000047, 25.223252671000068 ], [ 55.163910352000073, 25.222479559000078 ] ] ], [ [ [ 55.174001498000052, 25.22337474200009 ], [ 55.17351321700005, 25.222845770000049 ], [ 55.172862175000034, 25.222845770000049 ], [ 55.172455274000072, 25.223252671000068 ], [ 55.172780795000051, 25.224432684000078 ], [ 55.17351321700005, 25.224432684000078 ], [ 55.174001498000052, 25.223985093000067 ], [ 55.174001498000052, 25.22337474200009 ] ] ], [ [ [ 55.188080274000072, 25.222642320000091 ], [ 55.187673373000052, 25.222642320000091 ], [ 55.187347852000073, 25.223008531000062 ], [ 55.187022332000083, 25.223456122000073 ], [ 55.186940951000054, 25.223944403000075 ], [ 55.18718509200005, 25.224391994000086 ], [ 55.187510613000086, 25.224514065000051 ], [ 55.188080274000072, 25.22414785400008 ], [ 55.188161655000044, 25.223334052000041 ], [ 55.188080274000072, 25.222642320000091 ] ] ], [ [ [ 55.147878451000054, 25.224676825000074 ], [ 55.14779707100007, 25.22406647300005 ], [ 55.147471550000034, 25.223944403000075 ], [ 55.146413608000046, 25.223944403000075 ], [ 55.145925326000054, 25.224514065000051 ], [ 55.146413608000046, 25.225124416000085 ], [ 55.147390170000051, 25.225124416000085 ], [ 55.147878451000054, 25.224676825000074 ] ] ], [ [ [ 55.177663608000046, 25.223618882000039 ], [ 55.176687045000051, 25.223700262000079 ], [ 55.176442905000044, 25.224025783000059 ], [ 55.176768425000034, 25.224432684000078 ], [ 55.17741946700005, 25.224961656000062 ], [ 55.177907748000052, 25.225002346000053 ], [ 55.179291212000066, 25.225124416000085 ], [ 55.179616733000046, 25.224880276000079 ], [ 55.179698113000086, 25.224432684000078 ], [ 55.17937259200005, 25.224025783000059 ], [ 55.178477410000085, 25.223903713000084 ], [ 55.177663608000046, 25.223618882000039 ] ] ], [ [ [ 55.192393425000034, 25.224432684000078 ], [ 55.192312045000051, 25.223903713000084 ], [ 55.191986524000072, 25.223863023000035 ], [ 55.191742384000065, 25.223863023000035 ], [ 55.191254102000073, 25.223985093000067 ], [ 55.190928582000083, 25.224595445000091 ], [ 55.191416863000086, 25.225368557000081 ], [ 55.191986524000072, 25.225531317000048 ], [ 55.192393425000034, 25.225368557000081 ], [ 55.192393425000034, 25.224432684000078 ] ] ], [ [ [ 55.143728061000047, 25.224229234000063 ], [ 55.14389082100007, 25.223944403000075 ], [ 55.143402540000068, 25.223537502000056 ], [ 55.143239780000044, 25.223415432000081 ], [ 55.142832879000082, 25.223537502000056 ], [ 55.142588738000086, 25.22414785400008 ], [ 55.142588738000086, 25.225002346000053 ], [ 55.143077019000032, 25.225816148000035 ], [ 55.144134962000066, 25.225856838000084 ], [ 55.144541863000086, 25.225734768000052 ], [ 55.144541863000086, 25.225368557000081 ], [ 55.144053582000083, 25.22532786700009 ], [ 55.143646681000064, 25.22532786700009 ], [ 55.143565300000034, 25.225083726000037 ], [ 55.143728061000047, 25.224839585000041 ], [ 55.143728061000047, 25.224229234000063 ] ] ], [ [ [ 55.175710483000046, 25.224391994000086 ], [ 55.174733920000051, 25.224310614000046 ], [ 55.174571160000085, 25.224880276000079 ], [ 55.174733920000051, 25.225653387000079 ], [ 55.17546634200005, 25.225938218000067 ], [ 55.176117384000065, 25.225938218000067 ], [ 55.176280144000032, 25.225531317000048 ], [ 55.176117384000065, 25.224961656000062 ], [ 55.175710483000046, 25.224391994000086 ] ] ], [ [ [ 55.186696811000047, 25.222316799000055 ], [ 55.186127149000072, 25.222479559000078 ], [ 55.185394727000073, 25.222683010000083 ], [ 55.18490644600007, 25.223130601000037 ], [ 55.184092644000032, 25.223496812000064 ], [ 55.183522983000046, 25.223578192000048 ], [ 55.183116082000083, 25.224880276000079 ], [ 55.182709181000064, 25.225572007000039 ], [ 55.183034701000054, 25.225938218000067 ], [ 55.183360222000033, 25.225938218000067 ], [ 55.183522983000046, 25.225490627000056 ], [ 55.183848504000082, 25.224676825000074 ], [ 55.184255405000044, 25.224391994000086 ], [ 55.184987826000054, 25.224107164000088 ], [ 55.186208530000044, 25.223578192000048 ], [ 55.186615431000064, 25.22296784100007 ], [ 55.186696811000047, 25.222316799000055 ] ] ], [ [ [ 55.181976759000065, 25.223985093000067 ], [ 55.18100019600007, 25.224107164000088 ], [ 55.180511915000068, 25.224595445000091 ], [ 55.180430535000085, 25.225368557000081 ], [ 55.180674675000034, 25.22610097900008 ], [ 55.181488477000073, 25.226141669000071 ], [ 55.182220899000072, 25.225490627000056 ], [ 55.182302280000044, 25.224676825000074 ], [ 55.181976759000065, 25.223985093000067 ] ] ], [ [ [ 55.188649936000047, 25.22524648600006 ], [ 55.188324415000068, 25.225856838000084 ], [ 55.188649936000047, 25.226182359000063 ], [ 55.189300977000073, 25.226182359000063 ], [ 55.190033399000072, 25.226182359000063 ], [ 55.190603061000047, 25.225531317000048 ], [ 55.189952019000032, 25.225083726000037 ], [ 55.188649936000047, 25.22524648600006 ] ] ], [ [ [ 55.186045769000032, 25.224880276000079 ], [ 55.185883009000065, 25.224188544000071 ], [ 55.185313347000033, 25.224310614000046 ], [ 55.184580925000034, 25.22492096600007 ], [ 55.184336785000085, 25.225205796000068 ], [ 55.18490644600007, 25.225856838000084 ], [ 55.185394727000073, 25.226304429000038 ], [ 55.185883009000065, 25.226223049000055 ], [ 55.185883009000065, 25.225816148000035 ], [ 55.186045769000032, 25.224880276000079 ] ] ], [ [ [ 55.171966993000069, 25.225083726000037 ], [ 55.171722852000073, 25.224676825000074 ], [ 55.17123457100007, 25.224554755000042 ], [ 55.170258009000065, 25.224880276000079 ], [ 55.169444207000083, 25.225653387000079 ], [ 55.169688347000033, 25.226507880000042 ], [ 55.170583530000044, 25.226467190000051 ], [ 55.171641472000033, 25.225897528000075 ], [ 55.171966993000069, 25.225083726000037 ] ] ], [ [ [ 55.19662519600007, 25.223985093000067 ], [ 55.196787957000083, 25.223578192000048 ], [ 55.19695071700005, 25.223334052000041 ], [ 55.197194858000046, 25.22296784100007 ], [ 55.196869337000066, 25.222560940000051 ], [ 55.196055535000085, 25.222886460000041 ], [ 55.19467207100007, 25.222805080000057 ], [ 55.19467207100007, 25.223456122000073 ], [ 55.195404493000069, 25.224554755000042 ], [ 55.195404493000069, 25.226141669000071 ], [ 55.195730014000048, 25.226711330000057 ], [ 55.196299675000034, 25.226629950000074 ], [ 55.196299675000034, 25.22610097900008 ], [ 55.19662519600007, 25.226141669000071 ], [ 55.196869337000066, 25.226304429000038 ], [ 55.197276238000086, 25.226304429000038 ], [ 55.197438998000052, 25.225938218000067 ], [ 55.197113477000073, 25.225287177000041 ], [ 55.19662519600007, 25.223985093000067 ] ] ], [ [ [ 55.165782097000033, 25.226833401000079 ], [ 55.165782097000033, 25.226467190000051 ], [ 55.165456576000054, 25.226304429000038 ], [ 55.164561394000032, 25.226304429000038 ], [ 55.164317254000082, 25.226711330000057 ], [ 55.164561394000032, 25.226996161000045 ], [ 55.165456576000054, 25.227077541000085 ], [ 55.165782097000033, 25.226833401000079 ] ] ], [ [ [ 55.148773634000065, 25.225856838000084 ], [ 55.14812259200005, 25.225856838000084 ], [ 55.147634311000047, 25.225938218000067 ], [ 55.147471550000034, 25.226589260000083 ], [ 55.147959832000083, 25.227077541000085 ], [ 55.148692254000082, 25.22719961100006 ], [ 55.149343295000051, 25.227077541000085 ], [ 55.149506056000064, 25.226385809000078 ], [ 55.148773634000065, 25.225856838000084 ] ] ], [ [ [ 55.166921420000051, 25.223944403000075 ], [ 55.166921420000051, 25.223456122000073 ], [ 55.166921420000051, 25.223008531000062 ], [ 55.166840040000068, 25.222601630000042 ], [ 55.166351759000065, 25.222276109000063 ], [ 55.165944858000046, 25.22219472900008 ], [ 55.165537957000083, 25.222316799000055 ], [ 55.164886915000068, 25.223252671000068 ], [ 55.164724155000044, 25.223985093000067 ], [ 55.165049675000034, 25.224839585000041 ], [ 55.165537957000083, 25.225449937000064 ], [ 55.165944858000046, 25.225734768000052 ], [ 55.166270379000082, 25.226304429000038 ], [ 55.166270379000082, 25.226792710000041 ], [ 55.166514519000032, 25.227158921000068 ], [ 55.166921420000051, 25.22728099200009 ], [ 55.167491082000083, 25.227240302000041 ], [ 55.168142123000052, 25.227077541000085 ], [ 55.168630405000044, 25.226670640000066 ], [ 55.168549024000072, 25.226060289000088 ], [ 55.168223504000082, 25.225572007000039 ], [ 55.167409701000054, 25.22524648600006 ], [ 55.167084181000064, 25.224676825000074 ], [ 55.166921420000051, 25.223944403000075 ] ] ], [ [ [ 55.178721550000034, 25.226507880000042 ], [ 55.178233269000032, 25.22610097900008 ], [ 55.177663608000046, 25.226223049000055 ], [ 55.177012566000087, 25.226670640000066 ], [ 55.17709394600007, 25.22764720300006 ], [ 55.177663608000046, 25.227687893000052 ], [ 55.178477410000085, 25.227525132000039 ], [ 55.178721550000034, 25.226507880000042 ] ] ], [ [ [ 55.188324415000068, 25.226996161000045 ], [ 55.187998894000032, 25.227443752000056 ], [ 55.188161655000044, 25.227687893000052 ], [ 55.188649936000047, 25.227687893000052 ], [ 55.189626498000052, 25.227687893000052 ], [ 55.190033399000072, 25.227158921000068 ], [ 55.189463738000086, 25.22687409100007 ], [ 55.188324415000068, 25.226996161000045 ] ] ], [ [ [ 55.162933790000068, 25.226670640000066 ], [ 55.162445509000065, 25.226182359000063 ], [ 55.161713087000066, 25.226223049000055 ], [ 55.161631707000083, 25.22728099200009 ], [ 55.162119988000086, 25.227850653000075 ], [ 55.163096550000034, 25.227769273000035 ], [ 55.162933790000068, 25.226670640000066 ] ] ], [ [ [ 55.174001498000052, 25.226223049000055 ], [ 55.173838738000086, 25.225734768000052 ], [ 55.173431837000066, 25.225734768000052 ], [ 55.173024936000047, 25.226141669000071 ], [ 55.172455274000072, 25.226833401000079 ], [ 55.172048373000052, 25.227077541000085 ], [ 55.171641472000033, 25.227362372000073 ], [ 55.171722852000073, 25.227769273000035 ], [ 55.172292514000048, 25.227932033000059 ], [ 55.172536655000044, 25.227850653000075 ], [ 55.172862175000034, 25.227240302000041 ], [ 55.173350457000083, 25.226996161000045 ], [ 55.173920118000069, 25.226629950000074 ], [ 55.174001498000052, 25.226223049000055 ] ] ], [ [ [ 55.180756056000064, 25.22687409100007 ], [ 55.179942254000082, 25.226670640000066 ], [ 55.179535352000073, 25.226955471000053 ], [ 55.179535352000073, 25.227728583000044 ], [ 55.179616733000046, 25.228257554000038 ], [ 55.180349155000044, 25.228257554000038 ], [ 55.180756056000064, 25.227728583000044 ], [ 55.180756056000064, 25.22687409100007 ] ] ], [ [ [ 55.17546634200005, 25.226833401000079 ], [ 55.174652540000068, 25.226670640000066 ], [ 55.174489780000044, 25.226792710000041 ], [ 55.174489780000044, 25.228298244000086 ], [ 55.17514082100007, 25.228501695000091 ], [ 55.175629102000073, 25.227932033000059 ], [ 55.17546634200005, 25.226833401000079 ] ] ], [ [ [ 55.184092644000032, 25.227077541000085 ], [ 55.183197462000066, 25.227036851000037 ], [ 55.182465040000068, 25.22687409100007 ], [ 55.181813998000052, 25.226996161000045 ], [ 55.181813998000052, 25.227565822000088 ], [ 55.182220899000072, 25.228257554000038 ], [ 55.183360222000033, 25.228705145000049 ], [ 55.183929884000065, 25.228623765000066 ], [ 55.184255405000044, 25.227769273000035 ], [ 55.184092644000032, 25.227077541000085 ] ] ], [ [ [ 55.186534050000034, 25.22797272300005 ], [ 55.185476108000046, 25.227769273000035 ], [ 55.185069207000083, 25.228176174000055 ], [ 55.185069207000083, 25.228542385000083 ], [ 55.186127149000072, 25.228908596000053 ], [ 55.18718509200005, 25.228908596000053 ], [ 55.187591993000069, 25.228867906000062 ], [ 55.187754754000082, 25.228420315000051 ], [ 55.187591993000069, 25.22797272300005 ], [ 55.186534050000034, 25.22797272300005 ] ] ], [ [ [ 55.171153191000087, 25.228623765000066 ], [ 55.170827670000051, 25.228257554000038 ], [ 55.169932488000086, 25.228013414000088 ], [ 55.169362826000054, 25.228257554000038 ], [ 55.168874545000051, 25.228786526000079 ], [ 55.168955925000034, 25.229478257000039 ], [ 55.169688347000033, 25.229722398000035 ], [ 55.170258009000065, 25.229478257000039 ], [ 55.171153191000087, 25.228623765000066 ] ] ], [ [ [ 55.181488477000073, 25.228989976000037 ], [ 55.181488477000073, 25.228705145000049 ], [ 55.180430535000085, 25.228786526000079 ], [ 55.179942254000082, 25.229478257000039 ], [ 55.180105014000048, 25.229885158000059 ], [ 55.180837436000047, 25.229966539000088 ], [ 55.181488477000073, 25.229681708000044 ], [ 55.181488477000073, 25.228989976000037 ] ] ], [ [ [ 55.200205925000034, 25.222764390000066 ], [ 55.199880405000044, 25.221991278000075 ], [ 55.199473504000082, 25.221299546000068 ], [ 55.19890384200005, 25.22134023600006 ], [ 55.19857832100007, 25.221584377000056 ], [ 55.198090040000068, 25.221665757000039 ], [ 55.197683139000048, 25.221584377000056 ], [ 55.197683139000048, 25.221828518000052 ], [ 55.197764519000032, 25.221950588000084 ], [ 55.198496941000087, 25.223089911000045 ], [ 55.19857832100007, 25.224717515000066 ], [ 55.198741082000083, 25.225653387000079 ], [ 55.199880405000044, 25.225653387000079 ], [ 55.200043165000068, 25.226141669000071 ], [ 55.199961785000085, 25.227077541000085 ], [ 55.19890384200005, 25.227362372000073 ], [ 55.19695071700005, 25.227769273000035 ], [ 55.195974155000044, 25.227525132000039 ], [ 55.19499759200005, 25.227606512000079 ], [ 55.195323113000086, 25.227850653000075 ], [ 55.195730014000048, 25.228501695000091 ], [ 55.195323113000086, 25.228705145000049 ], [ 55.194509311000047, 25.228745835000041 ], [ 55.194834832000083, 25.22915273600006 ], [ 55.195811394000032, 25.229356187000064 ], [ 55.196543816000087, 25.230047919000071 ], [ 55.197357618000069, 25.23000722900008 ], [ 55.197357618000069, 25.229071356000077 ], [ 55.197927280000044, 25.228949286000045 ], [ 55.198496941000087, 25.229315497000073 ], [ 55.199066602000073, 25.229315497000073 ], [ 55.199554884000065, 25.22882721600007 ], [ 55.199961785000085, 25.228338934000078 ], [ 55.200612826000054, 25.227850653000075 ], [ 55.201101108000046, 25.227687893000052 ], [ 55.201752149000072, 25.227728583000044 ], [ 55.202321811000047, 25.228094794000071 ], [ 55.203054233000046, 25.228623765000066 ], [ 55.203461134000065, 25.228623765000066 ], [ 55.203705274000072, 25.228542385000083 ], [ 55.204030795000051, 25.228094794000071 ], [ 55.204844597000033, 25.22797272300005 ], [ 55.206146681000064, 25.22797272300005 ], [ 55.206797722000033, 25.227850653000075 ], [ 55.206797722000033, 25.22687409100007 ], [ 55.206146681000064, 25.226223049000055 ], [ 55.205007358000046, 25.225856838000084 ], [ 55.20476321700005, 25.22601959800005 ], [ 55.204844597000033, 25.226304429000038 ], [ 55.205658399000072, 25.226629950000074 ], [ 55.206146681000064, 25.226955471000053 ], [ 55.206065300000034, 25.227443752000056 ], [ 55.205577019000032, 25.227443752000056 ], [ 55.204844597000033, 25.227240302000041 ], [ 55.203705274000072, 25.226467190000051 ], [ 55.20248457100007, 25.225938218000067 ], [ 55.201508009000065, 25.225734768000052 ], [ 55.200205925000034, 25.226223049000055 ], [ 55.200205925000034, 25.225287177000041 ], [ 55.200205925000034, 25.22374095300006 ], [ 55.200205925000034, 25.222764390000066 ] ] ], [ [ [ 55.173920118000069, 25.229071356000077 ], [ 55.172780795000051, 25.228583075000074 ], [ 55.172048373000052, 25.228786526000079 ], [ 55.172048373000052, 25.229478257000039 ], [ 55.172780795000051, 25.230251369000086 ], [ 55.17351321700005, 25.230414130000042 ], [ 55.174245639000048, 25.230414130000042 ], [ 55.174327019000032, 25.229803778000075 ], [ 55.173920118000069, 25.229071356000077 ] ] ], [ [ [ 55.187754754000082, 25.229844468000067 ], [ 55.187347852000073, 25.229559637000079 ], [ 55.186127149000072, 25.229844468000067 ], [ 55.186045769000032, 25.230088609000063 ], [ 55.186045769000032, 25.230821031000062 ], [ 55.18685957100007, 25.230861721000053 ], [ 55.187591993000069, 25.230861721000053 ], [ 55.187754754000082, 25.229844468000067 ] ] ], [ [ [ 55.177663608000046, 25.229478257000039 ], [ 55.176524285000085, 25.229315497000073 ], [ 55.176198764000048, 25.229518947000088 ], [ 55.176280144000032, 25.23033274900007 ], [ 55.176931186000047, 25.230821031000062 ], [ 55.177582227000073, 25.230821031000062 ], [ 55.178151889000048, 25.231024481000077 ], [ 55.178477410000085, 25.230495510000083 ], [ 55.178151889000048, 25.229966539000088 ], [ 55.177663608000046, 25.229478257000039 ] ] ], [ [ [ 55.18490644600007, 25.229885158000059 ], [ 55.183604363000086, 25.229681708000044 ], [ 55.183360222000033, 25.229844468000067 ], [ 55.183116082000083, 25.23033274900007 ], [ 55.183116082000083, 25.23110586100006 ], [ 55.183848504000082, 25.231390692000048 ], [ 55.184662306000064, 25.231390692000048 ], [ 55.185313347000033, 25.231227932000081 ], [ 55.185069207000083, 25.230576890000066 ], [ 55.18490644600007, 25.229885158000059 ] ] ], [ [ [ 55.171966993000069, 25.230129299000055 ], [ 55.171071811000047, 25.23000722900008 ], [ 55.170420769000032, 25.23033274900007 ], [ 55.170258009000065, 25.231024481000077 ], [ 55.170909050000034, 25.231472072000088 ], [ 55.171966993000069, 25.231390692000048 ], [ 55.172373894000032, 25.23078034100007 ], [ 55.171966993000069, 25.230129299000055 ] ] ], [ [ [ 55.18100019600007, 25.230576890000066 ], [ 55.180430535000085, 25.230414130000042 ], [ 55.179698113000086, 25.230292059000078 ], [ 55.17937259200005, 25.230576890000066 ], [ 55.17937259200005, 25.231024481000077 ], [ 55.179698113000086, 25.231350002000056 ], [ 55.180756056000064, 25.231390692000048 ], [ 55.181813998000052, 25.231472072000088 ], [ 55.182220899000072, 25.231350002000056 ], [ 55.181976759000065, 25.230861721000053 ], [ 55.18100019600007, 25.230576890000066 ] ] ], [ [ [ 55.190358920000051, 25.229518947000088 ], [ 55.189707879000082, 25.229641018000052 ], [ 55.18913821700005, 25.229885158000059 ], [ 55.18881269600007, 25.230536200000074 ], [ 55.18881269600007, 25.23110586100006 ], [ 55.188975457000083, 25.231634833000044 ], [ 55.189626498000052, 25.231634833000044 ], [ 55.190277540000068, 25.23110586100006 ], [ 55.190440300000034, 25.230210679000038 ], [ 55.190358920000051, 25.229518947000088 ] ] ], [ [ [ 55.168060743000069, 25.228501695000091 ], [ 55.16732832100007, 25.228094794000071 ], [ 55.166270379000082, 25.228094794000071 ], [ 55.165944858000046, 25.228705145000049 ], [ 55.166351759000065, 25.230210679000038 ], [ 55.167002800000034, 25.231431382000039 ], [ 55.16732832100007, 25.231716213000084 ], [ 55.168874545000051, 25.231756903000075 ], [ 55.169362826000054, 25.231675523000035 ], [ 55.16960696700005, 25.231472072000088 ], [ 55.169362826000054, 25.230576890000066 ], [ 55.168630405000044, 25.230088609000063 ], [ 55.168223504000082, 25.229478257000039 ], [ 55.168060743000069, 25.228501695000091 ] ] ], [ [ [ 55.165456576000054, 25.231350002000056 ], [ 55.165456576000054, 25.23110586100006 ], [ 55.164805535000085, 25.23110586100006 ], [ 55.164561394000032, 25.23118724200009 ], [ 55.163910352000073, 25.231594143000052 ], [ 55.163910352000073, 25.231919664000088 ], [ 55.164073113000086, 25.232163804000038 ], [ 55.164724155000044, 25.232163804000038 ], [ 55.165456576000054, 25.231756903000075 ], [ 55.165456576000054, 25.231350002000056 ] ] ], [ [ [ 55.188324415000068, 25.231675523000035 ], [ 55.187266472000033, 25.231756903000075 ], [ 55.186452670000051, 25.231919664000088 ], [ 55.186534050000034, 25.232367255000042 ], [ 55.187510613000086, 25.232489325000074 ], [ 55.188405795000051, 25.23228587400007 ], [ 55.188324415000068, 25.231675523000035 ] ] ], [ [ [ 55.17546634200005, 25.231390692000048 ], [ 55.174978061000047, 25.23110586100006 ], [ 55.174164259000065, 25.231594143000052 ], [ 55.17318769600007, 25.231756903000075 ], [ 55.172373894000032, 25.232163804000038 ], [ 55.172455274000072, 25.232774156000062 ], [ 55.173024936000047, 25.232530015000066 ], [ 55.174001498000052, 25.232367255000042 ], [ 55.174571160000085, 25.232367255000042 ], [ 55.175303582000083, 25.232407945000091 ], [ 55.175629102000073, 25.232163804000038 ], [ 55.17546634200005, 25.231390692000048 ] ] ], [ [ [ 55.190684441000087, 25.232041734000063 ], [ 55.189545118000069, 25.232245184000078 ], [ 55.18913821700005, 25.232367255000042 ], [ 55.18913821700005, 25.232774156000062 ], [ 55.189463738000086, 25.233018296000068 ], [ 55.190684441000087, 25.232855536000045 ], [ 55.190928582000083, 25.232407945000091 ], [ 55.190684441000087, 25.232041734000063 ] ] ], [ [ [ 55.193695509000065, 25.229396877000056 ], [ 55.193451368000069, 25.228908596000053 ], [ 55.19304446700005, 25.228908596000053 ], [ 55.192556186000047, 25.228989976000037 ], [ 55.192067905000044, 25.229315497000073 ], [ 55.191986524000072, 25.230251369000086 ], [ 55.192230665000068, 25.230821031000062 ], [ 55.19271894600007, 25.231390692000048 ], [ 55.193451368000069, 25.231838283000059 ], [ 55.194590691000087, 25.23187897300005 ], [ 55.195730014000048, 25.232245184000078 ], [ 55.196055535000085, 25.232530015000066 ], [ 55.195974155000044, 25.23314036700009 ], [ 55.194916212000066, 25.23314036700009 ], [ 55.193776889000048, 25.232611395000049 ], [ 55.193207227000073, 25.232652085000041 ], [ 55.193776889000048, 25.233221747000073 ], [ 55.194916212000066, 25.233587958000044 ], [ 55.198741082000083, 25.233669338000084 ], [ 55.199473504000082, 25.23314036700009 ], [ 55.20053144600007, 25.232774156000062 ], [ 55.202159050000034, 25.232774156000062 ], [ 55.203379754000082, 25.232245184000078 ], [ 55.204600457000083, 25.231350002000056 ], [ 55.205251498000052, 25.230617580000057 ], [ 55.205332879000082, 25.229559637000079 ], [ 55.205251498000052, 25.229071356000077 ], [ 55.20476321700005, 25.229071356000077 ], [ 55.203623894000032, 25.22992584800005 ], [ 55.201752149000072, 25.230902411000045 ], [ 55.201101108000046, 25.230821031000062 ], [ 55.198090040000068, 25.23033274900007 ], [ 55.197276238000086, 25.232163804000038 ], [ 55.197276238000086, 25.232774156000062 ], [ 55.19695071700005, 25.232896226000037 ], [ 55.19662519600007, 25.232407945000091 ], [ 55.195730014000048, 25.231390692000048 ], [ 55.194834832000083, 25.23118724200009 ], [ 55.193369988000086, 25.23118724200009 ], [ 55.192881707000083, 25.23078034100007 ], [ 55.193532748000052, 25.229885158000059 ], [ 55.193695509000065, 25.229396877000056 ] ] ], [ [ [ 55.188731316000087, 25.23314036700009 ], [ 55.18718509200005, 25.233181057000081 ], [ 55.186534050000034, 25.233343817000048 ], [ 55.186534050000034, 25.233710028000075 ], [ 55.188487175000034, 25.233710028000075 ], [ 55.188731316000087, 25.23314036700009 ] ] ], [ [ [ 55.182627800000034, 25.232774156000062 ], [ 55.182383660000085, 25.232407945000091 ], [ 55.181895379000082, 25.232367255000042 ], [ 55.181488477000073, 25.232530015000066 ], [ 55.181569858000046, 25.233099677000041 ], [ 55.181895379000082, 25.233872789000088 ], [ 55.182302280000044, 25.233872789000088 ], [ 55.182627800000034, 25.233587958000044 ], [ 55.182627800000034, 25.232774156000062 ] ] ], [ [ [ 55.19109134200005, 25.233669338000084 ], [ 55.190358920000051, 25.233954169000071 ], [ 55.190114780000044, 25.234157619000086 ], [ 55.190358920000051, 25.234564520000049 ], [ 55.191579623000052, 25.234605210000041 ], [ 55.191823764000048, 25.234076239000046 ], [ 55.191579623000052, 25.233669338000084 ], [ 55.19109134200005, 25.233669338000084 ] ] ], [ [ [ 55.176605665000068, 25.234076239000046 ], [ 55.177012566000087, 25.233587958000044 ], [ 55.178151889000048, 25.23314036700009 ], [ 55.178884311000047, 25.233181057000081 ], [ 55.179535352000073, 25.233221747000073 ], [ 55.179860873000052, 25.233750718000067 ], [ 55.180756056000064, 25.23501211100006 ], [ 55.181162957000083, 25.234767971000053 ], [ 55.181244337000066, 25.234035549000055 ], [ 55.180511915000068, 25.232855536000045 ], [ 55.17904707100007, 25.232163804000038 ], [ 55.178070509000065, 25.232326565000051 ], [ 55.175954623000052, 25.233303127000056 ], [ 55.174733920000051, 25.233872789000088 ], [ 55.173106316000087, 25.23423899900007 ], [ 55.172862175000034, 25.234442450000074 ], [ 55.17318769600007, 25.23509349200009 ], [ 55.174164259000065, 25.23501211100006 ], [ 55.174733920000051, 25.234483140000066 ], [ 55.17514082100007, 25.234279690000051 ], [ 55.176117384000065, 25.234361070000091 ], [ 55.176605665000068, 25.234076239000046 ] ] ], [ [ [ 55.171641472000033, 25.233710028000075 ], [ 55.170909050000034, 25.232977606000077 ], [ 55.170502149000072, 25.232977606000077 ], [ 55.170420769000032, 25.233221747000073 ], [ 55.170420769000032, 25.234605210000041 ], [ 55.170502149000072, 25.235052802000041 ], [ 55.170583530000044, 25.235256252000056 ], [ 55.171071811000047, 25.235256252000056 ], [ 55.17156009200005, 25.234930731000077 ], [ 55.171722852000073, 25.234279690000051 ], [ 55.171641472000033, 25.233710028000075 ] ] ], [ [ [ 55.18523196700005, 25.233181057000081 ], [ 55.18490644600007, 25.232611395000049 ], [ 55.184418165000068, 25.232611395000049 ], [ 55.183767123000052, 25.232774156000062 ], [ 55.183360222000033, 25.233791408000059 ], [ 55.183360222000033, 25.234564520000049 ], [ 55.183360222000033, 25.23509349200009 ], [ 55.183929884000065, 25.235419012000079 ], [ 55.184662306000064, 25.23509349200009 ], [ 55.18523196700005, 25.23423899900007 ], [ 55.18523196700005, 25.233181057000081 ] ] ], [ [ [ 55.207367384000065, 25.231024481000077 ], [ 55.207286004000082, 25.230454820000091 ], [ 55.20671634200005, 25.230576890000066 ], [ 55.206065300000034, 25.23118724200009 ], [ 55.205658399000072, 25.23196035400008 ], [ 55.205414259000065, 25.233181057000081 ], [ 55.204844597000033, 25.234116929000038 ], [ 55.203868035000085, 25.234727281000062 ], [ 55.202972852000073, 25.23509349200009 ], [ 55.201508009000065, 25.23501211100006 ], [ 55.199636264000048, 25.234849351000037 ], [ 55.199147983000046, 25.234645901000079 ], [ 55.198496941000087, 25.234320380000042 ], [ 55.198334181000064, 25.234605210000041 ], [ 55.198741082000083, 25.23501211100006 ], [ 55.199961785000085, 25.235296942000048 ], [ 55.202240431000064, 25.235622463000084 ], [ 55.203298373000052, 25.235622463000084 ], [ 55.204519076000054, 25.23501211100006 ], [ 55.205332879000082, 25.234930731000077 ], [ 55.206146681000064, 25.233587958000044 ], [ 55.206146681000064, 25.232530015000066 ], [ 55.20671634200005, 25.232082424000055 ], [ 55.207367384000065, 25.231024481000077 ] ] ], [ [ [ 55.179942254000082, 25.23501211100006 ], [ 55.17904707100007, 25.23468659100007 ], [ 55.178558790000068, 25.23468659100007 ], [ 55.178233269000032, 25.234849351000037 ], [ 55.178233269000032, 25.23545970300006 ], [ 55.178721550000034, 25.235744533000059 ], [ 55.17937259200005, 25.23619212400007 ], [ 55.180105014000048, 25.235703843000067 ], [ 55.179942254000082, 25.23501211100006 ] ] ], [ [ [ 55.169769727000073, 25.233710028000075 ], [ 55.169688347000033, 25.233303127000056 ], [ 55.16960696700005, 25.232896226000037 ], [ 55.16928144600007, 25.23273346600007 ], [ 55.168549024000072, 25.232611395000049 ], [ 55.167979363000086, 25.232774156000062 ], [ 55.167816602000073, 25.233181057000081 ], [ 55.167816602000073, 25.233750718000067 ], [ 55.167816602000073, 25.234361070000091 ], [ 55.168060743000069, 25.23586660400008 ], [ 55.169200066000087, 25.236314195000091 ], [ 55.169688347000033, 25.236232815000051 ], [ 55.169769727000073, 25.235825914000088 ], [ 55.169932488000086, 25.235174872000073 ], [ 55.169769727000073, 25.233710028000075 ] ] ], [ [ [ 55.163584832000083, 25.234157619000086 ], [ 55.163666212000066, 25.232977606000077 ], [ 55.16342207100007, 25.232530015000066 ], [ 55.162689649000072, 25.232530015000066 ], [ 55.162445509000065, 25.233954169000071 ], [ 55.162771030000044, 25.23586660400008 ], [ 55.163259311000047, 25.236476955000057 ], [ 55.16374759200005, 25.236110744000086 ], [ 55.163910352000073, 25.235500393000052 ], [ 55.163584832000083, 25.234890041000085 ], [ 55.163584832000083, 25.234157619000086 ] ] ], [ [ [ 55.186940951000054, 25.235419012000079 ], [ 55.186208530000044, 25.23509349200009 ], [ 55.185720248000052, 25.23545970300006 ], [ 55.185313347000033, 25.235907294000071 ], [ 55.185313347000033, 25.236558335000041 ], [ 55.186045769000032, 25.236761786000045 ], [ 55.186615431000064, 25.236273505000042 ], [ 55.186940951000054, 25.235419012000079 ] ] ], [ [ [ 55.182709181000064, 25.23578522300005 ], [ 55.181569858000046, 25.235907294000071 ], [ 55.181569858000046, 25.236558335000041 ], [ 55.182465040000068, 25.236843166000085 ], [ 55.183522983000046, 25.236924546000068 ], [ 55.184092644000032, 25.236843166000085 ], [ 55.183848504000082, 25.236476955000057 ], [ 55.182709181000064, 25.23578522300005 ] ] ], [ [ [ 55.176768425000034, 25.236802476000037 ], [ 55.176687045000051, 25.236354885000083 ], [ 55.175954623000052, 25.236029364000046 ], [ 55.175384962000066, 25.236070054000038 ], [ 55.175059441000087, 25.236476955000057 ], [ 55.17514082100007, 25.237290757000039 ], [ 55.175791863000086, 25.237860419000071 ], [ 55.176198764000048, 25.237901109000063 ], [ 55.176931186000047, 25.237901109000063 ], [ 55.177012566000087, 25.237209377000056 ], [ 55.176768425000034, 25.236802476000037 ] ] ], [ [ [ 55.179698113000086, 25.237127997000073 ], [ 55.179535352000073, 25.236802476000037 ], [ 55.178802931000064, 25.236843166000085 ], [ 55.178396030000044, 25.236843166000085 ], [ 55.177907748000052, 25.237087307000081 ], [ 55.177907748000052, 25.237860419000071 ], [ 55.178233269000032, 25.238104559000078 ], [ 55.178802931000064, 25.238104559000078 ], [ 55.17937259200005, 25.237616278000075 ], [ 55.179698113000086, 25.237127997000073 ] ] ], [ [ [ 55.174164259000065, 25.236843166000085 ], [ 55.17351321700005, 25.236680406000062 ], [ 55.173106316000087, 25.23663971600007 ], [ 55.172455274000072, 25.236802476000037 ], [ 55.171966993000069, 25.23704661700009 ], [ 55.171885613000086, 25.237616278000075 ], [ 55.172292514000048, 25.238063869000086 ], [ 55.173106316000087, 25.23814524900007 ], [ 55.173675977000073, 25.238308010000083 ], [ 55.174164259000065, 25.238104559000078 ], [ 55.174571160000085, 25.237697658000059 ], [ 55.174571160000085, 25.237209377000056 ], [ 55.174164259000065, 25.236843166000085 ] ] ], [ [ [ 55.170013868000069, 25.237779039000088 ], [ 55.169769727000073, 25.23741282800006 ], [ 55.16928144600007, 25.237331447000088 ], [ 55.168549024000072, 25.237534898000035 ], [ 55.168304884000065, 25.237941799000055 ], [ 55.168630405000044, 25.238348700000074 ], [ 55.16960696700005, 25.238348700000074 ], [ 55.170013868000069, 25.237779039000088 ] ] ], [ [ [ 55.175873243000069, 25.238674221000053 ], [ 55.175629102000073, 25.238389390000066 ], [ 55.174978061000047, 25.238389390000066 ], [ 55.174489780000044, 25.23891836100006 ], [ 55.174571160000085, 25.239406643000052 ], [ 55.175384962000066, 25.239488023000035 ], [ 55.175954623000052, 25.239325262000079 ], [ 55.175873243000069, 25.238674221000053 ] ] ], [ [ [ 55.180756056000064, 25.238959052000041 ], [ 55.180511915000068, 25.238755601000037 ], [ 55.180105014000048, 25.238755601000037 ], [ 55.179616733000046, 25.238755601000037 ], [ 55.17904707100007, 25.239243882000039 ], [ 55.179291212000066, 25.239732164000088 ], [ 55.179698113000086, 25.23977285400008 ], [ 55.180511915000068, 25.239447333000044 ], [ 55.180756056000064, 25.238959052000041 ] ] ], [ [ [ 55.186127149000072, 25.238348700000074 ], [ 55.186045769000032, 25.237941799000055 ], [ 55.185557488000086, 25.237941799000055 ], [ 55.185313347000033, 25.237860419000071 ], [ 55.184987826000054, 25.238430080000057 ], [ 55.184580925000034, 25.238755601000037 ], [ 55.183848504000082, 25.23859284100007 ], [ 55.183522983000046, 25.238104559000078 ], [ 55.182220899000072, 25.237779039000088 ], [ 55.181162957000083, 25.23773834800005 ], [ 55.180837436000047, 25.238104559000078 ], [ 55.181081576000054, 25.238674221000053 ], [ 55.181976759000065, 25.238877671000068 ], [ 55.183522983000046, 25.239040432000081 ], [ 55.183767123000052, 25.239488023000035 ], [ 55.183767123000052, 25.239894924000055 ], [ 55.184255405000044, 25.240220445000091 ], [ 55.184743686000047, 25.240220445000091 ], [ 55.185557488000086, 25.239081122000073 ], [ 55.186127149000072, 25.238348700000074 ] ] ], [ [ [ 55.178558790000068, 25.239406643000052 ], [ 55.178151889000048, 25.239406643000052 ], [ 55.177582227000073, 25.239528713000084 ], [ 55.176687045000051, 25.23977285400008 ], [ 55.176768425000034, 25.240179755000042 ], [ 55.177256707000083, 25.240423895000049 ], [ 55.177907748000052, 25.240220445000091 ], [ 55.178558790000068, 25.239813544000071 ], [ 55.178558790000068, 25.239406643000052 ] ] ], [ [ [ 55.190277540000068, 25.238389390000066 ], [ 55.190114780000044, 25.237941799000055 ], [ 55.189870639000048, 25.237616278000075 ], [ 55.189300977000073, 25.237290757000039 ], [ 55.188894076000054, 25.237453518000052 ], [ 55.188894076000054, 25.238023179000038 ], [ 55.18881269600007, 25.239406643000052 ], [ 55.188405795000051, 25.239732164000088 ], [ 55.188324415000068, 25.240342515000066 ], [ 55.188649936000047, 25.240586656000062 ], [ 55.18913821700005, 25.240505276000079 ], [ 55.189707879000082, 25.23977285400008 ], [ 55.190277540000068, 25.239284572000088 ], [ 55.190277540000068, 25.238389390000066 ] ] ], [ [ [ 55.167084181000064, 25.238104559000078 ], [ 55.166188998000052, 25.237494208000044 ], [ 55.164561394000032, 25.237616278000075 ], [ 55.164317254000082, 25.23859284100007 ], [ 55.164398634000065, 25.240301825000074 ], [ 55.165131056000064, 25.240668036000045 ], [ 55.166921420000051, 25.240220445000091 ], [ 55.16732832100007, 25.239488023000035 ], [ 55.16732832100007, 25.238755601000037 ], [ 55.167084181000064, 25.238104559000078 ] ] ], [ [ [ 55.18132571700005, 25.240505276000079 ], [ 55.181162957000083, 25.240016994000086 ], [ 55.180756056000064, 25.240179755000042 ], [ 55.180105014000048, 25.240301825000074 ], [ 55.179860873000052, 25.240668036000045 ], [ 55.179860873000052, 25.241034247000073 ], [ 55.180186394000032, 25.241197007000039 ], [ 55.180837436000047, 25.241034247000073 ], [ 55.18132571700005, 25.240505276000079 ] ] ], [ [ [ 55.18718509200005, 25.240383205000057 ], [ 55.186534050000034, 25.240423895000049 ], [ 55.186045769000032, 25.241115627000056 ], [ 55.185313347000033, 25.241441148000035 ], [ 55.18490644600007, 25.24164459800005 ], [ 55.185069207000083, 25.241929429000038 ], [ 55.185476108000046, 25.242010809000078 ], [ 55.186534050000034, 25.241603908000059 ], [ 55.187347852000073, 25.240912177000041 ], [ 55.18718509200005, 25.240383205000057 ] ] ], [ [ [ 55.200205925000034, 25.238674221000053 ], [ 55.199961785000085, 25.238348700000074 ], [ 55.199229363000086, 25.238348700000074 ], [ 55.197764519000032, 25.239813544000071 ], [ 55.196543816000087, 25.241156317000048 ], [ 55.195974155000044, 25.241603908000059 ], [ 55.195974155000044, 25.242173570000091 ], [ 55.196381056000064, 25.242336330000057 ], [ 55.197276238000086, 25.242295640000066 ], [ 55.198496941000087, 25.242254950000074 ], [ 55.199473504000082, 25.242132880000042 ], [ 55.200368686000047, 25.241359768000052 ], [ 55.201101108000046, 25.240830796000068 ], [ 55.201101108000046, 25.240301825000074 ], [ 55.200612826000054, 25.240179755000042 ], [ 55.200205925000034, 25.240505276000079 ], [ 55.199392123000052, 25.241115627000056 ], [ 55.19857832100007, 25.241034247000073 ], [ 55.198496941000087, 25.240668036000045 ], [ 55.19857832100007, 25.240179755000042 ], [ 55.198822462000066, 25.239813544000071 ], [ 55.199717644000032, 25.239081122000073 ], [ 55.200205925000034, 25.238674221000053 ] ] ], [ [ [ 55.169444207000083, 25.241156317000048 ], [ 55.169362826000054, 25.240586656000062 ], [ 55.168549024000072, 25.240586656000062 ], [ 55.167735222000033, 25.24087148600006 ], [ 55.166921420000051, 25.241522528000075 ], [ 55.166840040000068, 25.242336330000057 ], [ 55.167491082000083, 25.24249909100007 ], [ 55.168304884000065, 25.242132880000042 ], [ 55.169444207000083, 25.241156317000048 ] ] ], [ [ [ 55.182383660000085, 25.241441148000035 ], [ 55.182220899000072, 25.241156317000048 ], [ 55.181813998000052, 25.241197007000039 ], [ 55.18100019600007, 25.241807359000063 ], [ 55.181162957000083, 25.24249909100007 ], [ 55.181651238000086, 25.242417710000041 ], [ 55.182220899000072, 25.241970119000086 ], [ 55.182383660000085, 25.241441148000035 ] ] ], [ [ [ 55.170420769000032, 25.239040432000081 ], [ 55.169688347000033, 25.238877671000068 ], [ 55.169362826000054, 25.239081122000073 ], [ 55.169362826000054, 25.239447333000044 ], [ 55.169444207000083, 25.239854234000063 ], [ 55.170176629000082, 25.240790106000077 ], [ 55.170502149000072, 25.241359768000052 ], [ 55.170827670000051, 25.241888739000046 ], [ 55.17123457100007, 25.242580471000053 ], [ 55.172211134000065, 25.242865302000041 ], [ 55.172780795000051, 25.24249909100007 ], [ 55.173920118000069, 25.241115627000056 ], [ 55.174245639000048, 25.240668036000045 ], [ 55.174164259000065, 25.240301825000074 ], [ 55.173838738000086, 25.240179755000042 ], [ 55.173431837000066, 25.24054596600007 ], [ 55.172862175000034, 25.240668036000045 ], [ 55.172373894000032, 25.240586656000062 ], [ 55.171315951000054, 25.240179755000042 ], [ 55.170746290000068, 25.239528713000084 ], [ 55.170420769000032, 25.239040432000081 ] ] ], [ [ [ 55.179291212000066, 25.24249909100007 ], [ 55.179209832000083, 25.241766669000071 ], [ 55.178721550000034, 25.24131907800006 ], [ 55.177826368000069, 25.241400458000044 ], [ 55.177338087000066, 25.241929429000038 ], [ 55.177338087000066, 25.24249909100007 ], [ 55.177663608000046, 25.242865302000041 ], [ 55.178721550000034, 25.242987372000073 ], [ 55.17904707100007, 25.242946682000081 ], [ 55.179291212000066, 25.24249909100007 ] ] ], [ [ [ 55.187673373000052, 25.242377020000049 ], [ 55.187022332000083, 25.242132880000042 ], [ 55.186371290000068, 25.24249909100007 ], [ 55.186371290000068, 25.243068752000056 ], [ 55.186940951000054, 25.243312893000052 ], [ 55.187510613000086, 25.243150132000039 ], [ 55.187673373000052, 25.242783921000068 ], [ 55.187673373000052, 25.242377020000049 ] ] ], [ [ [ 55.183360222000033, 25.242173570000091 ], [ 55.182709181000064, 25.242743231000077 ], [ 55.182709181000064, 25.24327220300006 ], [ 55.183116082000083, 25.243882554000038 ], [ 55.184743686000047, 25.243882554000038 ], [ 55.18490644600007, 25.24327220300006 ], [ 55.184662306000064, 25.242743231000077 ], [ 55.184255405000044, 25.242254950000074 ], [ 55.183360222000033, 25.242173570000091 ] ] ], [ [ [ 55.176442905000044, 25.240708726000037 ], [ 55.176198764000048, 25.240383205000057 ], [ 55.175710483000046, 25.24054596600007 ], [ 55.173838738000086, 25.242743231000077 ], [ 55.173838738000086, 25.243231512000079 ], [ 55.174489780000044, 25.243882554000038 ], [ 55.17514082100007, 25.244533596000053 ], [ 55.176442905000044, 25.24445221600007 ], [ 55.177012566000087, 25.244045315000051 ], [ 55.177012566000087, 25.243557033000059 ], [ 55.176605665000068, 25.243190822000088 ], [ 55.175710483000046, 25.242092190000051 ], [ 55.17546634200005, 25.24172597900008 ], [ 55.175791863000086, 25.241400458000044 ], [ 55.176442905000044, 25.240708726000037 ] ] ], [ [ [ 55.17351321700005, 25.243516343000067 ], [ 55.172862175000034, 25.243801174000055 ], [ 55.172862175000034, 25.244208075000074 ], [ 55.17351321700005, 25.244614976000037 ], [ 55.174245639000048, 25.244614976000037 ], [ 55.174489780000044, 25.244208075000074 ], [ 55.17351321700005, 25.243516343000067 ] ] ], [ [ [ 55.179698113000086, 25.24327220300006 ], [ 55.178721550000034, 25.24367910400008 ], [ 55.178396030000044, 25.243882554000038 ], [ 55.178233269000032, 25.244045315000051 ], [ 55.178233269000032, 25.244370835000041 ], [ 55.178233269000032, 25.244614976000037 ], [ 55.178721550000034, 25.244818427000041 ], [ 55.179698113000086, 25.24485911700009 ], [ 55.180105014000048, 25.24477773600006 ], [ 55.180186394000032, 25.244289455000057 ], [ 55.180186394000032, 25.243638414000088 ], [ 55.179698113000086, 25.24327220300006 ] ] ], [ [ [ 55.186940951000054, 25.244086005000042 ], [ 55.186615431000064, 25.243719794000071 ], [ 55.186371290000068, 25.243638414000088 ], [ 55.185883009000065, 25.243638414000088 ], [ 55.185476108000046, 25.244045315000051 ], [ 55.185313347000033, 25.24477773600006 ], [ 55.185557488000086, 25.245266018000052 ], [ 55.186208530000044, 25.245184637000079 ], [ 55.186940951000054, 25.244696356000077 ], [ 55.186940951000054, 25.244086005000042 ] ] ], [ [ [ 55.140961134000065, 25.236802476000037 ], [ 55.140798373000052, 25.236151434000078 ], [ 55.139170769000032, 25.234076239000046 ], [ 55.137624545000051, 25.231838283000059 ], [ 55.136566602000073, 25.229885158000059 ], [ 55.135996941000087, 25.228176174000055 ], [ 55.135345899000072, 25.225612697000088 ], [ 55.133962436000047, 25.222805080000057 ], [ 55.13249759200005, 25.219427802000041 ], [ 55.131765170000051, 25.215602932000081 ], [ 55.131521030000044, 25.212876695000091 ], [ 55.130869988000086, 25.209947007000039 ], [ 55.129893425000034, 25.20571523600006 ], [ 55.129405144000032, 25.202297268000052 ], [ 55.13021894600007, 25.19908274900007 ], [ 55.132090691000087, 25.19407786700009 ], [ 55.133799675000034, 25.190700588000084 ], [ 55.135996941000087, 25.187241929000038 ], [ 55.137136264000048, 25.186061916000085 ], [ 55.137705925000034, 25.185532945000091 ], [ 55.137624545000051, 25.185044664000088 ], [ 55.136892123000052, 25.185166734000063 ], [ 55.135915561000047, 25.186102606000077 ], [ 55.134532097000033, 25.187933661000045 ], [ 55.131521030000044, 25.19407786700009 ], [ 55.129405144000032, 25.19908274900007 ], [ 55.128754102000073, 25.202622789000088 ], [ 55.129161004000082, 25.205877997000073 ], [ 55.130056186000047, 25.210191148000035 ], [ 55.130951368000069, 25.21320221600007 ], [ 55.131114129000082, 25.215887762000079 ], [ 55.132090691000087, 25.219875393000052 ], [ 55.133636915000068, 25.223049221000053 ], [ 55.134938998000052, 25.225816148000035 ], [ 55.135345899000072, 25.228420315000051 ], [ 55.135915561000047, 25.230292059000078 ], [ 55.136892123000052, 25.232367255000042 ], [ 55.138763868000069, 25.234767971000053 ], [ 55.14031009200005, 25.236721096000053 ], [ 55.140879754000082, 25.23859284100007 ], [ 55.141693556000064, 25.241441148000035 ], [ 55.142588738000086, 25.244248765000066 ], [ 55.143728061000047, 25.245835679000038 ], [ 55.144541863000086, 25.246690171000068 ], [ 55.145355665000068, 25.247137762000079 ], [ 55.146332227000073, 25.247666734000063 ], [ 55.146739129000082, 25.24750397300005 ], [ 55.146739129000082, 25.247056382000039 ], [ 55.145925326000054, 25.246568101000037 ], [ 55.144460483000046, 25.245917059000078 ], [ 55.143646681000064, 25.244818427000041 ], [ 55.142507358000046, 25.241848049000055 ], [ 55.141774936000047, 25.240016994000086 ], [ 55.141449415000068, 25.238348700000074 ], [ 55.140961134000065, 25.236802476000037 ] ] ], [ [ [ 55.209157748000052, 25.235622463000084 ], [ 55.209890170000051, 25.232652085000041 ], [ 55.21029707100007, 25.228908596000053 ], [ 55.210134311000047, 25.226263739000046 ], [ 55.209483269000032, 25.223618882000039 ], [ 55.209320509000065, 25.22337474200009 ], [ 55.209076368000069, 25.22337474200009 ], [ 55.208832227000073, 25.223456122000073 ], [ 55.208832227000073, 25.22374095300006 ], [ 55.209808790000068, 25.227565822000088 ], [ 55.209890170000051, 25.229396877000056 ], [ 55.209401889000048, 25.23273346600007 ], [ 55.20866946700005, 25.23545970300006 ], [ 55.207530144000032, 25.238348700000074 ], [ 55.206472201000054, 25.241197007000039 ], [ 55.205414259000065, 25.243068752000056 ], [ 55.203298373000052, 25.24522532800006 ], [ 55.201101108000046, 25.246893622000073 ], [ 55.198496941000087, 25.24876536700009 ], [ 55.198252800000034, 25.249172268000052 ], [ 55.198415561000047, 25.249253648000035 ], [ 55.198741082000083, 25.249172268000052 ], [ 55.201426629000082, 25.247259833000044 ], [ 55.203623894000032, 25.245672919000071 ], [ 55.205902540000068, 25.24327220300006 ], [ 55.207041863000086, 25.241359768000052 ], [ 55.208018425000034, 25.238430080000057 ], [ 55.209157748000052, 25.235622463000084 ] ] ], [ [ [ 55.181813998000052, 25.245062567000048 ], [ 55.181244337000066, 25.244940497000073 ], [ 55.180837436000047, 25.245062567000048 ], [ 55.180023634000065, 25.24563222900008 ], [ 55.179291212000066, 25.245510158000059 ], [ 55.178477410000085, 25.245062567000048 ], [ 55.177582227000073, 25.245062567000048 ], [ 55.176687045000051, 25.245347398000035 ], [ 55.17709394600007, 25.246201890000066 ], [ 55.178151889000048, 25.24681224200009 ], [ 55.179535352000073, 25.247341213000084 ], [ 55.181813998000052, 25.24791087400007 ], [ 55.184418165000068, 25.24945709800005 ], [ 55.185394727000073, 25.24945709800005 ], [ 55.186452670000051, 25.249172268000052 ], [ 55.18685957100007, 25.248643296000068 ], [ 55.18718509200005, 25.248073635000083 ], [ 55.187022332000083, 25.247666734000063 ], [ 55.183360222000033, 25.245266018000052 ], [ 55.182465040000068, 25.245672919000071 ], [ 55.181651238000086, 25.246568101000037 ], [ 55.181081576000054, 25.246568101000037 ], [ 55.18100019600007, 25.246201890000066 ], [ 55.181813998000052, 25.245062567000048 ] ] ], [ [ [ 55.175384962000066, 25.246364651000079 ], [ 55.17351321700005, 25.24595774900007 ], [ 55.172780795000051, 25.246120510000083 ], [ 55.172373894000032, 25.246446031000062 ], [ 55.173024936000047, 25.248032945000091 ], [ 55.174245639000048, 25.250067450000074 ], [ 55.175384962000066, 25.25031159100007 ], [ 55.175791863000086, 25.250881252000056 ], [ 55.176687045000051, 25.250921942000048 ], [ 55.177907748000052, 25.250881252000056 ], [ 55.178151889000048, 25.250067450000074 ], [ 55.177012566000087, 25.249660549000055 ], [ 55.176198764000048, 25.249172268000052 ], [ 55.175710483000046, 25.248032945000091 ], [ 55.175384962000066, 25.246364651000079 ] ] ], [ [ [ 55.14812259200005, 25.242946682000081 ], [ 55.147552931000064, 25.242946682000081 ], [ 55.147552931000064, 25.243150132000039 ], [ 55.147634311000047, 25.243353583000044 ], [ 55.14812259200005, 25.243638414000088 ], [ 55.150157097000033, 25.244614976000037 ], [ 55.152924024000072, 25.246690171000068 ], [ 55.155853712000066, 25.249253648000035 ], [ 55.158050977000073, 25.251125393000052 ], [ 55.160329623000052, 25.252712307000081 ], [ 55.162364129000082, 25.253607489000046 ], [ 55.166026238000086, 25.254950262000079 ], [ 55.16928144600007, 25.256293036000045 ], [ 55.172536655000044, 25.257310289000088 ], [ 55.174652540000068, 25.257839260000083 ], [ 55.176605665000068, 25.257961330000057 ], [ 55.178233269000032, 25.257798570000091 ], [ 55.18100019600007, 25.257554429000038 ], [ 55.18490644600007, 25.256740627000056 ], [ 55.18881269600007, 25.256089585000041 ], [ 55.191579623000052, 25.255357164000088 ], [ 55.194346550000034, 25.254502671000068 ], [ 55.197113477000073, 25.253404039000088 ], [ 55.199554884000065, 25.252508856000077 ], [ 55.201345248000052, 25.251939195000091 ], [ 55.201508009000065, 25.251613674000055 ], [ 55.201182488000086, 25.251369533000059 ], [ 55.200694207000083, 25.25149160400008 ], [ 55.199066602000073, 25.252061265000066 ], [ 55.196055535000085, 25.253119208000044 ], [ 55.191498243000069, 25.254868882000039 ], [ 55.18881269600007, 25.255519924000055 ], [ 55.185069207000083, 25.25617096600007 ], [ 55.180756056000064, 25.25694407800006 ], [ 55.178396030000044, 25.257310289000088 ], [ 55.176687045000051, 25.25735097900008 ], [ 55.174815300000034, 25.257228908000059 ], [ 55.172862175000034, 25.256659247000073 ], [ 55.16960696700005, 25.255641994000086 ], [ 55.166595899000072, 25.254461981000077 ], [ 55.162689649000072, 25.253078518000052 ], [ 55.160411004000082, 25.252101955000057 ], [ 55.158295118000069, 25.250677802000041 ], [ 55.156097852000073, 25.248887437000064 ], [ 55.153168165000068, 25.246201890000066 ], [ 55.150482618000069, 25.244289455000057 ], [ 55.14812259200005, 25.242946682000081 ] ] ], [ [ [ 55.320323113000086, 26.278347072000088 ], [ 55.323090040000068, 26.263251044000071 ], [ 55.321218295000051, 26.256984768000052 ], [ 55.322601759000065, 26.254055080000057 ], [ 55.312998894000032, 26.248480536000045 ], [ 55.302989129000082, 26.248317776000079 ], [ 55.294932488000086, 26.250189520000049 ], [ 55.290293816000087, 26.255153713000084 ], [ 55.286387566000087, 26.265122789000088 ], [ 55.289968295000051, 26.272935289000088 ], [ 55.297455274000072, 26.276312567000048 ], [ 55.309499545000051, 26.282985744000086 ], [ 55.320323113000086, 26.278347072000088 ] ] ] ] } }
]
}
