file,field,storage_type,unit,missing_value_semantics,description
files/analysis_ready/khor_fakkan_port_sar_timeline.csv,utc_date,string,UTC/ISO 8601,Blank/null means missing or not applicable under the source contract; numeric zero remains an observed zero unless the named source field defines otherwise.,UTC date or acquisition time.
files/analysis_ready/khor_fakkan_port_sar_timeline.csv,fixed_window,string,source-native or not applicable,Blank/null means missing or not applicable under the source contract; numeric zero remains an observed zero unless the named source field defines otherwise.,Retained source field; consult the source-specific method and provenance matrix.
files/analysis_ready/khor_fakkan_port_sar_timeline.csv,month_day,string,source-native or not applicable,Blank/null means missing or not applicable under the source contract; numeric zero remains an observed zero unless the named source field defines otherwise.,Retained source field; consult the source-specific method and provenance matrix.
files/analysis_ready/khor_fakkan_port_sar_timeline.csv,portwatch_current_calls,number,source-native or not applicable,Blank/null means missing or not applicable under the source contract; numeric zero remains an observed zero unless the named source field defines otherwise.,Retained source field; consult the source-specific method and provenance matrix.
files/analysis_ready/khor_fakkan_port_sar_timeline.csv,portwatch_historical_same_calendar_mean,number,source-native or not applicable,Blank/null means missing or not applicable under the source contract; numeric zero remains an observed zero unless the named source field defines otherwise.,Retained source field; consult the source-specific method and provenance matrix.
files/analysis_ready/khor_fakkan_port_sar_timeline.csv,portwatch_historical_same_calendar_min,integer,source-native or not applicable,Blank/null means missing or not applicable under the source contract; numeric zero remains an observed zero unless the named source field defines otherwise.,Retained source field; consult the source-specific method and provenance matrix.
files/analysis_ready/khor_fakkan_port_sar_timeline.csv,portwatch_historical_same_calendar_max,integer,source-native or not applicable,Blank/null means missing or not applicable under the source contract; numeric zero remains an observed zero unless the named source field defines otherwise.,Retained source field; consult the source-specific method and provenance matrix.
files/analysis_ready/khor_fakkan_port_sar_timeline.csv,record_type,string,source-native or not applicable,Blank/null means missing or not applicable under the source contract; numeric zero remains an observed zero unless the named source field defines otherwise.,Retained source field; consult the source-specific method and provenance matrix.
files/analysis_ready/khor_fakkan_port_sar_timeline.csv,pair_id,string,identifier,Blank/null means missing or not applicable under the source contract; numeric zero remains an observed zero unless the named source field defines otherwise.,Stable identifier within the named source or project scope.
files/analysis_ready/khor_fakkan_port_sar_timeline.csv,platform,string,source-native or not applicable,Blank/null means missing or not applicable under the source contract; numeric zero remains an observed zero unless the named source field defines otherwise.,Retained source field; consult the source-specific method and provenance matrix.
files/analysis_ready/khor_fakkan_port_sar_timeline.csv,orbit_direction,string,source-native or not applicable,Blank/null means missing or not applicable under the source contract; numeric zero remains an observed zero unless the named source field defines otherwise.,Retained source field; consult the source-specific method and provenance matrix.
files/analysis_ready/khor_fakkan_port_sar_timeline.csv,relative_orbit_number,integer,source-native or not applicable,Blank/null means missing or not applicable under the source contract; numeric zero remains an observed zero unless the named source field defines otherwise.,Retained source field; consult the source-specific method and provenance matrix.
files/analysis_ready/khor_fakkan_port_sar_timeline.csv,scene_group_count,number,count,Blank/null means missing or not applicable under the source contract; numeric zero remains an observed zero unless the named source field defines otherwise.,Count under the source-specific denominator.
files/analysis_ready/khor_fakkan_port_sar_timeline.csv,minimum_matched_historical_year_count,number,count,Blank/null means missing or not applicable under the source contract; numeric zero remains an observed zero unless the named source field defines otherwise.,Count under the source-specific denominator.
files/analysis_ready/khor_fakkan_port_sar_timeline.csv,primary_timeline_eligible,boolean_or_binary,true/false,Blank/null means missing or not applicable under the source contract; numeric zero remains an observed zero unless the named source field defines otherwise.,UTC date or acquisition time.
files/analysis_ready/khor_fakkan_port_sar_timeline.csv,portwatch_historical_mean_calls,number,source-native or not applicable,Blank/null means missing or not applicable under the source contract; numeric zero remains an observed zero unless the named source field defines otherwise.,Retained source field; consult the source-specific method and provenance matrix.
files/analysis_ready/khor_fakkan_port_sar_timeline.csv,portwatch_historical_min_calls,number,source-native or not applicable,Blank/null means missing or not applicable under the source contract; numeric zero remains an observed zero unless the named source field defines otherwise.,Retained source field; consult the source-specific method and provenance matrix.
files/analysis_ready/khor_fakkan_port_sar_timeline.csv,portwatch_historical_max_calls,number,source-native or not applicable,Blank/null means missing or not applicable under the source contract; numeric zero remains an observed zero unless the named source field defines otherwise.,Retained source field; consult the source-specific method and provenance matrix.
files/analysis_ready/khor_fakkan_port_sar_timeline.csv,portwatch_change_calls,number,source-native or not applicable,Blank/null means missing or not applicable under the source contract; numeric zero remains an observed zero unless the named source field defines otherwise.,Retained source field; consult the source-specific method and provenance matrix.
files/analysis_ready/khor_fakkan_port_sar_timeline.csv,portwatch_percent_change_vs_historical,number,%,Blank/null means missing or not applicable under the source contract; numeric zero remains an observed zero unless the named source field defines otherwise.,Percentage quantity; denominator is defined by the named comparison.
files/analysis_ready/khor_fakkan_port_sar_timeline.csv,sar_current_density_per_100_km2,number,vessel-like labels per 100 km2,Blank/null means missing or not applicable under the source contract; numeric zero remains an observed zero unless the named source field defines otherwise.,"""SAR-derived vessel-like-label density, not a verified vessel count."""
files/analysis_ready/khor_fakkan_port_sar_timeline.csv,sar_historical_matched_median_density_per_100_km2,number,vessel-like labels per 100 km2,Blank/null means missing or not applicable under the source contract; numeric zero remains an observed zero unless the named source field defines otherwise.,"""SAR-derived vessel-like-label density, not a verified vessel count."""
files/analysis_ready/khor_fakkan_port_sar_timeline.csv,sar_historical_matched_min_density_per_100_km2,number,vessel-like labels per 100 km2,Blank/null means missing or not applicable under the source contract; numeric zero remains an observed zero unless the named source field defines otherwise.,"""SAR-derived vessel-like-label density, not a verified vessel count."""
files/analysis_ready/khor_fakkan_port_sar_timeline.csv,sar_historical_matched_max_density_per_100_km2,number,vessel-like labels per 100 km2,Blank/null means missing or not applicable under the source contract; numeric zero remains an observed zero unless the named source field defines otherwise.,"""SAR-derived vessel-like-label density, not a verified vessel count."""
files/analysis_ready/khor_fakkan_port_sar_timeline.csv,sar_change_density_per_100_km2,number,vessel-like labels per 100 km2,Blank/null means missing or not applicable under the source contract; numeric zero remains an observed zero unless the named source field defines otherwise.,"""SAR-derived vessel-like-label density, not a verified vessel count."""
files/analysis_ready/khor_fakkan_port_sar_timeline.csv,sar_percent_change_vs_matched_historical,number,%,Blank/null means missing or not applicable under the source contract; numeric zero remains an observed zero unless the named source field defines otherwise.,Percentage quantity; denominator is defined by the named comparison.
files/analysis_ready/khor_fakkan_port_sar_timeline.csv,directional_mismatch_port_down_sar_up,boolean_or_binary,true/false,Blank/null means missing or not applicable under the source contract; numeric zero remains an observed zero unless the named source field defines otherwise.,Retained source field; consult the source-specific method and provenance matrix.
files/analysis_ready/khor_fakkan_port_sar_timeline.csv,strict_mismatch_both_outside_historical_extremes,boolean_or_binary,true/false,Blank/null means missing or not applicable under the source contract; numeric zero remains an observed zero unless the named source field defines otherwise.,Retained source field; consult the source-specific method and provenance matrix.
files/analysis_ready/khor_fakkan_port_sar_timeline.csv,matching_tolerance_days,number,source-native or not applicable,Blank/null means missing or not applicable under the source contract; numeric zero remains an observed zero unless the named source field defines otherwise.,Retained source field; consult the source-specific method and provenance matrix.
files/analysis_ready/khor_fakkan_port_sar_timeline.csv,window,string,source-native or not applicable,Blank/null means missing or not applicable under the source contract; numeric zero remains an observed zero unless the named source field defines otherwise.,Retained source field; consult the source-specific method and provenance matrix.
files/analysis_ready/khor_fakkan_port_sar_timeline.csv,literal_date_window,string,UTC/ISO 8601,Blank/null means missing or not applicable under the source contract; numeric zero remains an observed zero unless the named source field defines otherwise.,UTC date or acquisition time.
files/analysis_ready/khor_fakkan_port_sar_timeline.csv,eligible_sar_dates,integer,count,Blank/null means missing or not applicable under the source contract; numeric zero is an observed count of zero.,Number of eligible Sentinel-1 acquisition dates in the named window.
files/analysis_ready/khor_fakkan_port_sar_timeline.csv,sar_current_median_density_per_100_km2,number,vessel-like labels per 100 km2,Blank/null means missing or not applicable under the source contract; numeric zero remains an observed zero unless the named source field defines otherwise.,"""SAR-derived vessel-like-label density, not a verified vessel count."""
files/analysis_ready/khor_fakkan_port_sar_timeline.csv,sar_matched_historical_median_density_per_100_km2,number,vessel-like labels per 100 km2,Blank/null means missing or not applicable under the source contract; numeric zero remains an observed zero unless the named source field defines otherwise.,"""SAR-derived vessel-like-label density, not a verified vessel count."""
files/analysis_ready/khor_fakkan_port_sar_timeline.csv,sar_matched_change_density_per_100_km2,number,vessel-like labels per 100 km2,Blank/null means missing or not applicable under the source contract; numeric zero remains an observed zero unless the named source field defines otherwise.,"""SAR-derived vessel-like-label density, not a verified vessel count."""
files/analysis_ready/khor_fakkan_port_sar_timeline.csv,sar_percent_change_vs_2026_baseline,number,%,Blank/null means missing or not applicable under the source contract; numeric zero remains an observed zero unless the named source field defines otherwise.,Percentage quantity; denominator is defined by the named comparison.
files/analysis_ready/khor_fakkan_port_sar_timeline.csv,sar_change_bootstrap_ci95_lower,number,source-native or not applicable,Blank/null means missing or not applicable under the source contract; numeric zero remains an observed zero unless the named source field defines otherwise.,Retained source field; consult the source-specific method and provenance matrix.
files/analysis_ready/khor_fakkan_port_sar_timeline.csv,sar_change_bootstrap_ci95_upper,number,source-native or not applicable,Blank/null means missing or not applicable under the source contract; numeric zero remains an observed zero unless the named source field defines otherwise.,Retained source field; consult the source-specific method and provenance matrix.
files/analysis_ready/khor_fakkan_port_sar_timeline.csv,portwatch_change_on_sar_dates_calls,number,UTC/ISO 8601,Blank/null means missing or not applicable under the source contract; numeric zero remains an observed zero unless the named source field defines otherwise.,UTC date or acquisition time.
files/analysis_ready/khor_fakkan_port_sar_timeline.csv,portwatch_change_on_sar_dates_bootstrap_ci95_lower,number,UTC/ISO 8601,Blank/null means missing or not applicable under the source contract; numeric zero remains an observed zero unless the named source field defines otherwise.,UTC date or acquisition time.
files/analysis_ready/khor_fakkan_port_sar_timeline.csv,portwatch_change_on_sar_dates_bootstrap_ci95_upper,number,UTC/ISO 8601,Blank/null means missing or not applicable under the source contract; numeric zero remains an observed zero unless the named source field defines otherwise.,UTC date or acquisition time.
files/analysis_ready/khor_fakkan_port_sar_timeline.csv,directional_mismatch_fraction,number,source-native or not applicable,Blank/null means missing or not applicable under the source contract; numeric zero remains an observed zero unless the named source field defines otherwise.,Retained source field; consult the source-specific method and provenance matrix.
files/analysis_ready/khor_fakkan_port_sar_timeline.csv,directional_mismatch_fraction_bootstrap_ci95_lower,number,source-native or not applicable,Blank/null means missing or not applicable under the source contract; numeric zero remains an observed zero unless the named source field defines otherwise.,Retained source field; consult the source-specific method and provenance matrix.
files/analysis_ready/khor_fakkan_port_sar_timeline.csv,directional_mismatch_fraction_bootstrap_ci95_upper,number,source-native or not applicable,Blank/null means missing or not applicable under the source contract; numeric zero remains an observed zero unless the named source field defines otherwise.,Retained source field; consult the source-specific method and provenance matrix.
files/analysis_ready/khor_fakkan_port_sar_timeline.csv,strict_mismatch_fraction,number,source-native or not applicable,Blank/null means missing or not applicable under the source contract; numeric zero remains an observed zero unless the named source field defines otherwise.,Retained source field; consult the source-specific method and provenance matrix.
files/analysis_ready/khor_fakkan_port_sar_timeline.csv,strict_mismatch_fraction_bootstrap_ci95_lower,number,source-native or not applicable,Blank/null means missing or not applicable under the source contract; numeric zero remains an observed zero unless the named source field defines otherwise.,Retained source field; consult the source-specific method and provenance matrix.
files/analysis_ready/khor_fakkan_port_sar_timeline.csv,strict_mismatch_fraction_bootstrap_ci95_upper,number,source-native or not applicable,Blank/null means missing or not applicable under the source contract; numeric zero remains an observed zero unless the named source field defines otherwise.,Retained source field; consult the source-specific method and provenance matrix.
files/analysis_ready/khor_fakkan_port_sar_timeline.csv,bootstrap_replicates,number,source-native or not applicable,Blank/null means missing or not applicable under the source contract; numeric zero remains an observed zero unless the named source field defines otherwise.,Retained source field; consult the source-specific method and provenance matrix.
files/analysis_ready/khor_fakkan_port_sar_timeline.csv,portwatch_all_days_current_day_count,number,count,Blank/null means missing or not applicable under the source contract; numeric zero remains an observed zero unless the named source field defines otherwise.,Count under the source-specific denominator.
files/analysis_ready/khor_fakkan_port_sar_timeline.csv,portwatch_all_days_current_total_calls,number,source-native or not applicable,Blank/null means missing or not applicable under the source contract; numeric zero remains an observed zero unless the named source field defines otherwise.,Retained source field; consult the source-specific method and provenance matrix.
files/analysis_ready/khor_fakkan_port_sar_timeline.csv,portwatch_all_days_current_mean_calls_per_day,number,source-native or not applicable,Blank/null means missing or not applicable under the source contract; numeric zero remains an observed zero unless the named source field defines otherwise.,Retained source field; consult the source-specific method and provenance matrix.
files/analysis_ready/khor_fakkan_port_sar_timeline.csv,portwatch_all_days_historical_equal_year_mean_total_calls,number,source-native or not applicable,Blank/null means missing or not applicable under the source contract; numeric zero remains an observed zero unless the named source field defines otherwise.,Retained source field; consult the source-specific method and provenance matrix.
files/analysis_ready/khor_fakkan_port_sar_timeline.csv,portwatch_all_days_historical_equal_year_mean_calls_per_day,number,source-native or not applicable,Blank/null means missing or not applicable under the source contract; numeric zero remains an observed zero unless the named source field defines otherwise.,Retained source field; consult the source-specific method and provenance matrix.
files/analysis_ready/khor_fakkan_port_sar_timeline.csv,portwatch_all_days_change_calls_per_day,number,source-native or not applicable,Blank/null means missing or not applicable under the source contract; numeric zero remains an observed zero unless the named source field defines otherwise.,Retained source field; consult the source-specific method and provenance matrix.
files/analysis_ready/khor_fakkan_port_sar_timeline.csv,portwatch_all_days_percent_change_vs_historical,number,%,Blank/null means missing or not applicable under the source contract; numeric zero remains an observed zero unless the named source field defines otherwise.,Percentage quantity; denominator is defined by the named comparison.
files/analysis_ready/khor_fakkan_port_sar_timeline.csv,portwatch_all_days_historical_year_totals_json,string,source-native or not applicable,Blank/null means missing or not applicable under the source contract; numeric zero remains an observed zero unless the named source field defines otherwise.,Retained source field; consult the source-specific method and provenance matrix.
files/analysis_ready/khor_fakkan_port_sar_timeline.csv,portwatch_all_days_historical_year_means_json,string,source-native or not applicable,Blank/null means missing or not applicable under the source contract; numeric zero remains an observed zero unless the named source field defines otherwise.,Retained source field; consult the source-specific method and provenance matrix.
files/analysis_ready/khor_fakkan_port_sar_timeline.csv,portwatch_all_days_percent_change_vs_2026_baseline,number,%,Blank/null means missing or not applicable under the source contract; numeric zero remains an observed zero unless the named source field defines otherwise.,Percentage quantity; denominator is defined by the named comparison.
files/analysis_ready/khor_fakkan_port_sar_timeline.csv,window_direction_label,string,source-native or not applicable,Blank/null means missing or not applicable under the source contract; numeric zero remains an observed zero unless the named source field defines otherwise.,Retained source field; consult the source-specific method and provenance matrix.
files/analysis_ready/khor_fakkan_late_phase_no2_alignment.csv,analysis_id,string,identifier,Blank/null means missing or not applicable under the source contract; numeric zero remains an observed zero unless the named source field defines otherwise.,Stable identifier within the named source or project scope.
files/analysis_ready/khor_fakkan_late_phase_no2_alignment.csv,buffer_km,integer,source-native or not applicable,Blank/null means missing or not applicable under the source contract; numeric zero remains an observed zero unless the named source field defines otherwise.,Retained source field; consult the source-specific method and provenance matrix.
files/analysis_ready/khor_fakkan_late_phase_no2_alignment.csv,region_context,string,source-native or not applicable,Blank/null means missing or not applicable under the source contract; numeric zero remains an observed zero unless the named source field defines otherwise.,Retained source field; consult the source-specific method and provenance matrix.
files/analysis_ready/khor_fakkan_late_phase_no2_alignment.csv,region_name_zh,string,source-native or not applicable,Blank/null means missing or not applicable under the source contract; numeric zero remains an observed zero unless the named source field defines otherwise.,Retained source field; consult the source-specific method and provenance matrix.
files/analysis_ready/khor_fakkan_late_phase_no2_alignment.csv,phase,string,source-native or not applicable,Blank/null means missing or not applicable under the source contract; numeric zero remains an observed zero unless the named source field defines otherwise.,Retained source field; consult the source-specific method and provenance matrix.
files/analysis_ready/khor_fakkan_late_phase_no2_alignment.csv,phase_label,string,source-native or not applicable,Blank/null means missing or not applicable under the source contract; numeric zero remains an observed zero unless the named source field defines otherwise.,Retained source field; consult the source-specific method and provenance matrix.
files/analysis_ready/khor_fakkan_late_phase_no2_alignment.csv,calendar_days_2026,integer,source-native or not applicable,Blank/null means missing or not applicable under the source contract; numeric zero remains an observed zero unless the named source field defines otherwise.,Retained source field; consult the source-specific method and provenance matrix.
files/analysis_ready/khor_fakkan_late_phase_no2_alignment.csv,no2_valid_days_2026,integer,source-native or not applicable,Blank/null means missing or not applicable under the source contract; numeric zero remains an observed zero unless the named source field defines otherwise.,Retained source field; consult the source-specific method and provenance matrix.
files/analysis_ready/khor_fakkan_late_phase_no2_alignment.csv,no2_missing_or_ineligible_days_2026,integer,source-native or not applicable,Blank/null means missing or not applicable under the source contract; numeric zero remains an observed zero unless the named source field defines otherwise.,Retained source field; consult the source-specific method and provenance matrix.
files/analysis_ready/khor_fakkan_late_phase_no2_alignment.csv,no2_mean_anomaly_mol_m2,number,mol m-2,Blank/null means missing or not applicable under the source contract; numeric zero remains an observed zero unless the named source field defines otherwise.,Tropospheric NO2 column quantity; not a surface concentration or exposure.
files/analysis_ready/khor_fakkan_late_phase_no2_alignment.csv,no2_median_anomaly_mol_m2,number,mol m-2,Blank/null means missing or not applicable under the source contract; numeric zero remains an observed zero unless the named source field defines otherwise.,Tropospheric NO2 column quantity; not a surface concentration or exposure.
files/analysis_ready/khor_fakkan_late_phase_no2_alignment.csv,no2_equal_year_historical_mean_mol_m2,number,mol m-2,Blank/null means missing or not applicable under the source contract; numeric zero remains an observed zero unless the named source field defines otherwise.,Tropospheric NO2 column quantity; not a surface concentration or exposure.
files/analysis_ready/khor_fakkan_late_phase_no2_alignment.csv,no2_change_vs_historical_mol_m2,number,source-native or not applicable,Blank/null means missing or not applicable under the source contract; numeric zero remains an observed zero unless the named source field defines otherwise.,Retained source field; consult the source-specific method and provenance matrix.
files/analysis_ready/khor_fakkan_late_phase_no2_alignment.csv,no2_percent_change_vs_historical,number,%,Blank/null means missing or not applicable under the source contract; numeric zero remains an observed zero unless the named source field defines otherwise.,Percentage quantity; denominator is defined by the named comparison.
files/analysis_ready/khor_fakkan_late_phase_no2_alignment.csv,no2_mean_leave_2026_03_17_out_mol_m2,number,mol m-2,Blank/null means missing or not applicable under the source contract; numeric zero remains an observed zero unless the named source field defines otherwise.,Tropospheric NO2 column quantity; not a surface concentration or exposure.
files/analysis_ready/khor_fakkan_late_phase_no2_alignment.csv,no2_leave_march17_percent_change_from_primary_mean,number,%,Blank/null means missing or not applicable under the source contract; numeric zero remains an observed zero unless the named source field defines otherwise.,Tropospheric NO2 column quantity; not a surface concentration or exposure.
files/analysis_ready/khor_fakkan_late_phase_no2_alignment.csv,mean_signed_population_column_burden_person_mol_m2,number,source-native or not applicable,Blank/null means missing or not applicable under the source contract; numeric zero remains an observed zero unless the named source field defines otherwise.,Retained source field; consult the source-specific method and provenance matrix.
files/analysis_ready/khor_fakkan_late_phase_no2_alignment.csv,historical_mean_signed_population_column_burden_person_mol_m2,number,source-native or not applicable,Blank/null means missing or not applicable under the source contract; numeric zero remains an observed zero unless the named source field defines otherwise.,Retained source field; consult the source-specific method and provenance matrix.
files/analysis_ready/khor_fakkan_late_phase_no2_alignment.csv,burden_percent_change_vs_historical,number,%,Blank/null means missing or not applicable under the source contract; numeric zero remains an observed zero unless the named source field defines otherwise.,Percentage quantity; denominator is defined by the named comparison.
files/analysis_ready/khor_fakkan_late_phase_no2_alignment.csv,mean_population_coverage_fraction,number,fraction 0-1,Blank/null means missing or not applicable under the source contract; numeric zero remains an observed zero unless the named source field defines otherwise.,Coverage fraction under the pre-specified QA definition.
files/analysis_ready/khor_fakkan_late_phase_no2_alignment.csv,mean_observed_population_persons,number,source-native or not applicable,Blank/null means missing or not applicable under the source contract; numeric zero remains an observed zero unless the named source field defines otherwise.,Retained source field; consult the source-specific method and provenance matrix.
files/analysis_ready/khor_fakkan_late_phase_no2_alignment.csv,mean_positive_anomaly_covered_population_persons,number,source-native or not applicable,Blank/null means missing or not applicable under the source contract; numeric zero remains an observed zero unless the named source field defines otherwise.,Retained source field; consult the source-specific method and provenance matrix.
files/analysis_ready/khor_fakkan_late_phase_no2_alignment.csv,mean_negative_anomaly_covered_population_persons,number,source-native or not applicable,Blank/null means missing or not applicable under the source contract; numeric zero remains an observed zero unless the named source field defines otherwise.,Retained source field; consult the source-specific method and provenance matrix.
files/analysis_ready/khor_fakkan_late_phase_no2_alignment.csv,mean_positive_anomaly_population_fraction,number,source-native or not applicable,Blank/null means missing or not applicable under the source contract; numeric zero remains an observed zero unless the named source field defines otherwise.,Retained source field; consult the source-specific method and provenance matrix.
files/analysis_ready/khor_fakkan_late_phase_no2_alignment.csv,meteorological_normalization_reliable_all_valid_days,boolean_or_binary,true/false,Blank/null means missing or not applicable under the source contract; numeric zero remains an observed zero unless the named source field defines otherwise.,Retained source field; consult the source-specific method and provenance matrix.
files/analysis_ready/khor_fakkan_late_phase_no2_alignment.csv,historical_valid_days_by_year_json,string,source-native or not applicable,Blank/null means missing or not applicable under the source contract; numeric zero remains an observed zero unless the named source field defines otherwise.,Retained source field; consult the source-specific method and provenance matrix.
files/analysis_ready/khor_fakkan_late_phase_no2_alignment.csv,no2_current_bootstrap_ci95_lower,number,source-native or not applicable,Blank/null means missing or not applicable under the source contract; numeric zero remains an observed zero unless the named source field defines otherwise.,Retained source field; consult the source-specific method and provenance matrix.
files/analysis_ready/khor_fakkan_late_phase_no2_alignment.csv,no2_current_bootstrap_ci95_upper,number,source-native or not applicable,Blank/null means missing or not applicable under the source contract; numeric zero remains an observed zero unless the named source field defines otherwise.,Retained source field; consult the source-specific method and provenance matrix.
files/analysis_ready/khor_fakkan_late_phase_no2_alignment.csv,no2_change_vs_historical_bootstrap_ci95_lower,number,source-native or not applicable,Blank/null means missing or not applicable under the source contract; numeric zero remains an observed zero unless the named source field defines otherwise.,Retained source field; consult the source-specific method and provenance matrix.
files/analysis_ready/khor_fakkan_late_phase_no2_alignment.csv,no2_change_vs_historical_bootstrap_ci95_upper,number,source-native or not applicable,Blank/null means missing or not applicable under the source contract; numeric zero remains an observed zero unless the named source field defines otherwise.,Retained source field; consult the source-specific method and provenance matrix.
files/analysis_ready/khor_fakkan_late_phase_no2_alignment.csv,no2_percent_change_vs_historical_bootstrap_ci95_lower,number,%,Blank/null means missing or not applicable under the source contract; numeric zero remains an observed zero unless the named source field defines otherwise.,Percentage quantity; denominator is defined by the named comparison.
files/analysis_ready/khor_fakkan_late_phase_no2_alignment.csv,no2_percent_change_vs_historical_bootstrap_ci95_upper,number,%,Blank/null means missing or not applicable under the source contract; numeric zero remains an observed zero unless the named source field defines otherwise.,Percentage quantity; denominator is defined by the named comparison.
files/analysis_ready/khor_fakkan_late_phase_no2_alignment.csv,burden_change_vs_historical_bootstrap_ci95_lower,number,source-native or not applicable,Blank/null means missing or not applicable under the source contract; numeric zero remains an observed zero unless the named source field defines otherwise.,Retained source field; consult the source-specific method and provenance matrix.
files/analysis_ready/khor_fakkan_late_phase_no2_alignment.csv,burden_change_vs_historical_bootstrap_ci95_upper,number,source-native or not applicable,Blank/null means missing or not applicable under the source contract; numeric zero remains an observed zero unless the named source field defines otherwise.,Retained source field; consult the source-specific method and provenance matrix.
files/analysis_ready/khor_fakkan_late_phase_no2_alignment.csv,causal_effect_computed,boolean_or_binary,true/false,Blank/null means missing or not applicable under the source contract; numeric zero remains an observed zero unless the named source field defines otherwise.,Retained source field; consult the source-specific method and provenance matrix.
files/analysis_ready/khor_fakkan_late_phase_no2_alignment.csv,port_calendar_days,integer,source-native or not applicable,Blank/null means missing or not applicable under the source contract; numeric zero remains an observed zero unless the named source field defines otherwise.,Retained source field; consult the source-specific method and provenance matrix.
files/analysis_ready/khor_fakkan_late_phase_no2_alignment.csv,port_total_calls,number,source-native or not applicable,Blank/null means missing or not applicable under the source contract; numeric zero remains an observed zero unless the named source field defines otherwise.,Retained source field; consult the source-specific method and provenance matrix.
files/analysis_ready/khor_fakkan_late_phase_no2_alignment.csv,port_mean_calls_per_day,number,source-native or not applicable,Blank/null means missing or not applicable under the source contract; numeric zero remains an observed zero unless the named source field defines otherwise.,Retained source field; consult the source-specific method and provenance matrix.
files/analysis_ready/khor_fakkan_late_phase_no2_alignment.csv,port_historical_equal_year_mean_total_calls,number,source-native or not applicable,Blank/null means missing or not applicable under the source contract; numeric zero remains an observed zero unless the named source field defines otherwise.,Retained source field; consult the source-specific method and provenance matrix.
files/analysis_ready/khor_fakkan_late_phase_no2_alignment.csv,port_historical_equal_year_mean_calls_per_day,number,source-native or not applicable,Blank/null means missing or not applicable under the source contract; numeric zero remains an observed zero unless the named source field defines otherwise.,Retained source field; consult the source-specific method and provenance matrix.
files/analysis_ready/khor_fakkan_late_phase_no2_alignment.csv,port_percent_change_vs_historical,number,%,Blank/null means missing or not applicable under the source contract; numeric zero remains an observed zero unless the named source field defines otherwise.,Percentage quantity; denominator is defined by the named comparison.
files/analysis_ready/khor_fakkan_late_phase_no2_alignment.csv,port_percent_change_vs_2026_baseline,number,%,Blank/null means missing or not applicable under the source contract; numeric zero remains an observed zero unless the named source field defines otherwise.,Percentage quantity; denominator is defined by the named comparison.
files/analysis_ready/khor_fakkan_late_phase_no2_alignment.csv,sar_eligible_dates,integer,count,Blank/null means missing or not applicable under the source contract; numeric zero is an observed count of zero.,Number of eligible Sentinel-1 acquisition dates in the named phase.
files/analysis_ready/khor_fakkan_late_phase_no2_alignment.csv,sar_current_median_density_per_100_km2,number,vessel-like labels per 100 km2,Blank/null means missing or not applicable under the source contract; numeric zero remains an observed zero unless the named source field defines otherwise.,"""SAR-derived vessel-like-label density, not a verified vessel count."""
files/analysis_ready/khor_fakkan_late_phase_no2_alignment.csv,sar_matched_historical_median_density_per_100_km2,number,vessel-like labels per 100 km2,Blank/null means missing or not applicable under the source contract; numeric zero remains an observed zero unless the named source field defines otherwise.,"""SAR-derived vessel-like-label density, not a verified vessel count."""
files/analysis_ready/khor_fakkan_late_phase_no2_alignment.csv,sar_percent_change_vs_historical,number,%,Blank/null means missing or not applicable under the source contract; numeric zero remains an observed zero unless the named source field defines otherwise.,Percentage quantity; denominator is defined by the named comparison.
files/analysis_ready/khor_fakkan_late_phase_no2_alignment.csv,sar_percent_change_vs_2026_baseline,number,%,Blank/null means missing or not applicable under the source contract; numeric zero remains an observed zero unless the named source field defines otherwise.,Percentage quantity; denominator is defined by the named comparison.
files/analysis_ready/khor_fakkan_late_phase_no2_alignment.csv,no2_percent_change_vs_2026_baseline,number,%,Blank/null means missing or not applicable under the source contract; numeric zero remains an observed zero unless the named source field defines otherwise.,Percentage quantity; denominator is defined by the named comparison.
files/analysis_ready/khor_fakkan_late_phase_no2_alignment.csv,burden_percent_change_vs_2026_baseline,number,%,Blank/null means missing or not applicable under the source contract; numeric zero remains an observed zero unless the named source field defines otherwise.,Percentage quantity; denominator is defined by the named comparison.
files/analysis_ready/historical_pseudo_event.csv,year,integer,source-native or not applicable,Blank/null means missing or not applicable under the source contract; numeric zero remains an observed zero unless the named source field defines otherwise.,Retained source field; consult the source-specific method and provenance matrix.
files/analysis_ready/historical_pseudo_event.csv,year_role,string,source-native or not applicable,Blank/null means missing or not applicable under the source contract; numeric zero remains an observed zero unless the named source field defines otherwise.,Retained source field; consult the source-specific method and provenance matrix.
files/analysis_ready/historical_pseudo_event.csv,portwatch_id,string,identifier,Blank/null means missing or not applicable under the source contract; numeric zero remains an observed zero unless the named source field defines otherwise.,Stable identifier within the named source or project scope.
files/analysis_ready/historical_pseudo_event.csv,portwatch_name,string,source-native or not applicable,Blank/null means missing or not applicable under the source contract; numeric zero remains an observed zero unless the named source field defines otherwise.,Retained source field; consult the source-specific method and provenance matrix.
files/analysis_ready/historical_pseudo_event.csv,sar_aoi_id,string,identifier,Blank/null means missing or not applicable under the source contract; numeric zero remains an observed zero unless the named source field defines otherwise.,Stable identifier within the named source or project scope.
files/analysis_ready/historical_pseudo_event.csv,sar_aoi_area_km2,number,km2,Blank/null means missing or not applicable under the source contract; numeric zero remains an observed zero unless the named source field defines otherwise.,Area in square kilometres.
files/analysis_ready/historical_pseudo_event.csv,sar_aoi_semantics,string,source-native or not applicable,Blank/null means missing or not applicable under the source contract; numeric zero remains an observed zero unless the named source field defines otherwise.,Retained source field; consult the source-specific method and provenance matrix.
files/analysis_ready/historical_pseudo_event.csv,no2_analysis_id,string,identifier,Blank/null means missing or not applicable under the source contract; numeric zero remains an observed zero unless the named source field defines otherwise.,Stable identifier within the named source or project scope.
files/analysis_ready/historical_pseudo_event.csv,no2_buffer_km,integer,source-native or not applicable,Blank/null means missing or not applicable under the source contract; numeric zero remains an observed zero unless the named source field defines otherwise.,Retained source field; consult the source-specific method and provenance matrix.
files/analysis_ready/historical_pseudo_event.csv,baseline_port_calendar_days,integer,source-native or not applicable,Blank/null means missing or not applicable under the source contract; numeric zero remains an observed zero unless the named source field defines otherwise.,Retained source field; consult the source-specific method and provenance matrix.
files/analysis_ready/historical_pseudo_event.csv,baseline_port_total_calls,integer,source-native or not applicable,Blank/null means missing or not applicable under the source contract; numeric zero remains an observed zero unless the named source field defines otherwise.,Retained source field; consult the source-specific method and provenance matrix.
files/analysis_ready/historical_pseudo_event.csv,baseline_port_mean_calls_per_day,number,source-native or not applicable,Blank/null means missing or not applicable under the source contract; numeric zero remains an observed zero unless the named source field defines otherwise.,Retained source field; consult the source-specific method and provenance matrix.
files/analysis_ready/historical_pseudo_event.csv,acute_port_calendar_days,integer,source-native or not applicable,Blank/null means missing or not applicable under the source contract; numeric zero remains an observed zero unless the named source field defines otherwise.,Retained source field; consult the source-specific method and provenance matrix.
files/analysis_ready/historical_pseudo_event.csv,acute_port_total_calls,integer,source-native or not applicable,Blank/null means missing or not applicable under the source contract; numeric zero remains an observed zero unless the named source field defines otherwise.,Retained source field; consult the source-specific method and provenance matrix.
files/analysis_ready/historical_pseudo_event.csv,acute_port_mean_calls_per_day,number,source-native or not applicable,Blank/null means missing or not applicable under the source contract; numeric zero remains an observed zero unless the named source field defines otherwise.,Retained source field; consult the source-specific method and provenance matrix.
files/analysis_ready/historical_pseudo_event.csv,acute_port_change_calls_per_day,number,source-native or not applicable,Blank/null means missing or not applicable under the source contract; numeric zero remains an observed zero unless the named source field defines otherwise.,Retained source field; consult the source-specific method and provenance matrix.
files/analysis_ready/historical_pseudo_event.csv,acute_port_percent_change_vs_baseline,number,%,Blank/null means missing or not applicable under the source contract; numeric zero remains an observed zero unless the named source field defines otherwise.,Percentage quantity; denominator is defined by the named comparison.
files/analysis_ready/historical_pseudo_event.csv,late_phase_port_calendar_days,integer,source-native or not applicable,Blank/null means missing or not applicable under the source contract; numeric zero remains an observed zero unless the named source field defines otherwise.,Retained source field; consult the source-specific method and provenance matrix.
files/analysis_ready/historical_pseudo_event.csv,late_phase_port_total_calls,integer,source-native or not applicable,Blank/null means missing or not applicable under the source contract; numeric zero remains an observed zero unless the named source field defines otherwise.,Retained source field; consult the source-specific method and provenance matrix.
files/analysis_ready/historical_pseudo_event.csv,late_phase_port_mean_calls_per_day,number,source-native or not applicable,Blank/null means missing or not applicable under the source contract; numeric zero remains an observed zero unless the named source field defines otherwise.,Retained source field; consult the source-specific method and provenance matrix.
files/analysis_ready/historical_pseudo_event.csv,late_phase_port_change_calls_per_day,number,source-native or not applicable,Blank/null means missing or not applicable under the source contract; numeric zero remains an observed zero unless the named source field defines otherwise.,Retained source field; consult the source-specific method and provenance matrix.
files/analysis_ready/historical_pseudo_event.csv,late_phase_port_percent_change_vs_baseline,number,%,Blank/null means missing or not applicable under the source contract; numeric zero remains an observed zero unless the named source field defines otherwise.,Percentage quantity; denominator is defined by the named comparison.
files/analysis_ready/historical_pseudo_event.csv,sar_primary_matching_tolerance_days,integer,source-native or not applicable,Blank/null means missing or not applicable under the source contract; numeric zero remains an observed zero unless the named source field defines otherwise.,Retained source field; consult the source-specific method and provenance matrix.
files/analysis_ready/historical_pseudo_event.csv,sar_reference_years_json,string,source-native or not applicable,Blank/null means missing or not applicable under the source contract; numeric zero remains an observed zero unless the named source field defines otherwise.,Retained source field; consult the source-specific method and provenance matrix.
files/analysis_ready/historical_pseudo_event.csv,baseline_sar_eligible_dates,integer,count,Blank/null means missing or not applicable under the source contract; numeric zero is an observed count of zero.,Number of eligible Sentinel-1 acquisition dates in the baseline phase.
files/analysis_ready/historical_pseudo_event.csv,baseline_sar_median_density_per_100_km2,number,vessel-like labels per 100 km2,Blank/null means missing or not applicable under the source contract; numeric zero remains an observed zero unless the named source field defines otherwise.,"""SAR-derived vessel-like-label density, not a verified vessel count."""
files/analysis_ready/historical_pseudo_event.csv,acute_sar_eligible_dates,integer,count,Blank/null means missing or not applicable under the source contract; numeric zero is an observed count of zero.,Number of eligible Sentinel-1 acquisition dates in the acute phase.
files/analysis_ready/historical_pseudo_event.csv,acute_sar_median_density_per_100_km2,number,vessel-like labels per 100 km2,Blank/null means missing or not applicable under the source contract; numeric zero remains an observed zero unless the named source field defines otherwise.,"""SAR-derived vessel-like-label density, not a verified vessel count."""
files/analysis_ready/historical_pseudo_event.csv,acute_sar_change_density_per_100_km2,number,vessel-like labels per 100 km2,Blank/null means missing or not applicable under the source contract; numeric zero remains an observed zero unless the named source field defines otherwise.,"""SAR-derived vessel-like-label density, not a verified vessel count."""
files/analysis_ready/historical_pseudo_event.csv,acute_sar_percent_change_vs_baseline,number,%,Blank/null means missing or not applicable under the source contract; numeric zero remains an observed zero unless the named source field defines otherwise.,Percentage quantity; denominator is defined by the named comparison.
files/analysis_ready/historical_pseudo_event.csv,late_phase_sar_eligible_dates,integer,count,Blank/null means missing or not applicable under the source contract; numeric zero is an observed count of zero.,Number of eligible Sentinel-1 acquisition dates in the late_phase phase.
files/analysis_ready/historical_pseudo_event.csv,late_phase_sar_median_density_per_100_km2,number,vessel-like labels per 100 km2,Blank/null means missing or not applicable under the source contract; numeric zero remains an observed zero unless the named source field defines otherwise.,"""SAR-derived vessel-like-label density, not a verified vessel count."""
files/analysis_ready/historical_pseudo_event.csv,late_phase_sar_change_density_per_100_km2,number,vessel-like labels per 100 km2,Blank/null means missing or not applicable under the source contract; numeric zero remains an observed zero unless the named source field defines otherwise.,"""SAR-derived vessel-like-label density, not a verified vessel count."""
files/analysis_ready/historical_pseudo_event.csv,late_phase_sar_percent_change_vs_baseline,number,%,Blank/null means missing or not applicable under the source contract; numeric zero remains an observed zero unless the named source field defines otherwise.,Percentage quantity; denominator is defined by the named comparison.
files/analysis_ready/historical_pseudo_event.csv,baseline_no2_calendar_days,integer,source-native or not applicable,Blank/null means missing or not applicable under the source contract; numeric zero remains an observed zero unless the named source field defines otherwise.,Retained source field; consult the source-specific method and provenance matrix.
files/analysis_ready/historical_pseudo_event.csv,baseline_no2_valid_days,integer,source-native or not applicable,Blank/null means missing or not applicable under the source contract; numeric zero remains an observed zero unless the named source field defines otherwise.,Retained source field; consult the source-specific method and provenance matrix.
files/analysis_ready/historical_pseudo_event.csv,baseline_no2_missing_or_ineligible_days,integer,source-native or not applicable,Blank/null means missing or not applicable under the source contract; numeric zero remains an observed zero unless the named source field defines otherwise.,Retained source field; consult the source-specific method and provenance matrix.
files/analysis_ready/historical_pseudo_event.csv,baseline_no2_mean_mol_m2,number,mol m-2,Blank/null means missing or not applicable under the source contract; numeric zero remains an observed zero unless the named source field defines otherwise.,Tropospheric NO2 column quantity; not a surface concentration or exposure.
files/analysis_ready/historical_pseudo_event.csv,baseline_no2_median_mol_m2,number,source-native or not applicable,Blank/null means missing or not applicable under the source contract; numeric zero remains an observed zero unless the named source field defines otherwise.,Retained source field; consult the source-specific method and provenance matrix.
files/analysis_ready/historical_pseudo_event.csv,baseline_no2_mean_population_coverage_fraction,number,fraction 0-1,Blank/null means missing or not applicable under the source contract; numeric zero remains an observed zero unless the named source field defines otherwise.,Tropospheric NO2 column quantity; not a surface concentration or exposure.
files/analysis_ready/historical_pseudo_event.csv,acute_no2_calendar_days,integer,source-native or not applicable,Blank/null means missing or not applicable under the source contract; numeric zero remains an observed zero unless the named source field defines otherwise.,Retained source field; consult the source-specific method and provenance matrix.
files/analysis_ready/historical_pseudo_event.csv,acute_no2_valid_days,integer,source-native or not applicable,Blank/null means missing or not applicable under the source contract; numeric zero remains an observed zero unless the named source field defines otherwise.,Retained source field; consult the source-specific method and provenance matrix.
files/analysis_ready/historical_pseudo_event.csv,acute_no2_missing_or_ineligible_days,integer,source-native or not applicable,Blank/null means missing or not applicable under the source contract; numeric zero remains an observed zero unless the named source field defines otherwise.,Retained source field; consult the source-specific method and provenance matrix.
files/analysis_ready/historical_pseudo_event.csv,late_phase_no2_calendar_days,integer,source-native or not applicable,Blank/null means missing or not applicable under the source contract; numeric zero remains an observed zero unless the named source field defines otherwise.,Retained source field; consult the source-specific method and provenance matrix.
files/analysis_ready/historical_pseudo_event.csv,late_phase_no2_valid_days,integer,source-native or not applicable,Blank/null means missing or not applicable under the source contract; numeric zero remains an observed zero unless the named source field defines otherwise.,Retained source field; consult the source-specific method and provenance matrix.
files/analysis_ready/historical_pseudo_event.csv,late_phase_no2_missing_or_ineligible_days,integer,source-native or not applicable,Blank/null means missing or not applicable under the source contract; numeric zero remains an observed zero unless the named source field defines otherwise.,Retained source field; consult the source-specific method and provenance matrix.
files/analysis_ready/historical_pseudo_event.csv,late_phase_no2_mean_mol_m2,number,mol m-2,Blank/null means missing or not applicable under the source contract; numeric zero remains an observed zero unless the named source field defines otherwise.,Tropospheric NO2 column quantity; not a surface concentration or exposure.
files/analysis_ready/historical_pseudo_event.csv,late_phase_no2_median_mol_m2,number,source-native or not applicable,Blank/null means missing or not applicable under the source contract; numeric zero remains an observed zero unless the named source field defines otherwise.,Retained source field; consult the source-specific method and provenance matrix.
files/analysis_ready/historical_pseudo_event.csv,late_phase_no2_mean_population_coverage_fraction,number,fraction 0-1,Blank/null means missing or not applicable under the source contract; numeric zero remains an observed zero unless the named source field defines otherwise.,Tropospheric NO2 column quantity; not a surface concentration or exposure.
files/analysis_ready/historical_pseudo_event.csv,late_phase_no2_mean_change_vs_baseline_mol_m2,number,mol m-2,Blank/null means missing or not applicable under the source contract; numeric zero remains an observed zero unless the named source field defines otherwise.,Tropospheric NO2 column quantity; not a surface concentration or exposure.
files/analysis_ready/historical_pseudo_event.csv,late_phase_no2_mean_percent_change_vs_baseline,number,%,Blank/null means missing or not applicable under the source contract; numeric zero remains an observed zero unless the named source field defines otherwise.,Tropospheric NO2 column quantity; not a surface concentration or exposure.
files/analysis_ready/historical_pseudo_event.csv,late_phase_no2_median_change_vs_baseline_mol_m2,number,source-native or not applicable,Blank/null means missing or not applicable under the source contract; numeric zero remains an observed zero unless the named source field defines otherwise.,Retained source field; consult the source-specific method and provenance matrix.
files/analysis_ready/historical_pseudo_event.csv,late_phase_no2_median_direction_vs_baseline,string,source-native or not applicable,Blank/null means missing or not applicable under the source contract; numeric zero remains an observed zero unless the named source field defines otherwise.,Retained source field; consult the source-specific method and provenance matrix.
files/analysis_ready/historical_pseudo_event.csv,no2_historical_reference_years_json,string,source-native or not applicable,Blank/null means missing or not applicable under the source contract; numeric zero remains an observed zero unless the named source field defines otherwise.,Retained source field; consult the source-specific method and provenance matrix.
files/analysis_ready/historical_pseudo_event.csv,no2_historical_reference_year_means_json,string,mol m-2,Blank/null means missing or not applicable under the source contract; numeric zero remains an observed zero unless the named source field defines otherwise.,Tropospheric NO2 column quantity; not a surface concentration or exposure.
files/analysis_ready/historical_pseudo_event.csv,no2_historical_reference_valid_days_json,string,source-native or not applicable,Blank/null means missing or not applicable under the source contract; numeric zero remains an observed zero unless the named source field defines otherwise.,Retained source field; consult the source-specific method and provenance matrix.
files/analysis_ready/historical_pseudo_event.csv,late_phase_no2_excluding_year_historical_reference_mean_mol_m2,number,mol m-2,Blank/null means missing or not applicable under the source contract; numeric zero remains an observed zero unless the named source field defines otherwise.,Tropospheric NO2 column quantity; not a surface concentration or exposure.
files/analysis_ready/historical_pseudo_event.csv,late_phase_no2_change_vs_excluding_year_historical_reference_mol_m2,number,source-native or not applicable,Blank/null means missing or not applicable under the source contract; numeric zero remains an observed zero unless the named source field defines otherwise.,Retained source field; consult the source-specific method and provenance matrix.
files/analysis_ready/historical_pseudo_event.csv,late_phase_no2_percent_change_vs_excluding_year_historical_reference,number,%,Blank/null means missing or not applicable under the source contract; numeric zero remains an observed zero unless the named source field defines otherwise.,Percentage quantity; denominator is defined by the named comparison.
files/analysis_ready/historical_pseudo_event.csv,no2_low_baseline_abs_lt_1e_minus_5,boolean_or_binary,true/false,Blank/null means missing or not applicable under the source contract; numeric zero remains an observed zero unless the named source field defines otherwise.,Retained source field; consult the source-specific method and provenance matrix.
files/analysis_ready/historical_pseudo_event.csv,causal_effect_computed,boolean_or_binary,true/false,Blank/null means missing or not applicable under the source contract; numeric zero remains an observed zero unless the named source field defines otherwise.,Retained source field; consult the source-specific method and provenance matrix.
files/analysis_ready/historical_pseudo_event.csv,acute_port_below_same_year_baseline,boolean_or_binary,true/false,Blank/null means missing or not applicable under the source contract; numeric zero remains an observed zero unless the named source field defines otherwise.,Retained source field; consult the source-specific method and provenance matrix.
files/analysis_ready/historical_pseudo_event.csv,acute_sar_above_same_year_baseline,boolean_or_binary,true/false,Blank/null means missing or not applicable under the source contract; numeric zero remains an observed zero unless the named source field defines otherwise.,Retained source field; consult the source-specific method and provenance matrix.
files/analysis_ready/historical_pseudo_event.csv,late_phase_port_above_same_year_baseline,boolean_or_binary,true/false,Blank/null means missing or not applicable under the source contract; numeric zero remains an observed zero unless the named source field defines otherwise.,Retained source field; consult the source-specific method and provenance matrix.
files/analysis_ready/historical_pseudo_event.csv,late_phase_sar_above_same_year_baseline,boolean_or_binary,true/false,Blank/null means missing or not applicable under the source contract; numeric zero remains an observed zero unless the named source field defines otherwise.,Retained source field; consult the source-specific method and provenance matrix.
files/analysis_ready/historical_pseudo_event.csv,late_phase_no2_mean_above_same_year_baseline,boolean_or_binary,true/false,Blank/null means missing or not applicable under the source contract; numeric zero remains an observed zero unless the named source field defines otherwise.,Tropospheric NO2 column quantity; not a surface concentration or exposure.
files/analysis_ready/historical_pseudo_event.csv,late_phase_no2_mean_above_excluding_year_historical_reference,boolean_or_binary,true/false,Blank/null means missing or not applicable under the source contract; numeric zero remains an observed zero unless the named source field defines otherwise.,Tropospheric NO2 column quantity; not a surface concentration or exposure.
files/analysis_ready/historical_pseudo_event.csv,complete_six_item_pattern_matches_2026,boolean_or_binary,true/false,Blank/null means missing or not applicable under the source contract; numeric zero remains an observed zero unless the named source field defines otherwise.,Retained source field; consult the source-specific method and provenance matrix.
files/analysis_ready/historical_pseudo_event.csv,late_phase_three_item_pattern_all_true,boolean_or_binary,true/false,Blank/null means missing or not applicable under the source contract; numeric zero remains an observed zero unless the named source field defines otherwise.,Retained source field; consult the source-specific method and provenance matrix.
files/analysis_ready/historical_pseudo_event.csv,six_item_difference_from_2026_json,string,source-native or not applicable,Blank/null means missing or not applicable under the source contract; numeric zero remains an observed zero unless the named source field defines otherwise.,Retained source field; consult the source-specific method and provenance matrix.
files/analysis_ready/historical_pseudo_event.csv,plot_acute_port_direction,string,source-native or not applicable,Blank/null means missing or not applicable under the source contract; numeric zero remains an observed zero unless the named source field defines otherwise.,Retained source field; consult the source-specific method and provenance matrix.
files/analysis_ready/historical_pseudo_event.csv,plot_acute_port_display_value,string,source-native or not applicable,Blank/null means missing or not applicable under the source contract; numeric zero remains an observed zero unless the named source field defines otherwise.,Retained source field; consult the source-specific method and provenance matrix.
files/analysis_ready/historical_pseudo_event.csv,plot_acute_sar_direction,string,source-native or not applicable,Blank/null means missing or not applicable under the source contract; numeric zero remains an observed zero unless the named source field defines otherwise.,Retained source field; consult the source-specific method and provenance matrix.
files/analysis_ready/historical_pseudo_event.csv,plot_acute_sar_display_value,string,source-native or not applicable,Blank/null means missing or not applicable under the source contract; numeric zero remains an observed zero unless the named source field defines otherwise.,Retained source field; consult the source-specific method and provenance matrix.
files/analysis_ready/historical_pseudo_event.csv,plot_late_phase_port_direction,string,source-native or not applicable,Blank/null means missing or not applicable under the source contract; numeric zero remains an observed zero unless the named source field defines otherwise.,Retained source field; consult the source-specific method and provenance matrix.
files/analysis_ready/historical_pseudo_event.csv,plot_late_phase_port_display_value,string,source-native or not applicable,Blank/null means missing or not applicable under the source contract; numeric zero remains an observed zero unless the named source field defines otherwise.,Retained source field; consult the source-specific method and provenance matrix.
files/analysis_ready/historical_pseudo_event.csv,plot_late_phase_sar_direction,string,source-native or not applicable,Blank/null means missing or not applicable under the source contract; numeric zero remains an observed zero unless the named source field defines otherwise.,Retained source field; consult the source-specific method and provenance matrix.
files/analysis_ready/historical_pseudo_event.csv,plot_late_phase_sar_display_value,string,source-native or not applicable,Blank/null means missing or not applicable under the source contract; numeric zero remains an observed zero unless the named source field defines otherwise.,Retained source field; consult the source-specific method and provenance matrix.
files/analysis_ready/historical_pseudo_event.csv,plot_late_phase_no2_direction,string,source-native or not applicable,Blank/null means missing or not applicable under the source contract; numeric zero remains an observed zero unless the named source field defines otherwise.,Retained source field; consult the source-specific method and provenance matrix.
files/analysis_ready/historical_pseudo_event.csv,plot_late_phase_no2_display_value,number,source-native or not applicable,Blank/null means missing or not applicable under the source contract; numeric zero remains an observed zero unless the named source field defines otherwise.,Retained source field; consult the source-specific method and provenance matrix.
files/analysis_ready/Supplementary_Data_5_acute_joint_extremeness.csv,record_type,string,source-native or not applicable,Blank/null means missing or not applicable under the source contract; numeric zero remains an observed zero unless the named source field defines otherwise.,Retained source field; consult the source-specific method and provenance matrix.
files/analysis_ready/Supplementary_Data_5_acute_joint_extremeness.csv,tolerance_days,integer,source-native or not applicable,Blank/null means missing or not applicable under the source contract; numeric zero remains an observed zero unless the named source field defines otherwise.,Retained source field; consult the source-specific method and provenance matrix.
files/analysis_ready/Supplementary_Data_5_acute_joint_extremeness.csv,year,integer,source-native or not applicable,Blank/null means missing or not applicable under the source contract; numeric zero remains an observed zero unless the named source field defines otherwise.,Retained source field; consult the source-specific method and provenance matrix.
files/analysis_ready/Supplementary_Data_5_acute_joint_extremeness.csv,year_role,string,source-native or not applicable,Blank/null means missing or not applicable under the source contract; numeric zero remains an observed zero unless the named source field defines otherwise.,Retained source field; consult the source-specific method and provenance matrix.
files/analysis_ready/Supplementary_Data_5_acute_joint_extremeness.csv,matching_tolerance_days,integer,source-native or not applicable,Blank/null means missing or not applicable under the source contract; numeric zero remains an observed zero unless the named source field defines otherwise.,Retained source field; consult the source-specific method and provenance matrix.
files/analysis_ready/Supplementary_Data_5_acute_joint_extremeness.csv,port_baseline_calendar_days,integer,source-native or not applicable,Blank/null means missing or not applicable under the source contract; numeric zero remains an observed zero unless the named source field defines otherwise.,Retained source field; consult the source-specific method and provenance matrix.
files/analysis_ready/Supplementary_Data_5_acute_joint_extremeness.csv,port_baseline_valid_days,integer,source-native or not applicable,Blank/null means missing or not applicable under the source contract; numeric zero remains an observed zero unless the named source field defines otherwise.,Retained source field; consult the source-specific method and provenance matrix.
files/analysis_ready/Supplementary_Data_5_acute_joint_extremeness.csv,port_baseline_missing_days,integer,count,Blank/null means missing or not applicable under the source contract; numeric zero means no missing baseline days.,Number of missing PortWatch days in the baseline phase.
files/analysis_ready/Supplementary_Data_5_acute_joint_extremeness.csv,port_baseline_zero_days,integer,source-native or not applicable,Blank/null means missing or not applicable under the source contract; numeric zero remains an observed zero unless the named source field defines otherwise.,Retained source field; consult the source-specific method and provenance matrix.
files/analysis_ready/Supplementary_Data_5_acute_joint_extremeness.csv,port_baseline_mean_calls_per_day,number,source-native or not applicable,Blank/null means missing or not applicable under the source contract; numeric zero remains an observed zero unless the named source field defines otherwise.,Retained source field; consult the source-specific method and provenance matrix.
files/analysis_ready/Supplementary_Data_5_acute_joint_extremeness.csv,port_acute_calendar_days,integer,source-native or not applicable,Blank/null means missing or not applicable under the source contract; numeric zero remains an observed zero unless the named source field defines otherwise.,Retained source field; consult the source-specific method and provenance matrix.
files/analysis_ready/Supplementary_Data_5_acute_joint_extremeness.csv,port_acute_valid_days,integer,source-native or not applicable,Blank/null means missing or not applicable under the source contract; numeric zero remains an observed zero unless the named source field defines otherwise.,Retained source field; consult the source-specific method and provenance matrix.
files/analysis_ready/Supplementary_Data_5_acute_joint_extremeness.csv,port_acute_missing_days,integer,count,Blank/null means missing or not applicable under the source contract; numeric zero means no missing acute-phase days.,Number of missing PortWatch days in the acute phase.
files/analysis_ready/Supplementary_Data_5_acute_joint_extremeness.csv,port_acute_zero_days,integer,source-native or not applicable,Blank/null means missing or not applicable under the source contract; numeric zero remains an observed zero unless the named source field defines otherwise.,Retained source field; consult the source-specific method and provenance matrix.
files/analysis_ready/Supplementary_Data_5_acute_joint_extremeness.csv,port_acute_mean_calls_per_day,number,source-native or not applicable,Blank/null means missing or not applicable under the source contract; numeric zero remains an observed zero unless the named source field defines otherwise.,Retained source field; consult the source-specific method and provenance matrix.
files/analysis_ready/Supplementary_Data_5_acute_joint_extremeness.csv,port_change_calls_per_day,number,source-native or not applicable,Blank/null means missing or not applicable under the source contract; numeric zero remains an observed zero unless the named source field defines otherwise.,Retained source field; consult the source-specific method and provenance matrix.
files/analysis_ready/Supplementary_Data_5_acute_joint_extremeness.csv,port_percent_change,number,%,Blank/null means missing or not applicable under the source contract; numeric zero remains an observed zero unless the named source field defines otherwise.,Percentage quantity; denominator is defined by the named comparison.
files/analysis_ready/Supplementary_Data_5_acute_joint_extremeness.csv,port_percent_status,string,category,Blank/null means missing or not applicable under the source contract.,Status indicating whether the PortWatch percentage contrast is assessable.
files/analysis_ready/Supplementary_Data_5_acute_joint_extremeness.csv,sar_baseline_eligible_dates,integer,count,Blank/null means missing or not applicable under the source contract; numeric zero is an observed count of zero.,Number of eligible Sentinel-1 dates in the baseline phase.
files/analysis_ready/Supplementary_Data_5_acute_joint_extremeness.csv,sar_baseline_relative_orbits,integer,source-native or not applicable,Blank/null means missing or not applicable under the source contract; numeric zero remains an observed zero unless the named source field defines otherwise.,Retained source field; consult the source-specific method and provenance matrix.
files/analysis_ready/Supplementary_Data_5_acute_joint_extremeness.csv,sar_baseline_median_labels_per_100_km2,number,source-native or not applicable,Blank/null means missing or not applicable under the source contract; numeric zero remains an observed zero unless the named source field defines otherwise.,Retained source field; consult the source-specific method and provenance matrix.
files/analysis_ready/Supplementary_Data_5_acute_joint_extremeness.csv,sar_acute_eligible_dates,integer,count,Blank/null means missing or not applicable under the source contract; numeric zero is an observed count of zero.,Number of eligible Sentinel-1 dates in the acute phase.
files/analysis_ready/Supplementary_Data_5_acute_joint_extremeness.csv,sar_acute_relative_orbits,integer,source-native or not applicable,Blank/null means missing or not applicable under the source contract; numeric zero remains an observed zero unless the named source field defines otherwise.,Retained source field; consult the source-specific method and provenance matrix.
files/analysis_ready/Supplementary_Data_5_acute_joint_extremeness.csv,sar_acute_median_labels_per_100_km2,number,source-native or not applicable,Blank/null means missing or not applicable under the source contract; numeric zero remains an observed zero unless the named source field defines otherwise.,Retained source field; consult the source-specific method and provenance matrix.
files/analysis_ready/Supplementary_Data_5_acute_joint_extremeness.csv,sar_change_labels_per_100_km2,number,source-native or not applicable,Blank/null means missing or not applicable under the source contract; numeric zero remains an observed zero unless the named source field defines otherwise.,Retained source field; consult the source-specific method and provenance matrix.
files/analysis_ready/Supplementary_Data_5_acute_joint_extremeness.csv,sar_percent_change,number,%,Blank/null means missing or not applicable under the source contract; numeric zero remains an observed zero unless the named source field defines otherwise.,Percentage quantity; denominator is defined by the named comparison.
files/analysis_ready/Supplementary_Data_5_acute_joint_extremeness.csv,port_ci95_lower,number,source-native or not applicable,Blank/null means missing or not applicable under the source contract; numeric zero remains an observed zero unless the named source field defines otherwise.,Retained source field; consult the source-specific method and provenance matrix.
files/analysis_ready/Supplementary_Data_5_acute_joint_extremeness.csv,port_ci95_median,number,source-native or not applicable,Blank/null means missing or not applicable under the source contract; numeric zero remains an observed zero unless the named source field defines otherwise.,Retained source field; consult the source-specific method and provenance matrix.
files/analysis_ready/Supplementary_Data_5_acute_joint_extremeness.csv,port_ci95_upper,number,source-native or not applicable,Blank/null means missing or not applicable under the source contract; numeric zero remains an observed zero unless the named source field defines otherwise.,Retained source field; consult the source-specific method and provenance matrix.
files/analysis_ready/Supplementary_Data_5_acute_joint_extremeness.csv,sar_ci95_lower,number,source-native or not applicable,Blank/null means missing or not applicable under the source contract; numeric zero remains an observed zero unless the named source field defines otherwise.,Retained source field; consult the source-specific method and provenance matrix.
files/analysis_ready/Supplementary_Data_5_acute_joint_extremeness.csv,sar_ci95_median,number,source-native or not applicable,Blank/null means missing or not applicable under the source contract; numeric zero remains an observed zero unless the named source field defines otherwise.,Retained source field; consult the source-specific method and provenance matrix.
files/analysis_ready/Supplementary_Data_5_acute_joint_extremeness.csv,sar_ci95_upper,number,source-native or not applicable,Blank/null means missing or not applicable under the source contract; numeric zero remains an observed zero unless the named source field defines otherwise.,Retained source field; consult the source-specific method and provenance matrix.
files/analysis_ready/Supplementary_Data_5_acute_joint_extremeness.csv,omitted_member,string,source-native or not applicable,Blank/null means missing or not applicable under the source contract; numeric zero remains an observed zero unless the named source field defines otherwise.,Retained source field; consult the source-specific method and provenance matrix.
files/analysis_ready/Supplementary_Data_5_acute_joint_extremeness.csv,event_port_percent_change,number,%,Blank/null means missing or not applicable under the source contract; numeric zero remains an observed zero unless the named source field defines otherwise.,Percentage quantity; denominator is defined by the named comparison.
files/analysis_ready/Supplementary_Data_5_acute_joint_extremeness.csv,event_sar_percent_change,number,%,Blank/null means missing or not applicable under the source contract; numeric zero remains an observed zero unless the named source field defines otherwise.,Percentage quantity; denominator is defined by the named comparison.
files/analysis_ready/Supplementary_Data_5_acute_joint_extremeness.csv,historical_port_min_percent_change,number,%,Blank/null means missing or not applicable under the source contract; numeric zero remains an observed zero unless the named source field defines otherwise.,Percentage quantity; denominator is defined by the named comparison.
files/analysis_ready/Supplementary_Data_5_acute_joint_extremeness.csv,historical_port_min_years,string,source-native or not applicable,Blank/null means missing or not applicable under the source contract; numeric zero remains an observed zero unless the named source field defines otherwise.,Retained source field; consult the source-specific method and provenance matrix.
files/analysis_ready/Supplementary_Data_5_acute_joint_extremeness.csv,historical_sar_max_percent_change,number,%,Blank/null means missing or not applicable under the source contract; numeric zero remains an observed zero unless the named source field defines otherwise.,Percentage quantity; denominator is defined by the named comparison.
files/analysis_ready/Supplementary_Data_5_acute_joint_extremeness.csv,historical_sar_max_years,string,source-native or not applicable,Blank/null means missing or not applicable under the source contract; numeric zero remains an observed zero unless the named source field defines otherwise.,Retained source field; consult the source-specific method and provenance matrix.
files/analysis_ready/Supplementary_Data_5_acute_joint_extremeness.csv,basic_port_down_sar_up,boolean_or_binary,true/false,Blank/null means missing or not applicable under the source contract; numeric zero remains an observed zero unless the named source field defines otherwise.,Retained source field; consult the source-specific method and provenance matrix.
files/analysis_ready/Supplementary_Data_5_acute_joint_extremeness.csv,joint_dominance,boolean_or_binary,true/false,Blank/null means missing or not applicable under the source contract; numeric zero remains an observed zero unless the named source field defines otherwise.,Retained source field; consult the source-specific method and provenance matrix.
files/analysis_ready/Supplementary_Data_5_acute_joint_extremeness.csv,assessment_status,string,source-native or not applicable,Blank/null means missing or not applicable under the source contract; numeric zero remains an observed zero unless the named source field defines otherwise.,Retained source field; consult the source-specific method and provenance matrix.
files/analysis_ready/Supplementary_Data_5_acute_joint_extremeness.csv,contrast_id,string,identifier,Blank/null means missing or not applicable under the source contract; numeric zero remains an observed zero unless the named source field defines otherwise.,Stable identifier within the named source or project scope.
files/analysis_ready/Supplementary_Data_5_acute_joint_extremeness.csv,q025,number,source-native or not applicable,Blank/null means missing or not applicable under the source contract; numeric zero remains an observed zero unless the named source field defines otherwise.,Retained source field; consult the source-specific method and provenance matrix.
files/analysis_ready/Supplementary_Data_5_acute_joint_extremeness.csv,q500,number,source-native or not applicable,Blank/null means missing or not applicable under the source contract; numeric zero remains an observed zero unless the named source field defines otherwise.,Retained source field; consult the source-specific method and provenance matrix.
files/analysis_ready/Supplementary_Data_5_acute_joint_extremeness.csv,q975,number,source-native or not applicable,Blank/null means missing or not applicable under the source contract; numeric zero remains an observed zero unless the named source field defines otherwise.,Retained source field; consult the source-specific method and provenance matrix.
files/analysis_ready/Supplementary_Data_5_acute_joint_extremeness.csv,effective_replicates,integer,source-native or not applicable,Blank/null means missing or not applicable under the source contract; numeric zero remains an observed zero unless the named source field defines otherwise.,Retained source field; consult the source-specific method and provenance matrix.
files/analysis_ready/Supplementary_Data_5_acute_joint_extremeness.csv,bootstrap_seed,integer,source-native or not applicable,Blank/null means missing or not applicable under the source contract; numeric zero remains an observed zero unless the named source field defines otherwise.,Retained source field; consult the source-specific method and provenance matrix.
files/analysis_ready/Supplementary_Data_5_acute_joint_extremeness.csv,post_result_selected_case,boolean_or_binary,true/false,Blank/null means missing or not applicable under the source contract; numeric zero remains an observed zero unless the named source field defines otherwise.,Retained source field; consult the source-specific method and provenance matrix.
files/analysis_ready/Supplementary_Data_1_full_evidence_matrix.csv,evidence_record_id,string,identifier,Blank/null or the literal sentinel not_available means unavailable or inapplicable; numeric zero remains an observed zero.,Stable evidence-family identifier; the composite key evidence_record_id + analysis_window + comparison_definition uniquely identifies a row.
files/analysis_ready/Supplementary_Data_1_full_evidence_matrix.csv,measurement_domain,string,domain-specific variable or categorical classification,Blank/null or the literal sentinel not_available means unavailable or inapplicable; numeric zero remains an observed zero.,"Explicit measurement domain for each evidence record. Multipollutant rows distinguish buffer-mean indicators from population-weighted NO2 anomalies, and checklist rows use a categorical source-compatibility domain."
files/analysis_ready/Supplementary_Data_1_full_evidence_matrix.csv,statistical_unit,string,source-native or not applicable,Blank/null or the literal sentinel not_available means unavailable or inapplicable; numeric zero remains an observed zero.,"Unit of aggregation: port, SAR scene, population-weighted NO2 pixel-day, valid-pixel buffer mean, or fixed-window source-compatibility checklist, as applicable."
files/analysis_ready/Supplementary_Data_1_full_evidence_matrix.csv,analysis_region_id,string,identifier,Blank/null or the literal sentinel not_available means unavailable or inapplicable; numeric zero remains an observed zero.,Stable identifier within the named source or project scope.
files/analysis_ready/Supplementary_Data_1_full_evidence_matrix.csv,analysis_window,string,source-native or not applicable,Blank/null or the literal sentinel not_available means unavailable or inapplicable; numeric zero remains an observed zero.,Retained source field; consult the source-specific method and provenance matrix.
files/analysis_ready/Supplementary_Data_1_full_evidence_matrix.csv,real_start_date,string,UTC/ISO 8601,Blank/null or the literal sentinel not_available means unavailable or inapplicable; numeric zero remains an observed zero.,UTC date or acquisition time.
files/analysis_ready/Supplementary_Data_1_full_evidence_matrix.csv,real_end_date,string,UTC/ISO 8601,Blank/null or the literal sentinel not_available means unavailable or inapplicable; numeric zero remains an observed zero.,UTC date or acquisition time.
files/analysis_ready/Supplementary_Data_1_full_evidence_matrix.csv,comparison_definition,string,source-native or not applicable,Blank/null or the literal sentinel not_available means unavailable or inapplicable; numeric zero remains an observed zero.,Retained source field; consult the source-specific method and provenance matrix.
files/analysis_ready/Supplementary_Data_1_full_evidence_matrix.csv,estimate_in_original_unit,string,source-native or not applicable,Blank/null or the literal sentinel not_available means unavailable or inapplicable; numeric zero remains an observed zero.,Retained source field; consult the source-specific method and provenance matrix.
files/analysis_ready/Supplementary_Data_1_full_evidence_matrix.csv,absolute_change,string,source-native or not applicable,Blank/null or the literal sentinel not_available means unavailable or inapplicable; numeric zero remains an observed zero.,Retained source field; consult the source-specific method and provenance matrix.
files/analysis_ready/Supplementary_Data_1_full_evidence_matrix.csv,relative_change,string,source-native or not applicable,Blank/null or the literal sentinel not_available means unavailable or inapplicable; numeric zero remains an observed zero.,Retained source field; consult the source-specific method and provenance matrix.
files/analysis_ready/Supplementary_Data_1_full_evidence_matrix.csv,ci95_lower_in_reported_scale,string,source-native or not applicable,Blank/null or the literal sentinel not_available means unavailable or inapplicable; numeric zero remains an observed zero.,Retained source field; consult the source-specific method and provenance matrix.
files/analysis_ready/Supplementary_Data_1_full_evidence_matrix.csv,ci95_upper_in_reported_scale,string,source-native or not applicable,Blank/null or the literal sentinel not_available means unavailable or inapplicable; numeric zero remains an observed zero.,Retained source field; consult the source-specific method and provenance matrix.
files/analysis_ready/Supplementary_Data_1_full_evidence_matrix.csv,valid_days,string,source-native or not applicable,Blank/null or the literal sentinel not_available means unavailable or inapplicable; numeric zero remains an observed zero.,Retained source field; consult the source-specific method and provenance matrix.
files/analysis_ready/Supplementary_Data_1_full_evidence_matrix.csv,valid_scenes,string,source-native or not applicable,Blank/null or the literal sentinel not_available means unavailable or inapplicable; numeric zero remains an observed zero.,Retained source field; consult the source-specific method and provenance matrix.
files/analysis_ready/Supplementary_Data_1_full_evidence_matrix.csv,coverage_fraction,string,fraction 0-1,Blank/null or the literal sentinel not_available means unavailable or inapplicable; numeric zero remains an observed zero.,Coverage fraction under the pre-specified QA definition.
files/analysis_ready/Supplementary_Data_1_full_evidence_matrix.csv,historical_context,string,source-native or not applicable,Blank/null or the literal sentinel not_available means unavailable or inapplicable; numeric zero remains an observed zero.,Retained source field; consult the source-specific method and provenance matrix.
files/analysis_ready/Supplementary_Data_1_full_evidence_matrix.csv,result_classification,string,source-native or not applicable,Blank/null or the literal sentinel not_available means unavailable or inapplicable; numeric zero remains an observed zero.,Retained source field; consult the source-specific method and provenance matrix.
files/analysis_ready/Supplementary_Data_1_full_evidence_matrix.csv,evidence_role_and_limitations,string,source-native or not applicable,Blank/null or the literal sentinel not_available means unavailable or inapplicable; numeric zero remains an observed zero.,Retained source field; consult the source-specific method and provenance matrix.
files/analysis_ready/Supplementary_Data_2_candidate_region_universe.csv,candidate_id,string,identifier,This field is never blank.,Unique candidate identifier.
files/analysis_ready/Supplementary_Data_2_candidate_region_universe.csv,display_name,string,source-native or not applicable,Blank/null means missing or not applicable under the source contract; numeric zero remains an observed zero unless the named source field defines otherwise.,Retained source field; consult the source-specific method and provenance matrix.
files/analysis_ready/Supplementary_Data_2_candidate_region_universe.csv,country_or_coast,string,category,Blank/null means the country or coastal grouping is not applicable.,Country or coastal grouping used to describe the candidate.
files/analysis_ready/Supplementary_Data_2_candidate_region_universe.csv,measurement_domain,string,source-native or not applicable,Blank/null means missing or not applicable under the source contract; numeric zero remains an observed zero unless the named source field defines otherwise.,Retained source field; consult the source-specific method and provenance matrix.
files/analysis_ready/Supplementary_Data_2_candidate_region_universe.csv,provider_id,string,identifier,Blank/null means missing or not applicable under the source contract; numeric zero remains an observed zero unless the named source field defines otherwise.,Stable identifier within the named source or project scope.
files/analysis_ready/Supplementary_Data_2_candidate_region_universe.csv,portwatch_name,string,source-native or not applicable,Blank/null means missing or not applicable under the source contract; numeric zero remains an observed zero unless the named source field defines otherwise.,Retained source field; consult the source-specific method and provenance matrix.
files/analysis_ready/Supplementary_Data_2_candidate_region_universe.csv,sar_aoi_id,string,identifier,Blank/null means missing or not applicable under the source contract; numeric zero remains an observed zero unless the named source field defines otherwise.,Stable identifier within the named source or project scope.
files/analysis_ready/Supplementary_Data_2_candidate_region_universe.csv,environmental_analysis_id,string,identifier,Blank/null means missing or not applicable under the source contract; numeric zero remains an observed zero unless the named source field defines otherwise.,Stable identifier within the named source or project scope.
files/analysis_ready/Supplementary_Data_2_candidate_region_universe.csv,scope_fixed_date_utc,string,UTC/ISO 8601,Blank/null means missing or not applicable under the source contract; numeric zero remains an observed zero unless the named source field defines otherwise.,UTC date or acquisition time.
files/analysis_ready/Supplementary_Data_2_candidate_region_universe.csv,first_result_available_date_utc,string,UTC/ISO 8601,Blank/null means missing or not applicable under the source contract; numeric zero remains an observed zero unless the named source field defines otherwise.,UTC date or acquisition time.
files/analysis_ready/Supplementary_Data_2_candidate_region_universe.csv,selection_timing,string,source-native or not applicable,Blank/null means missing or not applicable under the source contract; numeric zero remains an observed zero unless the named source field defines otherwise.,Retained source field; consult the source-specific method and provenance matrix.
files/analysis_ready/Supplementary_Data_2_candidate_region_universe.csv,evidence_visible_before_candidate_inclusion,string,category,Blank/null means the chronology label is unavailable.,Categorical chronology label describing what evidence was available before candidate inclusion.
files/analysis_ready/Supplementary_Data_2_candidate_region_universe.csv,initial_analysis_context,string,source-native or not applicable,Blank/null means missing or not applicable under the source contract; numeric zero remains an observed zero unless the named source field defines otherwise.,Retained source field; consult the source-specific method and provenance matrix.
files/analysis_ready/Supplementary_Data_2_candidate_region_universe.csv,reporting_context,string,source-native or not applicable,Blank/null means missing or not applicable under the source contract; numeric zero remains an observed zero unless the named source field defines otherwise.,Retained source field; consult the source-specific method and provenance matrix.
files/analysis_ready/Supplementary_Data_2_candidate_region_universe.csv,data_available,boolean_or_binary,true/false,Blank/null means missing or not applicable under the source contract; numeric zero remains an observed zero unless the named source field defines otherwise.,Retained source field; consult the source-specific method and provenance matrix.
files/analysis_ready/Supplementary_Data_2_candidate_region_universe.csv,analysis_executed,boolean_or_binary,true/false,Blank/null means missing or not applicable under the source contract; numeric zero remains an observed zero unless the named source field defines otherwise.,Retained source field; consult the source-specific method and provenance matrix.
files/analysis_ready/Supplementary_Data_2_candidate_region_universe.csv,evidence_eligibility,string,source-native or not applicable,Blank/null means missing or not applicable under the source contract; numeric zero remains an observed zero unless the named source field defines otherwise.,Retained source field; consult the source-specific method and provenance matrix.
files/analysis_ready/Supplementary_Data_2_candidate_region_universe.csv,evidence_eligibility_reason,string,source-native or not applicable,Blank/null means missing or not applicable under the source contract; numeric zero remains an observed zero unless the named source field defines otherwise.,Retained source field; consult the source-specific method and provenance matrix.
files/analysis_ready/Supplementary_Data_2_candidate_region_universe.csv,included_in_main_text,boolean_or_binary,true/false,Blank/null means missing or not applicable under the source contract; numeric zero remains an observed zero unless the named source field defines otherwise.,Retained source field; consult the source-specific method and provenance matrix.
files/analysis_ready/Supplementary_Data_2_candidate_region_universe.csv,main_text_exclusion_reason,string,source-native or not applicable,Blank/null means missing or not applicable under the source contract; numeric zero remains an observed zero unless the named source field defines otherwise.,Retained source field; consult the source-specific method and provenance matrix.
files/analysis_ready/Supplementary_Data_2_candidate_region_universe.csv,overlapping_region_ids,string,source-native or not applicable,Blank/null means missing or not applicable under the source contract; numeric zero remains an observed zero unless the named source field defines otherwise.,Retained source field; consult the source-specific method and provenance matrix.
files/analysis_ready/Supplementary_Data_2_candidate_region_universe.csv,research_unit_is_not_official_boundary,boolean_or_binary,true/false,Blank/null means missing or not applicable under the source contract; numeric zero remains an observed zero unless the named source field defines otherwise.,Retained source field; consult the source-specific method and provenance matrix.
files/analysis_ready/Supplementary_Data_2_candidate_region_universe.csv,interpretation_notes,string,source-native or not applicable,Blank/null means missing or not applicable under the source contract; numeric zero remains an observed zero unless the named source field defines otherwise.,Retained source field; consult the source-specific method and provenance matrix.
files/analysis_ready/Supplementary_Data_3_baltimore_sar_scene_timeline.csv,status,string,source-native or not applicable,Blank/null means missing or not applicable under the source contract; numeric zero remains an observed zero unless the named source field defines otherwise.,Retained source field; consult the source-specific method and provenance matrix.
files/analysis_ready/Supplementary_Data_3_baltimore_sar_scene_timeline.csv,scene_id,string,identifier,Blank/null means missing or not applicable under the source contract; numeric zero remains an observed zero unless the named source field defines otherwise.,Stable identifier within the named source or project scope.
files/analysis_ready/Supplementary_Data_3_baltimore_sar_scene_timeline.csv,aoi_id,string,identifier,Blank/null means missing or not applicable under the source contract; numeric zero remains an observed zero unless the named source field defines otherwise.,Stable identifier within the named source or project scope.
files/analysis_ready/Supplementary_Data_3_baltimore_sar_scene_timeline.csv,phase,string,source-native or not applicable,Blank/null means missing or not applicable under the source contract; numeric zero remains an observed zero unless the named source field defines otherwise.,Retained source field; consult the source-specific method and provenance matrix.
files/analysis_ready/Supplementary_Data_3_baltimore_sar_scene_timeline.csv,acquisition_time_utc,string,UTC/ISO 8601,Blank/null means missing or not applicable under the source contract; numeric zero remains an observed zero unless the named source field defines otherwise.,UTC date or acquisition time.
files/analysis_ready/Supplementary_Data_3_baltimore_sar_scene_timeline.csv,relative_orbit_number,integer,source-native or not applicable,Blank/null means missing or not applicable under the source contract; numeric zero remains an observed zero unless the named source field defines otherwise.,Retained source field; consult the source-specific method and provenance matrix.
files/analysis_ready/Supplementary_Data_3_baltimore_sar_scene_timeline.csv,valid_nonexcluded_water_area_km2,number,km2,Blank/null means missing or not applicable under the source contract; numeric zero remains an observed zero unless the named source field defines otherwise.,Area in square kilometres.
files/analysis_ready/Supplementary_Data_3_baltimore_sar_scene_timeline.csv,coverage_fraction,number,fraction 0-1,Blank/null means missing or not applicable under the source contract; numeric zero remains an observed zero unless the named source field defines otherwise.,Coverage fraction under the pre-specified QA definition.
files/analysis_ready/Supplementary_Data_3_baltimore_sar_scene_timeline.csv,raw_model_centers,integer,source-native or not applicable,Blank/null means missing or not applicable under the source contract; numeric zero remains an observed zero unless the named source field defines otherwise.,Retained source field; consult the source-specific method and provenance matrix.
files/analysis_ready/Supplementary_Data_3_baltimore_sar_scene_timeline.csv,exact_center_duplicates_removed,integer,count,Blank/null means missing or not applicable under the source contract; numeric zero means no exact duplicate centres were removed.,Number of exact duplicate detection centres removed.
files/analysis_ready/Supplementary_Data_3_baltimore_sar_scene_timeline.csv,deduplicated_centers,integer,source-native or not applicable,Blank/null means missing or not applicable under the source contract; numeric zero remains an observed zero unless the named source field defines otherwise.,Retained source field; consult the source-specific method and provenance matrix.
files/analysis_ready/Supplementary_Data_3_baltimore_sar_scene_timeline.csv,retained_model_objects,integer,source-native or not applicable,Blank/null means missing or not applicable under the source contract; numeric zero remains an observed zero unless the named source field defines otherwise.,Retained source field; consult the source-specific method and provenance matrix.
files/analysis_ready/Supplementary_Data_3_baltimore_sar_scene_timeline.csv,vessel_like_labels,integer,source-native or not applicable,Blank/null means missing or not applicable under the source contract; numeric zero remains an observed zero unless the named source field defines otherwise.,Retained source field; consult the source-specific method and provenance matrix.
files/analysis_ready/Supplementary_Data_3_baltimore_sar_scene_timeline.csv,vessel_like_density_per_100_km2,number,vessel-like labels per 100 km2,Blank/null means missing or not applicable under the source contract; numeric zero remains an observed zero unless the named source field defines otherwise.,"""SAR-derived vessel-like-label density, not a verified vessel count."""
files/analysis_ready/Supplementary_Data_3_baltimore_sar_scene_timeline.csv,manual_review_exact_geometry_vessel_like_labels,integer,count,Blank/null means missing or not applicable under the source contract; numeric zero means no labels intersected the exact manual-review geometry.,Number of retained vessel-like labels intersecting exact manual-review geometry.
files/analysis_ready/Supplementary_Data_3_baltimore_sar_scene_timeline.csv,automatic_exclusion_model_centers,integer,count,Blank/null means missing or not applicable under the source contract; numeric zero means no model centres fell within automatic exclusions.,Number of model centres falling within automatic exclusion geometry.
files/analysis_ready/Supplementary_Data_3_baltimore_sar_scene_timeline.csv,inference_runtime_seconds,number,seconds,Blank/null means runtime was not recorded.,Elapsed inference runtime for the scene.
files/analysis_ready/Supplementary_Data_3_baltimore_sar_scene_timeline.csv,peak_gpu_memory_allocated_bytes,integer,source-native or not applicable,Blank/null means missing or not applicable under the source contract; numeric zero remains an observed zero unless the named source field defines otherwise.,Retained source field; consult the source-specific method and provenance matrix.
files/analysis_ready/Supplementary_Data_3_baltimore_sar_scene_timeline.csv,peak_gpu_memory_reserved_bytes,integer,source-native or not applicable,Blank/null means missing or not applicable under the source contract; numeric zero remains an observed zero unless the named source field defines otherwise.,Retained source field; consult the source-specific method and provenance matrix.
files/analysis_ready/Supplementary_Data_3_baltimore_sar_scene_timeline.csv,tile_size,integer,source-native or not applicable,Blank/null means missing or not applicable under the source contract; numeric zero remains an observed zero unless the named source field defines otherwise.,Retained source field; consult the source-specific method and provenance matrix.
files/analysis_ready/Supplementary_Data_3_baltimore_sar_scene_timeline.csv,tile_step,integer,source-native or not applicable,Blank/null means missing or not applicable under the source contract; numeric zero remains an observed zero unless the named source field defines otherwise.,Retained source field; consult the source-specific method and provenance matrix.
files/analysis_ready/Supplementary_Data_3_baltimore_sar_scene_timeline.csv,input_geotiff_sha256,string,source-native or not applicable,Blank/null means missing or not applicable under the source contract; numeric zero remains an observed zero unless the named source field defines otherwise.,Retained source field; consult the source-specific method and provenance matrix.
files/analysis_ready/Supplementary_Data_3_baltimore_sar_scene_timeline.csv,checkpoint_sha256,string,source-native or not applicable,Blank/null means missing or not applicable under the source contract; numeric zero remains an observed zero unless the named source field defines otherwise.,Retained source field; consult the source-specific method and provenance matrix.
files/analysis_ready/Supplementary_Data_3_baltimore_sar_scene_timeline.csv,missing_state_keys,integer,count,Blank/null means checkpoint validation was not recorded; numeric zero means no expected state keys were missing.,Number of expected checkpoint state keys not found.
files/analysis_ready/Supplementary_Data_3_baltimore_sar_scene_timeline.csv,unexpected_state_keys,integer,count,Blank/null means checkpoint validation was not recorded; numeric zero means no unexpected state keys were found.,Number of unexpected checkpoint state keys found.
files/analysis_ready/Supplementary_Data_3_baltimore_sar_scene_timeline.csv,objectness_threshold,number,source-native or not applicable,Blank/null means missing or not applicable under the source contract; numeric zero remains an observed zero unless the named source field defines otherwise.,Retained source field; consult the source-specific method and provenance matrix.
files/analysis_ready/Supplementary_Data_3_baltimore_sar_scene_timeline.csv,is_vessel_threshold,number,dimensionless score 0-1,Blank/null means the threshold was not recorded.,Fixed model score threshold used for vessel-like classification.
files/analysis_ready/Supplementary_Data_3_baltimore_sar_scene_timeline.csv,length_stratum,string,source-native or not applicable,Blank/null means missing or not applicable under the source contract; numeric zero remains an observed zero unless the named source field defines otherwise.,Retained source field; consult the source-specific method and provenance matrix.
files/analysis_ready/Supplementary_Data_3_baltimore_sar_scene_timeline.csv,not_true_vessel_count,boolean_or_binary,true/false,Blank/null means the interpretation flag was not recorded.,True indicates that reported labels are an activity proxy and not verified vessel counts.
files/analysis_ready/Supplementary_Data_3_baltimore_sar_scene_timeline.csv,detections_sha256,string,source-native or not applicable,Blank/null means missing or not applicable under the source contract; numeric zero remains an observed zero unless the named source field defines otherwise.,Retained source field; consult the source-specific method and provenance matrix.
files/analysis_ready/Supplementary_Data_3_baltimore_sar_scene_timeline.csv,manual_review_75m_vessel_like_labels,integer,count,Blank/null means missing or not applicable under the source contract; numeric zero means no labels occurred within the 75-m review neighbourhood.,Number of retained vessel-like labels within 75 m of manual-review geometry.
files/analysis_ready/Supplementary_Data_4_baltimore_primary_differences.csv,domain,string,source-native or not applicable,Blank/null means missing or not applicable under the source contract; numeric zero remains an observed zero unless the named source field defines otherwise.,Retained source field; consult the source-specific method and provenance matrix.
files/analysis_ready/Supplementary_Data_4_baltimore_primary_differences.csv,difference,number,source-native or not applicable,Blank/null means missing or not applicable under the source contract; numeric zero remains an observed zero unless the named source field defines otherwise.,Retained source field; consult the source-specific method and provenance matrix.
files/analysis_ready/Supplementary_Data_4_baltimore_primary_differences.csv,ci95_low,number,source-native or not applicable,Blank/null means missing or not applicable under the source contract; numeric zero remains an observed zero unless the named source field defines otherwise.,Retained source field; consult the source-specific method and provenance matrix.
files/analysis_ready/Supplementary_Data_4_baltimore_primary_differences.csv,ci95_high,number,source-native or not applicable,Blank/null means missing or not applicable under the source contract; numeric zero remains an observed zero unless the named source field defines otherwise.,Retained source field; consult the source-specific method and provenance matrix.
files/analysis_ready/Supplementary_Data_4_baltimore_primary_differences.csv,unit,string,source-native or not applicable,Blank/null means missing or not applicable under the source contract; numeric zero remains an observed zero unless the named source field defines otherwise.,Retained source field; consult the source-specific method and provenance matrix.
files/main_figures/Figure_1_source_data.csv,source_section,string,source-native or not applicable,Blank/null means missing or not applicable under the source contract; numeric zero remains an observed zero unless the named source field defines otherwise.,Retained source field; consult the source-specific method and provenance matrix.
files/main_figures/Figure_1_source_data.csv,region_id,string,identifier,Blank/null means missing or not applicable under the source contract; numeric zero remains an observed zero unless the named source field defines otherwise.,Stable identifier within the named source or project scope.
files/main_figures/Figure_1_source_data.csv,geometry_wkt,string,EPSG:4326 WKT,Blank/null means missing or not applicable under the source contract; numeric zero remains an observed zero unless the named source field defines otherwise.,Pre-specified analytical geometry; not an official boundary.
files/main_figures/Figure_1_source_data.csv,geometry_semantics,string,source-native or not applicable,Blank/null means missing or not applicable under the source contract; numeric zero remains an observed zero unless the named source field defines otherwise.,Retained source field; consult the source-specific method and provenance matrix.
files/main_figures/Figure_1_source_data.csv,selection_status,string,source-native or not applicable,Blank/null means missing or not applicable under the source contract; numeric zero remains an observed zero unless the named source field defines otherwise.,Retained source field; consult the source-specific method and provenance matrix.
files/main_figures/Figure_1_source_data.csv,port_id,string,identifier,Blank/null means missing or not applicable under the source contract; numeric zero remains an observed zero unless the named source field defines otherwise.,Stable identifier within the named source or project scope.
files/main_figures/Figure_1_source_data.csv,port_name,string,source-native or not applicable,Blank/null means missing or not applicable under the source contract; numeric zero remains an observed zero unless the named source field defines otherwise.,Retained source field; consult the source-specific method and provenance matrix.
files/main_figures/Figure_1_source_data.csv,longitude,number,decimal degrees east,Blank/null means missing or not applicable under the source contract; numeric zero remains an observed zero unless the named source field defines otherwise.,Longitude in EPSG:4326.
files/main_figures/Figure_1_source_data.csv,latitude,number,decimal degrees north,Blank/null means missing or not applicable under the source contract; numeric zero remains an observed zero unless the named source field defines otherwise.,Latitude in EPSG:4326.
files/main_figures/Figure_1_source_data.csv,candidate_id,string,identifier,Blank/null means the row does not belong to the candidate-screen section.,Candidate identifier used in the PortWatch screen.
files/main_figures/Figure_1_source_data.csv,display_name,string,source-native or not applicable,Blank/null means missing or not applicable under the source contract; numeric zero remains an observed zero unless the named source field defines otherwise.,Retained source field; consult the source-specific method and provenance matrix.
files/main_figures/Figure_1_source_data.csv,country_or_coast,string,category,Blank/null means the row does not belong to the candidate-screen section.,Country or coastal grouping for the candidate.
files/main_figures/Figure_1_source_data.csv,provider_id,string,identifier,Blank/null means missing or not applicable under the source contract; numeric zero remains an observed zero unless the named source field defines otherwise.,Stable identifier within the named source or project scope.
files/main_figures/Figure_1_source_data.csv,data_available,boolean_or_binary,true/false,Blank/null means missing or not applicable under the source contract; numeric zero remains an observed zero unless the named source field defines otherwise.,Retained source field; consult the source-specific method and provenance matrix.
files/main_figures/Figure_1_source_data.csv,analysis_executed,boolean_or_binary,true/false,Blank/null means missing or not applicable under the source contract; numeric zero remains an observed zero unless the named source field defines otherwise.,Retained source field; consult the source-specific method and provenance matrix.
files/main_figures/Figure_1_source_data.csv,included_in_current_main_text,boolean_or_binary,true/false,Blank/null means missing or not applicable under the source contract; numeric zero remains an observed zero unless the named source field defines otherwise.,Retained source field; consult the source-specific method and provenance matrix.
files/main_figures/Figure_1_source_data.csv,row_order,integer,source-native or not applicable,Blank/null means missing or not applicable under the source contract; numeric zero remains an observed zero unless the named source field defines otherwise.,Retained source field; consult the source-specific method and provenance matrix.
files/main_figures/Figure_1_source_data.csv,window_id,string,identifier,Blank/null means missing or not applicable under the source contract; numeric zero remains an observed zero unless the named source field defines otherwise.,Stable identifier within the named source or project scope.
files/main_figures/Figure_1_source_data.csv,window_order,integer,source-native or not applicable,Blank/null means missing or not applicable under the source contract; numeric zero remains an observed zero unless the named source field defines otherwise.,Retained source field; consult the source-specific method and provenance matrix.
files/main_figures/Figure_1_source_data.csv,relative_change_vs_2026_long_baseline_percent,number,%,Blank/null means missing or not applicable under the source contract; numeric zero remains an observed zero unless the named source field defines otherwise.,Percentage quantity; denominator is defined by the named comparison.
files/main_figures/Figure_1_source_data.csv,direction_class,string,source-native or not applicable,Blank/null means missing or not applicable under the source contract; numeric zero remains an observed zero unless the named source field defines otherwise.,Retained source field; consult the source-specific method and provenance matrix.
files/main_figures/Figure_1_source_data.csv,missing_reason,string,source-native or not applicable,Blank/null means missing or not applicable under the source contract; numeric zero remains an observed zero unless the named source field defines otherwise.,Retained source field; consult the source-specific method and provenance matrix.
files/main_figures/Figure_1_source_data.csv,comparison_id,string,identifier,Blank/null means missing or not applicable under the source contract; numeric zero remains an observed zero unless the named source field defines otherwise.,Stable identifier within the named source or project scope.
files/main_figures/Figure_1_source_data.csv,unit,string,source-native or not applicable,Blank/null means missing or not applicable under the source contract; numeric zero remains an observed zero unless the named source field defines otherwise.,Retained source field; consult the source-specific method and provenance matrix.
files/main_figures/Figure_1_source_data.csv,aoi_id,string,identifier,Blank/null means missing or not applicable under the source contract; numeric zero remains an observed zero unless the named source field defines otherwise.,Stable identifier within the named source or project scope.
files/main_figures/Figure_1_source_data.csv,acquisition_time_utc,string,UTC/ISO 8601,Blank/null means missing or not applicable under the source contract; numeric zero remains an observed zero unless the named source field defines otherwise.,UTC date or acquisition time.
files/main_figures/Figure_1_source_data.csv,plot_date,string,UTC/ISO 8601,Blank/null means missing or not applicable under the source contract; numeric zero remains an observed zero unless the named source field defines otherwise.,UTC date or acquisition time.
files/main_figures/Figure_1_source_data.csv,year,integer,source-native or not applicable,Blank/null means missing or not applicable under the source contract; numeric zero remains an observed zero unless the named source field defines otherwise.,Retained source field; consult the source-specific method and provenance matrix.
files/main_figures/Figure_1_source_data.csv,window,string,source-native or not applicable,Blank/null means missing or not applicable under the source contract; numeric zero remains an observed zero unless the named source field defines otherwise.,Retained source field; consult the source-specific method and provenance matrix.
files/main_figures/Figure_1_source_data.csv,fold,string,source-native or not applicable,Blank/null means missing or not applicable under the source contract; numeric zero remains an observed zero unless the named source field defines otherwise.,Retained source field; consult the source-specific method and provenance matrix.
files/main_figures/Figure_1_source_data.csv,objectness_threshold,number,source-native or not applicable,Blank/null means missing or not applicable under the source contract; numeric zero remains an observed zero unless the named source field defines otherwise.,Retained source field; consult the source-specific method and provenance matrix.
files/main_figures/Figure_1_source_data.csv,length_stratum,string,source-native or not applicable,Blank/null means missing or not applicable under the source contract; numeric zero remains an observed zero unless the named source field defines otherwise.,Retained source field; consult the source-specific method and provenance matrix.
files/main_figures/Figure_1_source_data.csv,valid_coverage_fraction,number,fraction 0-1,Blank/null means missing or not applicable under the source contract; numeric zero remains an observed zero unless the named source field defines otherwise.,Coverage fraction under the pre-specified QA definition.
files/main_figures/Figure_1_source_data.csv,valid_nonexcluded_water_area_km2,number,km2,Blank/null means missing or not applicable under the source contract; numeric zero remains an observed zero unless the named source field defines otherwise.,Area in square kilometres.
files/main_figures/Figure_1_source_data.csv,vessel_like_label_count,integer,count,Blank/null means missing or not applicable under the source contract; numeric zero remains an observed zero unless the named source field defines otherwise.,Count under the source-specific denominator.
files/main_figures/Figure_1_source_data.csv,vessel_like_density_per_100_km2,number,vessel-like labels per 100 km2,Blank/null means missing or not applicable under the source contract; numeric zero remains an observed zero unless the named source field defines otherwise.,"""SAR-derived vessel-like-label density, not a verified vessel count."""
files/main_figures/Figure_2_source_data.csv,source_section,string,source-native or not applicable,Blank/null means missing or not applicable under the source contract; numeric zero remains an observed zero unless the named source field defines otherwise.,Retained source field; consult the source-specific method and provenance matrix.
files/main_figures/Figure_2_source_data.csv,utc_date,string,UTC/ISO 8601,Blank/null means missing or not applicable under the source contract; numeric zero remains an observed zero unless the named source field defines otherwise.,UTC date or acquisition time.
files/main_figures/Figure_2_source_data.csv,fixed_window,string,source-native or not applicable,Blank/null means missing or not applicable under the source contract; numeric zero remains an observed zero unless the named source field defines otherwise.,Retained source field; consult the source-specific method and provenance matrix.
files/main_figures/Figure_2_source_data.csv,portwatch_current_calls,number,source-native or not applicable,Blank/null means missing or not applicable under the source contract; numeric zero remains an observed zero unless the named source field defines otherwise.,Retained source field; consult the source-specific method and provenance matrix.
files/main_figures/Figure_2_source_data.csv,portwatch_historical_same_calendar_mean,number,source-native or not applicable,Blank/null means missing or not applicable under the source contract; numeric zero remains an observed zero unless the named source field defines otherwise.,Retained source field; consult the source-specific method and provenance matrix.
files/main_figures/Figure_2_source_data.csv,record_type,string,source-native or not applicable,Blank/null means missing or not applicable under the source contract; numeric zero remains an observed zero unless the named source field defines otherwise.,Retained source field; consult the source-specific method and provenance matrix.
files/main_figures/Figure_2_source_data.csv,pair_id,string,identifier,Blank/null means missing or not applicable under the source contract; numeric zero remains an observed zero unless the named source field defines otherwise.,Stable identifier within the named source or project scope.
files/main_figures/Figure_2_source_data.csv,platform,string,source-native or not applicable,Blank/null means missing or not applicable under the source contract; numeric zero remains an observed zero unless the named source field defines otherwise.,Retained source field; consult the source-specific method and provenance matrix.
files/main_figures/Figure_2_source_data.csv,orbit_direction,string,source-native or not applicable,Blank/null means missing or not applicable under the source contract; numeric zero remains an observed zero unless the named source field defines otherwise.,Retained source field; consult the source-specific method and provenance matrix.
files/main_figures/Figure_2_source_data.csv,relative_orbit_number,number,source-native or not applicable,Blank/null means missing or not applicable under the source contract; numeric zero remains an observed zero unless the named source field defines otherwise.,Retained source field; consult the source-specific method and provenance matrix.
files/main_figures/Figure_2_source_data.csv,scene_group_count,number,count,Blank/null means missing or not applicable under the source contract; numeric zero remains an observed zero unless the named source field defines otherwise.,Count under the source-specific denominator.
files/main_figures/Figure_2_source_data.csv,minimum_matched_historical_year_count,number,count,Blank/null means missing or not applicable under the source contract; numeric zero remains an observed zero unless the named source field defines otherwise.,Count under the source-specific denominator.
files/main_figures/Figure_2_source_data.csv,primary_timeline_eligible,boolean_or_binary,true/false,Blank/null means missing or not applicable under the source contract; numeric zero remains an observed zero unless the named source field defines otherwise.,UTC date or acquisition time.
files/main_figures/Figure_2_source_data.csv,sar_current_density_per_100_km2,number,vessel-like labels per 100 km2,Blank/null means missing or not applicable under the source contract; numeric zero remains an observed zero unless the named source field defines otherwise.,"""SAR-derived vessel-like-label density, not a verified vessel count."""
files/main_figures/Figure_2_source_data.csv,sar_historical_matched_median_density_per_100_km2,number,vessel-like labels per 100 km2,Blank/null means missing or not applicable under the source contract; numeric zero remains an observed zero unless the named source field defines otherwise.,"""SAR-derived vessel-like-label density, not a verified vessel count."""
files/main_figures/Figure_2_source_data.csv,matching_tolerance_days,number,source-native or not applicable,Blank/null means missing or not applicable under the source contract; numeric zero remains an observed zero unless the named source field defines otherwise.,Retained source field; consult the source-specific method and provenance matrix.
files/main_figures/Figure_2_source_data.csv,analysis_id,string,identifier,Blank/null means missing or not applicable under the source contract; numeric zero remains an observed zero unless the named source field defines otherwise.,Stable identifier within the named source or project scope.
files/main_figures/Figure_2_source_data.csv,buffer_km,number,source-native or not applicable,Blank/null means missing or not applicable under the source contract; numeric zero remains an observed zero unless the named source field defines otherwise.,Retained source field; consult the source-specific method and provenance matrix.
files/main_figures/Figure_2_source_data.csv,phase,string,source-native or not applicable,Blank/null means missing or not applicable under the source contract; numeric zero remains an observed zero unless the named source field defines otherwise.,Retained source field; consult the source-specific method and provenance matrix.
files/main_figures/Figure_2_source_data.csv,phase_label,string,source-native or not applicable,Blank/null means missing or not applicable under the source contract; numeric zero remains an observed zero unless the named source field defines otherwise.,Retained source field; consult the source-specific method and provenance matrix.
files/main_figures/Figure_2_source_data.csv,calendar_days_2026,number,source-native or not applicable,Blank/null means missing or not applicable under the source contract; numeric zero remains an observed zero unless the named source field defines otherwise.,Retained source field; consult the source-specific method and provenance matrix.
files/main_figures/Figure_2_source_data.csv,no2_valid_days_2026,number,source-native or not applicable,Blank/null means missing or not applicable under the source contract; numeric zero remains an observed zero unless the named source field defines otherwise.,Retained source field; consult the source-specific method and provenance matrix.
files/main_figures/Figure_2_source_data.csv,no2_missing_or_ineligible_days_2026,number,source-native or not applicable,Blank/null means missing or not applicable under the source contract; numeric zero remains an observed zero unless the named source field defines otherwise.,Retained source field; consult the source-specific method and provenance matrix.
files/main_figures/Figure_2_source_data.csv,no2_mean_anomaly_mol_m2,number,mol m-2,Blank/null means missing or not applicable under the source contract; numeric zero remains an observed zero unless the named source field defines otherwise.,Tropospheric NO2 column quantity; not a surface concentration or exposure.
files/main_figures/Figure_2_source_data.csv,no2_median_anomaly_mol_m2,number,mol m-2,Blank/null means missing or not applicable under the source contract; numeric zero remains an observed zero unless the named source field defines otherwise.,Tropospheric NO2 column quantity; not a surface concentration or exposure.
files/main_figures/Figure_2_source_data.csv,no2_equal_year_historical_mean_mol_m2,number,mol m-2,Blank/null means missing or not applicable under the source contract; numeric zero remains an observed zero unless the named source field defines otherwise.,Tropospheric NO2 column quantity; not a surface concentration or exposure.
files/main_figures/Figure_2_source_data.csv,no2_change_vs_historical_mol_m2,number,source-native or not applicable,Blank/null means missing or not applicable under the source contract; numeric zero remains an observed zero unless the named source field defines otherwise.,Retained source field; consult the source-specific method and provenance matrix.
files/main_figures/Figure_2_source_data.csv,no2_percent_change_vs_historical,number,%,Blank/null means missing or not applicable under the source contract; numeric zero remains an observed zero unless the named source field defines otherwise.,Percentage quantity; denominator is defined by the named comparison.
files/main_figures/Figure_2_source_data.csv,no2_mean_leave_2026_03_17_out_mol_m2,number,mol m-2,Blank/null means missing or not applicable under the source contract; numeric zero remains an observed zero unless the named source field defines otherwise.,Tropospheric NO2 column quantity; not a surface concentration or exposure.
files/main_figures/Figure_2_source_data.csv,no2_leave_march17_percent_change_from_primary_mean,number,%,Blank/null means missing or not applicable under the source contract; numeric zero remains an observed zero unless the named source field defines otherwise.,Tropospheric NO2 column quantity; not a surface concentration or exposure.
files/main_figures/Figure_2_source_data.csv,mean_population_coverage_fraction,number,fraction 0-1,Blank/null means missing or not applicable under the source contract; numeric zero remains an observed zero unless the named source field defines otherwise.,Coverage fraction under the pre-specified QA definition.
files/main_figures/Figure_2_source_data.csv,meteorological_normalization_reliable_all_valid_days,number,source-native or not applicable,Blank/null means missing or not applicable under the source contract; numeric zero remains an observed zero unless the named source field defines otherwise.,Retained source field; consult the source-specific method and provenance matrix.
files/main_figures/Figure_2_source_data.csv,historical_valid_days_by_year_json,string,source-native or not applicable,Blank/null means missing or not applicable under the source contract; numeric zero remains an observed zero unless the named source field defines otherwise.,Retained source field; consult the source-specific method and provenance matrix.
files/main_figures/Figure_2_source_data.csv,no2_current_bootstrap_ci95_lower,number,source-native or not applicable,Blank/null means missing or not applicable under the source contract; numeric zero remains an observed zero unless the named source field defines otherwise.,Retained source field; consult the source-specific method and provenance matrix.
files/main_figures/Figure_2_source_data.csv,no2_current_bootstrap_ci95_upper,number,source-native or not applicable,Blank/null means missing or not applicable under the source contract; numeric zero remains an observed zero unless the named source field defines otherwise.,Retained source field; consult the source-specific method and provenance matrix.
files/main_figures/Figure_2_source_data.csv,no2_change_vs_historical_bootstrap_ci95_lower,number,source-native or not applicable,Blank/null means missing or not applicable under the source contract; numeric zero remains an observed zero unless the named source field defines otherwise.,Retained source field; consult the source-specific method and provenance matrix.
files/main_figures/Figure_2_source_data.csv,no2_change_vs_historical_bootstrap_ci95_upper,number,source-native or not applicable,Blank/null means missing or not applicable under the source contract; numeric zero remains an observed zero unless the named source field defines otherwise.,Retained source field; consult the source-specific method and provenance matrix.
files/main_figures/Figure_2_source_data.csv,no2_percent_change_vs_historical_bootstrap_ci95_lower,number,%,Blank/null means missing or not applicable under the source contract; numeric zero remains an observed zero unless the named source field defines otherwise.,Percentage quantity; denominator is defined by the named comparison.
files/main_figures/Figure_2_source_data.csv,no2_percent_change_vs_historical_bootstrap_ci95_upper,number,%,Blank/null means missing or not applicable under the source contract; numeric zero remains an observed zero unless the named source field defines otherwise.,Percentage quantity; denominator is defined by the named comparison.
files/main_figures/Figure_2_source_data.csv,no2_direction_vs_historical,string,source-native or not applicable,Blank/null means missing or not applicable under the source contract; numeric zero remains an observed zero unless the named source field defines otherwise.,Retained source field; consult the source-specific method and provenance matrix.
files/main_figures/Figure_2_source_data.csv,no2_bootstrap_interval_excludes_zero,number,source-native or not applicable,Blank/null means missing or not applicable under the source contract; numeric zero remains an observed zero unless the named source field defines otherwise.,Retained source field; consult the source-specific method and provenance matrix.
files/main_figures/Figure_2_source_data.csv,year,number,source-native or not applicable,Blank/null means missing or not applicable under the source contract; numeric zero remains an observed zero unless the named source field defines otherwise.,Retained source field; consult the source-specific method and provenance matrix.
files/main_figures/Figure_2_source_data.csv,year_role,string,source-native or not applicable,Blank/null means missing or not applicable under the source contract; numeric zero remains an observed zero unless the named source field defines otherwise.,Retained source field; consult the source-specific method and provenance matrix.
files/main_figures/Figure_2_source_data.csv,tolerance_days,number,source-native or not applicable,Blank/null means missing or not applicable under the source contract; numeric zero remains an observed zero unless the named source field defines otherwise.,Retained source field; consult the source-specific method and provenance matrix.
files/main_figures/Figure_2_source_data.csv,port_baseline_calendar_days,number,source-native or not applicable,Blank/null means missing or not applicable under the source contract; numeric zero remains an observed zero unless the named source field defines otherwise.,Retained source field; consult the source-specific method and provenance matrix.
files/main_figures/Figure_2_source_data.csv,port_baseline_valid_days,number,source-native or not applicable,Blank/null means missing or not applicable under the source contract; numeric zero remains an observed zero unless the named source field defines otherwise.,Retained source field; consult the source-specific method and provenance matrix.
files/main_figures/Figure_2_source_data.csv,port_baseline_missing_days,number,source-native or not applicable,Blank/null means missing or not applicable under the source contract; numeric zero remains an observed zero unless the named source field defines otherwise.,Retained source field; consult the source-specific method and provenance matrix.
files/main_figures/Figure_2_source_data.csv,port_baseline_zero_days,number,source-native or not applicable,Blank/null means missing or not applicable under the source contract; numeric zero remains an observed zero unless the named source field defines otherwise.,Retained source field; consult the source-specific method and provenance matrix.
files/main_figures/Figure_2_source_data.csv,port_baseline_mean_calls_per_day,number,source-native or not applicable,Blank/null means missing or not applicable under the source contract; numeric zero remains an observed zero unless the named source field defines otherwise.,Retained source field; consult the source-specific method and provenance matrix.
files/main_figures/Figure_2_source_data.csv,port_acute_calendar_days,number,source-native or not applicable,Blank/null means missing or not applicable under the source contract; numeric zero remains an observed zero unless the named source field defines otherwise.,Retained source field; consult the source-specific method and provenance matrix.
files/main_figures/Figure_2_source_data.csv,port_acute_valid_days,number,source-native or not applicable,Blank/null means missing or not applicable under the source contract; numeric zero remains an observed zero unless the named source field defines otherwise.,Retained source field; consult the source-specific method and provenance matrix.
files/main_figures/Figure_2_source_data.csv,port_acute_missing_days,number,source-native or not applicable,Blank/null means missing or not applicable under the source contract; numeric zero remains an observed zero unless the named source field defines otherwise.,Retained source field; consult the source-specific method and provenance matrix.
files/main_figures/Figure_2_source_data.csv,port_acute_zero_days,number,source-native or not applicable,Blank/null means missing or not applicable under the source contract; numeric zero remains an observed zero unless the named source field defines otherwise.,Retained source field; consult the source-specific method and provenance matrix.
files/main_figures/Figure_2_source_data.csv,port_acute_mean_calls_per_day,number,source-native or not applicable,Blank/null means missing or not applicable under the source contract; numeric zero remains an observed zero unless the named source field defines otherwise.,Retained source field; consult the source-specific method and provenance matrix.
files/main_figures/Figure_2_source_data.csv,port_change_calls_per_day,number,source-native or not applicable,Blank/null means missing or not applicable under the source contract; numeric zero remains an observed zero unless the named source field defines otherwise.,Retained source field; consult the source-specific method and provenance matrix.
files/main_figures/Figure_2_source_data.csv,port_percent_change,number,%,Blank/null means missing or not applicable under the source contract; numeric zero remains an observed zero unless the named source field defines otherwise.,Percentage quantity; denominator is defined by the named comparison.
files/main_figures/Figure_2_source_data.csv,port_percent_status,string,category,Blank/null means the row does not contain this status.,Status indicating whether the PortWatch percentage contrast is assessable.
files/main_figures/Figure_2_source_data.csv,sar_baseline_eligible_dates,number,count,Blank/null means the row does not contain this SAR summary; numeric zero is an observed count of zero.,Number of eligible Sentinel-1 dates in the baseline phase.
files/main_figures/Figure_2_source_data.csv,sar_baseline_relative_orbits,number,source-native or not applicable,Blank/null means missing or not applicable under the source contract; numeric zero remains an observed zero unless the named source field defines otherwise.,Retained source field; consult the source-specific method and provenance matrix.
files/main_figures/Figure_2_source_data.csv,sar_baseline_median_labels_per_100_km2,number,source-native or not applicable,Blank/null means missing or not applicable under the source contract; numeric zero remains an observed zero unless the named source field defines otherwise.,Retained source field; consult the source-specific method and provenance matrix.
files/main_figures/Figure_2_source_data.csv,sar_acute_eligible_dates,number,count,Blank/null means the row does not contain this SAR summary; numeric zero is an observed count of zero.,Number of eligible Sentinel-1 dates in the acute phase.
files/main_figures/Figure_2_source_data.csv,sar_acute_relative_orbits,number,source-native or not applicable,Blank/null means missing or not applicable under the source contract; numeric zero remains an observed zero unless the named source field defines otherwise.,Retained source field; consult the source-specific method and provenance matrix.
files/main_figures/Figure_2_source_data.csv,sar_acute_median_labels_per_100_km2,number,source-native or not applicable,Blank/null means missing or not applicable under the source contract; numeric zero remains an observed zero unless the named source field defines otherwise.,Retained source field; consult the source-specific method and provenance matrix.
files/main_figures/Figure_2_source_data.csv,sar_change_labels_per_100_km2,number,source-native or not applicable,Blank/null means missing or not applicable under the source contract; numeric zero remains an observed zero unless the named source field defines otherwise.,Retained source field; consult the source-specific method and provenance matrix.
files/main_figures/Figure_2_source_data.csv,sar_percent_change,number,%,Blank/null means missing or not applicable under the source contract; numeric zero remains an observed zero unless the named source field defines otherwise.,Percentage quantity; denominator is defined by the named comparison.
files/main_figures/Figure_2_source_data.csv,port_ci95_lower,number,source-native or not applicable,Blank/null means missing or not applicable under the source contract; numeric zero remains an observed zero unless the named source field defines otherwise.,Retained source field; consult the source-specific method and provenance matrix.
files/main_figures/Figure_2_source_data.csv,port_ci95_median,number,source-native or not applicable,Blank/null means missing or not applicable under the source contract; numeric zero remains an observed zero unless the named source field defines otherwise.,Retained source field; consult the source-specific method and provenance matrix.
files/main_figures/Figure_2_source_data.csv,port_ci95_upper,number,source-native or not applicable,Blank/null means missing or not applicable under the source contract; numeric zero remains an observed zero unless the named source field defines otherwise.,Retained source field; consult the source-specific method and provenance matrix.
files/main_figures/Figure_2_source_data.csv,sar_ci95_lower,number,source-native or not applicable,Blank/null means missing or not applicable under the source contract; numeric zero remains an observed zero unless the named source field defines otherwise.,Retained source field; consult the source-specific method and provenance matrix.
files/main_figures/Figure_2_source_data.csv,sar_ci95_median,number,source-native or not applicable,Blank/null means missing or not applicable under the source contract; numeric zero remains an observed zero unless the named source field defines otherwise.,Retained source field; consult the source-specific method and provenance matrix.
files/main_figures/Figure_2_source_data.csv,sar_ci95_upper,number,source-native or not applicable,Blank/null means missing or not applicable under the source contract; numeric zero remains an observed zero unless the named source field defines otherwise.,Retained source field; consult the source-specific method and provenance matrix.
files/main_figures/Figure_2_source_data.csv,contrast_id,string,identifier,Blank/null means missing or not applicable under the source contract; numeric zero remains an observed zero unless the named source field defines otherwise.,Stable identifier within the named source or project scope.
files/main_figures/Figure_2_source_data.csv,q025,number,source-native or not applicable,Blank/null means missing or not applicable under the source contract; numeric zero remains an observed zero unless the named source field defines otherwise.,Retained source field; consult the source-specific method and provenance matrix.
files/main_figures/Figure_2_source_data.csv,q500,number,source-native or not applicable,Blank/null means missing or not applicable under the source contract; numeric zero remains an observed zero unless the named source field defines otherwise.,Retained source field; consult the source-specific method and provenance matrix.
files/main_figures/Figure_2_source_data.csv,q975,number,source-native or not applicable,Blank/null means missing or not applicable under the source contract; numeric zero remains an observed zero unless the named source field defines otherwise.,Retained source field; consult the source-specific method and provenance matrix.
files/main_figures/Figure_2_source_data.csv,effective_replicates,number,source-native or not applicable,Blank/null means missing or not applicable under the source contract; numeric zero remains an observed zero unless the named source field defines otherwise.,Retained source field; consult the source-specific method and provenance matrix.
files/main_figures/Figure_2_source_data.csv,bootstrap_seed,number,source-native or not applicable,Blank/null means missing or not applicable under the source contract; numeric zero remains an observed zero unless the named source field defines otherwise.,Retained source field; consult the source-specific method and provenance matrix.
files/main_figures/Figure_2_source_data.csv,post_result_selected_case,number,source-native or not applicable,Blank/null means missing or not applicable under the source contract; numeric zero remains an observed zero unless the named source field defines otherwise.,Retained source field; consult the source-specific method and provenance matrix.
files/supplementary_figures/Supplementary_Figure_1_source_data.csv,panel,string,source-native or not applicable,Blank/null means missing or not applicable under the source contract; numeric zero remains an observed zero unless the named source field defines otherwise.,Retained source field; consult the source-specific method and provenance matrix.
files/supplementary_figures/Supplementary_Figure_1_source_data.csv,record_type,string,source-native or not applicable,Blank/null means missing or not applicable under the source contract; numeric zero remains an observed zero unless the named source field defines otherwise.,Retained source field; consult the source-specific method and provenance matrix.
files/supplementary_figures/Supplementary_Figure_1_source_data.csv,acquisition_date,string,UTC/ISO 8601,Blank/null means missing or not applicable under the source contract; numeric zero remains an observed zero unless the named source field defines otherwise.,UTC date or acquisition time.
files/supplementary_figures/Supplementary_Figure_1_source_data.csv,bootstrap_ci95_excludes_zero,boolean_or_binary,true/false,Blank/null means the field is not applicable to that record type; zero and false are observed values.,Whether the pre-specified bootstrap 95% interval excludes zero.
files/supplementary_figures/Supplementary_Figure_1_source_data.csv,bootstrap_ci95_lower,number,vessel-like labels per 100 km2,Blank/null means the field is not applicable to that record type; zero and false are observed values.,Lower endpoint of the bootstrap 95% interval for the within-year density difference.
files/supplementary_figures/Supplementary_Figure_1_source_data.csv,bootstrap_ci95_upper,number,vessel-like labels per 100 km2,Blank/null means the field is not applicable to that record type; zero and false are observed values.,Upper endpoint of the bootstrap 95% interval for the within-year density difference.
files/supplementary_figures/Supplementary_Figure_1_source_data.csv,count,integer,count,Blank/null means missing or not applicable under the source contract; numeric zero remains an observed zero unless the named source field defines otherwise.,Count under the source-specific denominator.
files/supplementary_figures/Supplementary_Figure_1_source_data.csv,current_2026_scene_count,integer,count,Blank/null means the field is not applicable to that record type; zero and false are observed values.,Number of eligible 2026 Sentinel-1 scenes in the specified event window.
files/supplementary_figures/Supplementary_Figure_1_source_data.csv,current_density_per_100_km2,number,vessel-like labels per 100 km2,Blank/null means the field is not applicable to that record type; zero and false are observed values.,Median SAR-derived vessel-like-label density in the specified 2026 window.
files/supplementary_figures/Supplementary_Figure_1_source_data.csv,denominator,integer,source-native or not applicable,Blank/null means missing or not applicable under the source contract; numeric zero remains an observed zero unless the named source field defines otherwise.,Retained source field; consult the source-specific method and provenance matrix.
files/supplementary_figures/Supplementary_Figure_1_source_data.csv,difference_from_jan_feb_2026_density_per_100_km2,number,vessel-like labels per 100 km2,Blank/null means the field is not applicable to that record type; zero and false are observed values.,Difference from the January-February 2026 reference density.
files/supplementary_figures/Supplementary_Figure_1_source_data.csv,direction,string,source-native or not applicable,Blank/null means missing or not applicable under the source contract; numeric zero remains an observed zero unless the named source field defines otherwise.,Retained source field; consult the source-specific method and provenance matrix.
files/supplementary_figures/Supplementary_Figure_1_source_data.csv,fold,string,identifier,Blank/null means the field is not applicable to that record type; zero and false are observed values.,Pre-specified detector model fold used in the sensitivity analysis.
files/supplementary_figures/Supplementary_Figure_1_source_data.csv,fraction,number,source-native or not applicable,Blank/null means missing or not applicable under the source contract; numeric zero remains an observed zero unless the named source field defines otherwise.,Retained source field; consult the source-specific method and provenance matrix.
files/supplementary_figures/Supplementary_Figure_1_source_data.csv,independent_count,integer,count,Blank/null means missing or not applicable under the source contract; numeric zero remains an observed zero unless the named source field defines otherwise.,Count under the source-specific denominator.
files/supplementary_figures/Supplementary_Figure_1_source_data.csv,interpretation_limit,string,source-native or not applicable,Blank/null means missing or not applicable under the source contract; numeric zero remains an observed zero unless the named source field defines otherwise.,Retained source field; consult the source-specific method and provenance matrix.
files/supplementary_figures/Supplementary_Figure_1_source_data.csv,length_stratum,string,metres or category,Blank/null means the field is not applicable to that record type; zero and false are observed values.,Predicted-length subset used in the sensitivity analysis.
files/supplementary_figures/Supplementary_Figure_1_source_data.csv,matching_radius_m,integer,source-native or not applicable,Blank/null means missing or not applicable under the source contract; numeric zero remains an observed zero unless the named source field defines otherwise.,Retained source field; consult the source-specific method and provenance matrix.
files/supplementary_figures/Supplementary_Figure_1_source_data.csv,method,string,source-native or not applicable,Blank/null means missing or not applicable under the source contract; numeric zero remains an observed zero unless the named source field defines otherwise.,Retained source field; consult the source-specific method and provenance matrix.
files/supplementary_figures/Supplementary_Figure_1_source_data.csv,objectness_threshold,number,probability threshold,Blank/null means the field is not applicable to that record type; zero and false are observed values.,Pre-specified detector objectness threshold used for the sensitivity estimate.
files/supplementary_figures/Supplementary_Figure_1_source_data.csv,orbit_direction,string,source-native or not applicable,Blank/null means missing or not applicable under the source contract; numeric zero remains an observed zero unless the named source field defines otherwise.,Retained source field; consult the source-specific method and provenance matrix.
files/supplementary_figures/Supplementary_Figure_1_source_data.csv,platform,string,source-native or not applicable,Blank/null means missing or not applicable under the source contract; numeric zero remains an observed zero unless the named source field defines otherwise.,Retained source field; consult the source-specific method and provenance matrix.
files/supplementary_figures/Supplementary_Figure_1_source_data.csv,primary_count,integer,count,Blank/null means missing or not applicable under the source contract; numeric zero remains an observed zero unless the named source field defines otherwise.,Count under the source-specific denominator.
files/supplementary_figures/Supplementary_Figure_1_source_data.csv,reference_period,string,UTC date interval,Blank/null means the field is not applicable to that record type; zero and false are observed values.,Within-year January-February 2026 reference period.
files/supplementary_figures/Supplementary_Figure_1_source_data.csv,relative_orbit_number,integer,source-native or not applicable,Blank/null means missing or not applicable under the source contract; numeric zero remains an observed zero unless the named source field defines otherwise.,Retained source field; consult the source-specific method and provenance matrix.
files/supplementary_figures/Supplementary_Figure_1_source_data.csv,scene_order,integer,source-native or not applicable,Blank/null means missing or not applicable under the source contract; numeric zero remains an observed zero unless the named source field defines otherwise.,Retained source field; consult the source-specific method and provenance matrix.
files/supplementary_figures/Supplementary_Figure_1_source_data.csv,sensitivity_dimension,string,not applicable,Blank/null means the field is not applicable to that record type; zero and false are observed values.,Detector setting varied in the pre-specified sensitivity analysis.
files/supplementary_figures/Supplementary_Figure_1_source_data.csv,setting_label,string,not applicable,Blank/null means the field is not applicable to that record type; zero and false are observed values.,Display label for the detector sensitivity setting.
files/supplementary_figures/Supplementary_Figure_1_source_data.csv,setting_order,integer,ordinal,Blank/null means the field is not applicable to that record type; zero and false are observed values.,Ordering index for detector sensitivity settings.
files/supplementary_figures/Supplementary_Figure_1_source_data.csv,spearman_rho,number,source-native or not applicable,Blank/null means missing or not applicable under the source contract; numeric zero remains an observed zero unless the named source field defines otherwise.,Retained source field; consult the source-specific method and provenance matrix.
files/supplementary_figures/Supplementary_Figure_1_source_data.csv,validation_period,string,source-native or not applicable,Blank/null means missing or not applicable under the source contract; numeric zero remains an observed zero unless the named source field defines otherwise.,Retained source field; consult the source-specific method and provenance matrix.
files/supplementary_figures/Supplementary_Figure_1_source_data.csv,window,string,identifier,Blank/null means the field is not applicable to that record type; zero and false are observed values.,Identifier for the evaluated event window.
files/supplementary_figures/Supplementary_Figure_1_source_data.csv,window_label,string,UTC date interval,Blank/null means the field is not applicable to that record type; zero and false are observed values.,Display label for the evaluated event window.
files/supplementary_figures/Supplementary_Figure_2_source_data.csv,panel,string,category,This field is never blank.,Supplementary Figure 2 panel identifier.
files/supplementary_figures/Supplementary_Figure_2_source_data.csv,record_type,string,category,This field is never blank.,Type of public provenance record.
files/supplementary_figures/Supplementary_Figure_2_source_data.csv,item,string,identifier,This field is never blank.,Geometry or image-context item identifier.
files/supplementary_figures/Supplementary_Figure_2_source_data.csv,value,number,source-native,Blank means the contextual record has no scalar value.,Area or derived model score stated in the unit field.
files/supplementary_figures/Supplementary_Figure_2_source_data.csv,unit,string,category,This field is never blank.,Unit or semantic role of value.
files/supplementary_figures/Supplementary_Figure_2_source_data.csv,public_geometry_path,string,repository-relative path,This field is never blank.,Path to the included project-authored analytical geometry.
files/supplementary_figures/Supplementary_Figure_2_source_data.csv,provider_collection_id,string,identifier,The literal not_applicable means the record is not derived from a satellite collection.,Official Earth Engine collection identifier.
files/supplementary_figures/Supplementary_Figure_2_source_data.csv,provider_product_id,string,identifier,The literal individual_scene_ids_not_retained_for_median_composite discloses that the original list was not preserved; not_applicable means no provider product applies.,Exact provider product identifier where retained.
files/supplementary_figures/Supplementary_Figure_2_source_data.csv,acquisition_or_composite_period_utc,string,UTC/ISO 8601 interval,The literal not_applicable means the record has no acquisition date.,Exact SAR acquisition interval or Sentinel-2 composite period.
files/supplementary_figures/Supplementary_Figure_2_source_data.csv,official_catalogue_url,string,URL,This field is never blank.,Official provider or Earth Engine catalogue URL.
files/supplementary_figures/Supplementary_Figure_2_source_data.csv,redistribution_status,string,category,This field is never blank.,Whether the geometry or third-party pixels are redistributed and what derived information is retained.
files/supplementary_figures/Supplementary_Figure_3_source_data.csv,record_type,string,source-native or not applicable,Blank/null means missing or not applicable under the source contract; numeric zero remains an observed zero unless the named source field defines otherwise.,Retained source field; consult the source-specific method and provenance matrix.
files/supplementary_figures/Supplementary_Figure_3_source_data.csv,display_group,string,source-native or not applicable,Blank/null means missing or not applicable under the source contract; numeric zero remains an observed zero unless the named source field defines otherwise.,Retained source field; consult the source-specific method and provenance matrix.
files/supplementary_figures/Supplementary_Figure_3_source_data.csv,display_order_within_group,integer,source-native or not applicable,Blank/null means missing or not applicable under the source contract; numeric zero remains an observed zero unless the named source field defines otherwise.,Retained source field; consult the source-specific method and provenance matrix.
files/supplementary_figures/Supplementary_Figure_3_source_data.csv,country,string,count,Blank/null means missing or not applicable under the source contract; numeric zero remains an observed zero unless the named source field defines otherwise.,Count under the source-specific denominator.
files/supplementary_figures/Supplementary_Figure_3_source_data.csv,ISO3,string,source-native or not applicable,Blank/null means missing or not applicable under the source contract; numeric zero remains an observed zero unless the named source field defines otherwise.,Retained source field; consult the source-specific method and provenance matrix.
files/supplementary_figures/Supplementary_Figure_3_source_data.csv,portid,string,identifier,Blank/null means missing or not applicable under the source contract; numeric zero remains an observed zero unless the named source field defines otherwise.,Stable identifier within the named source or project scope.
files/supplementary_figures/Supplementary_Figure_3_source_data.csv,portname,string,source-native or not applicable,Blank/null means missing or not applicable under the source contract; numeric zero remains an observed zero unless the named source field defines otherwise.,Retained source field; consult the source-specific method and provenance matrix.
files/supplementary_figures/Supplementary_Figure_3_source_data.csv,date,string,UTC/ISO 8601,Blank/null means missing or not applicable under the source contract; numeric zero remains an observed zero unless the named source field defines otherwise.,UTC date or acquisition time.
files/supplementary_figures/Supplementary_Figure_3_source_data.csv,portcalls,integer,provider-defined calls,Blank/null means missing or not applicable under the source contract; numeric zero remains an observed zero unless the named source field defines otherwise.,PortWatch provider-defined port-call measure; not customs throughput.
files/supplementary_figures/Supplementary_Figure_3_source_data.csv,portcalls_2026_7d_mean,number,provider-defined calls,Blank/null means missing or not applicable under the source contract; numeric zero remains an observed zero unless the named source field defines otherwise.,PortWatch provider-defined port-call measure; not customs throughput.
files/supplementary_figures/Supplementary_Figure_3_source_data.csv,historical_equal_year_daily_mean,number,source-native or not applicable,Blank/null means missing or not applicable under the source contract; numeric zero remains an observed zero unless the named source field defines otherwise.,Retained source field; consult the source-specific method and provenance matrix.
files/supplementary_figures/Supplementary_Figure_3_source_data.csv,historical_equal_year_7d_mean,number,source-native or not applicable,Blank/null means missing or not applicable under the source contract; numeric zero remains an observed zero unless the named source field defines otherwise.,Retained source field; consult the source-specific method and provenance matrix.
files/supplementary_figures/Supplementary_Figure_4_source_data.csv,record_type,string,not applicable,Blank/null means the field is not applicable to that record type; zero and false are observed values.,"Row family: SAR sensitivity, NO2 spatial sensitivity, or six-item recurrence."
files/supplementary_figures/Supplementary_Figure_4_source_data.csv,source_component,string,not applicable,Blank/null means the field is not applicable to that record type; zero and false are observed values.,Component label used to select the SAR and PortWatch sensitivity records.
files/supplementary_figures/Supplementary_Figure_4_source_data.csv,analysis_record_type,string,not applicable,Blank/null means the field is not applicable to that record type; zero and false are observed values.,Sensitivity record subtype used by the plotting workflow.
files/supplementary_figures/Supplementary_Figure_4_source_data.csv,omitted_value,string,UTC date or relative-orbit identifier,Blank/null means the field is not applicable to that record type; zero and false are observed values.,Date or relative orbit omitted in the leave-one-out diagnostic.
files/supplementary_figures/Supplementary_Figure_4_source_data.csv,matching_tolerance_days,integer,days,Blank/null means the field is not applicable to that record type; zero and false are observed values.,Maximum calendar-day separation used for historical SAR matching.
files/supplementary_figures/Supplementary_Figure_4_source_data.csv,sar_change,number,vessel-like labels per 100 km2,Blank/null means the field is not applicable to that record type; zero and false are observed values.,Change in SAR-derived vessel-like-label density in a leave-one-out diagnostic.
files/supplementary_figures/Supplementary_Figure_4_source_data.csv,port_change,number,calls per day,Blank/null means the field is not applicable to that record type; zero and false are observed values.,Change in PortWatch calls per day in a leave-one-out diagnostic.
files/supplementary_figures/Supplementary_Figure_4_source_data.csv,acute_sar_percent_change_vs_matched_historical,number,%,Blank/null means the field is not applicable to that record type; zero and false are observed values.,Acute-period SAR density change relative to date-matched historical observations.
files/supplementary_figures/Supplementary_Figure_4_source_data.csv,acute_portwatch_all_days_percent_change_vs_historical,number,%,Blank/null means the field is not applicable to that record type; zero and false are observed values.,Acute-period PortWatch calls-per-day change relative to equal-year historical values.
files/supplementary_figures/Supplementary_Figure_4_source_data.csv,analysis_id,string,identifier,Blank/null means the field is not applicable to that record type; zero and false are observed values.,Identifier for the fixed NO2 spatial analysis domain.
files/supplementary_figures/Supplementary_Figure_4_source_data.csv,buffer_km,integer,km,Blank/null means the field is not applicable to that record type; zero and false are observed values.,Radius of the fixed NO2 analysis domain.
files/supplementary_figures/Supplementary_Figure_4_source_data.csv,phase,string,not applicable,Blank/null means the field is not applicable to that record type; zero and false are observed values.,Event phase for the NO2 spatial-sensitivity estimate.
files/supplementary_figures/Supplementary_Figure_4_source_data.csv,no2_change_vs_historical_mol_m2,number,mol m-2,Blank/null means the field is not applicable to that record type; zero and false are observed values.,Difference in mean tropospheric NO2 column anomaly between 2026 and the equal-year 2022-2025 reference.
files/supplementary_figures/Supplementary_Figure_4_source_data.csv,no2_change_vs_historical_bootstrap_ci95_lower,number,mol m-2,Blank/null means the field is not applicable to that record type; zero and false are observed values.,Lower endpoint of the 95% UTC-week cluster-bootstrap interval for the NO2 difference.
files/supplementary_figures/Supplementary_Figure_4_source_data.csv,no2_change_vs_historical_bootstrap_ci95_upper,number,mol m-2,Blank/null means the field is not applicable to that record type; zero and false are observed values.,Upper endpoint of the 95% UTC-week cluster-bootstrap interval for the NO2 difference.
files/supplementary_figures/Supplementary_Figure_4_source_data.csv,year,integer,calendar year,Blank/null means the field is not applicable to that record type; zero and false are observed values.,Year represented by a six-item directional recurrence record.
files/supplementary_figures/Supplementary_Figure_4_source_data.csv,acute_port_below_same_year_baseline,boolean_or_binary,true/false,Blank/null means the field is not applicable to that record type; zero and false are observed values.,Whether acute PortWatch calls per day were below the same-year pre-event baseline.
files/supplementary_figures/Supplementary_Figure_4_source_data.csv,acute_sar_above_same_year_baseline,boolean_or_binary,true/false,Blank/null means the field is not applicable to that record type; zero and false are observed values.,Whether acute SAR vessel-like-label density was above the same-year pre-event baseline.
files/supplementary_figures/Supplementary_Figure_4_source_data.csv,late_phase_port_above_same_year_baseline,boolean_or_binary,true/false,Blank/null means the field is not applicable to that record type; zero and false are observed values.,Whether May-June PortWatch calls per day were above the same-year pre-event baseline.
files/supplementary_figures/Supplementary_Figure_4_source_data.csv,late_phase_sar_above_same_year_baseline,boolean_or_binary,true/false,Blank/null means the field is not applicable to that record type; zero and false are observed values.,Whether May-June SAR vessel-like-label density was above the same-year pre-event baseline.
files/supplementary_figures/Supplementary_Figure_4_source_data.csv,late_phase_no2_mean_above_same_year_baseline,boolean_or_binary,true/false,Blank/null means the field is not applicable to that record type; zero and false are observed values.,Whether May-June mean tropospheric NO2 column anomaly was above the same-year pre-event baseline.
files/supplementary_figures/Supplementary_Figure_4_source_data.csv,late_phase_no2_mean_above_excluding_year_historical_reference,boolean_or_binary,true/false,Blank/null means the field is not applicable to that record type; zero and false are observed values.,Whether May-June mean tropospheric NO2 column anomaly was above the reference mean excluding that year.
files/supplementary_figures/Supplementary_Figure_5_source_data.csv,phase,string,source-native or not applicable,Blank/null means missing or not applicable under the source contract; numeric zero remains an observed zero unless the named source field defines otherwise.,Retained source field; consult the source-specific method and provenance matrix.
files/supplementary_figures/Supplementary_Figure_5_source_data.csv,analysis_id,string,identifier,Blank/null means missing or not applicable under the source contract; numeric zero remains an observed zero unless the named source field defines otherwise.,Stable identifier within the named source or project scope.
files/supplementary_figures/Supplementary_Figure_5_source_data.csv,region_label,string,source-native or not applicable,Blank/null means missing or not applicable under the source contract; numeric zero remains an observed zero unless the named source field defines otherwise.,Retained source field; consult the source-specific method and provenance matrix.
files/supplementary_figures/Supplementary_Figure_5_source_data.csv,buffer_km,integer,source-native or not applicable,Blank/null means missing or not applicable under the source contract; numeric zero remains an observed zero unless the named source field defines otherwise.,Retained source field; consult the source-specific method and provenance matrix.
files/supplementary_figures/Supplementary_Figure_5_source_data.csv,indicator_id,string,identifier,Blank/null means missing or not applicable under the source contract; numeric zero remains an observed zero unless the named source field defines otherwise.,Stable identifier within the named source or project scope.
files/supplementary_figures/Supplementary_Figure_5_source_data.csv,indicator_label,string,source-native or not applicable,Blank/null means missing or not applicable under the source contract; numeric zero remains an observed zero unless the named source field defines otherwise.,Retained source field; consult the source-specific method and provenance matrix.
files/supplementary_figures/Supplementary_Figure_5_source_data.csv,unit,string,source-native or not applicable,Blank/null means missing or not applicable under the source contract; numeric zero remains an observed zero unless the named source field defines otherwise.,Retained source field; consult the source-specific method and provenance matrix.
files/supplementary_figures/Supplementary_Figure_5_source_data.csv,window_id,string,identifier,Blank/null means missing or not applicable under the source contract; numeric zero remains an observed zero unless the named source field defines otherwise.,Stable identifier within the named source or project scope.
files/supplementary_figures/Supplementary_Figure_5_source_data.csv,window_label,string,source-native or not applicable,Blank/null means missing or not applicable under the source contract; numeric zero remains an observed zero unless the named source field defines otherwise.,Retained source field; consult the source-specific method and provenance matrix.
files/supplementary_figures/Supplementary_Figure_5_source_data.csv,window_start_2026,string,source-native or not applicable,Blank/null means missing or not applicable under the source contract; numeric zero remains an observed zero unless the named source field defines otherwise.,Retained source field; consult the source-specific method and provenance matrix.
files/supplementary_figures/Supplementary_Figure_5_source_data.csv,window_end_2026,string,source-native or not applicable,Blank/null means missing or not applicable under the source contract; numeric zero remains an observed zero unless the named source field defines otherwise.,Retained source field; consult the source-specific method and provenance matrix.
files/supplementary_figures/Supplementary_Figure_5_source_data.csv,window_role,string,source-native or not applicable,Blank/null means missing or not applicable under the source contract; numeric zero remains an observed zero unless the named source field defines otherwise.,Retained source field; consult the source-specific method and provenance matrix.
files/supplementary_figures/Supplementary_Figure_5_source_data.csv,value_2026,number,source-native or not applicable,Blank/null means missing or not applicable under the source contract; numeric zero remains an observed zero unless the named source field defines otherwise.,Retained source field; consult the source-specific method and provenance matrix.
files/supplementary_figures/Supplementary_Figure_5_source_data.csv,historical_expected_2022_2025,number,source-native or not applicable,Blank/null means missing or not applicable under the source contract; numeric zero remains an observed zero unless the named source field defines otherwise.,Retained source field; consult the source-specific method and provenance matrix.
files/supplementary_figures/Supplementary_Figure_5_source_data.csv,historical_min_2022_2025,number,source-native or not applicable,Blank/null means missing or not applicable under the source contract; numeric zero remains an observed zero unless the named source field defines otherwise.,Retained source field; consult the source-specific method and provenance matrix.
files/supplementary_figures/Supplementary_Figure_5_source_data.csv,historical_max_2022_2025,number,source-native or not applicable,Blank/null means missing or not applicable under the source contract; numeric zero remains an observed zero unless the named source field defines otherwise.,Retained source field; consult the source-specific method and provenance matrix.
files/supplementary_figures/Supplementary_Figure_5_source_data.csv,absolute_change,number,source-native or not applicable,Blank/null means missing or not applicable under the source contract; numeric zero remains an observed zero unless the named source field defines otherwise.,Retained source field; consult the source-specific method and provenance matrix.
files/supplementary_figures/Supplementary_Figure_5_source_data.csv,percent_change,number,%,Blank/null means missing or not applicable under the source contract; numeric zero remains an observed zero unless the named source field defines otherwise.,Percentage quantity; denominator is defined by the named comparison.
files/supplementary_figures/Supplementary_Figure_5_source_data.csv,historical_sd_ddof1,number,source-native or not applicable,Blank/null means missing or not applicable under the source contract; numeric zero remains an observed zero unless the named source field defines otherwise.,Retained source field; consult the source-specific method and provenance matrix.
files/supplementary_figures/Supplementary_Figure_5_source_data.csv,z_anomaly,number,historical standard deviations,Blank/null means missing or not applicable under the source contract; numeric zero remains an observed zero unless the named source field defines otherwise.,Standardized descriptive anomaly.
files/supplementary_figures/Supplementary_Figure_5_source_data.csv,valid_days_2026,integer,source-native or not applicable,Blank/null means missing or not applicable under the source contract; numeric zero remains an observed zero unless the named source field defines otherwise.,Retained source field; consult the source-specific method and provenance matrix.
files/supplementary_figures/Supplementary_Figure_5_source_data.csv,expected_days_2026,integer,source-native or not applicable,Blank/null means missing or not applicable under the source contract; numeric zero remains an observed zero unless the named source field defines otherwise.,Retained source field; consult the source-specific method and provenance matrix.
files/supplementary_figures/Supplementary_Figure_5_source_data.csv,coverage_pass_day_fraction_2026,number,fraction 0-1,Blank/null means missing or not applicable under the source contract; numeric zero remains an observed zero unless the named source field defines otherwise.,Coverage fraction under the pre-specified QA definition.
files/supplementary_figures/Supplementary_Figure_5_source_data.csv,mean_valid_coverage_fraction_observed_days_2026,number,fraction 0-1,Blank/null means missing or not applicable under the source contract; numeric zero remains an observed zero unless the named source field defines otherwise.,Coverage fraction under the pre-specified QA definition.
files/supplementary_figures/Supplementary_Figure_5_source_data.csv,min_valid_days_required,integer,source-native or not applicable,Blank/null means missing or not applicable under the source contract; numeric zero remains an observed zero unless the named source field defines otherwise.,Retained source field; consult the source-specific method and provenance matrix.
files/supplementary_figures/Supplementary_Figure_5_source_data.csv,event_window_qualified,boolean_or_binary,true/false,Blank/null means missing or not applicable under the source contract; numeric zero remains an observed zero unless the named source field defines otherwise.,Retained source field; consult the source-specific method and provenance matrix.
files/supplementary_figures/Supplementary_Figure_5_source_data.csv,valid_historical_years,integer,source-native or not applicable,Blank/null means missing or not applicable under the source contract; numeric zero remains an observed zero unless the named source field defines otherwise.,Retained source field; consult the source-specific method and provenance matrix.
files/supplementary_figures/Supplementary_Figure_5_source_data.csv,qualified_historical_years_json,string,source-native or not applicable,Blank/null means missing or not applicable under the source contract; numeric zero remains an observed zero unless the named source field defines otherwise.,Retained source field; consult the source-specific method and provenance matrix.
files/supplementary_figures/Supplementary_Figure_5_source_data.csv,annual_window_values_json,string,source-native or not applicable,Blank/null means missing or not applicable under the source contract; numeric zero remains an observed zero unless the named source field defines otherwise.,Retained source field; consult the source-specific method and provenance matrix.
files/supplementary_figures/Supplementary_Figure_5_source_data.csv,coverage_insufficient,boolean_or_binary,true/false,Blank/null means missing or not applicable under the source contract; numeric zero remains an observed zero unless the named source field defines otherwise.,Retained source field; consult the source-specific method and provenance matrix.
files/supplementary_figures/Supplementary_Figure_5_source_data.csv,low_baseline_flag,boolean_or_binary,true/false,Blank/null means missing or not applicable under the source contract; numeric zero remains an observed zero unless the named source field defines otherwise.,Boolean or categorical QA/status flag.
files/supplementary_figures/Supplementary_Figure_5_source_data.csv,historical_position,string,source-native or not applicable,Blank/null means missing or not applicable under the source contract; numeric zero remains an observed zero unless the named source field defines otherwise.,Retained source field; consult the source-specific method and provenance matrix.
files/supplementary_figures/Supplementary_Figure_5_source_data.csv,direction_interpretation,string,source-native or not applicable,Blank/null means missing or not applicable under the source contract; numeric zero remains an observed zero unless the named source field defines otherwise.,Retained source field; consult the source-specific method and provenance matrix.
files/supplementary_figures/Supplementary_Figure_5_source_data.csv,absolute_change_sign,string,source-native or not applicable,Blank/null means missing or not applicable under the source contract; numeric zero remains an observed zero unless the named source field defines otherwise.,Retained source field; consult the source-specific method and provenance matrix.
files/supplementary_figures/Supplementary_Figure_5_source_data.csv,indicator_availability_status,string,source-native or not applicable,Blank/null means missing or not applicable under the source contract; numeric zero remains an observed zero unless the named source field defines otherwise.,Retained source field; consult the source-specific method and provenance matrix.
files/supplementary_figures/Supplementary_Figure_5_source_data.csv,aai_percent_change_enters_source_classification,boolean_or_binary,true/false,Blank/null means missing or not applicable under the source contract; numeric zero remains an observed zero unless the named source field defines otherwise.,Percentage quantity; denominator is defined by the named comparison.
files/supplementary_figures/Supplementary_Figure_5_source_data.csv,z_anomaly_enters_composite_index,boolean_or_binary,true/false,Blank/null means missing or not applicable under the source contract; numeric zero remains an observed zero unless the named source field defines otherwise.,Standardized descriptive anomaly.
files/supplementary_figures/Supplementary_Figure_5_source_data.csv,raw_values_compared_across_indicators,boolean_or_binary,true/false,Blank/null means missing or not applicable under the source contract; numeric zero remains an observed zero unless the named source field defines otherwise.,Retained source field; consult the source-specific method and provenance matrix.
files/supplementary_figures/Supplementary_Figure_5_source_data.csv,is_descriptive_only,boolean_or_binary,true/false,Blank/null means missing or not applicable under the source contract; numeric zero remains an observed zero unless the named source field defines otherwise.,Boolean or categorical QA/status flag.
files/supplementary_figures/Supplementary_Figure_5_source_data.csv,causal_source_attribution,boolean_or_binary,true/false,Blank/null means missing or not applicable under the source contract; numeric zero remains an observed zero unless the named source field defines otherwise.,Retained source field; consult the source-specific method and provenance matrix.
files/supplementary_figures/Supplementary_Figure_5_source_data.csv,record_type,string,source-native or not applicable,Blank/null means missing or not applicable under the source contract; numeric zero remains an observed zero unless the named source field defines otherwise.,Retained source field; consult the source-specific method and provenance matrix.
files/supplementary_figures/Supplementary_Figure_5_source_data.csv,criterion,string,source-native or not applicable,Blank/null means missing or not applicable under the source contract; numeric zero remains an observed zero unless the named source field defines otherwise.,Retained source field; consult the source-specific method and provenance matrix.
files/supplementary_figures/Supplementary_Figure_5_source_data.csv,status,string,source-native or not applicable,Blank/null means missing or not applicable under the source contract; numeric zero remains an observed zero unless the named source field defines otherwise.,Retained source field; consult the source-specific method and provenance matrix.
files/supplementary_figures/Supplementary_Figure_5_source_data.csv,detail,string,source-native or not applicable,Blank/null means missing or not applicable under the source contract; numeric zero remains an observed zero unless the named source field defines otherwise.,Retained source field; consult the source-specific method and provenance matrix.
files/supplementary_figures/Supplementary_Figure_5_source_data.csv,value_including_2026_03_17,number,source-native or not applicable,Blank/null means missing or not applicable under the source contract; numeric zero remains an observed zero unless the named source field defines otherwise.,Retained source field; consult the source-specific method and provenance matrix.
files/supplementary_figures/Supplementary_Figure_5_source_data.csv,value_excluding_2026_03_17,number,source-native or not applicable,Blank/null means missing or not applicable under the source contract; numeric zero remains an observed zero unless the named source field defines otherwise.,Retained source field; consult the source-specific method and provenance matrix.
files/supplementary_figures/Supplementary_Figure_5_source_data.csv,absolute_change_including,number,source-native or not applicable,Blank/null means missing or not applicable under the source contract; numeric zero remains an observed zero unless the named source field defines otherwise.,Retained source field; consult the source-specific method and provenance matrix.
files/supplementary_figures/Supplementary_Figure_5_source_data.csv,absolute_change_excluding,number,source-native or not applicable,Blank/null means missing or not applicable under the source contract; numeric zero remains an observed zero unless the named source field defines otherwise.,Retained source field; consult the source-specific method and provenance matrix.
files/supplementary_figures/Supplementary_Figure_5_source_data.csv,z_anomaly_including,number,historical standard deviations,Blank/null means missing or not applicable under the source contract; numeric zero remains an observed zero unless the named source field defines otherwise.,Standardized descriptive anomaly.
files/supplementary_figures/Supplementary_Figure_5_source_data.csv,z_anomaly_excluding,number,historical standard deviations,Blank/null means missing or not applicable under the source contract; numeric zero remains an observed zero unless the named source field defines otherwise.,Standardized descriptive anomaly.
files/supplementary_figures/Supplementary_Figure_5_source_data.csv,historical_position_including,string,source-native or not applicable,Blank/null means missing or not applicable under the source contract; numeric zero remains an observed zero unless the named source field defines otherwise.,Retained source field; consult the source-specific method and provenance matrix.
files/supplementary_figures/Supplementary_Figure_5_source_data.csv,historical_position_excluding,string,source-native or not applicable,Blank/null means missing or not applicable under the source contract; numeric zero remains an observed zero unless the named source field defines otherwise.,Retained source field; consult the source-specific method and provenance matrix.
files/supplementary_figures/Supplementary_Figure_5_source_data.csv,valid_days_including,integer,source-native or not applicable,Blank/null means missing or not applicable under the source contract; numeric zero remains an observed zero unless the named source field defines otherwise.,Retained source field; consult the source-specific method and provenance matrix.
files/supplementary_figures/Supplementary_Figure_5_source_data.csv,valid_days_excluding,integer,source-native or not applicable,Blank/null means missing or not applicable under the source contract; numeric zero remains an observed zero unless the named source field defines otherwise.,Retained source field; consult the source-specific method and provenance matrix.
files/supplementary_figures/Supplementary_Figure_5_source_data.csv,absolute_change_sign_flip,boolean_or_binary,true/false,Blank/null means missing or not applicable under the source contract; numeric zero remains an observed zero unless the named source field defines otherwise.,Retained source field; consult the source-specific method and provenance matrix.
files/supplementary_figures/Supplementary_Figure_5_source_data.csv,direction_category_changed,boolean_or_binary,true/false,Blank/null means missing or not applicable under the source contract; numeric zero remains an observed zero unless the named source field defines otherwise.,Retained source field; consult the source-specific method and provenance matrix.
files/supplementary_figures/Supplementary_Figure_6_source_data.csv,phase,string,source-native or not applicable,Blank/null means missing or not applicable under the source contract; numeric zero remains an observed zero unless the named source field defines otherwise.,Retained source field; consult the source-specific method and provenance matrix.
files/supplementary_figures/Supplementary_Figure_6_source_data.csv,value,number,source-native or not applicable,Blank/null means missing or not applicable under the source contract; numeric zero remains an observed zero unless the named source field defines otherwise.,Retained source field; consult the source-specific method and provenance matrix.
files/supplementary_figures/Supplementary_Figure_6_source_data.csv,domain,string,source-native or not applicable,Blank/null means missing or not applicable under the source contract; numeric zero remains an observed zero unless the named source field defines otherwise.,Retained source field; consult the source-specific method and provenance matrix.
files/supplementary_figures/Supplementary_Figure_6_source_data.csv,unit,string,source-native or not applicable,Blank/null means missing or not applicable under the source contract; numeric zero remains an observed zero unless the named source field defines otherwise.,Retained source field; consult the source-specific method and provenance matrix.
files/supplementary_figures/Supplementary_Figure_6_source_data.csv,record_type,string,source-native or not applicable,Blank/null means missing or not applicable under the source contract; numeric zero remains an observed zero unless the named source field defines otherwise.,Retained source field; consult the source-specific method and provenance matrix.
files/supplementary_figures/Supplementary_Figure_6_source_data.csv,observation_index,integer,source-native or not applicable,Blank/null means missing or not applicable under the source contract; numeric zero remains an observed zero unless the named source field defines otherwise.,Retained source field; consult the source-specific method and provenance matrix.
files/supplementary_figures/Supplementary_Figure_6_source_data.csv,difference,number,source-native or not applicable,Blank/null means missing or not applicable under the source contract; numeric zero remains an observed zero unless the named source field defines otherwise.,Retained source field; consult the source-specific method and provenance matrix.
files/supplementary_figures/Supplementary_Figure_6_source_data.csv,ci95_low,number,source-native or not applicable,Blank/null means missing or not applicable under the source contract; numeric zero remains an observed zero unless the named source field defines otherwise.,Retained source field; consult the source-specific method and provenance matrix.
files/supplementary_figures/Supplementary_Figure_6_source_data.csv,ci95_high,number,source-native or not applicable,Blank/null means missing or not applicable under the source contract; numeric zero remains an observed zero unless the named source field defines otherwise.,Retained source field; consult the source-specific method and provenance matrix.
files/supplementary_figures/Supplementary_Figure_7_source_data.csv,status,string,source-native or not applicable,Blank/null means missing or not applicable under the source contract; numeric zero remains an observed zero unless the named source field defines otherwise.,Retained source field; consult the source-specific method and provenance matrix.
files/supplementary_figures/Supplementary_Figure_7_source_data.csv,scene_id,string,identifier,Blank/null means missing or not applicable under the source contract; numeric zero remains an observed zero unless the named source field defines otherwise.,Stable identifier within the named source or project scope.
files/supplementary_figures/Supplementary_Figure_7_source_data.csv,aoi_id,string,identifier,Blank/null means missing or not applicable under the source contract; numeric zero remains an observed zero unless the named source field defines otherwise.,Stable identifier within the named source or project scope.
files/supplementary_figures/Supplementary_Figure_7_source_data.csv,phase,string,source-native or not applicable,Blank/null means missing or not applicable under the source contract; numeric zero remains an observed zero unless the named source field defines otherwise.,Retained source field; consult the source-specific method and provenance matrix.
files/supplementary_figures/Supplementary_Figure_7_source_data.csv,acquisition_time_utc,string,UTC/ISO 8601,Blank/null means missing or not applicable under the source contract; numeric zero remains an observed zero unless the named source field defines otherwise.,UTC date or acquisition time.
files/supplementary_figures/Supplementary_Figure_7_source_data.csv,relative_orbit_number,integer,source-native or not applicable,Blank/null means missing or not applicable under the source contract; numeric zero remains an observed zero unless the named source field defines otherwise.,Retained source field; consult the source-specific method and provenance matrix.
files/supplementary_figures/Supplementary_Figure_7_source_data.csv,valid_nonexcluded_water_area_km2,number,km2,Blank/null means missing or not applicable under the source contract; numeric zero remains an observed zero unless the named source field defines otherwise.,Area in square kilometres.
files/supplementary_figures/Supplementary_Figure_7_source_data.csv,coverage_fraction,number,fraction 0-1,Blank/null means missing or not applicable under the source contract; numeric zero remains an observed zero unless the named source field defines otherwise.,Coverage fraction under the pre-specified QA definition.
files/supplementary_figures/Supplementary_Figure_7_source_data.csv,raw_model_centers,integer,source-native or not applicable,Blank/null means missing or not applicable under the source contract; numeric zero remains an observed zero unless the named source field defines otherwise.,Retained source field; consult the source-specific method and provenance matrix.
files/supplementary_figures/Supplementary_Figure_7_source_data.csv,exact_center_duplicates_removed,integer,count,Blank/null means missing or not applicable under the source contract; numeric zero means no exact duplicate centres were removed.,Number of exact duplicate detection centres removed.
files/supplementary_figures/Supplementary_Figure_7_source_data.csv,deduplicated_centers,integer,source-native or not applicable,Blank/null means missing or not applicable under the source contract; numeric zero remains an observed zero unless the named source field defines otherwise.,Retained source field; consult the source-specific method and provenance matrix.
files/supplementary_figures/Supplementary_Figure_7_source_data.csv,retained_model_objects,integer,source-native or not applicable,Blank/null means missing or not applicable under the source contract; numeric zero remains an observed zero unless the named source field defines otherwise.,Retained source field; consult the source-specific method and provenance matrix.
files/supplementary_figures/Supplementary_Figure_7_source_data.csv,vessel_like_labels,integer,source-native or not applicable,Blank/null means missing or not applicable under the source contract; numeric zero remains an observed zero unless the named source field defines otherwise.,Retained source field; consult the source-specific method and provenance matrix.
files/supplementary_figures/Supplementary_Figure_7_source_data.csv,vessel_like_density_per_100_km2,number,vessel-like labels per 100 km2,Blank/null means missing or not applicable under the source contract; numeric zero remains an observed zero unless the named source field defines otherwise.,"""SAR-derived vessel-like-label density, not a verified vessel count."""
files/supplementary_figures/Supplementary_Figure_7_source_data.csv,manual_review_exact_geometry_vessel_like_labels,integer,count,Blank/null means missing or not applicable under the source contract; numeric zero means no labels intersected the exact manual-review geometry.,Number of retained vessel-like labels intersecting exact manual-review geometry.
files/supplementary_figures/Supplementary_Figure_7_source_data.csv,automatic_exclusion_model_centers,integer,count,Blank/null means missing or not applicable under the source contract; numeric zero means no model centres fell within automatic exclusions.,Number of model centres falling within automatic exclusion geometry.
files/supplementary_figures/Supplementary_Figure_7_source_data.csv,inference_runtime_seconds,number,seconds,Blank/null means runtime was not recorded.,Elapsed inference runtime for the scene.
files/supplementary_figures/Supplementary_Figure_7_source_data.csv,peak_gpu_memory_allocated_bytes,integer,source-native or not applicable,Blank/null means missing or not applicable under the source contract; numeric zero remains an observed zero unless the named source field defines otherwise.,Retained source field; consult the source-specific method and provenance matrix.
files/supplementary_figures/Supplementary_Figure_7_source_data.csv,peak_gpu_memory_reserved_bytes,integer,source-native or not applicable,Blank/null means missing or not applicable under the source contract; numeric zero remains an observed zero unless the named source field defines otherwise.,Retained source field; consult the source-specific method and provenance matrix.
files/supplementary_figures/Supplementary_Figure_7_source_data.csv,tile_size,integer,source-native or not applicable,Blank/null means missing or not applicable under the source contract; numeric zero remains an observed zero unless the named source field defines otherwise.,Retained source field; consult the source-specific method and provenance matrix.
files/supplementary_figures/Supplementary_Figure_7_source_data.csv,tile_step,integer,source-native or not applicable,Blank/null means missing or not applicable under the source contract; numeric zero remains an observed zero unless the named source field defines otherwise.,Retained source field; consult the source-specific method and provenance matrix.
files/supplementary_figures/Supplementary_Figure_7_source_data.csv,input_geotiff_sha256,string,source-native or not applicable,Blank/null means missing or not applicable under the source contract; numeric zero remains an observed zero unless the named source field defines otherwise.,Retained source field; consult the source-specific method and provenance matrix.
files/supplementary_figures/Supplementary_Figure_7_source_data.csv,checkpoint_sha256,string,source-native or not applicable,Blank/null means missing or not applicable under the source contract; numeric zero remains an observed zero unless the named source field defines otherwise.,Retained source field; consult the source-specific method and provenance matrix.
files/supplementary_figures/Supplementary_Figure_7_source_data.csv,missing_state_keys,integer,count,Blank/null means checkpoint validation was not recorded; numeric zero means no expected state keys were missing.,Number of expected checkpoint state keys not found.
files/supplementary_figures/Supplementary_Figure_7_source_data.csv,unexpected_state_keys,integer,count,Blank/null means checkpoint validation was not recorded; numeric zero means no unexpected state keys were found.,Number of unexpected checkpoint state keys found.
files/supplementary_figures/Supplementary_Figure_7_source_data.csv,objectness_threshold,number,source-native or not applicable,Blank/null means missing or not applicable under the source contract; numeric zero remains an observed zero unless the named source field defines otherwise.,Retained source field; consult the source-specific method and provenance matrix.
files/supplementary_figures/Supplementary_Figure_7_source_data.csv,is_vessel_threshold,number,dimensionless score 0-1,Blank/null means the threshold was not recorded.,Fixed model score threshold used for vessel-like classification.
files/supplementary_figures/Supplementary_Figure_7_source_data.csv,length_stratum,string,source-native or not applicable,Blank/null means missing or not applicable under the source contract; numeric zero remains an observed zero unless the named source field defines otherwise.,Retained source field; consult the source-specific method and provenance matrix.
files/supplementary_figures/Supplementary_Figure_7_source_data.csv,not_true_vessel_count,boolean_or_binary,true/false,Blank/null means the interpretation flag was not recorded.,True indicates that reported labels are an activity proxy and not verified vessel counts.
files/supplementary_figures/Supplementary_Figure_7_source_data.csv,detections_sha256,string,source-native or not applicable,Blank/null means missing or not applicable under the source contract; numeric zero remains an observed zero unless the named source field defines otherwise.,Retained source field; consult the source-specific method and provenance matrix.
files/supplementary_figures/Supplementary_Figure_7_source_data.csv,manual_review_75m_vessel_like_labels,integer,count,Blank/null means missing or not applicable under the source contract; numeric zero means no labels occurred within the 75-m review neighbourhood.,Number of retained vessel-like labels within 75 m of manual-review geometry.
files/supplementary_figures/Supplementary_Figure_7_source_data.csv,record_type,string,source-native or not applicable,Blank/null means missing or not applicable under the source contract; numeric zero remains an observed zero unless the named source field defines otherwise.,Retained source field; consult the source-specific method and provenance matrix.
files/supplementary_figures/Supplementary_Figure_7_source_data.csv,scene_count,integer,count,Blank/null means missing or not applicable under the source contract; numeric zero remains an observed zero unless the named source field defines otherwise.,Count under the source-specific denominator.
files/supplementary_figures/Supplementary_Figure_7_source_data.csv,vessel_like_labels_median_per_scene,number,vessel-like labels per scene,Blank/null means missing or not applicable under the source contract; numeric zero remains an observed zero unless the named source field defines otherwise.,Retained source field; consult the source-specific method and provenance matrix.
files/supplementary_figures/Supplementary_Figure_7_source_data.csv,vessel_like_density_median_per_100_km2,number,vessel-like labels per 100 km2,Blank/null means missing or not applicable under the source contract; numeric zero remains an observed zero unless the named source field defines otherwise.,"""SAR-derived vessel-like-label density, not a verified vessel count."""
files/supplementary_figures/Supplementary_Figure_7_source_data.csv,valid_area_km2,number,km2,Blank/null means missing or not applicable under the source contract; numeric zero remains an observed zero unless the named source field defines otherwise.,Area in square kilometres.
files/supplementary_figures/Supplementary_Figure_7_source_data.csv,domain,string,source-native or not applicable,Blank/null means missing or not applicable under the source contract; numeric zero remains an observed zero unless the named source field defines otherwise.,Retained source field; consult the source-specific method and provenance matrix.
files/supplementary_figures/Supplementary_Figure_7_source_data.csv,difference,number,source-native or not applicable,Blank/null means missing or not applicable under the source contract; numeric zero remains an observed zero unless the named source field defines otherwise.,Retained source field; consult the source-specific method and provenance matrix.
files/supplementary_figures/Supplementary_Figure_7_source_data.csv,ci95_low,number,source-native or not applicable,Blank/null means missing or not applicable under the source contract; numeric zero remains an observed zero unless the named source field defines otherwise.,Retained source field; consult the source-specific method and provenance matrix.
files/supplementary_figures/Supplementary_Figure_7_source_data.csv,ci95_high,number,source-native or not applicable,Blank/null means missing or not applicable under the source contract; numeric zero remains an observed zero unless the named source field defines otherwise.,Retained source field; consult the source-specific method and provenance matrix.
files/supplementary_figures/Supplementary_Figure_7_source_data.csv,unit,string,source-native or not applicable,Blank/null means missing or not applicable under the source contract; numeric zero remains an observed zero unless the named source field defines otherwise.,Retained source field; consult the source-specific method and provenance matrix.
files/supplementary_tables/Supplementary_Table_01.csv,Candidate,string,UTC/ISO 8601,Blank/null means missing or not applicable under the source contract; numeric zero remains an observed zero unless the named source field defines otherwise.,UTC date or acquisition time.
files/supplementary_tables/Supplementary_Table_01.csv,Provider ID,string,source-native or not applicable,Blank/null means missing or not applicable under the source contract; numeric zero remains an observed zero unless the named source field defines otherwise.,Retained source field; consult the source-specific method and provenance matrix.
files/supplementary_tables/Supplementary_Table_01.csv,Availability/comparability,string,source-native or not applicable,Blank/null means missing or not applicable under the source contract; numeric zero remains an observed zero unless the named source field defines otherwise.,Retained source field; consult the source-specific method and provenance matrix.
files/supplementary_tables/Supplementary_Table_01.csv,Reporting role,string,source-native or not applicable,Blank/null means missing or not applicable under the source contract; numeric zero remains an observed zero unless the named source field defines otherwise.,Retained source field; consult the source-specific method and provenance matrix.
files/supplementary_tables/Supplementary_Table_02.csv,Study water,string,source-native or not applicable,Blank/null means missing or not applicable under the source contract; numeric zero remains an observed zero unless the named source field defines otherwise.,Retained source field; consult the source-specific method and provenance matrix.
files/supplementary_tables/Supplementary_Table_02.csv,Baseline median labels/scene,number,vessel-like labels per scene,Blank/null means missing or not applicable under the source contract; numeric zero remains an observed zero unless the named source field defines otherwise.,Retained source field; consult the source-specific method and provenance matrix.
files/supplementary_tables/Supplementary_Table_02.csv,June median labels/scene,number,vessel-like labels per scene,Blank/null means missing or not applicable under the source contract; numeric zero remains an observed zero unless the named source field defines otherwise.,Retained source field; consult the source-specific method and provenance matrix.
files/supplementary_tables/Supplementary_Table_02.csv,Interpretation,string,source-native or not applicable,Blank/null means missing or not applicable under the source contract; numeric zero remains an observed zero unless the named source field defines otherwise.,Retained source field; consult the source-specific method and provenance matrix.
files/supplementary_tables/Supplementary_Table_03.csv,Measure,string,source-native or not applicable,Blank/null means missing or not applicable under the source contract; numeric zero remains an observed zero unless the named source field defines otherwise.,Retained source field; consult the source-specific method and provenance matrix.
files/supplementary_tables/Supplementary_Table_03.csv,Baseline,string,source-native or not applicable,Blank/null means missing or not applicable under the source contract; numeric zero remains an observed zero unless the named source field defines otherwise.,Retained source field; consult the source-specific method and provenance matrix.
files/supplementary_tables/Supplementary_Table_03.csv,1-28 March,string,source-native or not applicable,Blank/null means missing or not applicable under the source contract; numeric zero remains an observed zero unless the named source field defines otherwise.,Retained source field; consult the source-specific method and provenance matrix.
files/supplementary_tables/Supplementary_Table_03.csv,1 May-30 June,string,source-native or not applicable,Blank/null means missing or not applicable under the source contract; numeric zero remains an observed zero unless the named source field defines otherwise.,Retained source field; consult the source-specific method and provenance matrix.
files/supplementary_tables/Supplementary_Table_03.csv,Historical comparison,string,source-native or not applicable,Blank/null means missing or not applicable under the source contract; numeric zero remains an observed zero unless the named source field defines otherwise.,Retained source field; consult the source-specific method and provenance matrix.
files/supplementary_tables/Supplementary_Table_04.csv,Year,integer,source-native or not applicable,Blank/null means missing or not applicable under the source contract; numeric zero remains an observed zero unless the named source field defines otherwise.,Retained source field; consult the source-specific method and provenance matrix.
files/supplementary_tables/Supplementary_Table_04.csv,March port below baseline,string,source-native or not applicable,Blank/null means missing or not applicable under the source contract; numeric zero remains an observed zero unless the named source field defines otherwise.,Retained source field; consult the source-specific method and provenance matrix.
files/supplementary_tables/Supplementary_Table_04.csv,March SAR above baseline,string,source-native or not applicable,Blank/null means missing or not applicable under the source contract; numeric zero remains an observed zero unless the named source field defines otherwise.,Retained source field; consult the source-specific method and provenance matrix.
files/supplementary_tables/Supplementary_Table_04.csv,May-June port above baseline,string,source-native or not applicable,Blank/null means missing or not applicable under the source contract; numeric zero remains an observed zero unless the named source field defines otherwise.,Retained source field; consult the source-specific method and provenance matrix.
files/supplementary_tables/Supplementary_Table_04.csv,May-June SAR above baseline,string,source-native or not applicable,Blank/null means missing or not applicable under the source contract; numeric zero remains an observed zero unless the named source field defines otherwise.,Retained source field; consult the source-specific method and provenance matrix.
files/supplementary_tables/Supplementary_Table_04.csv,May-June NO₂ above baseline,string,source-native or not applicable,Blank/null means missing or not applicable under the source contract; numeric zero remains an observed zero unless the named source field defines otherwise.,Retained source field; consult the source-specific method and provenance matrix.
files/supplementary_tables/Supplementary_Table_04.csv,May-June NO₂ above leave-year-out history,string,source-native or not applicable,Blank/null means missing or not applicable under the source contract; numeric zero remains an observed zero unless the named source field defines otherwise.,Retained source field; consult the source-specific method and provenance matrix.
files/supplementary_tables/Supplementary_Table_04.csv,Matches to 2026,string,source-native or not applicable,Blank/null means missing or not applicable under the source contract; numeric zero remains an observed zero unless the named source field defines otherwise.,Retained source field; consult the source-specific method and provenance matrix.
files/supplementary_tables/Supplementary_Table_05.csv,Region,string,source-native or not applicable,Blank/null means missing or not applicable under the source contract; numeric zero remains an observed zero unless the named source field defines otherwise.,Retained source field; consult the source-specific method and provenance matrix.
files/supplementary_tables/Supplementary_Table_05.csv,Number of fixed source classifications,integer,source-native or not applicable,Blank/null means missing or not applicable under the source contract; numeric zero remains an observed zero unless the named source field defines otherwise.,Retained source field; consult the source-specific method and provenance matrix.
files/supplementary_tables/Supplementary_Table_05.csv,Final disposition,string,source-native or not applicable,Blank/null means missing or not applicable under the source contract; numeric zero remains an observed zero unless the named source field defines otherwise.,Retained source field; consult the source-specific method and provenance matrix.
files/supplementary_tables/Supplementary_Table_06.csv,Pre-specified order,integer,source-native or not applicable,Blank/null means missing or not applicable under the source contract; numeric zero remains an observed zero unless the named source field defines otherwise.,Retained source field; consult the source-specific method and provenance matrix.
files/supplementary_tables/Supplementary_Table_06.csv,Event,string,source-native or not applicable,Blank/null means missing or not applicable under the source contract; numeric zero remains an observed zero unless the named source field defines otherwise.,Retained source field; consult the source-specific method and provenance matrix.
files/supplementary_tables/Supplementary_Table_06.csv,Metadata disposition,string,source-native or not applicable,Blank/null means missing or not applicable under the source contract; numeric zero remains an observed zero unless the named source field defines otherwise.,Retained source field; consult the source-specific method and provenance matrix.
files/supplementary_tables/Supplementary_Table_06.csv,Scientific direction computed?,string,source-native or not applicable,Blank/null means missing or not applicable under the source contract; numeric zero remains an observed zero unless the named source field defines otherwise.,Retained source field; consult the source-specific method and provenance matrix.
files/supplementary_tables/Supplementary_Table_07.csv,Domain,string,source-native or not applicable,Blank/null means missing or not applicable under the source contract; numeric zero remains an observed zero unless the named source field defines otherwise.,Retained source field; consult the source-specific method and provenance matrix.
files/supplementary_tables/Supplementary_Table_07.csv,Pre-event,string,source-native or not applicable,Blank/null means missing or not applicable under the source contract; numeric zero remains an observed zero unless the named source field defines otherwise.,Retained source field; consult the source-specific method and provenance matrix.
files/supplementary_tables/Supplementary_Table_07.csv,Acute,string,source-native or not applicable,Blank/null means missing or not applicable under the source contract; numeric zero remains an observed zero unless the named source field defines otherwise.,Retained source field; consult the source-specific method and provenance matrix.
files/supplementary_tables/Supplementary_Table_07.csv,Follow-up,string,source-native or not applicable,Blank/null means missing or not applicable under the source contract; numeric zero remains an observed zero unless the named source field defines otherwise.,Retained source field; consult the source-specific method and provenance matrix.
files/supplementary_tables/Supplementary_Table_07.csv,Acute minus pre (95% CI),string,source-native or not applicable,Blank/null means missing or not applicable under the source contract; numeric zero remains an observed zero unless the named source field defines otherwise.,Retained source field; consult the source-specific method and provenance matrix.
files/supplementary_tables/Supplementary_Table_07.csv,Interpretation,string,source-native or not applicable,Blank/null means missing or not applicable under the source contract; numeric zero remains an observed zero unless the named source field defines otherwise.,Retained source field; consult the source-specific method and provenance matrix.
files/supplementary_tables/Supplementary_Table_08.csv,Phase,string,source-native or not applicable,Blank/null means missing or not applicable under the source contract; numeric zero remains an observed zero unless the named source field defines otherwise.,Retained source field; consult the source-specific method and provenance matrix.
files/supplementary_tables/Supplementary_Table_08.csv,Relative orbit,integer,source-native or not applicable,Blank/null means missing or not applicable under the source contract; numeric zero remains an observed zero unless the named source field defines otherwise.,Retained source field; consult the source-specific method and provenance matrix.
files/supplementary_tables/Supplementary_Table_08.csv,Retained vessel-like labels within 75 m,integer,source-native or not applicable,Blank/null means missing or not applicable under the source contract; numeric zero remains an observed zero unless the named source field defines otherwise.,Retained source field; consult the source-specific method and provenance matrix.
files/supplementary_tables/Supplementary_Table_08.csv,Distances (m),string,source-native or not applicable,Blank/null means missing or not applicable under the source contract; numeric zero remains an observed zero unless the named source field defines otherwise.,Retained source field; consult the source-specific method and provenance matrix.
files/supplementary_tables/Supplementary_Table_09.csv,Year,integer,source-native or not applicable,Blank/null means missing or not applicable under the source contract; numeric zero remains an observed zero unless the named source field defines otherwise.,Retained source field; consult the source-specific method and provenance matrix.
files/supplementary_tables/Supplementary_Table_09.csv,Port-call change (%),number,source-native or not applicable,Blank/null means missing or not applicable under the source contract; numeric zero remains an observed zero unless the named source field defines otherwise.,Retained source field; consult the source-specific method and provenance matrix.
files/supplementary_tables/Supplementary_Table_09.csv,Port 95% range (%),string,source-native or not applicable,Blank/null means missing or not applicable under the source contract; numeric zero remains an observed zero unless the named source field defines otherwise.,Retained source field; consult the source-specific method and provenance matrix.
files/supplementary_tables/Supplementary_Table_09.csv,SAR-proxy change (%),number,source-native or not applicable,Blank/null means missing or not applicable under the source contract; numeric zero remains an observed zero unless the named source field defines otherwise.,Retained source field; consult the source-specific method and provenance matrix.
files/supplementary_tables/Supplementary_Table_09.csv,SAR 95% range (%),string,source-native or not applicable,Blank/null means missing or not applicable under the source contract; numeric zero remains an observed zero unless the named source field defines otherwise.,Retained source field; consult the source-specific method and provenance matrix.
files/supplementary_tables/Supplementary_Table_10.csv,Check,string,source-native or not applicable,Blank/null means missing or not applicable under the source contract; numeric zero remains an observed zero unless the named source field defines otherwise.,Retained source field; consult the source-specific method and provenance matrix.
files/supplementary_tables/Supplementary_Table_10.csv,Result,string,source-native or not applicable,Blank/null means missing or not applicable under the source contract; numeric zero remains an observed zero unless the named source field defines otherwise.,Retained source field; consult the source-specific method and provenance matrix.
files/supplementary_tables/Supplementary_Table_10.csv,Interpretation boundary,string,source-native or not applicable,Blank/null means missing or not applicable under the source contract; numeric zero remains an observed zero unless the named source field defines otherwise.,Retained source field; consult the source-specific method and provenance matrix.
files/statistical_inputs/khor_fakkan_port_daily.csv,date_utc,string,UTC date,Blank not permitted.,Provider observation date in UTC.
files/statistical_inputs/khor_fakkan_port_daily.csv,year,integer,calendar year,Blank not permitted.,Calendar year derived from date_utc.
files/statistical_inputs/khor_fakkan_port_daily.csv,analysis_stage,string,category,Blank not permitted.,Fixed baseline or acute analytical stage.
files/statistical_inputs/khor_fakkan_port_daily.csv,portwatch_port_id,string,identifier,Blank not permitted.,IMF PortWatch identifier for Khor Fakkan.
files/statistical_inputs/khor_fakkan_port_daily.csv,portwatch_port_name,string,provider label,Blank not permitted.,Provider port name.
files/statistical_inputs/khor_fakkan_port_daily.csv,port_calls_per_day,integer,calls per day,Blank means the provider value was unavailable and may not be treated as zero.,Provider-recorded daily port calls.
files/statistical_inputs/khor_fakkan_sar_eligible_dates.csv,date_utc,string,UTC date,Blank not permitted.,Eligible Sentinel-1 acquisition date in UTC.
files/statistical_inputs/khor_fakkan_sar_eligible_dates.csv,year,integer,calendar year,Blank not permitted.,Calendar year derived from date_utc.
files/statistical_inputs/khor_fakkan_sar_eligible_dates.csv,analysis_stage,string,category,Blank not permitted.,Fixed baseline or acute analytical stage.
files/statistical_inputs/khor_fakkan_sar_eligible_dates.csv,fixed_window,string,category,Blank not permitted.,Pre-specified scene-window label used by the matching procedure.
files/statistical_inputs/khor_fakkan_sar_eligible_dates.csv,orbit_direction,string,category,Blank not permitted.,Sentinel-1 orbit direction.
files/statistical_inputs/khor_fakkan_sar_eligible_dates.csv,relative_orbit_number,integer,orbit number,Blank not permitted.,Sentinel-1 relative orbit number used for stratification.
files/statistical_inputs/khor_fakkan_sar_eligible_dates.csv,incidence_angle_deg,number,degrees,Blank not permitted.,Representative incidence angle for the scene group.
files/statistical_inputs/khor_fakkan_sar_eligible_dates.csv,scene_group_id,string,identifier,Blank not permitted.,Deterministic project scene-group identifier.
files/statistical_inputs/khor_fakkan_sar_eligible_dates.csv,sentinel_1_product_id,string,provider product identifier,Blank not permitted.,Representative public Sentinel-1 product identifier.
files/statistical_inputs/khor_fakkan_sar_eligible_dates.csv,vessel_like_density_per_100_km2,number,vessel-like labels per 100 km2,Blank not permitted.,Project-derived relative activity proxy in fixed research water.
files/statistical_inputs/khor_fakkan_sar_eligible_dates.csv,matched_reference_years,integer,count of years,Blank not permitted.,Number of historical reference years satisfying the pre-specified matching rule.
files/statistical_inputs/no2_daily_aggregates.csv,utc_date,string,UTC date,Blank not permitted.,Daily aggregate date in UTC.
files/statistical_inputs/no2_daily_aggregates.csv,analysis_id,string,identifier,Blank not permitted.,Fixed population-weighted NO2 analytical domain.
files/statistical_inputs/no2_daily_aggregates.csv,buffer_km,integer,km,Blank not permitted.,Buffer distance defining the analytical domain.
files/statistical_inputs/no2_daily_aggregates.csv,year,integer,calendar year,Blank not permitted.,Calendar year derived from utc_date.
files/statistical_inputs/no2_daily_aggregates.csv,window,string,category,Blank not permitted.,Pre-specified calendar-window membership.
files/statistical_inputs/no2_daily_aggregates.csv,population_weighted_observed_no2_mol_m2,number,mol m-2,Blank means no valid full-domain daily aggregate was available.,Population-weighted observed tropospheric NO2 column.
files/statistical_inputs/no2_daily_aggregates.csv,expected_no2_mol_m2,number,mol m-2,Blank means the meteorological expectation was unavailable.,Expected tropospheric NO2 column from the pre-specified meteorological model.
files/statistical_inputs/no2_daily_aggregates.csv,population_weighted_no2_anomaly_mol_m2,number,mol m-2,Blank means the day is unavailable for the anomaly analysis.,Population-weighted observed minus expected tropospheric NO2 column.
files/statistical_inputs/no2_daily_aggregates.csv,full_valid_coverage_fraction,number,fraction 0-1,Blank means coverage was not computable.,Fraction of the full analytical area with valid observations.
files/statistical_inputs/no2_daily_aggregates.csv,effective_population_coverage_fraction,number,fraction 0-1,Blank means coverage was not computable.,Fraction of analytical population covered by valid observations.
files/statistical_inputs/no2_daily_aggregates.csv,full_daily_valid,boolean,true/false,Blank not permitted.,Whether a valid full-domain observed daily aggregate exists.
files/statistical_inputs/no2_daily_aggregates.csv,no2_area_coverage_eligible,boolean,true/false,Blank not permitted.,Whether full-area coverage meets the 0.60 threshold.
files/statistical_inputs/no2_daily_aggregates.csv,primary_population_coverage_eligible,boolean,true/false,Blank not permitted.,Whether population coverage meets the 0.60 threshold.
files/statistical_inputs/no2_daily_aggregates.csv,expected_value_available,boolean,true/false,Blank not permitted.,Whether the expected value is available.
files/statistical_inputs/no2_daily_aggregates.csv,meteorological_normalization_reliable,boolean,true/false,Blank not permitted.,Whether the pre-specified meteorological model passed its reliability rule.
files/statistical_inputs/no2_daily_aggregates.csv,primary_analysis_day_eligible,boolean,true/false,Blank not permitted.,Conjunction of all public daily eligibility conditions.
files/statistical_inputs/no2_daily_aggregates.csv,population_proxy_status,string,category,Blank not permitted.,Human-readable reason for eligibility or exclusion.
files/statistical_inputs/no2_daily_aggregates.csv,daily_eligibility_rule,string,rule text,Blank not permitted.,Machine-readable description of the common eligibility rule.
files/statistical_inputs/no2_daily_aggregates.csv,no2_unit,string,unit label,Blank not permitted.,Unit for observed expected and anomaly fields.
files/statistical_inputs/no2_may_june_summary.csv,analysis_id,string,identifier,Blank not permitted.,Fixed population-weighted NO2 analytical domain.
files/statistical_inputs/no2_may_june_summary.csv,buffer_km,integer,km,Blank not permitted.,Buffer distance defining the analytical domain.
files/statistical_inputs/no2_may_june_summary.csv,phase,string,category,Blank not permitted.,May 1 through June 30 analytical phase.
files/statistical_inputs/no2_may_june_summary.csv,calendar_days_2026,integer,count of days,Blank not permitted.,Number of 2026 UTC calendar days in the phase.
files/statistical_inputs/no2_may_june_summary.csv,no2_valid_days_2026,integer,count of days,Blank not permitted.,Number of eligible 2026 daily anomaly observations.
files/statistical_inputs/no2_may_june_summary.csv,no2_mean_anomaly_mol_m2,number,mol m-2,Blank means the event-year mean was not assessable.,Mean eligible 2026 population-weighted tropospheric NO2 anomaly.
files/statistical_inputs/no2_may_june_summary.csv,no2_equal_year_historical_mean_mol_m2,number,mol m-2,Blank means one or more historical years were not assessable.,Equal-weight mean of the four historical within-year anomaly means.
files/statistical_inputs/no2_may_june_summary.csv,no2_change_vs_historical_mol_m2,number,mol m-2,Blank means the contrast was not assessable.,2026 mean anomaly minus the equal-year historical mean.
files/statistical_inputs/no2_may_june_summary.csv,no2_change_vs_historical_bootstrap_ci95_lower,number,mol m-2,Blank means the bootstrap was not assessable.,Lower endpoint of the UTC-week cluster bootstrap interval for the absolute difference.
files/statistical_inputs/no2_may_june_summary.csv,no2_change_vs_historical_bootstrap_ci95_upper,number,mol m-2,Blank means the bootstrap was not assessable.,Upper endpoint of the UTC-week cluster bootstrap interval for the absolute difference.
files/statistical_inputs/no2_may_june_summary.csv,no2_percent_change_vs_historical,number,%,Blank means the denominator was zero or unavailable.,Anomaly difference divided by the absolute historical anomaly mean.
files/statistical_inputs/no2_may_june_summary.csv,no2_percent_change_vs_historical_bootstrap_ci95_lower,number,%,Blank means the bootstrap was not assessable.,Lower endpoint of the bootstrap interval for the relative anomaly difference.
files/statistical_inputs/no2_may_june_summary.csv,no2_percent_change_vs_historical_bootstrap_ci95_upper,number,%,Blank means the bootstrap was not assessable.,Upper endpoint of the bootstrap interval for the relative anomaly difference.
files/statistical_inputs/no2_may_june_summary.csv,observed_population_weighted_no2_mean_mol_m2,number,mol m-2,Blank means the event-year observed mean was not assessable.,Mean eligible 2026 observed population-weighted tropospheric NO2 column.
files/statistical_inputs/no2_may_june_summary.csv,observed_population_weighted_no2_equal_year_historical_mean_mol_m2,number,mol m-2,Blank means one or more historical years were not assessable.,Equal-weight mean of the four historical within-year observed-column means.
files/statistical_inputs/no2_may_june_summary.csv,observed_population_weighted_no2_change_vs_historical_mol_m2,number,mol m-2,Blank means the contrast was not assessable.,Observed 2026 mean minus the equal-year historical observed mean.
files/statistical_inputs/no2_may_june_summary.csv,observed_population_weighted_no2_percent_change_vs_historical,number,%,Blank means the denominator was zero or unavailable.,Relative change in the population-weighted observed column.
files/statistical_inputs/no2_may_june_summary.csv,historical_valid_days_by_year_json,string,JSON object,Blank means valid-day counts were not retained.,Eligible daily anomaly counts for each historical year.
files/statistical_inputs/no2_may_june_summary.csv,mean_population_coverage_fraction,number,fraction 0-1,Blank means no eligible event-year days were available.,Mean population coverage across eligible 2026 days.
files/statistical_inputs/no2_may_june_summary.csv,no2_bootstrap_interval_excludes_zero,boolean,true/false,Blank not permitted.,Whether the absolute-difference bootstrap interval excludes zero.
