record_type,display_group,display_order_within_group,country,ISO3,portid,portname,date,portcalls,portcalls_2026_7d_mean,historical_equal_year_daily_mean,historical_equal_year_7d_mean
daily_port_series,Gulf and east-coast ports,3,Iran,IRN,port107,Bandar Abbas,2026-01-01,0,0,0.25,0.5
daily_port_series,Gulf and east-coast ports,3,Iran,IRN,port107,Bandar Abbas,2026-01-02,0,0,0.5,0.5
daily_port_series,Gulf and east-coast ports,3,Iran,IRN,port107,Bandar Abbas,2026-01-03,0,0,1,0.5
daily_port_series,Gulf and east-coast ports,3,Iran,IRN,port107,Bandar Abbas,2026-01-04,0,0,0.25,0.5
daily_port_series,Gulf and east-coast ports,3,Iran,IRN,port107,Bandar Abbas,2026-01-05,0,0,0.5,0.5357142857
daily_port_series,Gulf and east-coast ports,3,Iran,IRN,port107,Bandar Abbas,2026-01-06,0,0,0.5,0.5
daily_port_series,Gulf and east-coast ports,3,Iran,IRN,port107,Bandar Abbas,2026-01-07,0,0,0.5,0.5714285714
daily_port_series,Gulf and east-coast ports,3,Iran,IRN,port107,Bandar Abbas,2026-01-08,0,0,0.5,0.6071428571
daily_port_series,Gulf and east-coast ports,3,Iran,IRN,port107,Bandar Abbas,2026-01-09,0,0,0.25,0.5714285714
daily_port_series,Gulf and east-coast ports,3,Iran,IRN,port107,Bandar Abbas,2026-01-10,0,0,1.5,0.6071428571
daily_port_series,Gulf and east-coast ports,3,Iran,IRN,port107,Bandar Abbas,2026-01-11,0,0,0.5,0.7857142857
daily_port_series,Gulf and east-coast ports,3,Iran,IRN,port107,Bandar Abbas,2026-01-12,0,0,0.25,0.9285714286
daily_port_series,Gulf and east-coast ports,3,Iran,IRN,port107,Bandar Abbas,2026-01-13,0,0,0.75,0.9285714286
daily_port_series,Gulf and east-coast ports,3,Iran,IRN,port107,Bandar Abbas,2026-01-14,0,0,1.75,0.7142857143
daily_port_series,Gulf and east-coast ports,3,Iran,IRN,port107,Bandar Abbas,2026-01-15,0,0,1.5,0.6785714286
daily_port_series,Gulf and east-coast ports,3,Iran,IRN,port107,Bandar Abbas,2026-01-16,0,0,0.25,0.7142857143
daily_port_series,Gulf and east-coast ports,3,Iran,IRN,port107,Bandar Abbas,2026-01-17,0,0,0,0.7857142857
daily_port_series,Gulf and east-coast ports,3,Iran,IRN,port107,Bandar Abbas,2026-01-18,0,0,0.25,0.6428571429
daily_port_series,Gulf and east-coast ports,3,Iran,IRN,port107,Bandar Abbas,2026-01-19,0,0,0.5,0.5
daily_port_series,Gulf and east-coast ports,3,Iran,IRN,port107,Bandar Abbas,2026-01-20,0,0,1.25,0.5357142857
daily_port_series,Gulf and east-coast ports,3,Iran,IRN,port107,Bandar Abbas,2026-01-21,0,0,0.75,0.7142857143
daily_port_series,Gulf and east-coast ports,3,Iran,IRN,port107,Bandar Abbas,2026-01-22,0,0,0.5,0.8214285714
daily_port_series,Gulf and east-coast ports,3,Iran,IRN,port107,Bandar Abbas,2026-01-23,0,0,0.5,0.8928571429
daily_port_series,Gulf and east-coast ports,3,Iran,IRN,port107,Bandar Abbas,2026-01-24,0,0,1.25,0.8928571429
daily_port_series,Gulf and east-coast ports,3,Iran,IRN,port107,Bandar Abbas,2026-01-25,0,0,1,0.8571428571
daily_port_series,Gulf and east-coast ports,3,Iran,IRN,port107,Bandar Abbas,2026-01-26,0,0,1,0.9285714286
daily_port_series,Gulf and east-coast ports,3,Iran,IRN,port107,Bandar Abbas,2026-01-27,0,0,1.25,1
daily_port_series,Gulf and east-coast ports,3,Iran,IRN,port107,Bandar Abbas,2026-01-28,0,0.1428571429,0.5,0.9285714286
daily_port_series,Gulf and east-coast ports,3,Iran,IRN,port107,Bandar Abbas,2026-01-29,0,0.1428571429,1,0.7857142857
daily_port_series,Gulf and east-coast ports,3,Iran,IRN,port107,Bandar Abbas,2026-01-30,0,0.1428571429,1,0.75
daily_port_series,Gulf and east-coast ports,3,Iran,IRN,port107,Bandar Abbas,2026-01-31,1,0.1428571429,0.75,0.7142857143
daily_port_series,Gulf and east-coast ports,3,Iran,IRN,port107,Bandar Abbas,2026-02-01,0,0.1428571429,0,0.7857142857
daily_port_series,Gulf and east-coast ports,3,Iran,IRN,port107,Bandar Abbas,2026-02-02,0,0.1428571429,0.75,0.6785714286
daily_port_series,Gulf and east-coast ports,3,Iran,IRN,port107,Bandar Abbas,2026-02-03,0,0.1428571429,1,0.6785714286
daily_port_series,Gulf and east-coast ports,3,Iran,IRN,port107,Bandar Abbas,2026-02-04,0,0,1,0.6071428571
daily_port_series,Gulf and east-coast ports,3,Iran,IRN,port107,Bandar Abbas,2026-02-05,0,0,0.25,0.7142857143
daily_port_series,Gulf and east-coast ports,3,Iran,IRN,port107,Bandar Abbas,2026-02-06,0,0,1,0.7142857143
daily_port_series,Gulf and east-coast ports,3,Iran,IRN,port107,Bandar Abbas,2026-02-07,0,0.2857142857,0.25,0.6785714286
daily_port_series,Gulf and east-coast ports,3,Iran,IRN,port107,Bandar Abbas,2026-02-08,0,0.2857142857,0.75,0.5714285714
daily_port_series,Gulf and east-coast ports,3,Iran,IRN,port107,Bandar Abbas,2026-02-09,0,0.2857142857,0.75,0.6785714286
daily_port_series,Gulf and east-coast ports,3,Iran,IRN,port107,Bandar Abbas,2026-02-10,2,0.4285714286,0.75,0.5714285714
daily_port_series,Gulf and east-coast ports,3,Iran,IRN,port107,Bandar Abbas,2026-02-11,0,0.4285714286,0.25,0.5714285714
daily_port_series,Gulf and east-coast ports,3,Iran,IRN,port107,Bandar Abbas,2026-02-12,0,0.4285714286,1,0.6071428571
daily_port_series,Gulf and east-coast ports,3,Iran,IRN,port107,Bandar Abbas,2026-02-13,1,0.5714285714,0.25,0.6785714286
daily_port_series,Gulf and east-coast ports,3,Iran,IRN,port107,Bandar Abbas,2026-02-14,0,0.4285714286,0.25,0.6785714286
daily_port_series,Gulf and east-coast ports,3,Iran,IRN,port107,Bandar Abbas,2026-02-15,0,0.4285714286,1,0.7857142857
daily_port_series,Gulf and east-coast ports,3,Iran,IRN,port107,Bandar Abbas,2026-02-16,1,0.4285714286,1.25,0.7857142857
daily_port_series,Gulf and east-coast ports,3,Iran,IRN,port107,Bandar Abbas,2026-02-17,1,0.2857142857,0.75,0.7857142857
daily_port_series,Gulf and east-coast ports,3,Iran,IRN,port107,Bandar Abbas,2026-02-18,0,0.2857142857,1,0.8571428571
daily_port_series,Gulf and east-coast ports,3,Iran,IRN,port107,Bandar Abbas,2026-02-19,0,0.2857142857,1,0.8571428571
daily_port_series,Gulf and east-coast ports,3,Iran,IRN,port107,Bandar Abbas,2026-02-20,0,0.1428571429,0.25,0.8571428571
daily_port_series,Gulf and east-coast ports,3,Iran,IRN,port107,Bandar Abbas,2026-02-21,0,0,0.75,1
daily_port_series,Gulf and east-coast ports,3,Iran,IRN,port107,Bandar Abbas,2026-02-22,0,0,1,0.8571428571
daily_port_series,Gulf and east-coast ports,3,Iran,IRN,port107,Bandar Abbas,2026-02-23,0,0,1.25,0.7857142857
daily_port_series,Gulf and east-coast ports,3,Iran,IRN,port107,Bandar Abbas,2026-02-24,0,0,1.75,0.8571428571
daily_port_series,Gulf and east-coast ports,3,Iran,IRN,port107,Bandar Abbas,2026-02-25,0,0.1428571429,0,0.8571428571
daily_port_series,Gulf and east-coast ports,3,Iran,IRN,port107,Bandar Abbas,2026-02-26,0,0.1428571429,0.5,0.7857142857
daily_port_series,Gulf and east-coast ports,3,Iran,IRN,port107,Bandar Abbas,2026-02-27,0,0.1428571429,0.75,0.8571428571
daily_port_series,Gulf and east-coast ports,3,Iran,IRN,port107,Bandar Abbas,2026-02-28,1,0.2857142857,0.75,0.6785714286
daily_port_series,Gulf and east-coast ports,3,Iran,IRN,port107,Bandar Abbas,2026-03-01,0,0.4285714286,0.5,0.75
daily_port_series,Gulf and east-coast ports,3,Iran,IRN,port107,Bandar Abbas,2026-03-02,0,0.4285714286,1.75,0.7857142857
daily_port_series,Gulf and east-coast ports,3,Iran,IRN,port107,Bandar Abbas,2026-03-03,1,0.5714285714,0.5,0.8928571429
daily_port_series,Gulf and east-coast ports,3,Iran,IRN,port107,Bandar Abbas,2026-03-04,1,0.4285714286,0.5,1.035714286
daily_port_series,Gulf and east-coast ports,3,Iran,IRN,port107,Bandar Abbas,2026-03-05,0,0.4285714286,0.75,1.178571429
daily_port_series,Gulf and east-coast ports,3,Iran,IRN,port107,Bandar Abbas,2026-03-06,1,0.5714285714,1.5,0.9642857143
daily_port_series,Gulf and east-coast ports,3,Iran,IRN,port107,Bandar Abbas,2026-03-07,0,0.5714285714,1.75,1.107142857
daily_port_series,Gulf and east-coast ports,3,Iran,IRN,port107,Bandar Abbas,2026-03-08,0,0.4285714286,1.5,1.142857143
daily_port_series,Gulf and east-coast ports,3,Iran,IRN,port107,Bandar Abbas,2026-03-09,1,0.4285714286,0.25,1.071428571
daily_port_series,Gulf and east-coast ports,3,Iran,IRN,port107,Bandar Abbas,2026-03-10,1,0.4285714286,1.5,0.8928571429
daily_port_series,Gulf and east-coast ports,3,Iran,IRN,port107,Bandar Abbas,2026-03-11,0,0.4285714286,0.75,0.7142857143
daily_port_series,Gulf and east-coast ports,3,Iran,IRN,port107,Bandar Abbas,2026-03-12,0,0.5714285714,0.25,0.6428571429
daily_port_series,Gulf and east-coast ports,3,Iran,IRN,port107,Bandar Abbas,2026-03-13,1,0.7142857143,0.25,0.7857142857
daily_port_series,Gulf and east-coast ports,3,Iran,IRN,port107,Bandar Abbas,2026-03-14,0,0.5714285714,0.5,0.75
daily_port_series,Gulf and east-coast ports,3,Iran,IRN,port107,Bandar Abbas,2026-03-15,1,0.7142857143,1,0.8214285714
daily_port_series,Gulf and east-coast ports,3,Iran,IRN,port107,Bandar Abbas,2026-03-16,2,0.7142857143,1.25,0.8571428571
daily_port_series,Gulf and east-coast ports,3,Iran,IRN,port107,Bandar Abbas,2026-03-17,0,0.5714285714,1.25,0.8571428571
daily_port_series,Gulf and east-coast ports,3,Iran,IRN,port107,Bandar Abbas,2026-03-18,1,0.5714285714,1.25,0.9285714286
daily_port_series,Gulf and east-coast ports,3,Iran,IRN,port107,Bandar Abbas,2026-03-19,0,0.4285714286,0.5,0.8928571429
daily_port_series,Gulf and east-coast ports,3,Iran,IRN,port107,Bandar Abbas,2026-03-20,0,0.2857142857,0.25,0.8571428571
daily_port_series,Gulf and east-coast ports,3,Iran,IRN,port107,Bandar Abbas,2026-03-21,0,0.2857142857,1,0.8214285714
daily_port_series,Gulf and east-coast ports,3,Iran,IRN,port107,Bandar Abbas,2026-03-22,0,0.1428571429,0.75,0.7142857143
daily_port_series,Gulf and east-coast ports,3,Iran,IRN,port107,Bandar Abbas,2026-03-23,1,0.1428571429,1,0.7142857143
daily_port_series,Gulf and east-coast ports,3,Iran,IRN,port107,Bandar Abbas,2026-03-24,0,0.1428571429,1,0.75
daily_port_series,Gulf and east-coast ports,3,Iran,IRN,port107,Bandar Abbas,2026-03-25,0,0.1428571429,0.5,0.75
daily_port_series,Gulf and east-coast ports,3,Iran,IRN,port107,Bandar Abbas,2026-03-26,0,0.1428571429,0.5,0.6785714286
daily_port_series,Gulf and east-coast ports,3,Iran,IRN,port107,Bandar Abbas,2026-03-27,0,0,0.5,0.6428571429
daily_port_series,Gulf and east-coast ports,3,Iran,IRN,port107,Bandar Abbas,2026-03-28,0,0,1,0.5357142857
daily_port_series,Gulf and east-coast ports,3,Iran,IRN,port107,Bandar Abbas,2026-03-29,0,0,0.25,0.7142857143
daily_port_series,Gulf and east-coast ports,3,Iran,IRN,port107,Bandar Abbas,2026-03-30,0,0.1428571429,0.75,0.75
daily_port_series,Gulf and east-coast ports,3,Iran,IRN,port107,Bandar Abbas,2026-03-31,0,0.1428571429,0.25,0.8571428571
daily_port_series,Gulf and east-coast ports,3,Iran,IRN,port107,Bandar Abbas,2026-04-01,0,0.1428571429,1.75,0.75
daily_port_series,Gulf and east-coast ports,3,Iran,IRN,port107,Bandar Abbas,2026-04-02,1,0.1428571429,0.75,0.8214285714
daily_port_series,Gulf and east-coast ports,3,Iran,IRN,port107,Bandar Abbas,2026-04-03,0,0.1428571429,1.25,0.8571428571
daily_port_series,Gulf and east-coast ports,3,Iran,IRN,port107,Bandar Abbas,2026-04-04,0,0.1428571429,0.25,0.8571428571
daily_port_series,Gulf and east-coast ports,3,Iran,IRN,port107,Bandar Abbas,2026-04-05,0,0.1428571429,0.75,0.7142857143
daily_port_series,Gulf and east-coast ports,3,Iran,IRN,port107,Bandar Abbas,2026-04-06,0,0,1,0.8214285714
daily_port_series,Gulf and east-coast ports,3,Iran,IRN,port107,Bandar Abbas,2026-04-07,0,0,0.25,0.7857142857
daily_port_series,Gulf and east-coast ports,3,Iran,IRN,port107,Bandar Abbas,2026-04-08,0,0.1428571429,0.75,1.071428571
daily_port_series,Gulf and east-coast ports,3,Iran,IRN,port107,Bandar Abbas,2026-04-09,0,0.1428571429,1.5,1.214285714
daily_port_series,Gulf and east-coast ports,3,Iran,IRN,port107,Bandar Abbas,2026-04-10,0,0.2857142857,1,1.071428571
daily_port_series,Gulf and east-coast ports,3,Iran,IRN,port107,Bandar Abbas,2026-04-11,1,0.2857142857,2.25,1.321428571
daily_port_series,Gulf and east-coast ports,3,Iran,IRN,port107,Bandar Abbas,2026-04-12,0,0.2857142857,1.75,1.5
daily_port_series,Gulf and east-coast ports,3,Iran,IRN,port107,Bandar Abbas,2026-04-13,1,0.2857142857,0,1.5
daily_port_series,Gulf and east-coast ports,3,Iran,IRN,port107,Bandar Abbas,2026-04-14,0,0.2857142857,2,1.464285714
daily_port_series,Gulf and east-coast ports,3,Iran,IRN,port107,Bandar Abbas,2026-04-15,0,0.1428571429,2,1.357142857
daily_port_series,Gulf and east-coast ports,3,Iran,IRN,port107,Bandar Abbas,2026-04-16,0,0.1428571429,1.5,1.25
daily_port_series,Gulf and east-coast ports,3,Iran,IRN,port107,Bandar Abbas,2026-04-17,0,0,0.75,1.321428571
daily_port_series,Gulf and east-coast ports,3,Iran,IRN,port107,Bandar Abbas,2026-04-18,0,0,1.5,1.357142857
daily_port_series,Gulf and east-coast ports,3,Iran,IRN,port107,Bandar Abbas,2026-04-19,0,0,1,1.321428571
daily_port_series,Gulf and east-coast ports,3,Iran,IRN,port107,Bandar Abbas,2026-04-20,0,0,0.5,1.214285714
daily_port_series,Gulf and east-coast ports,3,Iran,IRN,port107,Bandar Abbas,2026-04-21,0,0,2.25,1.178571429
daily_port_series,Gulf and east-coast ports,3,Iran,IRN,port107,Bandar Abbas,2026-04-22,0,0,1.75,1.25
daily_port_series,Gulf and east-coast ports,3,Iran,IRN,port107,Bandar Abbas,2026-04-23,0,0,0.75,1.285714286
daily_port_series,Gulf and east-coast ports,3,Iran,IRN,port107,Bandar Abbas,2026-04-24,0,0.1428571429,0.5,1.321428571
daily_port_series,Gulf and east-coast ports,3,Iran,IRN,port107,Bandar Abbas,2026-04-25,0,0.1428571429,2,1.107142857
daily_port_series,Gulf and east-coast ports,3,Iran,IRN,port107,Bandar Abbas,2026-04-26,0,0.1428571429,1.25,1
daily_port_series,Gulf and east-coast ports,3,Iran,IRN,port107,Bandar Abbas,2026-04-27,1,0.2857142857,0.75,0.9285714286
daily_port_series,Gulf and east-coast ports,3,Iran,IRN,port107,Bandar Abbas,2026-04-28,0,0.2857142857,0.75,1.071428571
daily_port_series,Gulf and east-coast ports,3,Iran,IRN,port107,Bandar Abbas,2026-04-29,0,0.2857142857,1,1.142857143
daily_port_series,Gulf and east-coast ports,3,Iran,IRN,port107,Bandar Abbas,2026-04-30,1,0.4285714286,0.25,1.035714286
daily_port_series,Gulf and east-coast ports,3,Iran,IRN,port107,Bandar Abbas,2026-05-01,0,0.2857142857,1.5,1
daily_port_series,Gulf and east-coast ports,3,Iran,IRN,port107,Bandar Abbas,2026-05-02,0,0.2857142857,2.5,1.071428571
daily_port_series,Gulf and east-coast ports,3,Iran,IRN,port107,Bandar Abbas,2026-05-03,1,0.2857142857,0.5,1.178571429
daily_port_series,Gulf and east-coast ports,3,Iran,IRN,port107,Bandar Abbas,2026-05-04,0,0.2857142857,0.5,1.5
daily_port_series,Gulf and east-coast ports,3,Iran,IRN,port107,Bandar Abbas,2026-05-05,0,0.4285714286,1.25,1.464285714
daily_port_series,Gulf and east-coast ports,3,Iran,IRN,port107,Bandar Abbas,2026-05-06,0,0.4285714286,1.75,1.25
daily_port_series,Gulf and east-coast ports,3,Iran,IRN,port107,Bandar Abbas,2026-05-07,1,0.2857142857,2.5,1.285714286
daily_port_series,Gulf and east-coast ports,3,Iran,IRN,port107,Bandar Abbas,2026-05-08,1,0.2857142857,1.25,1.5
daily_port_series,Gulf and east-coast ports,3,Iran,IRN,port107,Bandar Abbas,2026-05-09,0,0.2857142857,1,1.571428571
daily_port_series,Gulf and east-coast ports,3,Iran,IRN,port107,Bandar Abbas,2026-05-10,0,0.4285714286,0.75,1.535714286
daily_port_series,Gulf and east-coast ports,3,Iran,IRN,port107,Bandar Abbas,2026-05-11,0,0.2857142857,2,1.321428571
daily_port_series,Gulf and east-coast ports,3,Iran,IRN,port107,Bandar Abbas,2026-05-12,0,0.2857142857,1.75,1.25
daily_port_series,Gulf and east-coast ports,3,Iran,IRN,port107,Bandar Abbas,2026-05-13,1,0.2857142857,1.5,1.5
daily_port_series,Gulf and east-coast ports,3,Iran,IRN,port107,Bandar Abbas,2026-05-14,0,0.2857142857,1,1.535714286
daily_port_series,Gulf and east-coast ports,3,Iran,IRN,port107,Bandar Abbas,2026-05-15,1,0.5714285714,0.75,1.357142857
daily_port_series,Gulf and east-coast ports,3,Iran,IRN,port107,Bandar Abbas,2026-05-16,0,0.5714285714,2.75,1.392857143
daily_port_series,Gulf and east-coast ports,3,Iran,IRN,port107,Bandar Abbas,2026-05-17,0,0.4285714286,1,1.321428571
daily_port_series,Gulf and east-coast ports,3,Iran,IRN,port107,Bandar Abbas,2026-05-18,2,0.5714285714,0.75,1.392857143
daily_port_series,Gulf and east-coast ports,3,Iran,IRN,port107,Bandar Abbas,2026-05-19,0,0.7142857143,2,1.392857143
daily_port_series,Gulf and east-coast ports,3,Iran,IRN,port107,Bandar Abbas,2026-05-20,0,0.8571428571,1,1.214285714
daily_port_series,Gulf and east-coast ports,3,Iran,IRN,port107,Bandar Abbas,2026-05-21,1,0.8571428571,1.5,1.285714286
daily_port_series,Gulf and east-coast ports,3,Iran,IRN,port107,Bandar Abbas,2026-05-22,2,0.5714285714,0.75,1.428571429
daily_port_series,Gulf and east-coast ports,3,Iran,IRN,port107,Bandar Abbas,2026-05-23,1,0.5714285714,1.5,1.178571429
daily_port_series,Gulf and east-coast ports,3,Iran,IRN,port107,Bandar Abbas,2026-05-24,0,0.7142857143,1.5,1.214285714
daily_port_series,Gulf and east-coast ports,3,Iran,IRN,port107,Bandar Abbas,2026-05-25,0,0.5714285714,1.75,1.321428571
daily_port_series,Gulf and east-coast ports,3,Iran,IRN,port107,Bandar Abbas,2026-05-26,0,0.2857142857,0.25,1.321428571
daily_port_series,Gulf and east-coast ports,3,Iran,IRN,port107,Bandar Abbas,2026-05-27,1,0.1428571429,1.25,1.535714286
daily_port_series,Gulf and east-coast ports,3,Iran,IRN,port107,Bandar Abbas,2026-05-28,0,0.1428571429,2.25,1.5
daily_port_series,Gulf and east-coast ports,3,Iran,IRN,port107,Bandar Abbas,2026-05-29,0,0.1428571429,0.75,1.285714286
daily_port_series,Gulf and east-coast ports,3,Iran,IRN,port107,Bandar Abbas,2026-05-30,0,0.2857142857,3,1.535714286
daily_port_series,Gulf and east-coast ports,3,Iran,IRN,port107,Bandar Abbas,2026-05-31,0,0.1428571429,1.25,1.464285714
daily_port_series,Gulf and east-coast ports,3,Iran,IRN,port107,Bandar Abbas,2026-06-01,0,0.1428571429,0.25,1.25
daily_port_series,Gulf and east-coast ports,3,Iran,IRN,port107,Bandar Abbas,2026-06-02,1,0.2857142857,2,1.25
daily_port_series,Gulf and east-coast ports,3,Iran,IRN,port107,Bandar Abbas,2026-06-03,0,0.4285714286,0.75,1.035714286
daily_port_series,Gulf and east-coast ports,3,Iran,IRN,port107,Bandar Abbas,2026-06-04,0,0.4285714286,0.75,1.071428571
daily_port_series,Gulf and east-coast ports,3,Iran,IRN,port107,Bandar Abbas,2026-06-05,1,0.4285714286,0.75,1.214285714
daily_port_series,Gulf and east-coast ports,3,Iran,IRN,port107,Bandar Abbas,2026-06-06,1,0.2857142857,1.5,1.071428571
daily_port_series,Gulf and east-coast ports,3,Iran,IRN,port107,Bandar Abbas,2026-06-07,0,0.4285714286,1.5,1.107142857
daily_port_series,Gulf and east-coast ports,3,Iran,IRN,port107,Bandar Abbas,2026-06-08,0,0.5714285714,1.25,1.25
daily_port_series,Gulf and east-coast ports,3,Iran,IRN,port107,Bandar Abbas,2026-06-09,0,0.4285714286,1,1.321428571
daily_port_series,Gulf and east-coast ports,3,Iran,IRN,port107,Bandar Abbas,2026-06-10,1,0.2857142857,1,1.321428571
daily_port_series,Gulf and east-coast ports,3,Iran,IRN,port107,Bandar Abbas,2026-06-11,1,0.4285714286,1.75,1.321428571
daily_port_series,Gulf and east-coast ports,3,Iran,IRN,port107,Bandar Abbas,2026-06-12,0,0.5714285714,1.25,1.321428571
daily_port_series,Gulf and east-coast ports,3,Iran,IRN,port107,Bandar Abbas,2026-06-13,0,0.5714285714,1.5,1.357142857
daily_port_series,Gulf and east-coast ports,3,Iran,IRN,port107,Bandar Abbas,2026-06-14,1,0.7142857143,1.5,1.321428571
daily_port_series,Gulf and east-coast ports,3,Iran,IRN,port107,Bandar Abbas,2026-06-15,1,0.8571428571,1.25,1.321428571
daily_port_series,Gulf and east-coast ports,3,Iran,IRN,port107,Bandar Abbas,2026-06-16,0,0.8571428571,1.25,1.392857143
daily_port_series,Gulf and east-coast ports,3,Iran,IRN,port107,Bandar Abbas,2026-06-17,2,1.142857143,0.75,1.428571429
daily_port_series,Gulf and east-coast ports,3,Iran,IRN,port107,Bandar Abbas,2026-06-18,2,1,1.75,1.392857143
daily_port_series,Gulf and east-coast ports,3,Iran,IRN,port107,Bandar Abbas,2026-06-19,0,1,1.75,1.535714286
daily_port_series,Gulf and east-coast ports,3,Iran,IRN,port107,Bandar Abbas,2026-06-20,2,1.142857143,1.75,1.571428571
daily_port_series,Gulf and east-coast ports,3,Iran,IRN,port107,Bandar Abbas,2026-06-21,0,1,1.25,1.714285714
daily_port_series,Gulf and east-coast ports,3,Iran,IRN,port107,Bandar Abbas,2026-06-22,1,1,2.25,1.642857143
daily_port_series,Gulf and east-coast ports,3,Iran,IRN,port107,Bandar Abbas,2026-06-23,1,1,1.5,1.642857143
daily_port_series,Gulf and east-coast ports,3,Iran,IRN,port107,Bandar Abbas,2026-06-24,1,0.8571428571,1.75,1.714285714
daily_port_series,Gulf and east-coast ports,3,Iran,IRN,port107,Bandar Abbas,2026-06-25,2,0.8571428571,1.25,1.821428571
daily_port_series,Gulf and east-coast ports,3,Iran,IRN,port107,Bandar Abbas,2026-06-26,0,0.8571428571,1.75,1.642857143
daily_port_series,Gulf and east-coast ports,3,Iran,IRN,port107,Bandar Abbas,2026-06-27,1,0.8571428571,2.25,1.678571429
daily_port_series,Gulf and east-coast ports,3,Iran,IRN,port107,Bandar Abbas,2026-06-28,0,0.8333333333,2,1.666666667
daily_port_series,Gulf and east-coast ports,3,Iran,IRN,port107,Bandar Abbas,2026-06-29,1,0.6,1,1.75
daily_port_series,Gulf and east-coast ports,3,Iran,IRN,port107,Bandar Abbas,2026-06-30,1,0.75,1.75,1.75
daily_port_series,Wider route context,1,Qatar,QAT,port1090,Ras Laffan,2026-01-01,3,4,3.25,4
daily_port_series,Wider route context,1,Qatar,QAT,port1090,Ras Laffan,2026-01-02,6,3.6,5.5,3.9
daily_port_series,Wider route context,1,Qatar,QAT,port1090,Ras Laffan,2026-01-03,5,4,4.25,3.75
daily_port_series,Wider route context,1,Qatar,QAT,port1090,Ras Laffan,2026-01-04,2,3.714285714,3,3.821428571
daily_port_series,Wider route context,1,Qatar,QAT,port1090,Ras Laffan,2026-01-05,2,3.714285714,3.5,3.928571429
daily_port_series,Wider route context,1,Qatar,QAT,port1090,Ras Laffan,2026-01-06,6,3.714285714,3,3.678571429
daily_port_series,Wider route context,1,Qatar,QAT,port1090,Ras Laffan,2026-01-07,2,3.285714286,4.25,3.821428571
daily_port_series,Wider route context,1,Qatar,QAT,port1090,Ras Laffan,2026-01-08,3,3.571428571,4,3.892857143
daily_port_series,Wider route context,1,Qatar,QAT,port1090,Ras Laffan,2026-01-09,6,4.285714286,3.75,4.178571429
daily_port_series,Wider route context,1,Qatar,QAT,port1090,Ras Laffan,2026-01-10,2,4,5.25,4.428571429
daily_port_series,Wider route context,1,Qatar,QAT,port1090,Ras Laffan,2026-01-11,4,4.571428571,3.5,4.535714286
daily_port_series,Wider route context,1,Qatar,QAT,port1090,Ras Laffan,2026-01-12,7,4.142857143,5.5,4.785714286
daily_port_series,Wider route context,1,Qatar,QAT,port1090,Ras Laffan,2026-01-13,4,4,4.75,4.857142857
daily_port_series,Wider route context,1,Qatar,QAT,port1090,Ras Laffan,2026-01-14,6,4.285714286,5,4.571428571
daily_port_series,Wider route context,1,Qatar,QAT,port1090,Ras Laffan,2026-01-15,0,4.428571429,5.75,4.464285714
daily_port_series,Wider route context,1,Qatar,QAT,port1090,Ras Laffan,2026-01-16,5,4,4.25,4.392857143
daily_port_series,Wider route context,1,Qatar,QAT,port1090,Ras Laffan,2026-01-17,4,4,3.25,4.392857143
daily_port_series,Wider route context,1,Qatar,QAT,port1090,Ras Laffan,2026-01-18,5,3.571428571,2.75,4.071428571
daily_port_series,Wider route context,1,Qatar,QAT,port1090,Ras Laffan,2026-01-19,4,4.142857143,5,4.071428571
daily_port_series,Wider route context,1,Qatar,QAT,port1090,Ras Laffan,2026-01-20,4,3.857142857,4.75,4.178571429
daily_port_series,Wider route context,1,Qatar,QAT,port1090,Ras Laffan,2026-01-21,3,3.857142857,2.75,4.357142857
daily_port_series,Wider route context,1,Qatar,QAT,port1090,Ras Laffan,2026-01-22,4,3.428571429,5.75,4.714285714
daily_port_series,Wider route context,1,Qatar,QAT,port1090,Ras Laffan,2026-01-23,3,3.142857143,5,4.821428571
daily_port_series,Wider route context,1,Qatar,QAT,port1090,Ras Laffan,2026-01-24,4,3,4.5,4.678571429
daily_port_series,Wider route context,1,Qatar,QAT,port1090,Ras Laffan,2026-01-25,2,3.428571429,5.25,4.892857143
daily_port_series,Wider route context,1,Qatar,QAT,port1090,Ras Laffan,2026-01-26,2,3.428571429,5.75,4.928571429
daily_port_series,Wider route context,1,Qatar,QAT,port1090,Ras Laffan,2026-01-27,3,3.714285714,3.75,5.142857143
daily_port_series,Wider route context,1,Qatar,QAT,port1090,Ras Laffan,2026-01-28,6,4,4.25,5.25
daily_port_series,Wider route context,1,Qatar,QAT,port1090,Ras Laffan,2026-01-29,4,4.428571429,6,5.107142857
daily_port_series,Wider route context,1,Qatar,QAT,port1090,Ras Laffan,2026-01-30,5,5.571428571,6.5,4.75
daily_port_series,Wider route context,1,Qatar,QAT,port1090,Ras Laffan,2026-01-31,6,5.714285714,5.25,4.928571429
daily_port_series,Wider route context,1,Qatar,QAT,port1090,Ras Laffan,2026-02-01,5,5.714285714,4.25,5.428571429
daily_port_series,Wider route context,1,Qatar,QAT,port1090,Ras Laffan,2026-02-02,10,5.857142857,3.25,5.642857143
daily_port_series,Wider route context,1,Qatar,QAT,port1090,Ras Laffan,2026-02-03,4,5.857142857,5,5.107142857
daily_port_series,Wider route context,1,Qatar,QAT,port1090,Ras Laffan,2026-02-04,6,5.571428571,7.75,4.964285714
daily_port_series,Wider route context,1,Qatar,QAT,port1090,Ras Laffan,2026-02-05,5,5.857142857,7.5,4.892857143
daily_port_series,Wider route context,1,Qatar,QAT,port1090,Ras Laffan,2026-02-06,5,5.285714286,2.75,4.785714286
daily_port_series,Wider route context,1,Qatar,QAT,port1090,Ras Laffan,2026-02-07,4,5.571428571,4.25,4.821428571
daily_port_series,Wider route context,1,Qatar,QAT,port1090,Ras Laffan,2026-02-08,7,5.142857143,3.75,4.535714286
daily_port_series,Wider route context,1,Qatar,QAT,port1090,Ras Laffan,2026-02-09,6,5.571428571,2.5,4.25
daily_port_series,Wider route context,1,Qatar,QAT,port1090,Ras Laffan,2026-02-10,6,6,5.25,4.392857143
daily_port_series,Wider route context,1,Qatar,QAT,port1090,Ras Laffan,2026-02-11,3,5.714285714,5.75,4.714285714
daily_port_series,Wider route context,1,Qatar,QAT,port1090,Ras Laffan,2026-02-12,8,5.142857143,5.5,4.821428571
daily_port_series,Wider route context,1,Qatar,QAT,port1090,Ras Laffan,2026-02-13,8,5,3.75,4.964285714
daily_port_series,Wider route context,1,Qatar,QAT,port1090,Ras Laffan,2026-02-14,2,5,6.5,4.571428571
daily_port_series,Wider route context,1,Qatar,QAT,port1090,Ras Laffan,2026-02-15,3,5.428571429,4.5,4.535714286
daily_port_series,Wider route context,1,Qatar,QAT,port1090,Ras Laffan,2026-02-16,5,5.142857143,3.5,4.464285714
daily_port_series,Wider route context,1,Qatar,QAT,port1090,Ras Laffan,2026-02-17,6,4.428571429,2.5,4.75
daily_port_series,Wider route context,1,Qatar,QAT,port1090,Ras Laffan,2026-02-18,6,4.857142857,5.5,4.464285714
daily_port_series,Wider route context,1,Qatar,QAT,port1090,Ras Laffan,2026-02-19,6,5.571428571,5,4.428571429
daily_port_series,Wider route context,1,Qatar,QAT,port1090,Ras Laffan,2026-02-20,3,5.571428571,5.75,4.892857143
daily_port_series,Wider route context,1,Qatar,QAT,port1090,Ras Laffan,2026-02-21,5,5.571428571,4.5,5.107142857
daily_port_series,Wider route context,1,Qatar,QAT,port1090,Ras Laffan,2026-02-22,8,5.285714286,4.25,4.75
daily_port_series,Wider route context,1,Qatar,QAT,port1090,Ras Laffan,2026-02-23,5,4.571428571,6.75,4.964285714
daily_port_series,Wider route context,1,Qatar,QAT,port1090,Ras Laffan,2026-02-24,6,5.714285714,4,4.642857143
daily_port_series,Wider route context,1,Qatar,QAT,port1090,Ras Laffan,2026-02-25,4,5.857142857,3,4.892857143
daily_port_series,Wider route context,1,Qatar,QAT,port1090,Ras Laffan,2026-02-26,1,5.571428571,6.5,4.928571429
daily_port_series,Wider route context,1,Qatar,QAT,port1090,Ras Laffan,2026-02-27,11,5.142857143,3.5,4.571428571
daily_port_series,Wider route context,1,Qatar,QAT,port1090,Ras Laffan,2026-02-28,6,4.285714286,6.25,4.75
daily_port_series,Wider route context,1,Qatar,QAT,port1090,Ras Laffan,2026-03-01,6,3.714285714,4.5,5.071428571
daily_port_series,Wider route context,1,Qatar,QAT,port1090,Ras Laffan,2026-03-02,2,4.714285714,4.25,4.75
daily_port_series,Wider route context,1,Qatar,QAT,port1090,Ras Laffan,2026-03-03,0,3.285714286,5.25,5
daily_port_series,Wider route context,1,Qatar,QAT,port1090,Ras Laffan,2026-03-04,0,2.428571429,5.25,5.142857143
daily_port_series,Wider route context,1,Qatar,QAT,port1090,Ras Laffan,2026-03-05,8,1.714285714,4.25,5.214285714
daily_port_series,Wider route context,1,Qatar,QAT,port1090,Ras Laffan,2026-03-06,1,1.571428571,5.25,5.678571429
daily_port_series,Wider route context,1,Qatar,QAT,port1090,Ras Laffan,2026-03-07,0,1.857142857,7.25,5.714285714
daily_port_series,Wider route context,1,Qatar,QAT,port1090,Ras Laffan,2026-03-08,1,2.142857143,5,5.535714286
daily_port_series,Wider route context,1,Qatar,QAT,port1090,Ras Laffan,2026-03-09,1,1.428571429,7.5,5.714285714
daily_port_series,Wider route context,1,Qatar,QAT,port1090,Ras Laffan,2026-03-10,2,1.285714286,5.5,5.714285714
daily_port_series,Wider route context,1,Qatar,QAT,port1090,Ras Laffan,2026-03-11,2,1.285714286,4,5.607142857
daily_port_series,Wider route context,1,Qatar,QAT,port1090,Ras Laffan,2026-03-12,3,1.571428571,5.5,5.714285714
daily_port_series,Wider route context,1,Qatar,QAT,port1090,Ras Laffan,2026-03-13,0,1.714285714,5.25,5.464285714
daily_port_series,Wider route context,1,Qatar,QAT,port1090,Ras Laffan,2026-03-14,0,1.571428571,6.5,5.5
daily_port_series,Wider route context,1,Qatar,QAT,port1090,Ras Laffan,2026-03-15,3,1.428571429,5.75,5.964285714
daily_port_series,Wider route context,1,Qatar,QAT,port1090,Ras Laffan,2026-03-16,2,1.428571429,5.75,6.071428571
daily_port_series,Wider route context,1,Qatar,QAT,port1090,Ras Laffan,2026-03-17,1,1.428571429,5.75,6.285714286
daily_port_series,Wider route context,1,Qatar,QAT,port1090,Ras Laffan,2026-03-18,1,1.571428571,7.25,6.25
daily_port_series,Wider route context,1,Qatar,QAT,port1090,Ras Laffan,2026-03-19,3,1.428571429,6.25,6.071428571
daily_port_series,Wider route context,1,Qatar,QAT,port1090,Ras Laffan,2026-03-20,0,1.285714286,6.75,5.928571429
daily_port_series,Wider route context,1,Qatar,QAT,port1090,Ras Laffan,2026-03-21,1,1.142857143,6.25,5.607142857
daily_port_series,Wider route context,1,Qatar,QAT,port1090,Ras Laffan,2026-03-22,2,1,4.5,5.571428571
daily_port_series,Wider route context,1,Qatar,QAT,port1090,Ras Laffan,2026-03-23,1,0.7142857143,4.75,5.357142857
daily_port_series,Wider route context,1,Qatar,QAT,port1090,Ras Laffan,2026-03-24,0,1,3.5,5.214285714
daily_port_series,Wider route context,1,Qatar,QAT,port1090,Ras Laffan,2026-03-25,0,1,7,5.321428571
daily_port_series,Wider route context,1,Qatar,QAT,port1090,Ras Laffan,2026-03-26,1,0.7142857143,4.75,5.642857143
daily_port_series,Wider route context,1,Qatar,QAT,port1090,Ras Laffan,2026-03-27,2,0.5714285714,5.75,6.071428571
daily_port_series,Wider route context,1,Qatar,QAT,port1090,Ras Laffan,2026-03-28,1,0.7142857143,7,6.642857143
daily_port_series,Wider route context,1,Qatar,QAT,port1090,Ras Laffan,2026-03-29,0,1,6.75,6.285714286
daily_port_series,Wider route context,1,Qatar,QAT,port1090,Ras Laffan,2026-03-30,0,1.142857143,7.75,6.357142857
daily_port_series,Wider route context,1,Qatar,QAT,port1090,Ras Laffan,2026-03-31,1,1.285714286,7.5,6.392857143
daily_port_series,Wider route context,1,Qatar,QAT,port1090,Ras Laffan,2026-04-01,2,1.285714286,4.5,6.357142857
daily_port_series,Wider route context,1,Qatar,QAT,port1090,Ras Laffan,2026-04-02,2,1.428571429,5.25,6.25
daily_port_series,Wider route context,1,Qatar,QAT,port1090,Ras Laffan,2026-04-03,3,1.428571429,6,6.035714286
daily_port_series,Wider route context,1,Qatar,QAT,port1090,Ras Laffan,2026-04-04,1,1.428571429,6.75,5.892857143
daily_port_series,Wider route context,1,Qatar,QAT,port1090,Ras Laffan,2026-04-05,1,1.142857143,6,5.928571429
daily_port_series,Wider route context,1,Qatar,QAT,port1090,Ras Laffan,2026-04-06,0,1.142857143,6.25,6.035714286
daily_port_series,Wider route context,1,Qatar,QAT,port1090,Ras Laffan,2026-04-07,1,0.7142857143,6.5,6.107142857
daily_port_series,Wider route context,1,Qatar,QAT,port1090,Ras Laffan,2026-04-08,0,0.5714285714,4.75,6.071428571
daily_port_series,Wider route context,1,Qatar,QAT,port1090,Ras Laffan,2026-04-09,2,0.4285714286,6,5.964285714
daily_port_series,Wider route context,1,Qatar,QAT,port1090,Ras Laffan,2026-04-10,0,0.7142857143,6.5,5.928571429
daily_port_series,Wider route context,1,Qatar,QAT,port1090,Ras Laffan,2026-04-11,0,0.7142857143,6.5,5.785714286
daily_port_series,Wider route context,1,Qatar,QAT,port1090,Ras Laffan,2026-04-12,0,1,5.25,5.785714286
daily_port_series,Wider route context,1,Qatar,QAT,port1090,Ras Laffan,2026-04-13,2,1,6,5.5
daily_port_series,Wider route context,1,Qatar,QAT,port1090,Ras Laffan,2026-04-14,1,1,5.5,5.464285714
daily_port_series,Wider route context,1,Qatar,QAT,port1090,Ras Laffan,2026-04-15,2,1.285714286,4.75,5.428571429
daily_port_series,Wider route context,1,Qatar,QAT,port1090,Ras Laffan,2026-04-16,2,1.285714286,4,5.357142857
daily_port_series,Wider route context,1,Qatar,QAT,port1090,Ras Laffan,2026-04-17,0,1,6.25,5.214285714
daily_port_series,Wider route context,1,Qatar,QAT,port1090,Ras Laffan,2026-04-18,2,1.142857143,6.25,5.25
daily_port_series,Wider route context,1,Qatar,QAT,port1090,Ras Laffan,2026-04-19,0,1,4.75,5.428571429
daily_port_series,Wider route context,1,Qatar,QAT,port1090,Ras Laffan,2026-04-20,0,0.7142857143,5,5.714285714
daily_port_series,Wider route context,1,Qatar,QAT,port1090,Ras Laffan,2026-04-21,2,0.8571428571,5.75,5.678571429
daily_port_series,Wider route context,1,Qatar,QAT,port1090,Ras Laffan,2026-04-22,1,0.7142857143,6,5.607142857
daily_port_series,Wider route context,1,Qatar,QAT,port1090,Ras Laffan,2026-04-23,0,1,6,5.642857143
daily_port_series,Wider route context,1,Qatar,QAT,port1090,Ras Laffan,2026-04-24,1,1.428571429,6,5.607142857
daily_port_series,Wider route context,1,Qatar,QAT,port1090,Ras Laffan,2026-04-25,1,1.285714286,5.75,5.714285714
daily_port_series,Wider route context,1,Qatar,QAT,port1090,Ras Laffan,2026-04-26,2,1.285714286,5,5.5
daily_port_series,Wider route context,1,Qatar,QAT,port1090,Ras Laffan,2026-04-27,3,1.285714286,4.75,5.357142857
daily_port_series,Wider route context,1,Qatar,QAT,port1090,Ras Laffan,2026-04-28,1,1.571428571,6.5,5
daily_port_series,Wider route context,1,Qatar,QAT,port1090,Ras Laffan,2026-04-29,1,1.428571429,4.5,4.928571429
daily_port_series,Wider route context,1,Qatar,QAT,port1090,Ras Laffan,2026-04-30,0,1.142857143,5,4.857142857
daily_port_series,Wider route context,1,Qatar,QAT,port1090,Ras Laffan,2026-05-01,3,1.428571429,3.5,5.071428571
daily_port_series,Wider route context,1,Qatar,QAT,port1090,Ras Laffan,2026-05-02,0,1.428571429,5.25,5.071428571
daily_port_series,Wider route context,1,Qatar,QAT,port1090,Ras Laffan,2026-05-03,0,1.571428571,4.5,4.964285714
daily_port_series,Wider route context,1,Qatar,QAT,port1090,Ras Laffan,2026-05-04,5,1.571428571,6.25,4.964285714
daily_port_series,Wider route context,1,Qatar,QAT,port1090,Ras Laffan,2026-05-05,1,1.142857143,6.5,5.178571429
daily_port_series,Wider route context,1,Qatar,QAT,port1090,Ras Laffan,2026-05-06,2,1.428571429,3.75,5.035714286
daily_port_series,Wider route context,1,Qatar,QAT,port1090,Ras Laffan,2026-05-07,0,1.571428571,5,5.178571429
daily_port_series,Wider route context,1,Qatar,QAT,port1090,Ras Laffan,2026-05-08,0,0.8571428571,5,4.928571429
daily_port_series,Wider route context,1,Qatar,QAT,port1090,Ras Laffan,2026-05-09,2,0.7142857143,4.25,4.678571429
daily_port_series,Wider route context,1,Qatar,QAT,port1090,Ras Laffan,2026-05-10,1,0.8571428571,5.5,4.714285714
daily_port_series,Wider route context,1,Qatar,QAT,port1090,Ras Laffan,2026-05-11,0,1.428571429,4.5,4.571428571
daily_port_series,Wider route context,1,Qatar,QAT,port1090,Ras Laffan,2026-05-12,0,1.571428571,4.75,4.714285714
daily_port_series,Wider route context,1,Qatar,QAT,port1090,Ras Laffan,2026-05-13,3,1.428571429,4,5.107142857
daily_port_series,Wider route context,1,Qatar,QAT,port1090,Ras Laffan,2026-05-14,4,1.571428571,4,4.964285714
daily_port_series,Wider route context,1,Qatar,QAT,port1090,Ras Laffan,2026-05-15,1,1.714285714,6,5.321428571
daily_port_series,Wider route context,1,Qatar,QAT,port1090,Ras Laffan,2026-05-16,1,1.857142857,7,5.464285714
daily_port_series,Wider route context,1,Qatar,QAT,port1090,Ras Laffan,2026-05-17,2,1.714285714,4.5,5.714285714
daily_port_series,Wider route context,1,Qatar,QAT,port1090,Ras Laffan,2026-05-18,1,1.714285714,7,5.75
daily_port_series,Wider route context,1,Qatar,QAT,port1090,Ras Laffan,2026-05-19,1,1.714285714,5.75,5.392857143
daily_port_series,Wider route context,1,Qatar,QAT,port1090,Ras Laffan,2026-05-20,2,1.714285714,5.75,5.428571429
daily_port_series,Wider route context,1,Qatar,QAT,port1090,Ras Laffan,2026-05-21,4,1.571428571,4.25,5.5
daily_port_series,Wider route context,1,Qatar,QAT,port1090,Ras Laffan,2026-05-22,1,1.428571429,3.5,5.25
daily_port_series,Wider route context,1,Qatar,QAT,port1090,Ras Laffan,2026-05-23,1,1.285714286,7.25,5.214285714
daily_port_series,Wider route context,1,Qatar,QAT,port1090,Ras Laffan,2026-05-24,1,1.428571429,5,5.071428571
daily_port_series,Wider route context,1,Qatar,QAT,port1090,Ras Laffan,2026-05-25,0,0.8571428571,5.25,5.071428571
daily_port_series,Wider route context,1,Qatar,QAT,port1090,Ras Laffan,2026-05-26,0,0.8571428571,5.5,5.464285714
daily_port_series,Wider route context,1,Qatar,QAT,port1090,Ras Laffan,2026-05-27,3,1,4.75,5.214285714
daily_port_series,Wider route context,1,Qatar,QAT,port1090,Ras Laffan,2026-05-28,0,1,4.25,5.571428571
daily_port_series,Wider route context,1,Qatar,QAT,port1090,Ras Laffan,2026-05-29,1,1,6.25,5.75
daily_port_series,Wider route context,1,Qatar,QAT,port1090,Ras Laffan,2026-05-30,2,1.142857143,5.5,5.678571429
daily_port_series,Wider route context,1,Qatar,QAT,port1090,Ras Laffan,2026-05-31,1,1.285714286,7.5,5.964285714
daily_port_series,Wider route context,1,Qatar,QAT,port1090,Ras Laffan,2026-06-01,0,1.428571429,6.5,5.857142857
daily_port_series,Wider route context,1,Qatar,QAT,port1090,Ras Laffan,2026-06-02,1,1.428571429,5,5.642857143
daily_port_series,Wider route context,1,Qatar,QAT,port1090,Ras Laffan,2026-06-03,4,1.142857143,6.75,5.785714286
daily_port_series,Wider route context,1,Qatar,QAT,port1090,Ras Laffan,2026-06-04,1,1.285714286,3.5,5.535714286
daily_port_series,Wider route context,1,Qatar,QAT,port1090,Ras Laffan,2026-06-05,1,1.428571429,4.75,5.25
daily_port_series,Wider route context,1,Qatar,QAT,port1090,Ras Laffan,2026-06-06,0,1.428571429,6.5,5.321428571
daily_port_series,Wider route context,1,Qatar,QAT,port1090,Ras Laffan,2026-06-07,2,1.142857143,5.75,5.178571429
daily_port_series,Wider route context,1,Qatar,QAT,port1090,Ras Laffan,2026-06-08,1,1.142857143,4.5,5.571428571
daily_port_series,Wider route context,1,Qatar,QAT,port1090,Ras Laffan,2026-06-09,1,1.571428571,5.5,5.714285714
daily_port_series,Wider route context,1,Qatar,QAT,port1090,Ras Laffan,2026-06-10,2,1.714285714,5.75,5.464285714
daily_port_series,Wider route context,1,Qatar,QAT,port1090,Ras Laffan,2026-06-11,1,1.571428571,6.25,5.607142857
daily_port_series,Wider route context,1,Qatar,QAT,port1090,Ras Laffan,2026-06-12,4,1.857142857,5.75,5.535714286
daily_port_series,Wider route context,1,Qatar,QAT,port1090,Ras Laffan,2026-06-13,1,1.857142857,4.75,5.714285714
daily_port_series,Wider route context,1,Qatar,QAT,port1090,Ras Laffan,2026-06-14,1,1.714285714,6.75,5.75
daily_port_series,Wider route context,1,Qatar,QAT,port1090,Ras Laffan,2026-06-15,3,1.857142857,4,5.5
daily_port_series,Wider route context,1,Qatar,QAT,port1090,Ras Laffan,2026-06-16,1,1.428571429,6.75,5.357142857
daily_port_series,Wider route context,1,Qatar,QAT,port1090,Ras Laffan,2026-06-17,1,1.428571429,6,5.607142857
daily_port_series,Wider route context,1,Qatar,QAT,port1090,Ras Laffan,2026-06-18,2,1.285714286,4.5,5.5
daily_port_series,Wider route context,1,Qatar,QAT,port1090,Ras Laffan,2026-06-19,1,1,4.75,5.928571429
daily_port_series,Wider route context,1,Qatar,QAT,port1090,Ras Laffan,2026-06-20,1,1.142857143,6.5,5.678571429
daily_port_series,Wider route context,1,Qatar,QAT,port1090,Ras Laffan,2026-06-21,0,1,6,5.607142857
daily_port_series,Wider route context,1,Qatar,QAT,port1090,Ras Laffan,2026-06-22,1,1.142857143,7,6.035714286
daily_port_series,Wider route context,1,Qatar,QAT,port1090,Ras Laffan,2026-06-23,2,1.285714286,5,6
daily_port_series,Wider route context,1,Qatar,QAT,port1090,Ras Laffan,2026-06-24,0,1.428571429,5.5,5.857142857
daily_port_series,Wider route context,1,Qatar,QAT,port1090,Ras Laffan,2026-06-25,3,1.428571429,7.5,5.821428571
daily_port_series,Wider route context,1,Qatar,QAT,port1090,Ras Laffan,2026-06-26,2,1.428571429,4.5,5.392857143
daily_port_series,Wider route context,1,Qatar,QAT,port1090,Ras Laffan,2026-06-27,2,1.571428571,5.5,5.678571429
daily_port_series,Wider route context,1,Qatar,QAT,port1090,Ras Laffan,2026-06-28,0,1.833333333,5.75,5.708333333
daily_port_series,Wider route context,1,Qatar,QAT,port1090,Ras Laffan,2026-06-29,1,1.6,4,5.35
daily_port_series,Wider route context,1,Qatar,QAT,port1090,Ras Laffan,2026-06-30,3,1.5,7,5.5625
daily_port_series,Gulf and east-coast ports,10,Saudi Arabia,SAU,port1091,Ras Tanura,2026-01-01,0,1.5,0.75,1.0625
daily_port_series,Gulf and east-coast ports,10,Saudi Arabia,SAU,port1091,Ras Tanura,2026-01-02,2,1.8,1.25,1.1
daily_port_series,Gulf and east-coast ports,10,Saudi Arabia,SAU,port1091,Ras Tanura,2026-01-03,3,1.666666667,1.25,1.208333333
daily_port_series,Gulf and east-coast ports,10,Saudi Arabia,SAU,port1091,Ras Tanura,2026-01-04,1,1.714285714,1,1.285714286
daily_port_series,Gulf and east-coast ports,10,Saudi Arabia,SAU,port1091,Ras Tanura,2026-01-05,3,1.714285714,1.25,1.357142857
daily_port_series,Gulf and east-coast ports,10,Saudi Arabia,SAU,port1091,Ras Tanura,2026-01-06,1,1.571428571,1.75,1.25
daily_port_series,Gulf and east-coast ports,10,Saudi Arabia,SAU,port1091,Ras Tanura,2026-01-07,2,1.285714286,1.75,1.5
daily_port_series,Gulf and east-coast ports,10,Saudi Arabia,SAU,port1091,Ras Tanura,2026-01-08,0,1.285714286,1.25,1.571428571
daily_port_series,Gulf and east-coast ports,10,Saudi Arabia,SAU,port1091,Ras Tanura,2026-01-09,1,1,0.5,1.678571429
daily_port_series,Gulf and east-coast ports,10,Saudi Arabia,SAU,port1091,Ras Tanura,2026-01-10,1,1,3,1.678571429
daily_port_series,Gulf and east-coast ports,10,Saudi Arabia,SAU,port1091,Ras Tanura,2026-01-11,1,0.7142857143,1.5,1.75
daily_port_series,Gulf and east-coast ports,10,Saudi Arabia,SAU,port1091,Ras Tanura,2026-01-12,1,1,2,1.75
daily_port_series,Gulf and east-coast ports,10,Saudi Arabia,SAU,port1091,Ras Tanura,2026-01-13,1,1.142857143,1.75,1.892857143
daily_port_series,Gulf and east-coast ports,10,Saudi Arabia,SAU,port1091,Ras Tanura,2026-01-14,0,1.285714286,2.25,1.642857143
daily_port_series,Gulf and east-coast ports,10,Saudi Arabia,SAU,port1091,Ras Tanura,2026-01-15,2,1.285714286,1.25,1.535714286
daily_port_series,Gulf and east-coast ports,10,Saudi Arabia,SAU,port1091,Ras Tanura,2026-01-16,2,1.428571429,1.5,1.357142857
daily_port_series,Gulf and east-coast ports,10,Saudi Arabia,SAU,port1091,Ras Tanura,2026-01-17,2,1.285714286,1.25,1.5
daily_port_series,Gulf and east-coast ports,10,Saudi Arabia,SAU,port1091,Ras Tanura,2026-01-18,1,1.285714286,0.75,1.5
daily_port_series,Gulf and east-coast ports,10,Saudi Arabia,SAU,port1091,Ras Tanura,2026-01-19,2,1.285714286,0.75,1.428571429
daily_port_series,Gulf and east-coast ports,10,Saudi Arabia,SAU,port1091,Ras Tanura,2026-01-20,0,1.142857143,2.75,1.428571429
daily_port_series,Gulf and east-coast ports,10,Saudi Arabia,SAU,port1091,Ras Tanura,2026-01-21,0,1,2.25,1.464285714
daily_port_series,Gulf and east-coast ports,10,Saudi Arabia,SAU,port1091,Ras Tanura,2026-01-22,2,0.8571428571,0.75,1.714285714
daily_port_series,Gulf and east-coast ports,10,Saudi Arabia,SAU,port1091,Ras Tanura,2026-01-23,1,0.7142857143,1.5,1.75
daily_port_series,Gulf and east-coast ports,10,Saudi Arabia,SAU,port1091,Ras Tanura,2026-01-24,1,1,1.5,1.535714286
daily_port_series,Gulf and east-coast ports,10,Saudi Arabia,SAU,port1091,Ras Tanura,2026-01-25,0,1.142857143,2.5,1.428571429
daily_port_series,Gulf and east-coast ports,10,Saudi Arabia,SAU,port1091,Ras Tanura,2026-01-26,1,1.285714286,1,1.5
daily_port_series,Gulf and east-coast ports,10,Saudi Arabia,SAU,port1091,Ras Tanura,2026-01-27,2,1.571428571,1.25,1.607142857
daily_port_series,Gulf and east-coast ports,10,Saudi Arabia,SAU,port1091,Ras Tanura,2026-01-28,1,1.428571429,1.5,1.857142857
daily_port_series,Gulf and east-coast ports,10,Saudi Arabia,SAU,port1091,Ras Tanura,2026-01-29,3,1.714285714,1.25,1.75
daily_port_series,Gulf and east-coast ports,10,Saudi Arabia,SAU,port1091,Ras Tanura,2026-01-30,3,2,2.25,1.928571429
daily_port_series,Gulf and east-coast ports,10,Saudi Arabia,SAU,port1091,Ras Tanura,2026-01-31,0,1.857142857,3.25,1.928571429
daily_port_series,Gulf and east-coast ports,10,Saudi Arabia,SAU,port1091,Ras Tanura,2026-02-01,2,1.857142857,1.75,2.071428571
daily_port_series,Gulf and east-coast ports,10,Saudi Arabia,SAU,port1091,Ras Tanura,2026-02-02,3,1.571428571,2.25,2.142857143
daily_port_series,Gulf and east-coast ports,10,Saudi Arabia,SAU,port1091,Ras Tanura,2026-02-03,1,1.428571429,1.25,2.071428571
daily_port_series,Gulf and east-coast ports,10,Saudi Arabia,SAU,port1091,Ras Tanura,2026-02-04,1,1.714285714,2.5,1.892857143
daily_port_series,Gulf and east-coast ports,10,Saudi Arabia,SAU,port1091,Ras Tanura,2026-02-05,1,1.428571429,1.75,1.964285714
daily_port_series,Gulf and east-coast ports,10,Saudi Arabia,SAU,port1091,Ras Tanura,2026-02-06,2,1.285714286,1.75,1.964285714
daily_port_series,Gulf and east-coast ports,10,Saudi Arabia,SAU,port1091,Ras Tanura,2026-02-07,2,1.571428571,2,2.035714286
daily_port_series,Gulf and east-coast ports,10,Saudi Arabia,SAU,port1091,Ras Tanura,2026-02-08,0,1.714285714,2.25,1.892857143
daily_port_series,Gulf and east-coast ports,10,Saudi Arabia,SAU,port1091,Ras Tanura,2026-02-09,2,1.857142857,2.25,1.821428571
daily_port_series,Gulf and east-coast ports,10,Saudi Arabia,SAU,port1091,Ras Tanura,2026-02-10,3,1.857142857,1.75,1.75
daily_port_series,Gulf and east-coast ports,10,Saudi Arabia,SAU,port1091,Ras Tanura,2026-02-11,2,1.857142857,1.5,1.75
daily_port_series,Gulf and east-coast ports,10,Saudi Arabia,SAU,port1091,Ras Tanura,2026-02-12,2,1.857142857,1.25,1.642857143
daily_port_series,Gulf and east-coast ports,10,Saudi Arabia,SAU,port1091,Ras Tanura,2026-02-13,2,1.857142857,1.25,1.464285714
daily_port_series,Gulf and east-coast ports,10,Saudi Arabia,SAU,port1091,Ras Tanura,2026-02-14,2,1.428571429,2,1.642857143
daily_port_series,Gulf and east-coast ports,10,Saudi Arabia,SAU,port1091,Ras Tanura,2026-02-15,0,1.428571429,1.5,1.678571429
daily_port_series,Gulf and east-coast ports,10,Saudi Arabia,SAU,port1091,Ras Tanura,2026-02-16,2,1.142857143,1,1.678571429
daily_port_series,Gulf and east-coast ports,10,Saudi Arabia,SAU,port1091,Ras Tanura,2026-02-17,0,1,3,1.821428571
daily_port_series,Gulf and east-coast ports,10,Saudi Arabia,SAU,port1091,Ras Tanura,2026-02-18,2,0.8571428571,1.75,1.75
daily_port_series,Gulf and east-coast ports,10,Saudi Arabia,SAU,port1091,Ras Tanura,2026-02-19,0,1.142857143,1.25,1.964285714
daily_port_series,Gulf and east-coast ports,10,Saudi Arabia,SAU,port1091,Ras Tanura,2026-02-20,1,1,2.25,2.071428571
daily_port_series,Gulf and east-coast ports,10,Saudi Arabia,SAU,port1091,Ras Tanura,2026-02-21,1,1.142857143,1.5,1.892857143
daily_port_series,Gulf and east-coast ports,10,Saudi Arabia,SAU,port1091,Ras Tanura,2026-02-22,2,1.571428571,3,1.857142857
daily_port_series,Gulf and east-coast ports,10,Saudi Arabia,SAU,port1091,Ras Tanura,2026-02-23,1,1.714285714,1.75,1.928571429
daily_port_series,Gulf and east-coast ports,10,Saudi Arabia,SAU,port1091,Ras Tanura,2026-02-24,1,2,1.75,1.821428571
daily_port_series,Gulf and east-coast ports,10,Saudi Arabia,SAU,port1091,Ras Tanura,2026-02-25,5,2,1.5,1.964285714
daily_port_series,Gulf and east-coast ports,10,Saudi Arabia,SAU,port1091,Ras Tanura,2026-02-26,1,1.857142857,1.75,1.928571429
daily_port_series,Gulf and east-coast ports,10,Saudi Arabia,SAU,port1091,Ras Tanura,2026-02-27,3,1.857142857,1.5,1.892857143
daily_port_series,Gulf and east-coast ports,10,Saudi Arabia,SAU,port1091,Ras Tanura,2026-02-28,1,2,2.5,1.892857143
daily_port_series,Gulf and east-coast ports,10,Saudi Arabia,SAU,port1091,Ras Tanura,2026-03-01,1,1.285714286,2.75,1.857142857
daily_port_series,Gulf and east-coast ports,10,Saudi Arabia,SAU,port1091,Ras Tanura,2026-03-02,1,1.142857143,1.5,2
daily_port_series,Gulf and east-coast ports,10,Saudi Arabia,SAU,port1091,Ras Tanura,2026-03-03,2,1,1.75,2.071428571
daily_port_series,Gulf and east-coast ports,10,Saudi Arabia,SAU,port1091,Ras Tanura,2026-03-04,0,1,1.25,1.964285714
daily_port_series,Gulf and east-coast ports,10,Saudi Arabia,SAU,port1091,Ras Tanura,2026-03-05,0,1,2.75,2.035714286
daily_port_series,Gulf and east-coast ports,10,Saudi Arabia,SAU,port1091,Ras Tanura,2026-03-06,2,1.142857143,2,2.178571429
daily_port_series,Gulf and east-coast ports,10,Saudi Arabia,SAU,port1091,Ras Tanura,2026-03-07,1,1,1.75,2.214285714
daily_port_series,Gulf and east-coast ports,10,Saudi Arabia,SAU,port1091,Ras Tanura,2026-03-08,1,1.142857143,3.25,2.214285714
daily_port_series,Gulf and east-coast ports,10,Saudi Arabia,SAU,port1091,Ras Tanura,2026-03-09,2,1.285714286,2.5,2.071428571
daily_port_series,Gulf and east-coast ports,10,Saudi Arabia,SAU,port1091,Ras Tanura,2026-03-10,1,1.571428571,2,2.071428571
daily_port_series,Gulf and east-coast ports,10,Saudi Arabia,SAU,port1091,Ras Tanura,2026-03-11,1,1.428571429,1.25,2.107142857
daily_port_series,Gulf and east-coast ports,10,Saudi Arabia,SAU,port1091,Ras Tanura,2026-03-12,1,1.571428571,1.75,2
daily_port_series,Gulf and east-coast ports,10,Saudi Arabia,SAU,port1091,Ras Tanura,2026-03-13,4,1.571428571,2,1.821428571
daily_port_series,Gulf and east-coast ports,10,Saudi Arabia,SAU,port1091,Ras Tanura,2026-03-14,0,1.571428571,2,1.785714286
daily_port_series,Gulf and east-coast ports,10,Saudi Arabia,SAU,port1091,Ras Tanura,2026-03-15,2,1.571428571,2.5,1.928571429
daily_port_series,Gulf and east-coast ports,10,Saudi Arabia,SAU,port1091,Ras Tanura,2026-03-16,2,1.714285714,1.25,1.892857143
daily_port_series,Gulf and east-coast ports,10,Saudi Arabia,SAU,port1091,Ras Tanura,2026-03-17,1,1.142857143,1.75,1.892857143
daily_port_series,Gulf and east-coast ports,10,Saudi Arabia,SAU,port1091,Ras Tanura,2026-03-18,1,1.285714286,2.25,1.857142857
daily_port_series,Gulf and east-coast ports,10,Saudi Arabia,SAU,port1091,Ras Tanura,2026-03-19,2,1,1.5,1.714285714
daily_port_series,Gulf and east-coast ports,10,Saudi Arabia,SAU,port1091,Ras Tanura,2026-03-20,0,0.7142857143,2,1.785714286
daily_port_series,Gulf and east-coast ports,10,Saudi Arabia,SAU,port1091,Ras Tanura,2026-03-21,1,0.5714285714,1.75,1.857142857
daily_port_series,Gulf and east-coast ports,10,Saudi Arabia,SAU,port1091,Ras Tanura,2026-03-22,0,0.4285714286,1.5,1.821428571
daily_port_series,Gulf and east-coast ports,10,Saudi Arabia,SAU,port1091,Ras Tanura,2026-03-23,0,0.2857142857,1.75,1.857142857
daily_port_series,Gulf and east-coast ports,10,Saudi Arabia,SAU,port1091,Ras Tanura,2026-03-24,0,0.5714285714,2.25,1.821428571
daily_port_series,Gulf and east-coast ports,10,Saudi Arabia,SAU,port1091,Ras Tanura,2026-03-25,0,0.5714285714,2,1.821428571
daily_port_series,Gulf and east-coast ports,10,Saudi Arabia,SAU,port1091,Ras Tanura,2026-03-26,1,0.5714285714,1.75,1.892857143
daily_port_series,Gulf and east-coast ports,10,Saudi Arabia,SAU,port1091,Ras Tanura,2026-03-27,2,0.7142857143,1.75,1.928571429
daily_port_series,Gulf and east-coast ports,10,Saudi Arabia,SAU,port1091,Ras Tanura,2026-03-28,1,0.7142857143,1.75,1.964285714
daily_port_series,Gulf and east-coast ports,10,Saudi Arabia,SAU,port1091,Ras Tanura,2026-03-29,0,0.7142857143,2,1.857142857
daily_port_series,Gulf and east-coast ports,10,Saudi Arabia,SAU,port1091,Ras Tanura,2026-03-30,1,0.7142857143,2,1.785714286
daily_port_series,Gulf and east-coast ports,10,Saudi Arabia,SAU,port1091,Ras Tanura,2026-03-31,0,1,2.5,1.928571429
daily_port_series,Gulf and east-coast ports,10,Saudi Arabia,SAU,port1091,Ras Tanura,2026-04-01,0,0.8571428571,1.25,1.821428571
daily_port_series,Gulf and east-coast ports,10,Saudi Arabia,SAU,port1091,Ras Tanura,2026-04-02,1,0.8571428571,1.25,1.964285714
daily_port_series,Gulf and east-coast ports,10,Saudi Arabia,SAU,port1091,Ras Tanura,2026-04-03,4,0.7142857143,2.75,2.035714286
daily_port_series,Gulf and east-coast ports,10,Saudi Arabia,SAU,port1091,Ras Tanura,2026-04-04,0,1,1,1.928571429
daily_port_series,Gulf and east-coast ports,10,Saudi Arabia,SAU,port1091,Ras Tanura,2026-04-05,0,1.142857143,3,2
daily_port_series,Gulf and east-coast ports,10,Saudi Arabia,SAU,port1091,Ras Tanura,2026-04-06,0,1.142857143,2.5,2.035714286
daily_port_series,Gulf and east-coast ports,10,Saudi Arabia,SAU,port1091,Ras Tanura,2026-04-07,2,0.8571428571,1.75,1.857142857
daily_port_series,Gulf and east-coast ports,10,Saudi Arabia,SAU,port1091,Ras Tanura,2026-04-08,1,0.8571428571,1.75,2.142857143
daily_port_series,Gulf and east-coast ports,10,Saudi Arabia,SAU,port1091,Ras Tanura,2026-04-09,1,1,1.5,1.928571429
daily_port_series,Gulf and east-coast ports,10,Saudi Arabia,SAU,port1091,Ras Tanura,2026-04-10,2,1.285714286,1.5,1.75
daily_port_series,Gulf and east-coast ports,10,Saudi Arabia,SAU,port1091,Ras Tanura,2026-04-11,0,1.428571429,3,1.678571429
daily_port_series,Gulf and east-coast ports,10,Saudi Arabia,SAU,port1091,Ras Tanura,2026-04-12,1,1.285714286,1.5,1.785714286
daily_port_series,Gulf and east-coast ports,10,Saudi Arabia,SAU,port1091,Ras Tanura,2026-04-13,2,1.285714286,1.25,1.821428571
daily_port_series,Gulf and east-coast ports,10,Saudi Arabia,SAU,port1091,Ras Tanura,2026-04-14,3,1.142857143,1.25,1.857142857
daily_port_series,Gulf and east-coast ports,10,Saudi Arabia,SAU,port1091,Ras Tanura,2026-04-15,0,1.428571429,2.5,1.75
daily_port_series,Gulf and east-coast ports,10,Saudi Arabia,SAU,port1091,Ras Tanura,2026-04-16,1,1.428571429,1.75,1.785714286
daily_port_series,Gulf and east-coast ports,10,Saudi Arabia,SAU,port1091,Ras Tanura,2026-04-17,1,1.142857143,1.75,2.035714286
daily_port_series,Gulf and east-coast ports,10,Saudi Arabia,SAU,port1091,Ras Tanura,2026-04-18,2,0.7142857143,2.25,2.107142857
daily_port_series,Gulf and east-coast ports,10,Saudi Arabia,SAU,port1091,Ras Tanura,2026-04-19,1,0.7142857143,1.75,2.071428571
daily_port_series,Gulf and east-coast ports,10,Saudi Arabia,SAU,port1091,Ras Tanura,2026-04-20,0,0.5714285714,3,2.178571429
daily_port_series,Gulf and east-coast ports,10,Saudi Arabia,SAU,port1091,Ras Tanura,2026-04-21,0,0.4285714286,1.75,2.178571429
daily_port_series,Gulf and east-coast ports,10,Saudi Arabia,SAU,port1091,Ras Tanura,2026-04-22,0,0.4285714286,2.25,2.035714286
daily_port_series,Gulf and east-coast ports,10,Saudi Arabia,SAU,port1091,Ras Tanura,2026-04-23,0,0.2857142857,2.5,2
daily_port_series,Gulf and east-coast ports,10,Saudi Arabia,SAU,port1091,Ras Tanura,2026-04-24,0,0.4285714286,1.75,1.75
daily_port_series,Gulf and east-coast ports,10,Saudi Arabia,SAU,port1091,Ras Tanura,2026-04-25,2,0.4285714286,1.25,1.678571429
daily_port_series,Gulf and east-coast ports,10,Saudi Arabia,SAU,port1091,Ras Tanura,2026-04-26,0,0.4285714286,1.5,1.5
daily_port_series,Gulf and east-coast ports,10,Saudi Arabia,SAU,port1091,Ras Tanura,2026-04-27,1,0.4285714286,1.25,1.428571429
daily_port_series,Gulf and east-coast ports,10,Saudi Arabia,SAU,port1091,Ras Tanura,2026-04-28,0,0.7142857143,1.25,1.428571429
daily_port_series,Gulf and east-coast ports,10,Saudi Arabia,SAU,port1091,Ras Tanura,2026-04-29,0,0.4285714286,1,1.535714286
daily_port_series,Gulf and east-coast ports,10,Saudi Arabia,SAU,port1091,Ras Tanura,2026-04-30,0,0.5714285714,2,1.607142857
daily_port_series,Gulf and east-coast ports,10,Saudi Arabia,SAU,port1091,Ras Tanura,2026-05-01,2,0.4285714286,1.75,1.642857143
daily_port_series,Gulf and east-coast ports,10,Saudi Arabia,SAU,port1091,Ras Tanura,2026-05-02,0,0.4285714286,2,1.821428571
daily_port_series,Gulf and east-coast ports,10,Saudi Arabia,SAU,port1091,Ras Tanura,2026-05-03,1,0.7142857143,2,1.928571429
daily_port_series,Gulf and east-coast ports,10,Saudi Arabia,SAU,port1091,Ras Tanura,2026-05-04,0,0.7142857143,1.5,1.821428571
daily_port_series,Gulf and east-coast ports,10,Saudi Arabia,SAU,port1091,Ras Tanura,2026-05-05,0,0.5714285714,2.5,1.928571429
daily_port_series,Gulf and east-coast ports,10,Saudi Arabia,SAU,port1091,Ras Tanura,2026-05-06,2,0.8571428571,1.75,1.964285714
daily_port_series,Gulf and east-coast ports,10,Saudi Arabia,SAU,port1091,Ras Tanura,2026-05-07,0,0.7142857143,1.25,2
daily_port_series,Gulf and east-coast ports,10,Saudi Arabia,SAU,port1091,Ras Tanura,2026-05-08,1,1.142857143,2.5,2.035714286
daily_port_series,Gulf and east-coast ports,10,Saudi Arabia,SAU,port1091,Ras Tanura,2026-05-09,2,1.285714286,2.25,1.928571429
daily_port_series,Gulf and east-coast ports,10,Saudi Arabia,SAU,port1091,Ras Tanura,2026-05-10,0,1,2.25,1.928571429
daily_port_series,Gulf and east-coast ports,10,Saudi Arabia,SAU,port1091,Ras Tanura,2026-05-11,3,1.142857143,1.75,2.071428571
daily_port_series,Gulf and east-coast ports,10,Saudi Arabia,SAU,port1091,Ras Tanura,2026-05-12,1,1,1.75,1.928571429
daily_port_series,Gulf and east-coast ports,10,Saudi Arabia,SAU,port1091,Ras Tanura,2026-05-13,0,0.8571428571,1.75,1.928571429
daily_port_series,Gulf and east-coast ports,10,Saudi Arabia,SAU,port1091,Ras Tanura,2026-05-14,1,1,2.25,1.714285714
daily_port_series,Gulf and east-coast ports,10,Saudi Arabia,SAU,port1091,Ras Tanura,2026-05-15,0,0.7142857143,1.5,1.785714286
daily_port_series,Gulf and east-coast ports,10,Saudi Arabia,SAU,port1091,Ras Tanura,2026-05-16,1,0.5714285714,2.25,1.714285714
daily_port_series,Gulf and east-coast ports,10,Saudi Arabia,SAU,port1091,Ras Tanura,2026-05-17,1,0.8571428571,0.75,1.75
daily_port_series,Gulf and east-coast ports,10,Saudi Arabia,SAU,port1091,Ras Tanura,2026-05-18,1,0.7142857143,2.25,1.75
daily_port_series,Gulf and east-coast ports,10,Saudi Arabia,SAU,port1091,Ras Tanura,2026-05-19,0,0.8571428571,1.25,1.821428571
daily_port_series,Gulf and east-coast ports,10,Saudi Arabia,SAU,port1091,Ras Tanura,2026-05-20,2,0.7142857143,2,1.75
daily_port_series,Gulf and east-coast ports,10,Saudi Arabia,SAU,port1091,Ras Tanura,2026-05-21,0,0.8571428571,2.25,1.892857143
daily_port_series,Gulf and east-coast ports,10,Saudi Arabia,SAU,port1091,Ras Tanura,2026-05-22,1,0.8571428571,2,1.785714286
daily_port_series,Gulf and east-coast ports,10,Saudi Arabia,SAU,port1091,Ras Tanura,2026-05-23,0,1,1.75,1.821428571
daily_port_series,Gulf and east-coast ports,10,Saudi Arabia,SAU,port1091,Ras Tanura,2026-05-24,2,0.7142857143,1.75,1.75
daily_port_series,Gulf and east-coast ports,10,Saudi Arabia,SAU,port1091,Ras Tanura,2026-05-25,1,0.8571428571,1.5,1.678571429
daily_port_series,Gulf and east-coast ports,10,Saudi Arabia,SAU,port1091,Ras Tanura,2026-05-26,1,0.7142857143,1.5,1.607142857
daily_port_series,Gulf and east-coast ports,10,Saudi Arabia,SAU,port1091,Ras Tanura,2026-05-27,0,0.7142857143,1.5,1.714285714
daily_port_series,Gulf and east-coast ports,10,Saudi Arabia,SAU,port1091,Ras Tanura,2026-05-28,1,0.5714285714,1.75,1.714285714
daily_port_series,Gulf and east-coast ports,10,Saudi Arabia,SAU,port1091,Ras Tanura,2026-05-29,0,0.4285714286,1.5,1.821428571
daily_port_series,Gulf and east-coast ports,10,Saudi Arabia,SAU,port1091,Ras Tanura,2026-05-30,0,0.4285714286,2.5,1.785714286
daily_port_series,Gulf and east-coast ports,10,Saudi Arabia,SAU,port1091,Ras Tanura,2026-05-31,1,0.5714285714,1.75,1.857142857
daily_port_series,Gulf and east-coast ports,10,Saudi Arabia,SAU,port1091,Ras Tanura,2026-06-01,0,0.7142857143,2.25,1.857142857
daily_port_series,Gulf and east-coast ports,10,Saudi Arabia,SAU,port1091,Ras Tanura,2026-06-02,1,0.7142857143,1.25,1.892857143
daily_port_series,Gulf and east-coast ports,10,Saudi Arabia,SAU,port1091,Ras Tanura,2026-06-03,1,1,2,1.892857143
daily_port_series,Gulf and east-coast ports,10,Saudi Arabia,SAU,port1091,Ras Tanura,2026-06-04,2,0.8571428571,1.75,1.857142857
daily_port_series,Gulf and east-coast ports,10,Saudi Arabia,SAU,port1091,Ras Tanura,2026-06-05,0,1.142857143,1.75,1.714285714
daily_port_series,Gulf and east-coast ports,10,Saudi Arabia,SAU,port1091,Ras Tanura,2026-06-06,2,1,2.5,1.714285714
daily_port_series,Gulf and east-coast ports,10,Saudi Arabia,SAU,port1091,Ras Tanura,2026-06-07,0,1,1.5,1.642857143
daily_port_series,Gulf and east-coast ports,10,Saudi Arabia,SAU,port1091,Ras Tanura,2026-06-08,2,0.8571428571,1.25,1.642857143
daily_port_series,Gulf and east-coast ports,10,Saudi Arabia,SAU,port1091,Ras Tanura,2026-06-09,0,1,1.25,1.571428571
daily_port_series,Gulf and east-coast ports,10,Saudi Arabia,SAU,port1091,Ras Tanura,2026-06-10,1,0.7142857143,1.5,1.5
daily_port_series,Gulf and east-coast ports,10,Saudi Arabia,SAU,port1091,Ras Tanura,2026-06-11,1,0.7142857143,1.75,1.607142857
daily_port_series,Gulf and east-coast ports,10,Saudi Arabia,SAU,port1091,Ras Tanura,2026-06-12,1,0.5714285714,1.25,1.571428571
daily_port_series,Gulf and east-coast ports,10,Saudi Arabia,SAU,port1091,Ras Tanura,2026-06-13,0,0.7142857143,2,1.607142857
daily_port_series,Gulf and east-coast ports,10,Saudi Arabia,SAU,port1091,Ras Tanura,2026-06-14,0,0.8571428571,2.25,1.642857143
daily_port_series,Gulf and east-coast ports,10,Saudi Arabia,SAU,port1091,Ras Tanura,2026-06-15,1,0.8571428571,1,1.785714286
daily_port_series,Gulf and east-coast ports,10,Saudi Arabia,SAU,port1091,Ras Tanura,2026-06-16,1,0.7142857143,1.5,1.892857143
daily_port_series,Gulf and east-coast ports,10,Saudi Arabia,SAU,port1091,Ras Tanura,2026-06-17,2,0.8571428571,1.75,1.964285714
daily_port_series,Gulf and east-coast ports,10,Saudi Arabia,SAU,port1091,Ras Tanura,2026-06-18,1,1,2.75,1.928571429
daily_port_series,Gulf and east-coast ports,10,Saudi Arabia,SAU,port1091,Ras Tanura,2026-06-19,0,0.8571428571,2,1.964285714
daily_port_series,Gulf and east-coast ports,10,Saudi Arabia,SAU,port1091,Ras Tanura,2026-06-20,1,0.8571428571,2.5,1.928571429
daily_port_series,Gulf and east-coast ports,10,Saudi Arabia,SAU,port1091,Ras Tanura,2026-06-21,1,0.7142857143,2,2
daily_port_series,Gulf and east-coast ports,10,Saudi Arabia,SAU,port1091,Ras Tanura,2026-06-22,0,0.7142857143,1.25,1.785714286
daily_port_series,Gulf and east-coast ports,10,Saudi Arabia,SAU,port1091,Ras Tanura,2026-06-23,1,0.7142857143,1.25,1.821428571
daily_port_series,Gulf and east-coast ports,10,Saudi Arabia,SAU,port1091,Ras Tanura,2026-06-24,1,0.7142857143,2.25,1.678571429
daily_port_series,Gulf and east-coast ports,10,Saudi Arabia,SAU,port1091,Ras Tanura,2026-06-25,1,0.5714285714,1.25,1.607142857
daily_port_series,Gulf and east-coast ports,10,Saudi Arabia,SAU,port1091,Ras Tanura,2026-06-26,0,1,2.25,1.857142857
daily_port_series,Gulf and east-coast ports,10,Saudi Arabia,SAU,port1091,Ras Tanura,2026-06-27,1,0.8571428571,1.5,1.892857143
daily_port_series,Gulf and east-coast ports,10,Saudi Arabia,SAU,port1091,Ras Tanura,2026-06-28,0,0.8333333333,1.5,1.833333333
daily_port_series,Gulf and east-coast ports,10,Saudi Arabia,SAU,port1091,Ras Tanura,2026-06-29,3,0.8,3,1.95
daily_port_series,Gulf and east-coast ports,10,Saudi Arabia,SAU,port1091,Ras Tanura,2026-06-30,0,1,1.5,1.875
daily_port_series,Wider route context,4,Iraq,IRQ,port1341,Umm Qasr,2026-01-01,9,7.5,5,5.5
daily_port_series,Wider route context,4,Iraq,IRQ,port1341,Umm Qasr,2026-01-02,6,7.4,6,5.4
daily_port_series,Wider route context,4,Iraq,IRQ,port1341,Umm Qasr,2026-01-03,8,7,5.5,5.416666667
daily_port_series,Wider route context,4,Iraq,IRQ,port1341,Umm Qasr,2026-01-04,7,7.142857143,5.5,5.392857143
daily_port_series,Wider route context,4,Iraq,IRQ,port1341,Umm Qasr,2026-01-05,7,7,5,5.535714286
daily_port_series,Wider route context,4,Iraq,IRQ,port1341,Umm Qasr,2026-01-06,5,7.142857143,5.5,5.607142857
daily_port_series,Wider route context,4,Iraq,IRQ,port1341,Umm Qasr,2026-01-07,8,7.714285714,5.25,5.607142857
daily_port_series,Wider route context,4,Iraq,IRQ,port1341,Umm Qasr,2026-01-08,8,8.428571429,6,5.75
daily_port_series,Wider route context,4,Iraq,IRQ,port1341,Umm Qasr,2026-01-09,7,9,6.5,6.142857143
daily_port_series,Wider route context,4,Iraq,IRQ,port1341,Umm Qasr,2026-01-10,12,8.714285714,5.5,6.392857143
daily_port_series,Wider route context,4,Iraq,IRQ,port1341,Umm Qasr,2026-01-11,12,8.571428571,6.5,6.428571429
daily_port_series,Wider route context,4,Iraq,IRQ,port1341,Umm Qasr,2026-01-12,11,8.428571429,7.75,6.464285714
daily_port_series,Wider route context,4,Iraq,IRQ,port1341,Umm Qasr,2026-01-13,3,8.428571429,7.25,6.392857143
daily_port_series,Wider route context,4,Iraq,IRQ,port1341,Umm Qasr,2026-01-14,7,7.857142857,5.5,6.357142857
daily_port_series,Wider route context,4,Iraq,IRQ,port1341,Umm Qasr,2026-01-15,7,7.285714286,6.25,6.142857143
daily_port_series,Wider route context,4,Iraq,IRQ,port1341,Umm Qasr,2026-01-16,7,7.428571429,6,5.785714286
daily_port_series,Wider route context,4,Iraq,IRQ,port1341,Umm Qasr,2026-01-17,8,7.714285714,5.25,5.678571429
daily_port_series,Wider route context,4,Iraq,IRQ,port1341,Umm Qasr,2026-01-18,8,7.857142857,5,5.785714286
daily_port_series,Wider route context,4,Iraq,IRQ,port1341,Umm Qasr,2026-01-19,12,7.857142857,5.25,5.75
daily_port_series,Wider route context,4,Iraq,IRQ,port1341,Umm Qasr,2026-01-20,5,7.714285714,6.5,6.071428571
daily_port_series,Wider route context,4,Iraq,IRQ,port1341,Umm Qasr,2026-01-21,8,7.428571429,6.25,6.214285714
daily_port_series,Wider route context,4,Iraq,IRQ,port1341,Umm Qasr,2026-01-22,7,7.428571429,6,6.357142857
daily_port_series,Wider route context,4,Iraq,IRQ,port1341,Umm Qasr,2026-01-23,6,6.571428571,8.25,6.357142857
daily_port_series,Wider route context,4,Iraq,IRQ,port1341,Umm Qasr,2026-01-24,6,6.714285714,6.25,6.428571429
daily_port_series,Wider route context,4,Iraq,IRQ,port1341,Umm Qasr,2026-01-25,8,6.428571429,6,6.428571429
daily_port_series,Wider route context,4,Iraq,IRQ,port1341,Umm Qasr,2026-01-26,6,6.428571429,5.25,6.464285714
daily_port_series,Wider route context,4,Iraq,IRQ,port1341,Umm Qasr,2026-01-27,6,6.714285714,7,6.321428571
daily_port_series,Wider route context,4,Iraq,IRQ,port1341,Umm Qasr,2026-01-28,6,6.714285714,6.25,6.285714286
daily_port_series,Wider route context,4,Iraq,IRQ,port1341,Umm Qasr,2026-01-29,7,7,6.25,6.321428571
daily_port_series,Wider route context,4,Iraq,IRQ,port1341,Umm Qasr,2026-01-30,8,7.142857143,7.25,6.25
daily_port_series,Wider route context,4,Iraq,IRQ,port1341,Umm Qasr,2026-01-31,6,7.428571429,6,6.285714286
daily_port_series,Wider route context,4,Iraq,IRQ,port1341,Umm Qasr,2026-02-01,10,7.428571429,6.25,6.321428571
daily_port_series,Wider route context,4,Iraq,IRQ,port1341,Umm Qasr,2026-02-02,7,7.571428571,4.75,6.285714286
daily_port_series,Wider route context,4,Iraq,IRQ,port1341,Umm Qasr,2026-02-03,8,7.571428571,7.25,6.464285714
daily_port_series,Wider route context,4,Iraq,IRQ,port1341,Umm Qasr,2026-02-04,6,7.142857143,6.5,6.357142857
daily_port_series,Wider route context,4,Iraq,IRQ,port1341,Umm Qasr,2026-02-05,8,7.285714286,6,6.25
daily_port_series,Wider route context,4,Iraq,IRQ,port1341,Umm Qasr,2026-02-06,8,7.428571429,8.5,6.857142857
daily_port_series,Wider route context,4,Iraq,IRQ,port1341,Umm Qasr,2026-02-07,3,7.857142857,5.25,6.642857143
daily_port_series,Wider route context,4,Iraq,IRQ,port1341,Umm Qasr,2026-02-08,11,7.714285714,5.5,6.357142857
daily_port_series,Wider route context,4,Iraq,IRQ,port1341,Umm Qasr,2026-02-09,8,8,9,6.357142857
daily_port_series,Wider route context,4,Iraq,IRQ,port1341,Umm Qasr,2026-02-10,11,8.428571429,5.75,5.642857143
daily_port_series,Wider route context,4,Iraq,IRQ,port1341,Umm Qasr,2026-02-11,5,9,4.5,5.535714286
daily_port_series,Wider route context,4,Iraq,IRQ,port1341,Umm Qasr,2026-02-12,10,8.857142857,6,5.321428571
daily_port_series,Wider route context,4,Iraq,IRQ,port1341,Umm Qasr,2026-02-13,11,8.571428571,3.5,4.892857143
daily_port_series,Wider route context,4,Iraq,IRQ,port1341,Umm Qasr,2026-02-14,7,8.571428571,4.5,5.107142857
daily_port_series,Wider route context,4,Iraq,IRQ,port1341,Umm Qasr,2026-02-15,10,9,4,5.321428571
daily_port_series,Wider route context,4,Iraq,IRQ,port1341,Umm Qasr,2026-02-16,6,9.142857143,6,5.535714286
daily_port_series,Wider route context,4,Iraq,IRQ,port1341,Umm Qasr,2026-02-17,11,8.428571429,7.25,5.928571429
daily_port_series,Wider route context,4,Iraq,IRQ,port1341,Umm Qasr,2026-02-18,8,8.857142857,6,6.25
daily_port_series,Wider route context,4,Iraq,IRQ,port1341,Umm Qasr,2026-02-19,11,9,7.5,6.785714286
daily_port_series,Wider route context,4,Iraq,IRQ,port1341,Umm Qasr,2026-02-20,6,9.142857143,6.25,7.035714286
daily_port_series,Wider route context,4,Iraq,IRQ,port1341,Umm Qasr,2026-02-21,10,8.142857143,6.75,6.892857143
daily_port_series,Wider route context,4,Iraq,IRQ,port1341,Umm Qasr,2026-02-22,11,8.142857143,7.75,7.035714286
daily_port_series,Wider route context,4,Iraq,IRQ,port1341,Umm Qasr,2026-02-23,7,8,7.75,6.785714286
daily_port_series,Wider route context,4,Iraq,IRQ,port1341,Umm Qasr,2026-02-24,4,7.857142857,6.25,6.571428571
daily_port_series,Wider route context,4,Iraq,IRQ,port1341,Umm Qasr,2026-02-25,8,7.571428571,7,6.535714286
daily_port_series,Wider route context,4,Iraq,IRQ,port1341,Umm Qasr,2026-02-26,10,6.857142857,5.75,6.285714286
daily_port_series,Wider route context,4,Iraq,IRQ,port1341,Umm Qasr,2026-02-27,5,6.142857143,4.75,6.25
daily_port_series,Wider route context,4,Iraq,IRQ,port1341,Umm Qasr,2026-02-28,8,6.285714286,6.5,6.642857143
daily_port_series,Wider route context,4,Iraq,IRQ,port1341,Umm Qasr,2026-03-01,6,5.714285714,6,6.392857143
daily_port_series,Wider route context,4,Iraq,IRQ,port1341,Umm Qasr,2026-03-02,2,5.285714286,7.5,6.464285714
daily_port_series,Wider route context,4,Iraq,IRQ,port1341,Umm Qasr,2026-03-03,5,5.142857143,9,6.821428571
daily_port_series,Wider route context,4,Iraq,IRQ,port1341,Umm Qasr,2026-03-04,4,5,5.25,7
daily_port_series,Wider route context,4,Iraq,IRQ,port1341,Umm Qasr,2026-03-05,7,4.714285714,6.25,6.642857143
daily_port_series,Wider route context,4,Iraq,IRQ,port1341,Umm Qasr,2026-03-06,4,5.142857143,7.25,6.785714286
daily_port_series,Wider route context,4,Iraq,IRQ,port1341,Umm Qasr,2026-03-07,7,5.285714286,7.75,6.571428571
daily_port_series,Wider route context,4,Iraq,IRQ,port1341,Umm Qasr,2026-03-08,4,5.285714286,3.5,6.892857143
daily_port_series,Wider route context,4,Iraq,IRQ,port1341,Umm Qasr,2026-03-09,5,4.714285714,8.5,6.928571429
daily_port_series,Wider route context,4,Iraq,IRQ,port1341,Umm Qasr,2026-03-10,6,4.428571429,7.5,7
daily_port_series,Wider route context,4,Iraq,IRQ,port1341,Umm Qasr,2026-03-11,4,3.714285714,7.5,6.857142857
daily_port_series,Wider route context,4,Iraq,IRQ,port1341,Umm Qasr,2026-03-12,3,3.714285714,6.5,7.142857143
daily_port_series,Wider route context,4,Iraq,IRQ,port1341,Umm Qasr,2026-03-13,2,3.428571429,7.75,6.964285714
daily_port_series,Wider route context,4,Iraq,IRQ,port1341,Umm Qasr,2026-03-14,2,3.285714286,6.75,6.75
daily_port_series,Wider route context,4,Iraq,IRQ,port1341,Umm Qasr,2026-03-15,4,3.142857143,5.5,6.678571429
daily_port_series,Wider route context,4,Iraq,IRQ,port1341,Umm Qasr,2026-03-16,3,3.142857143,7.25,6.892857143
daily_port_series,Wider route context,4,Iraq,IRQ,port1341,Umm Qasr,2026-03-17,5,3.285714286,6,6.678571429
daily_port_series,Wider route context,4,Iraq,IRQ,port1341,Umm Qasr,2026-03-18,3,3.857142857,7,6.571428571
daily_port_series,Wider route context,4,Iraq,IRQ,port1341,Umm Qasr,2026-03-19,3,3.285714286,8,6.642857143
daily_port_series,Wider route context,4,Iraq,IRQ,port1341,Umm Qasr,2026-03-20,3,3.428571429,6.25,6.642857143
daily_port_series,Wider route context,4,Iraq,IRQ,port1341,Umm Qasr,2026-03-21,6,3,6,6.464285714
daily_port_series,Wider route context,4,Iraq,IRQ,port1341,Umm Qasr,2026-03-22,0,2.857142857,6,6.357142857
daily_port_series,Wider route context,4,Iraq,IRQ,port1341,Umm Qasr,2026-03-23,4,2.571428571,7.25,6.321428571
daily_port_series,Wider route context,4,Iraq,IRQ,port1341,Umm Qasr,2026-03-24,2,2.428571429,4.75,6.285714286
daily_port_series,Wider route context,4,Iraq,IRQ,port1341,Umm Qasr,2026-03-25,2,2,6.25,6.607142857
daily_port_series,Wider route context,4,Iraq,IRQ,port1341,Umm Qasr,2026-03-26,1,2,7.75,6.785714286
daily_port_series,Wider route context,4,Iraq,IRQ,port1341,Umm Qasr,2026-03-27,2,1.714285714,6,6.5
daily_port_series,Wider route context,4,Iraq,IRQ,port1341,Umm Qasr,2026-03-28,3,2.142857143,8.25,7.035714286
daily_port_series,Wider route context,4,Iraq,IRQ,port1341,Umm Qasr,2026-03-29,0,2,7.25,7.107142857
daily_port_series,Wider route context,4,Iraq,IRQ,port1341,Umm Qasr,2026-03-30,2,2.142857143,5.25,7.071428571
daily_port_series,Wider route context,4,Iraq,IRQ,port1341,Umm Qasr,2026-03-31,5,2.714285714,8.5,7.535714286
daily_port_series,Wider route context,4,Iraq,IRQ,port1341,Umm Qasr,2026-04-01,1,2.857142857,6.75,7.428571429
daily_port_series,Wider route context,4,Iraq,IRQ,port1341,Umm Qasr,2026-04-02,2,3.285714286,7.5,7.357142857
daily_port_series,Wider route context,4,Iraq,IRQ,port1341,Umm Qasr,2026-04-03,6,3.142857143,9.25,7.428571429
daily_port_series,Wider route context,4,Iraq,IRQ,port1341,Umm Qasr,2026-04-04,4,3.142857143,7.5,7.428571429
daily_port_series,Wider route context,4,Iraq,IRQ,port1341,Umm Qasr,2026-04-05,3,3.428571429,6.75,7.357142857
daily_port_series,Wider route context,4,Iraq,IRQ,port1341,Umm Qasr,2026-04-06,1,3.428571429,5.75,7.178571429
daily_port_series,Wider route context,4,Iraq,IRQ,port1341,Umm Qasr,2026-04-07,5,3.428571429,8.5,6.678571429
daily_port_series,Wider route context,4,Iraq,IRQ,port1341,Umm Qasr,2026-04-08,3,3.571428571,6.25,6.642857143
daily_port_series,Wider route context,4,Iraq,IRQ,port1341,Umm Qasr,2026-04-09,2,3.571428571,6.25,6.821428571
daily_port_series,Wider route context,4,Iraq,IRQ,port1341,Umm Qasr,2026-04-10,6,3.857142857,5.75,7.071428571
daily_port_series,Wider route context,4,Iraq,IRQ,port1341,Umm Qasr,2026-04-11,5,4,7.25,6.714285714
daily_port_series,Wider route context,4,Iraq,IRQ,port1341,Umm Qasr,2026-04-12,3,3.714285714,8,7.071428571
daily_port_series,Wider route context,4,Iraq,IRQ,port1341,Umm Qasr,2026-04-13,3,3.571428571,7.5,7.321428571
daily_port_series,Wider route context,4,Iraq,IRQ,port1341,Umm Qasr,2026-04-14,6,3.142857143,6,7.321428571
daily_port_series,Wider route context,4,Iraq,IRQ,port1341,Umm Qasr,2026-04-15,1,2.857142857,8.75,7.321428571
daily_port_series,Wider route context,4,Iraq,IRQ,port1341,Umm Qasr,2026-04-16,1,3.571428571,8,7.535714286
daily_port_series,Wider route context,4,Iraq,IRQ,port1341,Umm Qasr,2026-04-17,3,3.714285714,5.75,7.214285714
daily_port_series,Wider route context,4,Iraq,IRQ,port1341,Umm Qasr,2026-04-18,3,3.428571429,7.25,7.321428571
daily_port_series,Wider route context,4,Iraq,IRQ,port1341,Umm Qasr,2026-04-19,8,3.857142857,9.5,6.964285714
daily_port_series,Wider route context,4,Iraq,IRQ,port1341,Umm Qasr,2026-04-20,4,4.142857143,5.25,7.035714286
daily_port_series,Wider route context,4,Iraq,IRQ,port1341,Umm Qasr,2026-04-21,4,4,6.75,7.285714286
daily_port_series,Wider route context,4,Iraq,IRQ,port1341,Umm Qasr,2026-04-22,4,4.142857143,6.25,7.25
daily_port_series,Wider route context,4,Iraq,IRQ,port1341,Umm Qasr,2026-04-23,3,3.714285714,8.5,6.857142857
daily_port_series,Wider route context,4,Iraq,IRQ,port1341,Umm Qasr,2026-04-24,2,3.714285714,7.5,7.25
daily_port_series,Wider route context,4,Iraq,IRQ,port1341,Umm Qasr,2026-04-25,4,3.428571429,7,7.214285714
daily_port_series,Wider route context,4,Iraq,IRQ,port1341,Umm Qasr,2026-04-26,5,3.428571429,6.75,7.25
daily_port_series,Wider route context,4,Iraq,IRQ,port1341,Umm Qasr,2026-04-27,4,3.428571429,8,7.214285714
daily_port_series,Wider route context,4,Iraq,IRQ,port1341,Umm Qasr,2026-04-28,2,3.428571429,6.5,7.178571429
daily_port_series,Wider route context,4,Iraq,IRQ,port1341,Umm Qasr,2026-04-29,4,3.142857143,6.5,7.464285714
daily_port_series,Wider route context,4,Iraq,IRQ,port1341,Umm Qasr,2026-04-30,3,3.428571429,8.25,7.357142857
daily_port_series,Wider route context,4,Iraq,IRQ,port1341,Umm Qasr,2026-05-01,2,3.285714286,7.25,7.5
daily_port_series,Wider route context,4,Iraq,IRQ,port1341,Umm Qasr,2026-05-02,2,3.714285714,9,7.535714286
daily_port_series,Wider route context,4,Iraq,IRQ,port1341,Umm Qasr,2026-05-03,7,3.428571429,6,7.75
daily_port_series,Wider route context,4,Iraq,IRQ,port1341,Umm Qasr,2026-05-04,3,3.428571429,9,7.607142857
daily_port_series,Wider route context,4,Iraq,IRQ,port1341,Umm Qasr,2026-05-05,5,3.857142857,6.75,7.857142857
daily_port_series,Wider route context,4,Iraq,IRQ,port1341,Umm Qasr,2026-05-06,2,3.857142857,8,7.642857143
daily_port_series,Wider route context,4,Iraq,IRQ,port1341,Umm Qasr,2026-05-07,3,3.571428571,7.25,7.535714286
daily_port_series,Wider route context,4,Iraq,IRQ,port1341,Umm Qasr,2026-05-08,5,3.428571429,9,7.821428571
daily_port_series,Wider route context,4,Iraq,IRQ,port1341,Umm Qasr,2026-05-09,2,3.142857143,7.5,7.892857143
daily_port_series,Wider route context,4,Iraq,IRQ,port1341,Umm Qasr,2026-05-10,5,3.142857143,5.25,7.642857143
daily_port_series,Wider route context,4,Iraq,IRQ,port1341,Umm Qasr,2026-05-11,2,3.285714286,11,7.642857143
daily_port_series,Wider route context,4,Iraq,IRQ,port1341,Umm Qasr,2026-05-12,3,3.142857143,7.25,7.571428571
daily_port_series,Wider route context,4,Iraq,IRQ,port1341,Umm Qasr,2026-05-13,2,2.857142857,6.25,7.5
daily_port_series,Wider route context,4,Iraq,IRQ,port1341,Umm Qasr,2026-05-14,4,2.857142857,7.25,7.785714286
daily_port_series,Wider route context,4,Iraq,IRQ,port1341,Umm Qasr,2026-05-15,4,3.285714286,8.5,7.214285714
daily_port_series,Wider route context,4,Iraq,IRQ,port1341,Umm Qasr,2026-05-16,0,3.142857143,7,7.142857143
daily_port_series,Wider route context,4,Iraq,IRQ,port1341,Umm Qasr,2026-05-17,5,3.142857143,7.25,7.75
daily_port_series,Wider route context,4,Iraq,IRQ,port1341,Umm Qasr,2026-05-18,5,2.714285714,7,7.785714286
daily_port_series,Wider route context,4,Iraq,IRQ,port1341,Umm Qasr,2026-05-19,2,2.428571429,6.75,7.821428571
daily_port_series,Wider route context,4,Iraq,IRQ,port1341,Umm Qasr,2026-05-20,2,3,10.5,7.75
daily_port_series,Wider route context,4,Iraq,IRQ,port1341,Umm Qasr,2026-05-21,1,2.571428571,7.5,7.714285714
daily_port_series,Wider route context,4,Iraq,IRQ,port1341,Umm Qasr,2026-05-22,2,2.428571429,8.75,7.785714286
daily_port_series,Wider route context,4,Iraq,IRQ,port1341,Umm Qasr,2026-05-23,4,2.857142857,6.5,8.25
daily_port_series,Wider route context,4,Iraq,IRQ,port1341,Umm Qasr,2026-05-24,2,2.857142857,7,7.857142857
daily_port_series,Wider route context,4,Iraq,IRQ,port1341,Umm Qasr,2026-05-25,4,3.285714286,7.5,7.821428571
daily_port_series,Wider route context,4,Iraq,IRQ,port1341,Umm Qasr,2026-05-26,5,3.428571429,10,7.392857143
daily_port_series,Wider route context,4,Iraq,IRQ,port1341,Umm Qasr,2026-05-27,2,3,7.75,7.5
daily_port_series,Wider route context,4,Iraq,IRQ,port1341,Umm Qasr,2026-05-28,4,3,7.25,7.607142857
daily_port_series,Wider route context,4,Iraq,IRQ,port1341,Umm Qasr,2026-05-29,3,2.714285714,5.75,7.714285714
daily_port_series,Wider route context,4,Iraq,IRQ,port1341,Umm Qasr,2026-05-30,1,2.285714286,7.25,7.25
daily_port_series,Wider route context,4,Iraq,IRQ,port1341,Umm Qasr,2026-05-31,2,2.857142857,7.75,7.321428571
daily_port_series,Wider route context,4,Iraq,IRQ,port1341,Umm Qasr,2026-06-01,2,3,8.25,7.035714286
daily_port_series,Wider route context,4,Iraq,IRQ,port1341,Umm Qasr,2026-06-02,2,3.285714286,6.75,7.535714286
daily_port_series,Wider route context,4,Iraq,IRQ,port1341,Umm Qasr,2026-06-03,6,3.714285714,8.25,7.535714286
daily_port_series,Wider route context,4,Iraq,IRQ,port1341,Umm Qasr,2026-06-04,5,3.714285714,5.25,7.892857143
daily_port_series,Wider route context,4,Iraq,IRQ,port1341,Umm Qasr,2026-06-05,5,3.571428571,9.25,7.428571429
daily_port_series,Wider route context,4,Iraq,IRQ,port1341,Umm Qasr,2026-06-06,4,3.857142857,7.25,7.214285714
daily_port_series,Wider route context,4,Iraq,IRQ,port1341,Umm Qasr,2026-06-07,2,3.571428571,10.25,6.964285714
daily_port_series,Wider route context,4,Iraq,IRQ,port1341,Umm Qasr,2026-06-08,1,3.428571429,5,7.5
daily_port_series,Wider route context,4,Iraq,IRQ,port1341,Umm Qasr,2026-06-09,4,3.142857143,5.25,6.892857143
daily_port_series,Wider route context,4,Iraq,IRQ,port1341,Umm Qasr,2026-06-10,4,3.571428571,6.5,7.071428571
daily_port_series,Wider route context,4,Iraq,IRQ,port1341,Umm Qasr,2026-06-11,4,3.714285714,9,6.857142857
daily_port_series,Wider route context,4,Iraq,IRQ,port1341,Umm Qasr,2026-06-12,3,4.142857143,5,7.107142857
daily_port_series,Wider route context,4,Iraq,IRQ,port1341,Umm Qasr,2026-06-13,7,4.142857143,8.5,7.214285714
daily_port_series,Wider route context,4,Iraq,IRQ,port1341,Umm Qasr,2026-06-14,3,3.714285714,8.75,7.25
daily_port_series,Wider route context,4,Iraq,IRQ,port1341,Umm Qasr,2026-06-15,4,3.428571429,6.75,7.178571429
daily_port_series,Wider route context,4,Iraq,IRQ,port1341,Umm Qasr,2026-06-16,4,3.714285714,6,7.607142857
daily_port_series,Wider route context,4,Iraq,IRQ,port1341,Umm Qasr,2026-06-17,1,3.142857143,6.75,7.535714286
daily_port_series,Wider route context,4,Iraq,IRQ,port1341,Umm Qasr,2026-06-18,2,3.428571429,8.5,7.107142857
daily_port_series,Wider route context,4,Iraq,IRQ,port1341,Umm Qasr,2026-06-19,5,3.142857143,8,7.214285714
daily_port_series,Wider route context,4,Iraq,IRQ,port1341,Umm Qasr,2026-06-20,3,3.285714286,8,7.25
daily_port_series,Wider route context,4,Iraq,IRQ,port1341,Umm Qasr,2026-06-21,5,3.857142857,5.75,7.035714286
daily_port_series,Wider route context,4,Iraq,IRQ,port1341,Umm Qasr,2026-06-22,2,3.857142857,7.5,6.821428571
daily_port_series,Wider route context,4,Iraq,IRQ,port1341,Umm Qasr,2026-06-23,5,3.285714286,6.25,6.892857143
daily_port_series,Wider route context,4,Iraq,IRQ,port1341,Umm Qasr,2026-06-24,5,3.142857143,5.25,6.75
daily_port_series,Wider route context,4,Iraq,IRQ,port1341,Umm Qasr,2026-06-25,2,3.142857143,7,7.142857143
daily_port_series,Wider route context,4,Iraq,IRQ,port1341,Umm Qasr,2026-06-26,1,3.428571429,8.5,7.321428571
daily_port_series,Wider route context,4,Iraq,IRQ,port1341,Umm Qasr,2026-06-27,2,3.285714286,7,7.428571429
daily_port_series,Wider route context,4,Iraq,IRQ,port1341,Umm Qasr,2026-06-28,5,3,8.5,7.791666667
daily_port_series,Wider route context,4,Iraq,IRQ,port1341,Umm Qasr,2026-06-29,4,3.2,8.75,7.95
daily_port_series,Wider route context,4,Iraq,IRQ,port1341,Umm Qasr,2026-06-30,4,3.75,7,7.8125
daily_port_series,Wider route context,8,Egypt,EGY,port192,Port Said,2026-01-01,3,3.25,1.5,2.25
daily_port_series,Wider route context,8,Egypt,EGY,port192,Port Said,2026-01-02,1,3.2,2.5,2.4
daily_port_series,Wider route context,8,Egypt,EGY,port192,Port Said,2026-01-03,3,3.166666667,2.25,2.375
daily_port_series,Wider route context,8,Egypt,EGY,port192,Port Said,2026-01-04,6,3.142857143,2.75,2.321428571
daily_port_series,Wider route context,8,Egypt,EGY,port192,Port Said,2026-01-05,3,3,3,2.5
daily_port_series,Wider route context,8,Egypt,EGY,port192,Port Said,2026-01-06,3,3.142857143,2.25,2.321428571
daily_port_series,Wider route context,8,Egypt,EGY,port192,Port Said,2026-01-07,3,3.285714286,2,2.214285714
daily_port_series,Wider route context,8,Egypt,EGY,port192,Port Said,2026-01-08,2,2.714285714,2.75,2.035714286
daily_port_series,Wider route context,8,Egypt,EGY,port192,Port Said,2026-01-09,2,2.428571429,1.25,1.857142857
daily_port_series,Wider route context,8,Egypt,EGY,port192,Port Said,2026-01-10,4,2.142857143,1.5,1.785714286
daily_port_series,Wider route context,8,Egypt,EGY,port192,Port Said,2026-01-11,2,2,1.5,1.785714286
daily_port_series,Wider route context,8,Egypt,EGY,port192,Port Said,2026-01-12,1,1.714285714,1.75,1.607142857
daily_port_series,Wider route context,8,Egypt,EGY,port192,Port Said,2026-01-13,1,2,1.75,1.75
daily_port_series,Wider route context,8,Egypt,EGY,port192,Port Said,2026-01-14,2,2.142857143,2,1.785714286
daily_port_series,Wider route context,8,Egypt,EGY,port192,Port Said,2026-01-15,0,2.428571429,1.5,1.892857143
daily_port_series,Wider route context,8,Egypt,EGY,port192,Port Said,2026-01-16,4,2.857142857,2.25,1.928571429
daily_port_series,Wider route context,8,Egypt,EGY,port192,Port Said,2026-01-17,5,3.428571429,1.75,1.928571429
daily_port_series,Wider route context,8,Egypt,EGY,port192,Port Said,2026-01-18,4,3.142857143,2.25,2
daily_port_series,Wider route context,8,Egypt,EGY,port192,Port Said,2026-01-19,4,3.285714286,2,2.107142857
daily_port_series,Wider route context,8,Egypt,EGY,port192,Port Said,2026-01-20,5,3,1.75,1.892857143
daily_port_series,Wider route context,8,Egypt,EGY,port192,Port Said,2026-01-21,0,2.857142857,2.5,1.821428571
daily_port_series,Wider route context,8,Egypt,EGY,port192,Port Said,2026-01-22,1,2.428571429,2.25,1.964285714
daily_port_series,Wider route context,8,Egypt,EGY,port192,Port Said,2026-01-23,2,2.571428571,0.75,2.035714286
daily_port_series,Wider route context,8,Egypt,EGY,port192,Port Said,2026-01-24,4,2.285714286,1.25,1.964285714
daily_port_series,Wider route context,8,Egypt,EGY,port192,Port Said,2026-01-25,1,2.428571429,3.25,1.857142857
daily_port_series,Wider route context,8,Egypt,EGY,port192,Port Said,2026-01-26,5,2.428571429,2.5,1.642857143
daily_port_series,Wider route context,8,Egypt,EGY,port192,Port Said,2026-01-27,3,2.571428571,1.25,1.857142857
daily_port_series,Wider route context,8,Egypt,EGY,port192,Port Said,2026-01-28,1,2.142857143,1.75,1.821428571
daily_port_series,Wider route context,8,Egypt,EGY,port192,Port Said,2026-01-29,1,2.428571429,0.75,1.678571429
daily_port_series,Wider route context,8,Egypt,EGY,port192,Port Said,2026-01-30,3,2.142857143,2.25,1.607142857
daily_port_series,Wider route context,8,Egypt,EGY,port192,Port Said,2026-01-31,1,1.714285714,1,1.892857143
daily_port_series,Wider route context,8,Egypt,EGY,port192,Port Said,2026-02-01,3,1.857142857,2.25,1.964285714
daily_port_series,Wider route context,8,Egypt,EGY,port192,Port Said,2026-02-02,3,1.857142857,2,2
daily_port_series,Wider route context,8,Egypt,EGY,port192,Port Said,2026-02-03,0,1.714285714,3.25,1.892857143
daily_port_series,Wider route context,8,Egypt,EGY,port192,Port Said,2026-02-04,2,2,2.25,2.25
daily_port_series,Wider route context,8,Egypt,EGY,port192,Port Said,2026-02-05,1,2,1,2.142857143
daily_port_series,Wider route context,8,Egypt,EGY,port192,Port Said,2026-02-06,2,2,1.5,2.214285714
daily_port_series,Wider route context,8,Egypt,EGY,port192,Port Said,2026-02-07,3,2.571428571,3.5,2.035714286
daily_port_series,Wider route context,8,Egypt,EGY,port192,Port Said,2026-02-08,3,2.857142857,1.5,2.071428571
daily_port_series,Wider route context,8,Egypt,EGY,port192,Port Said,2026-02-09,3,3.142857143,2.5,2.357142857
daily_port_series,Wider route context,8,Egypt,EGY,port192,Port Said,2026-02-10,4,3.285714286,2,2.392857143
daily_port_series,Wider route context,8,Egypt,EGY,port192,Port Said,2026-02-11,4,3.428571429,2.5,2.214285714
daily_port_series,Wider route context,8,Egypt,EGY,port192,Port Said,2026-02-12,3,3.285714286,3,2.428571429
daily_port_series,Wider route context,8,Egypt,EGY,port192,Port Said,2026-02-13,3,3.428571429,1.75,2.285714286
daily_port_series,Wider route context,8,Egypt,EGY,port192,Port Said,2026-02-14,4,3.285714286,2.25,2.392857143
daily_port_series,Wider route context,8,Egypt,EGY,port192,Port Said,2026-02-15,2,2.714285714,3,2.285714286
daily_port_series,Wider route context,8,Egypt,EGY,port192,Port Said,2026-02-16,4,2.571428571,1.5,2.107142857
daily_port_series,Wider route context,8,Egypt,EGY,port192,Port Said,2026-02-17,3,2.285714286,2.75,2.214285714
daily_port_series,Wider route context,8,Egypt,EGY,port192,Port Said,2026-02-18,0,2.142857143,1.75,2.25
daily_port_series,Wider route context,8,Egypt,EGY,port192,Port Said,2026-02-19,2,1.857142857,1.75,1.964285714
daily_port_series,Wider route context,8,Egypt,EGY,port192,Port Said,2026-02-20,1,1.714285714,2.5,1.964285714
daily_port_series,Wider route context,8,Egypt,EGY,port192,Port Said,2026-02-21,3,1.571428571,2.5,2
daily_port_series,Wider route context,8,Egypt,EGY,port192,Port Said,2026-02-22,0,1.857142857,1,1.964285714
daily_port_series,Wider route context,8,Egypt,EGY,port192,Port Said,2026-02-23,3,1.857142857,1.5,2.214285714
daily_port_series,Wider route context,8,Egypt,EGY,port192,Port Said,2026-02-24,2,1.857142857,3,2.285714286
daily_port_series,Wider route context,8,Egypt,EGY,port192,Port Said,2026-02-25,2,1.714285714,1.5,2.25
daily_port_series,Wider route context,8,Egypt,EGY,port192,Port Said,2026-02-26,2,1.857142857,3.5,2.428571429
daily_port_series,Wider route context,8,Egypt,EGY,port192,Port Said,2026-02-27,1,2,3,2.428571429
daily_port_series,Wider route context,8,Egypt,EGY,port192,Port Said,2026-02-28,2,1.857142857,2.25,2.392857143
daily_port_series,Wider route context,8,Egypt,EGY,port192,Port Said,2026-03-01,1,2,2.25,2.428571429
daily_port_series,Wider route context,8,Egypt,EGY,port192,Port Said,2026-03-02,4,2,1.5,2.107142857
daily_port_series,Wider route context,8,Egypt,EGY,port192,Port Said,2026-03-03,1,2.285714286,2.75,1.964285714
daily_port_series,Wider route context,8,Egypt,EGY,port192,Port Said,2026-03-04,3,2.571428571,1.75,2.071428571
daily_port_series,Wider route context,8,Egypt,EGY,port192,Port Said,2026-03-05,2,2.571428571,1.25,1.964285714
daily_port_series,Wider route context,8,Egypt,EGY,port192,Port Said,2026-03-06,3,2.142857143,2,2.071428571
daily_port_series,Wider route context,8,Egypt,EGY,port192,Port Said,2026-03-07,4,2.571428571,3,1.964285714
daily_port_series,Wider route context,8,Egypt,EGY,port192,Port Said,2026-03-08,1,2.285714286,1.5,1.964285714
daily_port_series,Wider route context,8,Egypt,EGY,port192,Port Said,2026-03-09,1,2.571428571,2.25,1.964285714
daily_port_series,Wider route context,8,Egypt,EGY,port192,Port Said,2026-03-10,4,2.285714286,2,2
daily_port_series,Wider route context,8,Egypt,EGY,port192,Port Said,2026-03-11,1,1.714285714,1.75,1.928571429
daily_port_series,Wider route context,8,Egypt,EGY,port192,Port Said,2026-03-12,4,1.714285714,1.25,1.964285714
daily_port_series,Wider route context,8,Egypt,EGY,port192,Port Said,2026-03-13,1,2,2.25,1.928571429
daily_port_series,Wider route context,8,Egypt,EGY,port192,Port Said,2026-03-14,0,1.714285714,2.5,1.928571429
daily_port_series,Wider route context,8,Egypt,EGY,port192,Port Said,2026-03-15,1,1.857142857,1.75,1.964285714
daily_port_series,Wider route context,8,Egypt,EGY,port192,Port Said,2026-03-16,3,1.714285714,2,2.178571429
daily_port_series,Wider route context,8,Egypt,EGY,port192,Port Said,2026-03-17,2,1.571428571,2,2
daily_port_series,Wider route context,8,Egypt,EGY,port192,Port Said,2026-03-18,2,1.571428571,2,1.857142857
daily_port_series,Wider route context,8,Egypt,EGY,port192,Port Said,2026-03-19,3,1.857142857,2.75,1.964285714
daily_port_series,Wider route context,8,Egypt,EGY,port192,Port Said,2026-03-20,0,1.857142857,1,1.892857143
daily_port_series,Wider route context,8,Egypt,EGY,port192,Port Said,2026-03-21,0,1.571428571,1.5,1.678571429
daily_port_series,Wider route context,8,Egypt,EGY,port192,Port Said,2026-03-22,3,2,2.5,1.714285714
daily_port_series,Wider route context,8,Egypt,EGY,port192,Port Said,2026-03-23,3,1.714285714,1.5,1.642857143
daily_port_series,Wider route context,8,Egypt,EGY,port192,Port Said,2026-03-24,0,2,0.5,1.892857143
daily_port_series,Wider route context,8,Egypt,EGY,port192,Port Said,2026-03-25,5,2.428571429,2.25,2.071428571
daily_port_series,Wider route context,8,Egypt,EGY,port192,Port Said,2026-03-26,1,2.285714286,2.25,2.035714286
daily_port_series,Wider route context,8,Egypt,EGY,port192,Port Said,2026-03-27,2,2,2.75,2.107142857
daily_port_series,Wider route context,8,Egypt,EGY,port192,Port Said,2026-03-28,3,2.428571429,2.75,2.25
daily_port_series,Wider route context,8,Egypt,EGY,port192,Port Said,2026-03-29,2,2,2.25,2.392857143
daily_port_series,Wider route context,8,Egypt,EGY,port192,Port Said,2026-03-30,1,1.857142857,2,2.428571429
daily_port_series,Wider route context,8,Egypt,EGY,port192,Port Said,2026-03-31,3,1.714285714,1.5,2.285714286
daily_port_series,Wider route context,8,Egypt,EGY,port192,Port Said,2026-04-01,2,1.857142857,3.25,2.142857143
daily_port_series,Wider route context,8,Egypt,EGY,port192,Port Said,2026-04-02,0,1.571428571,2.5,2.142857143
daily_port_series,Wider route context,8,Egypt,EGY,port192,Port Said,2026-04-03,1,1.714285714,1.75,2.107142857
daily_port_series,Wider route context,8,Egypt,EGY,port192,Port Said,2026-04-04,4,1.857142857,1.75,2.178571429
daily_port_series,Wider route context,8,Egypt,EGY,port192,Port Said,2026-04-05,0,1.857142857,2.25,1.928571429
daily_port_series,Wider route context,8,Egypt,EGY,port192,Port Said,2026-04-06,2,2.285714286,1.75,1.785714286
daily_port_series,Wider route context,8,Egypt,EGY,port192,Port Said,2026-04-07,4,2.142857143,2,1.857142857
daily_port_series,Wider route context,8,Egypt,EGY,port192,Port Said,2026-04-08,2,1.714285714,1.5,1.821428571
daily_port_series,Wider route context,8,Egypt,EGY,port192,Port Said,2026-04-09,3,2.142857143,1.5,1.821428571
daily_port_series,Wider route context,8,Egypt,EGY,port192,Port Said,2026-04-10,0,2.142857143,2.25,2.035714286
daily_port_series,Wider route context,8,Egypt,EGY,port192,Port Said,2026-04-11,1,1.714285714,1.5,2.071428571
daily_port_series,Wider route context,8,Egypt,EGY,port192,Port Said,2026-04-12,3,1.714285714,2.25,2.357142857
daily_port_series,Wider route context,8,Egypt,EGY,port192,Port Said,2026-04-13,2,1.571428571,3.25,2.607142857
daily_port_series,Wider route context,8,Egypt,EGY,port192,Port Said,2026-04-14,1,2.285714286,2.25,2.75
daily_port_series,Wider route context,8,Egypt,EGY,port192,Port Said,2026-04-15,2,2.142857143,3.5,2.785714286
daily_port_series,Wider route context,8,Egypt,EGY,port192,Port Said,2026-04-16,2,2.142857143,3.25,2.714285714
daily_port_series,Wider route context,8,Egypt,EGY,port192,Port Said,2026-04-17,5,2.571428571,3.25,2.464285714
daily_port_series,Wider route context,8,Egypt,EGY,port192,Port Said,2026-04-18,0,3,1.75,2.357142857
daily_port_series,Wider route context,8,Egypt,EGY,port192,Port Said,2026-04-19,3,2.857142857,1.75,2.25
daily_port_series,Wider route context,8,Egypt,EGY,port192,Port Said,2026-04-20,5,2.857142857,1.5,2.214285714
daily_port_series,Wider route context,8,Egypt,EGY,port192,Port Said,2026-04-21,4,2.285714286,1.5,2.178571429
daily_port_series,Wider route context,8,Egypt,EGY,port192,Port Said,2026-04-22,1,2.428571429,2.75,2.178571429
daily_port_series,Wider route context,8,Egypt,EGY,port192,Port Said,2026-04-23,2,2.285714286,3,2.285714286
daily_port_series,Wider route context,8,Egypt,EGY,port192,Port Said,2026-04-24,1,2.142857143,3,2.285714286
daily_port_series,Wider route context,8,Egypt,EGY,port192,Port Said,2026-04-25,1,1.714285714,1.75,2.321428571
daily_port_series,Wider route context,8,Egypt,EGY,port192,Port Said,2026-04-26,2,2.142857143,2.5,2.357142857
daily_port_series,Wider route context,8,Egypt,EGY,port192,Port Said,2026-04-27,4,2.285714286,1.5,2.25
daily_port_series,Wider route context,8,Egypt,EGY,port192,Port Said,2026-04-28,1,2.428571429,1.75,2.321428571
daily_port_series,Wider route context,8,Egypt,EGY,port192,Port Said,2026-04-29,4,2.428571429,3,2.25
daily_port_series,Wider route context,8,Egypt,EGY,port192,Port Said,2026-04-30,3,2.285714286,2.25,2.107142857
daily_port_series,Wider route context,8,Egypt,EGY,port192,Port Said,2026-05-01,2,2,3.5,2.285714286
daily_port_series,Wider route context,8,Egypt,EGY,port192,Port Said,2026-05-02,1,2,1.25,2.25
daily_port_series,Wider route context,8,Egypt,EGY,port192,Port Said,2026-05-03,1,1.571428571,1.5,2.142857143
daily_port_series,Wider route context,8,Egypt,EGY,port192,Port Said,2026-05-04,2,1.428571429,2.75,2.392857143
daily_port_series,Wider route context,8,Egypt,EGY,port192,Port Said,2026-05-05,1,1.714285714,1.5,2.214285714
daily_port_series,Wider route context,8,Egypt,EGY,port192,Port Said,2026-05-06,1,2,2.25,2.392857143
daily_port_series,Wider route context,8,Egypt,EGY,port192,Port Said,2026-05-07,2,2.428571429,4,2.535714286
daily_port_series,Wider route context,8,Egypt,EGY,port192,Port Said,2026-05-08,4,2.571428571,2.25,2.464285714
daily_port_series,Wider route context,8,Egypt,EGY,port192,Port Said,2026-05-09,3,2.428571429,2.5,2.5
daily_port_series,Wider route context,8,Egypt,EGY,port192,Port Said,2026-05-10,4,2.428571429,2.5,2.571428571
daily_port_series,Wider route context,8,Egypt,EGY,port192,Port Said,2026-05-11,3,2.142857143,2.25,2.25
daily_port_series,Wider route context,8,Egypt,EGY,port192,Port Said,2026-05-12,0,1.714285714,1.75,2.142857143
daily_port_series,Wider route context,8,Egypt,EGY,port192,Port Said,2026-05-13,1,1.714285714,2.75,2.428571429
daily_port_series,Wider route context,8,Egypt,EGY,port192,Port Said,2026-05-14,0,1.714285714,1.75,2.5
daily_port_series,Wider route context,8,Egypt,EGY,port192,Port Said,2026-05-15,1,1.571428571,1.5,2.392857143
daily_port_series,Wider route context,8,Egypt,EGY,port192,Port Said,2026-05-16,3,2,4.5,2.392857143
daily_port_series,Wider route context,8,Egypt,EGY,port192,Port Said,2026-05-17,4,1.857142857,3,2.357142857
daily_port_series,Wider route context,8,Egypt,EGY,port192,Port Said,2026-05-18,2,2,1.5,2.392857143
daily_port_series,Wider route context,8,Egypt,EGY,port192,Port Said,2026-05-19,3,2,1.75,2.5
daily_port_series,Wider route context,8,Egypt,EGY,port192,Port Said,2026-05-20,0,1.714285714,2.5,2.178571429
daily_port_series,Wider route context,8,Egypt,EGY,port192,Port Said,2026-05-21,1,1.428571429,2,2.25
daily_port_series,Wider route context,8,Egypt,EGY,port192,Port Said,2026-05-22,1,1.571428571,2.25,2.535714286
daily_port_series,Wider route context,8,Egypt,EGY,port192,Port Said,2026-05-23,1,1.285714286,2.25,2.75
daily_port_series,Wider route context,8,Egypt,EGY,port192,Port Said,2026-05-24,2,1.285714286,3.5,2.535714286
daily_port_series,Wider route context,8,Egypt,EGY,port192,Port Said,2026-05-25,3,1.285714286,3.5,2.428571429
daily_port_series,Wider route context,8,Egypt,EGY,port192,Port Said,2026-05-26,1,1.428571429,3.25,2.428571429
daily_port_series,Wider route context,8,Egypt,EGY,port192,Port Said,2026-05-27,0,1.428571429,1,2.571428571
daily_port_series,Wider route context,8,Egypt,EGY,port192,Port Said,2026-05-28,1,1.571428571,1.25,2.285714286
daily_port_series,Wider route context,8,Egypt,EGY,port192,Port Said,2026-05-29,2,1.571428571,2.25,2.142857143
daily_port_series,Wider route context,8,Egypt,EGY,port192,Port Said,2026-05-30,1,1.714285714,3.25,1.964285714
daily_port_series,Wider route context,8,Egypt,EGY,port192,Port Said,2026-05-31,3,1.714285714,1.5,2.25
daily_port_series,Wider route context,8,Egypt,EGY,port192,Port Said,2026-06-01,3,2,2.5,2.428571429
daily_port_series,Wider route context,8,Egypt,EGY,port192,Port Said,2026-06-02,2,2.142857143,2,2.5
daily_port_series,Wider route context,8,Egypt,EGY,port192,Port Said,2026-06-03,0,2,3,2.285714286
daily_port_series,Wider route context,8,Egypt,EGY,port192,Port Said,2026-06-04,3,2.142857143,2.5,2.571428571
daily_port_series,Wider route context,8,Egypt,EGY,port192,Port Said,2026-06-05,3,2.142857143,2.75,2.571428571
daily_port_series,Wider route context,8,Egypt,EGY,port192,Port Said,2026-06-06,0,2.285714286,1.75,2.607142857
daily_port_series,Wider route context,8,Egypt,EGY,port192,Port Said,2026-06-07,4,2.714285714,3.5,2.571428571
daily_port_series,Wider route context,8,Egypt,EGY,port192,Port Said,2026-06-08,3,2.714285714,2.5,2.714285714
daily_port_series,Wider route context,8,Egypt,EGY,port192,Port Said,2026-06-09,3,2.571428571,2.25,2.785714286
daily_port_series,Wider route context,8,Egypt,EGY,port192,Port Said,2026-06-10,3,2.857142857,2.75,2.714285714
daily_port_series,Wider route context,8,Egypt,EGY,port192,Port Said,2026-06-11,3,2.571428571,3.5,2.714285714
daily_port_series,Wider route context,8,Egypt,EGY,port192,Port Said,2026-06-12,2,2.714285714,3.25,2.535714286
daily_port_series,Wider route context,8,Egypt,EGY,port192,Port Said,2026-06-13,2,2.428571429,1.25,2.535714286
daily_port_series,Wider route context,8,Egypt,EGY,port192,Port Said,2026-06-14,2,2.142857143,3.5,2.464285714
daily_port_series,Wider route context,8,Egypt,EGY,port192,Port Said,2026-06-15,4,1.857142857,1.25,2.285714286
daily_port_series,Wider route context,8,Egypt,EGY,port192,Port Said,2026-06-16,1,1.857142857,2.25,2.285714286
daily_port_series,Wider route context,8,Egypt,EGY,port192,Port Said,2026-06-17,1,1.571428571,2.25,2.464285714
daily_port_series,Wider route context,8,Egypt,EGY,port192,Port Said,2026-06-18,1,1.857142857,2.25,2.321428571
daily_port_series,Wider route context,8,Egypt,EGY,port192,Port Said,2026-06-19,2,1.714285714,3.25,2.428571429
daily_port_series,Wider route context,8,Egypt,EGY,port192,Port Said,2026-06-20,0,1.714285714,2.5,2.392857143
daily_port_series,Wider route context,8,Egypt,EGY,port192,Port Said,2026-06-21,4,2,2.5,2.571428571
daily_port_series,Wider route context,8,Egypt,EGY,port192,Port Said,2026-06-22,3,1.857142857,2,2.642857143
daily_port_series,Wider route context,8,Egypt,EGY,port192,Port Said,2026-06-23,1,1.714285714,2,2.535714286
daily_port_series,Wider route context,8,Egypt,EGY,port192,Port Said,2026-06-24,3,1.857142857,3.5,2.5
daily_port_series,Wider route context,8,Egypt,EGY,port192,Port Said,2026-06-25,0,1.714285714,2.75,2.392857143
daily_port_series,Wider route context,8,Egypt,EGY,port192,Port Said,2026-06-26,1,1.571428571,2.5,2.357142857
daily_port_series,Wider route context,8,Egypt,EGY,port192,Port Said,2026-06-27,1,1.571428571,2.25,2.321428571
daily_port_series,Wider route context,8,Egypt,EGY,port192,Port Said,2026-06-28,3,1.333333333,1.75,2.125
daily_port_series,Wider route context,8,Egypt,EGY,port192,Port Said,2026-06-29,2,1.6,1.75,2
daily_port_series,Wider route context,8,Egypt,EGY,port192,Port Said,2026-06-30,1,1.75,1.75,1.875
daily_port_series,Gulf and east-coast ports,6,United Arab Emirates,ARE,port2025,Khalifa Port,2026-01-01,11,10.75,6.5,7.5
daily_port_series,Gulf and east-coast ports,6,United Arab Emirates,ARE,port2025,Khalifa Port,2026-01-02,10,12,7.25,7.35
daily_port_series,Gulf and east-coast ports,6,United Arab Emirates,ARE,port2025,Khalifa Port,2026-01-03,14,12.5,8.5,7.541666667
daily_port_series,Gulf and east-coast ports,6,United Arab Emirates,ARE,port2025,Khalifa Port,2026-01-04,8,11.85714286,7.75,7.571428571
daily_port_series,Gulf and east-coast ports,6,United Arab Emirates,ARE,port2025,Khalifa Port,2026-01-05,17,12.14285714,6.75,7.464285714
daily_port_series,Gulf and east-coast ports,6,United Arab Emirates,ARE,port2025,Khalifa Port,2026-01-06,15,12.14285714,8.5,7.357142857
daily_port_series,Gulf and east-coast ports,6,United Arab Emirates,ARE,port2025,Khalifa Port,2026-01-07,8,12.14285714,7.75,7.464285714
daily_port_series,Gulf and east-coast ports,6,United Arab Emirates,ARE,port2025,Khalifa Port,2026-01-08,13,12.14285714,5.75,7.5
daily_port_series,Gulf and east-coast ports,6,United Arab Emirates,ARE,port2025,Khalifa Port,2026-01-09,10,11.28571429,6.5,7.535714286
daily_port_series,Gulf and east-coast ports,6,United Arab Emirates,ARE,port2025,Khalifa Port,2026-01-10,14,10.42857143,9.25,7.178571429
daily_port_series,Gulf and east-coast ports,6,United Arab Emirates,ARE,port2025,Khalifa Port,2026-01-11,8,10.57142857,8,7.142857143
daily_port_series,Gulf and east-coast ports,6,United Arab Emirates,ARE,port2025,Khalifa Port,2026-01-12,11,10.28571429,7,7.357142857
daily_port_series,Gulf and east-coast ports,6,United Arab Emirates,ARE,port2025,Khalifa Port,2026-01-13,9,10.57142857,6,7.357142857
daily_port_series,Gulf and east-coast ports,6,United Arab Emirates,ARE,port2025,Khalifa Port,2026-01-14,9,10,7.5,6.785714286
daily_port_series,Gulf and east-coast ports,6,United Arab Emirates,ARE,port2025,Khalifa Port,2026-01-15,11,10.28571429,7.25,6.714285714
daily_port_series,Gulf and east-coast ports,6,United Arab Emirates,ARE,port2025,Khalifa Port,2026-01-16,12,10.57142857,6.5,6.928571429
daily_port_series,Gulf and east-coast ports,6,United Arab Emirates,ARE,port2025,Khalifa Port,2026-01-17,10,11,5.25,7
daily_port_series,Gulf and east-coast ports,6,United Arab Emirates,ARE,port2025,Khalifa Port,2026-01-18,10,10.71428571,7.5,6.714285714
daily_port_series,Gulf and east-coast ports,6,United Arab Emirates,ARE,port2025,Khalifa Port,2026-01-19,13,9.285714286,8.5,6.714285714
daily_port_series,Gulf and east-coast ports,6,United Arab Emirates,ARE,port2025,Khalifa Port,2026-01-20,12,10.28571429,6.5,6.892857143
daily_port_series,Gulf and east-coast ports,6,United Arab Emirates,ARE,port2025,Khalifa Port,2026-01-21,7,10.28571429,5.5,7.214285714
daily_port_series,Gulf and east-coast ports,6,United Arab Emirates,ARE,port2025,Khalifa Port,2026-01-22,1,10.28571429,7.25,7.464285714
daily_port_series,Gulf and east-coast ports,6,United Arab Emirates,ARE,port2025,Khalifa Port,2026-01-23,19,9.714285714,7.75,7.178571429
daily_port_series,Gulf and east-coast ports,6,United Arab Emirates,ARE,port2025,Khalifa Port,2026-01-24,10,9.857142857,7.5,7.5
daily_port_series,Gulf and east-coast ports,6,United Arab Emirates,ARE,port2025,Khalifa Port,2026-01-25,10,10.14285714,9.25,7.678571429
daily_port_series,Gulf and east-coast ports,6,United Arab Emirates,ARE,port2025,Khalifa Port,2026-01-26,9,11.71428571,6.5,7.642857143
daily_port_series,Gulf and east-coast ports,6,United Arab Emirates,ARE,port2025,Khalifa Port,2026-01-27,13,10.57142857,8.75,7.714285714
daily_port_series,Gulf and east-coast ports,6,United Arab Emirates,ARE,port2025,Khalifa Port,2026-01-28,9,10.85714286,6.75,7.714285714
daily_port_series,Gulf and east-coast ports,6,United Arab Emirates,ARE,port2025,Khalifa Port,2026-01-29,12,10.28571429,7,7.464285714
daily_port_series,Gulf and east-coast ports,6,United Arab Emirates,ARE,port2025,Khalifa Port,2026-01-30,11,10.14285714,8.25,7.642857143
daily_port_series,Gulf and east-coast ports,6,United Arab Emirates,ARE,port2025,Khalifa Port,2026-01-31,12,10,7.5,7.285714286
daily_port_series,Gulf and east-coast ports,6,United Arab Emirates,ARE,port2025,Khalifa Port,2026-02-01,6,9.714285714,7.5,7.607142857
daily_port_series,Gulf and east-coast ports,6,United Arab Emirates,ARE,port2025,Khalifa Port,2026-02-02,8,9.285714286,7.75,7.357142857
daily_port_series,Gulf and east-coast ports,6,United Arab Emirates,ARE,port2025,Khalifa Port,2026-02-03,12,9.428571429,6.25,7.285714286
daily_port_series,Gulf and east-coast ports,6,United Arab Emirates,ARE,port2025,Khalifa Port,2026-02-04,7,9.142857143,9,7.428571429
daily_port_series,Gulf and east-coast ports,6,United Arab Emirates,ARE,port2025,Khalifa Port,2026-02-05,9,10.57142857,5.25,7.464285714
daily_port_series,Gulf and east-coast ports,6,United Arab Emirates,ARE,port2025,Khalifa Port,2026-02-06,12,10.57142857,7.75,7.464285714
daily_port_series,Gulf and east-coast ports,6,United Arab Emirates,ARE,port2025,Khalifa Port,2026-02-07,10,9.571428571,8.5,7.607142857
daily_port_series,Gulf and east-coast ports,6,United Arab Emirates,ARE,port2025,Khalifa Port,2026-02-08,16,9.571428571,7.75,7.25
daily_port_series,Gulf and east-coast ports,6,United Arab Emirates,ARE,port2025,Khalifa Port,2026-02-09,8,10.14285714,7.75,7.535714286
daily_port_series,Gulf and east-coast ports,6,United Arab Emirates,ARE,port2025,Khalifa Port,2026-02-10,5,9.714285714,7.25,7.178571429
daily_port_series,Gulf and east-coast ports,6,United Arab Emirates,ARE,port2025,Khalifa Port,2026-02-11,7,10.14285714,6.5,7
daily_port_series,Gulf and east-coast ports,6,United Arab Emirates,ARE,port2025,Khalifa Port,2026-02-12,13,9.142857143,7.25,7.25
daily_port_series,Gulf and east-coast ports,6,United Arab Emirates,ARE,port2025,Khalifa Port,2026-02-13,9,8.714285714,5.25,7.357142857
daily_port_series,Gulf and east-coast ports,6,United Arab Emirates,ARE,port2025,Khalifa Port,2026-02-14,13,9.714285714,7.25,7.5
daily_port_series,Gulf and east-coast ports,6,United Arab Emirates,ARE,port2025,Khalifa Port,2026-02-15,9,10.71428571,9.5,7.392857143
daily_port_series,Gulf and east-coast ports,6,United Arab Emirates,ARE,port2025,Khalifa Port,2026-02-16,5,10.42857143,8.5,7.178571429
daily_port_series,Gulf and east-coast ports,6,United Arab Emirates,ARE,port2025,Khalifa Port,2026-02-17,12,11.14285714,8.25,7.428571429
daily_port_series,Gulf and east-coast ports,6,United Arab Emirates,ARE,port2025,Khalifa Port,2026-02-18,14,10.71428571,5.75,7.5
daily_port_series,Gulf and east-coast ports,6,United Arab Emirates,ARE,port2025,Khalifa Port,2026-02-19,11,10.42857143,5.75,7.107142857
daily_port_series,Gulf and east-coast ports,6,United Arab Emirates,ARE,port2025,Khalifa Port,2026-02-20,14,11,7,7.071428571
daily_port_series,Gulf and east-coast ports,6,United Arab Emirates,ARE,port2025,Khalifa Port,2026-02-21,10,10.85714286,7.75,6.678571429
daily_port_series,Gulf and east-coast ports,6,United Arab Emirates,ARE,port2025,Khalifa Port,2026-02-22,7,10.28571429,6.75,6.642857143
daily_port_series,Gulf and east-coast ports,6,United Arab Emirates,ARE,port2025,Khalifa Port,2026-02-23,9,10.28571429,8.25,6.892857143
daily_port_series,Gulf and east-coast ports,6,United Arab Emirates,ARE,port2025,Khalifa Port,2026-02-24,11,10.57142857,5.5,6.821428571
daily_port_series,Gulf and east-coast ports,6,United Arab Emirates,ARE,port2025,Khalifa Port,2026-02-25,10,10,5.5,6.785714286
daily_port_series,Gulf and east-coast ports,6,United Arab Emirates,ARE,port2025,Khalifa Port,2026-02-26,11,10.14285714,7.5,7
daily_port_series,Gulf and east-coast ports,6,United Arab Emirates,ARE,port2025,Khalifa Port,2026-02-27,16,9.142857143,6.5,6.964285714
daily_port_series,Gulf and east-coast ports,6,United Arab Emirates,ARE,port2025,Khalifa Port,2026-02-28,6,7.571428571,7.5,7.107142857
daily_port_series,Gulf and east-coast ports,6,United Arab Emirates,ARE,port2025,Khalifa Port,2026-03-01,8,6.142857143,8.25,7.214285714
daily_port_series,Gulf and east-coast ports,6,United Arab Emirates,ARE,port2025,Khalifa Port,2026-03-02,2,4.571428571,8,7.142857143
daily_port_series,Gulf and east-coast ports,6,United Arab Emirates,ARE,port2025,Khalifa Port,2026-03-03,0,2.285714286,6.5,7.357142857
daily_port_series,Gulf and east-coast ports,6,United Arab Emirates,ARE,port2025,Khalifa Port,2026-03-04,0,1.571428571,6.25,7.392857143
daily_port_series,Gulf and east-coast ports,6,United Arab Emirates,ARE,port2025,Khalifa Port,2026-03-05,0,0.4285714286,7,7.5
daily_port_series,Gulf and east-coast ports,6,United Arab Emirates,ARE,port2025,Khalifa Port,2026-03-06,0,0.1428571429,8,7.035714286
daily_port_series,Gulf and east-coast ports,6,United Arab Emirates,ARE,port2025,Khalifa Port,2026-03-07,1,0.2857142857,7.75,7.607142857
daily_port_series,Gulf and east-coast ports,6,United Arab Emirates,ARE,port2025,Khalifa Port,2026-03-08,0,0.2857142857,9,7.428571429
daily_port_series,Gulf and east-coast ports,6,United Arab Emirates,ARE,port2025,Khalifa Port,2026-03-09,0,0.2857142857,4.75,7.642857143
daily_port_series,Gulf and east-coast ports,6,United Arab Emirates,ARE,port2025,Khalifa Port,2026-03-10,1,0.4285714286,10.5,7.607142857
daily_port_series,Gulf and east-coast ports,6,United Arab Emirates,ARE,port2025,Khalifa Port,2026-03-11,0,0.2857142857,5,7.75
daily_port_series,Gulf and east-coast ports,6,United Arab Emirates,ARE,port2025,Khalifa Port,2026-03-12,0,1.428571429,8.5,7.357142857
daily_port_series,Gulf and east-coast ports,6,United Arab Emirates,ARE,port2025,Khalifa Port,2026-03-13,1,1.714285714,7.75,7.642857143
daily_port_series,Gulf and east-coast ports,6,United Arab Emirates,ARE,port2025,Khalifa Port,2026-03-14,0,1.714285714,8.75,7.321428571
daily_port_series,Gulf and east-coast ports,6,United Arab Emirates,ARE,port2025,Khalifa Port,2026-03-15,8,1.857142857,6.25,7.678571429
daily_port_series,Gulf and east-coast ports,6,United Arab Emirates,ARE,port2025,Khalifa Port,2026-03-16,2,2,6.75,7.428571429
daily_port_series,Gulf and east-coast ports,6,United Arab Emirates,ARE,port2025,Khalifa Port,2026-03-17,1,2.428571429,8.25,7.357142857
daily_port_series,Gulf and east-coast ports,6,United Arab Emirates,ARE,port2025,Khalifa Port,2026-03-18,1,2.714285714,7.5,6.928571429
daily_port_series,Gulf and east-coast ports,6,United Arab Emirates,ARE,port2025,Khalifa Port,2026-03-19,1,1.857142857,6.75,7.035714286
daily_port_series,Gulf and east-coast ports,6,United Arab Emirates,ARE,port2025,Khalifa Port,2026-03-20,4,1.857142857,7.25,7.035714286
daily_port_series,Gulf and east-coast ports,6,United Arab Emirates,ARE,port2025,Khalifa Port,2026-03-21,2,2.285714286,5.75,6.892857143
daily_port_series,Gulf and east-coast ports,6,United Arab Emirates,ARE,port2025,Khalifa Port,2026-03-22,2,2.285714286,7,6.75
daily_port_series,Gulf and east-coast ports,6,United Arab Emirates,ARE,port2025,Khalifa Port,2026-03-23,2,2.714285714,6.75,6.857142857
daily_port_series,Gulf and east-coast ports,6,United Arab Emirates,ARE,port2025,Khalifa Port,2026-03-24,4,2.428571429,7.25,6.678571429
daily_port_series,Gulf and east-coast ports,6,United Arab Emirates,ARE,port2025,Khalifa Port,2026-03-25,1,2.142857143,6.5,6.785714286
daily_port_series,Gulf and east-coast ports,6,United Arab Emirates,ARE,port2025,Khalifa Port,2026-03-26,4,1.857142857,7.5,6.892857143
daily_port_series,Gulf and east-coast ports,6,United Arab Emirates,ARE,port2025,Khalifa Port,2026-03-27,2,2,6,7.107142857
daily_port_series,Gulf and east-coast ports,6,United Arab Emirates,ARE,port2025,Khalifa Port,2026-03-28,0,1.428571429,6.5,7.107142857
daily_port_series,Gulf and east-coast ports,6,United Arab Emirates,ARE,port2025,Khalifa Port,2026-03-29,0,1.571428571,7.75,7.428571429
daily_port_series,Gulf and east-coast ports,6,United Arab Emirates,ARE,port2025,Khalifa Port,2026-03-30,3,1.142857143,8.25,7.428571429
daily_port_series,Gulf and east-coast ports,6,United Arab Emirates,ARE,port2025,Khalifa Port,2026-03-31,0,1.142857143,7.25,7.714285714
daily_port_series,Gulf and east-coast ports,6,United Arab Emirates,ARE,port2025,Khalifa Port,2026-04-01,2,1.285714286,8.75,8.071428571
daily_port_series,Gulf and east-coast ports,6,United Arab Emirates,ARE,port2025,Khalifa Port,2026-04-02,1,1.857142857,7.5,8.107142857
daily_port_series,Gulf and east-coast ports,6,United Arab Emirates,ARE,port2025,Khalifa Port,2026-04-03,2,1.714285714,8,7.821428571
daily_port_series,Gulf and east-coast ports,6,United Arab Emirates,ARE,port2025,Khalifa Port,2026-04-04,1,1.714285714,9,8
daily_port_series,Gulf and east-coast ports,6,United Arab Emirates,ARE,port2025,Khalifa Port,2026-04-05,4,1.714285714,8,7.857142857
daily_port_series,Gulf and east-coast ports,6,United Arab Emirates,ARE,port2025,Khalifa Port,2026-04-06,2,1.714285714,6.25,7.678571429
daily_port_series,Gulf and east-coast ports,6,United Arab Emirates,ARE,port2025,Khalifa Port,2026-04-07,0,1.571428571,8.5,7.571428571
daily_port_series,Gulf and east-coast ports,6,United Arab Emirates,ARE,port2025,Khalifa Port,2026-04-08,2,1.714285714,7.75,7.535714286
daily_port_series,Gulf and east-coast ports,6,United Arab Emirates,ARE,port2025,Khalifa Port,2026-04-09,1,1.285714286,6.25,7.428571429
daily_port_series,Gulf and east-coast ports,6,United Arab Emirates,ARE,port2025,Khalifa Port,2026-04-10,1,1.285714286,7.25,7.535714286
daily_port_series,Gulf and east-coast ports,6,United Arab Emirates,ARE,port2025,Khalifa Port,2026-04-11,2,1.571428571,8.75,7.392857143
daily_port_series,Gulf and east-coast ports,6,United Arab Emirates,ARE,port2025,Khalifa Port,2026-04-12,1,1.714285714,7.25,7.25
daily_port_series,Gulf and east-coast ports,6,United Arab Emirates,ARE,port2025,Khalifa Port,2026-04-13,2,1.714285714,7,7.321428571
daily_port_series,Gulf and east-coast ports,6,United Arab Emirates,ARE,port2025,Khalifa Port,2026-04-14,2,1.571428571,7.5,7.214285714
daily_port_series,Gulf and east-coast ports,6,United Arab Emirates,ARE,port2025,Khalifa Port,2026-04-15,3,1.428571429,6.75,6.785714286
daily_port_series,Gulf and east-coast ports,6,United Arab Emirates,ARE,port2025,Khalifa Port,2026-04-16,1,1.714285714,6.75,6.75
daily_port_series,Gulf and east-coast ports,6,United Arab Emirates,ARE,port2025,Khalifa Port,2026-04-17,0,1.571428571,6.5,6.5
daily_port_series,Gulf and east-coast ports,6,United Arab Emirates,ARE,port2025,Khalifa Port,2026-04-18,1,1.571428571,5.75,6.464285714
daily_port_series,Gulf and east-coast ports,6,United Arab Emirates,ARE,port2025,Khalifa Port,2026-04-19,3,1.571428571,7,6.642857143
daily_port_series,Gulf and east-coast ports,6,United Arab Emirates,ARE,port2025,Khalifa Port,2026-04-20,1,2,5.25,6.857142857
daily_port_series,Gulf and east-coast ports,6,United Arab Emirates,ARE,port2025,Khalifa Port,2026-04-21,2,2,7.25,7.178571429
daily_port_series,Gulf and east-coast ports,6,United Arab Emirates,ARE,port2025,Khalifa Port,2026-04-22,3,2.428571429,8,7.535714286
daily_port_series,Gulf and east-coast ports,6,United Arab Emirates,ARE,port2025,Khalifa Port,2026-04-23,4,2.142857143,8.25,7.785714286
daily_port_series,Gulf and east-coast ports,6,United Arab Emirates,ARE,port2025,Khalifa Port,2026-04-24,0,2.285714286,8.75,7.892857143
daily_port_series,Gulf and east-coast ports,6,United Arab Emirates,ARE,port2025,Khalifa Port,2026-04-25,4,2.714285714,8.25,8.142857143
daily_port_series,Gulf and east-coast ports,6,United Arab Emirates,ARE,port2025,Khalifa Port,2026-04-26,1,2.428571429,8.75,8.071428571
daily_port_series,Gulf and east-coast ports,6,United Arab Emirates,ARE,port2025,Khalifa Port,2026-04-27,2,2.571428571,6,7.964285714
daily_port_series,Gulf and east-coast ports,6,United Arab Emirates,ARE,port2025,Khalifa Port,2026-04-28,5,2.714285714,9,7.714285714
daily_port_series,Gulf and east-coast ports,6,United Arab Emirates,ARE,port2025,Khalifa Port,2026-04-29,1,2.142857143,7.5,7.607142857
daily_port_series,Gulf and east-coast ports,6,United Arab Emirates,ARE,port2025,Khalifa Port,2026-04-30,5,2,7.5,7.928571429
daily_port_series,Gulf and east-coast ports,6,United Arab Emirates,ARE,port2025,Khalifa Port,2026-05-01,1,1.857142857,7,8.178571429
daily_port_series,Gulf and east-coast ports,6,United Arab Emirates,ARE,port2025,Khalifa Port,2026-05-02,0,1.285714286,7.5,8.464285714
daily_port_series,Gulf and east-coast ports,6,United Arab Emirates,ARE,port2025,Khalifa Port,2026-05-03,0,1.142857143,11,8.285714286
daily_port_series,Gulf and east-coast ports,6,United Arab Emirates,ARE,port2025,Khalifa Port,2026-05-04,1,0.7142857143,7.75,7.857142857
daily_port_series,Gulf and east-coast ports,6,United Arab Emirates,ARE,port2025,Khalifa Port,2026-05-05,1,0.5714285714,11,8.071428571
daily_port_series,Gulf and east-coast ports,6,United Arab Emirates,ARE,port2025,Khalifa Port,2026-05-06,0,0.5714285714,6.25,8.571428571
daily_port_series,Gulf and east-coast ports,6,United Arab Emirates,ARE,port2025,Khalifa Port,2026-05-07,2,0.7142857143,4.5,8.178571429
daily_port_series,Gulf and east-coast ports,6,United Arab Emirates,ARE,port2025,Khalifa Port,2026-05-08,0,0.5714285714,8.5,8.428571429
daily_port_series,Gulf and east-coast ports,6,United Arab Emirates,ARE,port2025,Khalifa Port,2026-05-09,0,0.4285714286,11,7.821428571
daily_port_series,Gulf and east-coast ports,6,United Arab Emirates,ARE,port2025,Khalifa Port,2026-05-10,1,0.5714285714,8.25,7.857142857
daily_port_series,Gulf and east-coast ports,6,United Arab Emirates,ARE,port2025,Khalifa Port,2026-05-11,0,0.2857142857,9.5,8.107142857
daily_port_series,Gulf and east-coast ports,6,United Arab Emirates,ARE,port2025,Khalifa Port,2026-05-12,0,0.2857142857,6.75,8.107142857
daily_port_series,Gulf and east-coast ports,6,United Arab Emirates,ARE,port2025,Khalifa Port,2026-05-13,1,0.4285714286,6.5,7.75
daily_port_series,Gulf and east-coast ports,6,United Arab Emirates,ARE,port2025,Khalifa Port,2026-05-14,0,0.2857142857,6.25,7.892857143
daily_port_series,Gulf and east-coast ports,6,United Arab Emirates,ARE,port2025,Khalifa Port,2026-05-15,0,0.2857142857,8.5,7.75
daily_port_series,Gulf and east-coast ports,6,United Arab Emirates,ARE,port2025,Khalifa Port,2026-05-16,1,0.4285714286,8.5,7.892857143
daily_port_series,Gulf and east-coast ports,6,United Arab Emirates,ARE,port2025,Khalifa Port,2026-05-17,0,0.2857142857,9.25,8.071428571
daily_port_series,Gulf and east-coast ports,6,United Arab Emirates,ARE,port2025,Khalifa Port,2026-05-18,0,0.5714285714,8.5,8.214285714
daily_port_series,Gulf and east-coast ports,6,United Arab Emirates,ARE,port2025,Khalifa Port,2026-05-19,1,0.5714285714,7.75,8.035714286
daily_port_series,Gulf and east-coast ports,6,United Arab Emirates,ARE,port2025,Khalifa Port,2026-05-20,0,0.4285714286,7.75,7.714285714
daily_port_series,Gulf and east-coast ports,6,United Arab Emirates,ARE,port2025,Khalifa Port,2026-05-21,2,0.4285714286,7.25,7.535714286
daily_port_series,Gulf and east-coast ports,6,United Arab Emirates,ARE,port2025,Khalifa Port,2026-05-22,0,0.5714285714,7.25,7.571428571
daily_port_series,Gulf and east-coast ports,6,United Arab Emirates,ARE,port2025,Khalifa Port,2026-05-23,0,0.4285714286,6.25,7.25
daily_port_series,Gulf and east-coast ports,6,United Arab Emirates,ARE,port2025,Khalifa Port,2026-05-24,0,0.4285714286,8,7.142857143
daily_port_series,Gulf and east-coast ports,6,United Arab Emirates,ARE,port2025,Khalifa Port,2026-05-25,1,0.2857142857,8.75,7.214285714
daily_port_series,Gulf and east-coast ports,6,United Arab Emirates,ARE,port2025,Khalifa Port,2026-05-26,0,0.2857142857,5.5,7.357142857
daily_port_series,Gulf and east-coast ports,6,United Arab Emirates,ARE,port2025,Khalifa Port,2026-05-27,0,0.2857142857,7,7.535714286
daily_port_series,Gulf and east-coast ports,6,United Arab Emirates,ARE,port2025,Khalifa Port,2026-05-28,1,0.4285714286,7.75,7.571428571
daily_port_series,Gulf and east-coast ports,6,United Arab Emirates,ARE,port2025,Khalifa Port,2026-05-29,0,0.4285714286,8.25,7.535714286
daily_port_series,Gulf and east-coast ports,6,United Arab Emirates,ARE,port2025,Khalifa Port,2026-05-30,0,0.4285714286,7.5,7.892857143
daily_port_series,Gulf and east-coast ports,6,United Arab Emirates,ARE,port2025,Khalifa Port,2026-05-31,1,0.4285714286,8.25,7.928571429
daily_port_series,Gulf and east-coast ports,6,United Arab Emirates,ARE,port2025,Khalifa Port,2026-06-01,1,0.2857142857,8.5,7.928571429
daily_port_series,Gulf and east-coast ports,6,United Arab Emirates,ARE,port2025,Khalifa Port,2026-06-02,0,0.2857142857,8,7.75
daily_port_series,Gulf and east-coast ports,6,United Arab Emirates,ARE,port2025,Khalifa Port,2026-06-03,0,0.2857142857,7.25,8
daily_port_series,Gulf and east-coast ports,6,United Arab Emirates,ARE,port2025,Khalifa Port,2026-06-04,0,0.1428571429,7.75,8
daily_port_series,Gulf and east-coast ports,6,United Arab Emirates,ARE,port2025,Khalifa Port,2026-06-05,0,0,7,7.821428571
daily_port_series,Gulf and east-coast ports,6,United Arab Emirates,ARE,port2025,Khalifa Port,2026-06-06,0,0,9.25,8
daily_port_series,Gulf and east-coast ports,6,United Arab Emirates,ARE,port2025,Khalifa Port,2026-06-07,0,0,8.25,8.178571429
daily_port_series,Gulf and east-coast ports,6,United Arab Emirates,ARE,port2025,Khalifa Port,2026-06-08,0,0,7.25,8.035714286
daily_port_series,Gulf and east-coast ports,6,United Arab Emirates,ARE,port2025,Khalifa Port,2026-06-09,0,0.1428571429,9.25,8.071428571
daily_port_series,Gulf and east-coast ports,6,United Arab Emirates,ARE,port2025,Khalifa Port,2026-06-10,0,0.1428571429,8.5,7.785714286
daily_port_series,Gulf and east-coast ports,6,United Arab Emirates,ARE,port2025,Khalifa Port,2026-06-11,0,0.2857142857,6.75,7.678571429
daily_port_series,Gulf and east-coast ports,6,United Arab Emirates,ARE,port2025,Khalifa Port,2026-06-12,1,0.2857142857,7.25,7.678571429
daily_port_series,Gulf and east-coast ports,6,United Arab Emirates,ARE,port2025,Khalifa Port,2026-06-13,0,0.4285714286,7.25,7.321428571
daily_port_series,Gulf and east-coast ports,6,United Arab Emirates,ARE,port2025,Khalifa Port,2026-06-14,1,0.7142857143,7.5,7.071428571
daily_port_series,Gulf and east-coast ports,6,United Arab Emirates,ARE,port2025,Khalifa Port,2026-06-15,0,0.7142857143,7.25,7.142857143
daily_port_series,Gulf and east-coast ports,6,United Arab Emirates,ARE,port2025,Khalifa Port,2026-06-16,1,0.5714285714,6.75,7.107142857
daily_port_series,Gulf and east-coast ports,6,United Arab Emirates,ARE,port2025,Khalifa Port,2026-06-17,2,1,6.75,7.214285714
daily_port_series,Gulf and east-coast ports,6,United Arab Emirates,ARE,port2025,Khalifa Port,2026-06-18,0,1.285714286,7.25,7.285714286
daily_port_series,Gulf and east-coast ports,6,United Arab Emirates,ARE,port2025,Khalifa Port,2026-06-19,0,1.285714286,7,7.428571429
daily_port_series,Gulf and east-coast ports,6,United Arab Emirates,ARE,port2025,Khalifa Port,2026-06-20,3,1.571428571,8,7.464285714
daily_port_series,Gulf and east-coast ports,6,United Arab Emirates,ARE,port2025,Khalifa Port,2026-06-21,3,1.714285714,8,7.678571429
daily_port_series,Gulf and east-coast ports,6,United Arab Emirates,ARE,port2025,Khalifa Port,2026-06-22,0,2.428571429,8.25,7.535714286
daily_port_series,Gulf and east-coast ports,6,United Arab Emirates,ARE,port2025,Khalifa Port,2026-06-23,3,2.857142857,7,7.642857143
daily_port_series,Gulf and east-coast ports,6,United Arab Emirates,ARE,port2025,Khalifa Port,2026-06-24,3,2.571428571,8.25,7.571428571
daily_port_series,Gulf and east-coast ports,6,United Arab Emirates,ARE,port2025,Khalifa Port,2026-06-25,5,2.428571429,6.25,7.857142857
daily_port_series,Gulf and east-coast ports,6,United Arab Emirates,ARE,port2025,Khalifa Port,2026-06-26,3,2.714285714,7.75,8.107142857
daily_port_series,Gulf and east-coast ports,6,United Arab Emirates,ARE,port2025,Khalifa Port,2026-06-27,1,2.714285714,7.5,8.285714286
daily_port_series,Gulf and east-coast ports,6,United Arab Emirates,ARE,port2025,Khalifa Port,2026-06-28,2,2.666666667,10,8.291666667
daily_port_series,Gulf and east-coast ports,6,United Arab Emirates,ARE,port2025,Khalifa Port,2026-06-29,2,2.2,10,8.7
daily_port_series,Gulf and east-coast ports,6,United Arab Emirates,ARE,port2025,Khalifa Port,2026-06-30,3,2,8.25,8.9375
daily_port_series,Wider route context,2,Qatar,QAT,port2026,Hamad Port,2026-01-01,1,1,2.25,2.875
daily_port_series,Wider route context,2,Qatar,QAT,port2026,Hamad Port,2026-01-02,0,1.6,1.75,3
daily_port_series,Wider route context,2,Qatar,QAT,port2026,Hamad Port,2026-01-03,2,2,3.5,2.916666667
daily_port_series,Wider route context,2,Qatar,QAT,port2026,Hamad Port,2026-01-04,1,2,4,2.857142857
daily_port_series,Wider route context,2,Qatar,QAT,port2026,Hamad Port,2026-01-05,4,2.142857143,3.5,3.035714286
daily_port_series,Wider route context,2,Qatar,QAT,port2026,Hamad Port,2026-01-06,4,2.285714286,2.5,3.107142857
daily_port_series,Wider route context,2,Qatar,QAT,port2026,Hamad Port,2026-01-07,2,2.285714286,2.5,3.071428571
daily_port_series,Wider route context,2,Qatar,QAT,port2026,Hamad Port,2026-01-08,2,2.571428571,3.5,3.107142857
daily_port_series,Wider route context,2,Qatar,QAT,port2026,Hamad Port,2026-01-09,1,2.142857143,2.25,3.178571429
daily_port_series,Wider route context,2,Qatar,QAT,port2026,Hamad Port,2026-01-10,2,2,3.25,3.071428571
daily_port_series,Wider route context,2,Qatar,QAT,port2026,Hamad Port,2026-01-11,3,1.714285714,4.25,3.142857143
daily_port_series,Wider route context,2,Qatar,QAT,port2026,Hamad Port,2026-01-12,1,2,4,2.964285714
daily_port_series,Wider route context,2,Qatar,QAT,port2026,Hamad Port,2026-01-13,3,2.285714286,1.75,3.25
daily_port_series,Wider route context,2,Qatar,QAT,port2026,Hamad Port,2026-01-14,0,2.428571429,3,3.107142857
daily_port_series,Wider route context,2,Qatar,QAT,port2026,Hamad Port,2026-01-15,4,2.285714286,2.25,3
daily_port_series,Wider route context,2,Qatar,QAT,port2026,Hamad Port,2026-01-16,3,3.285714286,4.25,2.928571429
daily_port_series,Wider route context,2,Qatar,QAT,port2026,Hamad Port,2026-01-17,3,3.285714286,2.25,3.107142857
daily_port_series,Wider route context,2,Qatar,QAT,port2026,Hamad Port,2026-01-18,2,3.285714286,3.5,3.178571429
daily_port_series,Wider route context,2,Qatar,QAT,port2026,Hamad Port,2026-01-19,8,3.285714286,3.5,3.214285714
daily_port_series,Wider route context,2,Qatar,QAT,port2026,Hamad Port,2026-01-20,3,3.285714286,3,3.071428571
daily_port_series,Wider route context,2,Qatar,QAT,port2026,Hamad Port,2026-01-21,0,3.142857143,3.5,3.285714286
daily_port_series,Wider route context,2,Qatar,QAT,port2026,Hamad Port,2026-01-22,4,3,2.5,3.464285714
daily_port_series,Wider route context,2,Qatar,QAT,port2026,Hamad Port,2026-01-23,3,2.285714286,3.25,3.464285714
daily_port_series,Wider route context,2,Qatar,QAT,port2026,Hamad Port,2026-01-24,2,2.714285714,3.75,3.535714286
daily_port_series,Wider route context,2,Qatar,QAT,port2026,Hamad Port,2026-01-25,1,2.857142857,4.75,3.357142857
daily_port_series,Wider route context,2,Qatar,QAT,port2026,Hamad Port,2026-01-26,3,2.571428571,3.5,3.428571429
daily_port_series,Wider route context,2,Qatar,QAT,port2026,Hamad Port,2026-01-27,6,2.571428571,3.5,3.392857143
daily_port_series,Wider route context,2,Qatar,QAT,port2026,Hamad Port,2026-01-28,1,3.142857143,2.25,3.214285714
daily_port_series,Wider route context,2,Qatar,QAT,port2026,Hamad Port,2026-01-29,2,3.571428571,3,2.821428571
daily_port_series,Wider route context,2,Qatar,QAT,port2026,Hamad Port,2026-01-30,3,3.285714286,3,2.785714286
daily_port_series,Wider route context,2,Qatar,QAT,port2026,Hamad Port,2026-01-31,6,2.571428571,2.5,2.892857143
daily_port_series,Wider route context,2,Qatar,QAT,port2026,Hamad Port,2026-02-01,4,2.857142857,2,3.071428571
daily_port_series,Wider route context,2,Qatar,QAT,port2026,Hamad Port,2026-02-02,1,3.285714286,3.25,3.321428571
daily_port_series,Wider route context,2,Qatar,QAT,port2026,Hamad Port,2026-02-03,1,3.285714286,4.25,3.214285714
daily_port_series,Wider route context,2,Qatar,QAT,port2026,Hamad Port,2026-02-04,3,2.714285714,3.5,3.642857143
daily_port_series,Wider route context,2,Qatar,QAT,port2026,Hamad Port,2026-02-05,5,2.285714286,4.75,3.714285714
daily_port_series,Wider route context,2,Qatar,QAT,port2026,Hamad Port,2026-02-06,3,2.571428571,2.25,3.857142857
daily_port_series,Wider route context,2,Qatar,QAT,port2026,Hamad Port,2026-02-07,2,3.142857143,5.5,3.642857143
daily_port_series,Wider route context,2,Qatar,QAT,port2026,Hamad Port,2026-02-08,1,3.428571429,2.5,3.892857143
daily_port_series,Wider route context,2,Qatar,QAT,port2026,Hamad Port,2026-02-09,3,2.857142857,4.25,3.642857143
daily_port_series,Wider route context,2,Qatar,QAT,port2026,Hamad Port,2026-02-10,5,3,2.75,3.785714286
daily_port_series,Wider route context,2,Qatar,QAT,port2026,Hamad Port,2026-02-11,5,3.285714286,5.25,3.464285714
daily_port_series,Wider route context,2,Qatar,QAT,port2026,Hamad Port,2026-02-12,1,3.428571429,3,3.392857143
daily_port_series,Wider route context,2,Qatar,QAT,port2026,Hamad Port,2026-02-13,4,3.857142857,3.25,3.285714286
daily_port_series,Wider route context,2,Qatar,QAT,port2026,Hamad Port,2026-02-14,4,3.857142857,3.25,3.428571429
daily_port_series,Wider route context,2,Qatar,QAT,port2026,Hamad Port,2026-02-15,2,3.571428571,2,3.178571429
daily_port_series,Wider route context,2,Qatar,QAT,port2026,Hamad Port,2026-02-16,6,3.857142857,3.5,3.357142857
daily_port_series,Wider route context,2,Qatar,QAT,port2026,Hamad Port,2026-02-17,5,3.857142857,3.75,3.357142857
daily_port_series,Wider route context,2,Qatar,QAT,port2026,Hamad Port,2026-02-18,3,4,3.5,3.178571429
daily_port_series,Wider route context,2,Qatar,QAT,port2026,Hamad Port,2026-02-19,3,3.857142857,4.25,3.535714286
daily_port_series,Wider route context,2,Qatar,QAT,port2026,Hamad Port,2026-02-20,4,3.714285714,3.25,3.607142857
daily_port_series,Wider route context,2,Qatar,QAT,port2026,Hamad Port,2026-02-21,5,3.428571429,2,3.464285714
daily_port_series,Wider route context,2,Qatar,QAT,port2026,Hamad Port,2026-02-22,1,3.285714286,4.5,3.464285714
daily_port_series,Wider route context,2,Qatar,QAT,port2026,Hamad Port,2026-02-23,5,2.857142857,4,3.178571429
daily_port_series,Wider route context,2,Qatar,QAT,port2026,Hamad Port,2026-02-24,3,3.142857143,2.75,3.214285714
daily_port_series,Wider route context,2,Qatar,QAT,port2026,Hamad Port,2026-02-25,2,2.857142857,3.5,3.392857143
daily_port_series,Wider route context,2,Qatar,QAT,port2026,Hamad Port,2026-02-26,0,2.857142857,2.25,3
daily_port_series,Wider route context,2,Qatar,QAT,port2026,Hamad Port,2026-02-27,6,2.142857143,3.5,2.785714286
daily_port_series,Wider route context,2,Qatar,QAT,port2026,Hamad Port,2026-02-28,3,1.857142857,3.25,2.892857143
daily_port_series,Wider route context,2,Qatar,QAT,port2026,Hamad Port,2026-03-01,1,1.714285714,1.75,2.892857143
daily_port_series,Wider route context,2,Qatar,QAT,port2026,Hamad Port,2026-03-02,0,1.857142857,2.5,3.071428571
daily_port_series,Wider route context,2,Qatar,QAT,port2026,Hamad Port,2026-03-03,1,1.285714286,3.5,3.071428571
daily_port_series,Wider route context,2,Qatar,QAT,port2026,Hamad Port,2026-03-04,1,0.8571428571,3.5,3.285714286
daily_port_series,Wider route context,2,Qatar,QAT,port2026,Hamad Port,2026-03-05,1,0.7142857143,3.5,3.25
daily_port_series,Wider route context,2,Qatar,QAT,port2026,Hamad Port,2026-03-06,2,0.7142857143,3.5,3.392857143
daily_port_series,Wider route context,2,Qatar,QAT,port2026,Hamad Port,2026-03-07,0,0.5714285714,4.75,3.321428571
daily_port_series,Wider route context,2,Qatar,QAT,port2026,Hamad Port,2026-03-08,0,0.4285714286,1.5,3.428571429
daily_port_series,Wider route context,2,Qatar,QAT,port2026,Hamad Port,2026-03-09,0,0.2857142857,3.5,3.285714286
daily_port_series,Wider route context,2,Qatar,QAT,port2026,Hamad Port,2026-03-10,0,0,3,3.321428571
daily_port_series,Wider route context,2,Qatar,QAT,port2026,Hamad Port,2026-03-11,0,0,4.25,3.178571429
daily_port_series,Wider route context,2,Qatar,QAT,port2026,Hamad Port,2026-03-12,0,0.2857142857,2.5,3.357142857
daily_port_series,Wider route context,2,Qatar,QAT,port2026,Hamad Port,2026-03-13,0,0.2857142857,3.75,3.321428571
daily_port_series,Wider route context,2,Qatar,QAT,port2026,Hamad Port,2026-03-14,0,0.2857142857,3.75,3.321428571
daily_port_series,Wider route context,2,Qatar,QAT,port2026,Hamad Port,2026-03-15,2,0.4285714286,2.75,3.035714286
daily_port_series,Wider route context,2,Qatar,QAT,port2026,Hamad Port,2026-03-16,0,0.5714285714,3.25,3.285714286
daily_port_series,Wider route context,2,Qatar,QAT,port2026,Hamad Port,2026-03-17,0,0.5714285714,3,3.285714286
daily_port_series,Wider route context,2,Qatar,QAT,port2026,Hamad Port,2026-03-18,1,0.5714285714,2.25,3.321428571
daily_port_series,Wider route context,2,Qatar,QAT,port2026,Hamad Port,2026-03-19,1,0.8571428571,4.25,3.178571429
daily_port_series,Wider route context,2,Qatar,QAT,port2026,Hamad Port,2026-03-20,0,1,3.75,3.285714286
daily_port_series,Wider route context,2,Qatar,QAT,port2026,Hamad Port,2026-03-21,0,1.142857143,4,3.285714286
daily_port_series,Wider route context,2,Qatar,QAT,port2026,Hamad Port,2026-03-22,4,1,1.75,3.428571429
daily_port_series,Wider route context,2,Qatar,QAT,port2026,Hamad Port,2026-03-23,1,1,4,3.535714286
daily_port_series,Wider route context,2,Qatar,QAT,port2026,Hamad Port,2026-03-24,1,1.142857143,3,3.678571429
daily_port_series,Wider route context,2,Qatar,QAT,port2026,Hamad Port,2026-03-25,0,1.142857143,3.25,3.464285714
daily_port_series,Wider route context,2,Qatar,QAT,port2026,Hamad Port,2026-03-26,1,0.7142857143,5,3.785714286
daily_port_series,Wider route context,2,Qatar,QAT,port2026,Hamad Port,2026-03-27,1,0.7142857143,4.75,3.571428571
daily_port_series,Wider route context,2,Qatar,QAT,port2026,Hamad Port,2026-03-28,0,0.8571428571,2.5,3.928571429
daily_port_series,Wider route context,2,Qatar,QAT,port2026,Hamad Port,2026-03-29,1,0.8571428571,4,3.678571429
daily_port_series,Wider route context,2,Qatar,QAT,port2026,Hamad Port,2026-03-30,1,1,2.5,3.464285714
daily_port_series,Wider route context,2,Qatar,QAT,port2026,Hamad Port,2026-03-31,2,1,5.5,3.214285714
daily_port_series,Wider route context,2,Qatar,QAT,port2026,Hamad Port,2026-04-01,0,1.142857143,1.5,3.428571429
daily_port_series,Wider route context,2,Qatar,QAT,port2026,Hamad Port,2026-04-02,2,1.142857143,3.5,3.357142857
daily_port_series,Wider route context,2,Qatar,QAT,port2026,Hamad Port,2026-04-03,1,1,3,3.357142857
daily_port_series,Wider route context,2,Qatar,QAT,port2026,Hamad Port,2026-04-04,1,1,4,3.178571429
daily_port_series,Wider route context,2,Qatar,QAT,port2026,Hamad Port,2026-04-05,1,1.142857143,3.5,3.428571429
daily_port_series,Wider route context,2,Qatar,QAT,port2026,Hamad Port,2026-04-06,0,1,2.5,3.464285714
daily_port_series,Wider route context,2,Qatar,QAT,port2026,Hamad Port,2026-04-07,2,0.8571428571,4.25,3.392857143
daily_port_series,Wider route context,2,Qatar,QAT,port2026,Hamad Port,2026-04-08,1,0.7142857143,3.25,3.5
daily_port_series,Wider route context,2,Qatar,QAT,port2026,Hamad Port,2026-04-09,1,0.7142857143,3.75,3.607142857
daily_port_series,Wider route context,2,Qatar,QAT,port2026,Hamad Port,2026-04-10,0,0.7142857143,2.5,3.75
daily_port_series,Wider route context,2,Qatar,QAT,port2026,Hamad Port,2026-04-11,0,0.8571428571,4.75,3.607142857
daily_port_series,Wider route context,2,Qatar,QAT,port2026,Hamad Port,2026-04-12,1,1.285714286,4.25,3.428571429
daily_port_series,Wider route context,2,Qatar,QAT,port2026,Hamad Port,2026-04-13,0,1.571428571,3.5,3.464285714
daily_port_series,Wider route context,2,Qatar,QAT,port2026,Hamad Port,2026-04-14,3,1.714285714,3.25,3.642857143
daily_port_series,Wider route context,2,Qatar,QAT,port2026,Hamad Port,2026-04-15,4,2.142857143,2,3.5
daily_port_series,Wider route context,2,Qatar,QAT,port2026,Hamad Port,2026-04-16,3,2.285714286,4,3.214285714
daily_port_series,Wider route context,2,Qatar,QAT,port2026,Hamad Port,2026-04-17,1,2.714285714,3.75,3.285714286
daily_port_series,Wider route context,2,Qatar,QAT,port2026,Hamad Port,2026-04-18,3,2.571428571,3.75,3.142857143
daily_port_series,Wider route context,2,Qatar,QAT,port2026,Hamad Port,2026-04-19,2,2,2.25,3.642857143
daily_port_series,Wider route context,2,Qatar,QAT,port2026,Hamad Port,2026-04-20,3,1.714285714,4,3.571428571
daily_port_series,Wider route context,2,Qatar,QAT,port2026,Hamad Port,2026-04-21,2,2,2.25,3.642857143
daily_port_series,Wider route context,2,Qatar,QAT,port2026,Hamad Port,2026-04-22,0,1.714285714,5.5,3.571428571
daily_port_series,Wider route context,2,Qatar,QAT,port2026,Hamad Port,2026-04-23,1,2,3.5,3.857142857
daily_port_series,Wider route context,2,Qatar,QAT,port2026,Hamad Port,2026-04-24,3,1.857142857,4.25,3.607142857
daily_port_series,Wider route context,2,Qatar,QAT,port2026,Hamad Port,2026-04-25,1,1.714285714,3.25,3.75
daily_port_series,Wider route context,2,Qatar,QAT,port2026,Hamad Port,2026-04-26,4,1.857142857,4.25,3.321428571
daily_port_series,Wider route context,2,Qatar,QAT,port2026,Hamad Port,2026-04-27,2,1.857142857,2.25,3.428571429
daily_port_series,Wider route context,2,Qatar,QAT,port2026,Hamad Port,2026-04-28,1,1.857142857,3.25,3.178571429
daily_port_series,Wider route context,2,Qatar,QAT,port2026,Hamad Port,2026-04-29,1,2.142857143,2.5,3.285714286
daily_port_series,Wider route context,2,Qatar,QAT,port2026,Hamad Port,2026-04-30,1,1.714285714,4.25,3.285714286
daily_port_series,Wider route context,2,Qatar,QAT,port2026,Hamad Port,2026-05-01,3,1.714285714,2.5,3.321428571
daily_port_series,Wider route context,2,Qatar,QAT,port2026,Hamad Port,2026-05-02,3,2,4,3.25
daily_port_series,Wider route context,2,Qatar,QAT,port2026,Hamad Port,2026-05-03,1,2,4.25,3.392857143
daily_port_series,Wider route context,2,Qatar,QAT,port2026,Hamad Port,2026-05-04,2,2,2.5,3.25
daily_port_series,Wider route context,2,Qatar,QAT,port2026,Hamad Port,2026-05-05,3,1.714285714,2.75,3.642857143
daily_port_series,Wider route context,2,Qatar,QAT,port2026,Hamad Port,2026-05-06,1,1.571428571,3.5,3.428571429
daily_port_series,Wider route context,2,Qatar,QAT,port2026,Hamad Port,2026-05-07,1,1.428571429,3.25,3.357142857
daily_port_series,Wider route context,2,Qatar,QAT,port2026,Hamad Port,2026-05-08,1,1.142857143,5.25,3.607142857
daily_port_series,Wider route context,2,Qatar,QAT,port2026,Hamad Port,2026-05-09,2,0.7142857143,2.5,3.785714286
daily_port_series,Wider route context,2,Qatar,QAT,port2026,Hamad Port,2026-05-10,0,0.5714285714,3.75,3.785714286
daily_port_series,Wider route context,2,Qatar,QAT,port2026,Hamad Port,2026-05-11,0,0.7142857143,4.25,3.892857143
daily_port_series,Wider route context,2,Qatar,QAT,port2026,Hamad Port,2026-05-12,0,0.5714285714,4,3.607142857
daily_port_series,Wider route context,2,Qatar,QAT,port2026,Hamad Port,2026-05-13,0,0.4285714286,3.5,3.678571429
daily_port_series,Wider route context,2,Qatar,QAT,port2026,Hamad Port,2026-05-14,2,0.5714285714,4,3.714285714
daily_port_series,Wider route context,2,Qatar,QAT,port2026,Hamad Port,2026-05-15,0,0.5714285714,3.25,3.357142857
daily_port_series,Wider route context,2,Qatar,QAT,port2026,Hamad Port,2026-05-16,1,0.5714285714,3,3.321428571
daily_port_series,Wider route context,2,Qatar,QAT,port2026,Hamad Port,2026-05-17,1,0.8571428571,4,3.357142857
daily_port_series,Wider route context,2,Qatar,QAT,port2026,Hamad Port,2026-05-18,0,0.7142857143,1.75,3.285714286
daily_port_series,Wider route context,2,Qatar,QAT,port2026,Hamad Port,2026-05-19,0,1,3.75,3.357142857
daily_port_series,Wider route context,2,Qatar,QAT,port2026,Hamad Port,2026-05-20,2,0.8571428571,3.75,3.607142857
daily_port_series,Wider route context,2,Qatar,QAT,port2026,Hamad Port,2026-05-21,1,0.8571428571,3.5,3.5
daily_port_series,Wider route context,2,Qatar,QAT,port2026,Hamad Port,2026-05-22,2,1,3.75,3.75
daily_port_series,Wider route context,2,Qatar,QAT,port2026,Hamad Port,2026-05-23,0,1,4.75,3.678571429
daily_port_series,Wider route context,2,Qatar,QAT,port2026,Hamad Port,2026-05-24,1,0.8571428571,3.25,3.571428571
daily_port_series,Wider route context,2,Qatar,QAT,port2026,Hamad Port,2026-05-25,1,0.8571428571,3.5,3.464285714
daily_port_series,Wider route context,2,Qatar,QAT,port2026,Hamad Port,2026-05-26,0,0.8571428571,3.25,3.428571429
daily_port_series,Wider route context,2,Qatar,QAT,port2026,Hamad Port,2026-05-27,1,1,3,3.321428571
daily_port_series,Wider route context,2,Qatar,QAT,port2026,Hamad Port,2026-05-28,1,1,2.75,3.392857143
daily_port_series,Wider route context,2,Qatar,QAT,port2026,Hamad Port,2026-05-29,2,1.142857143,3.5,3.428571429
daily_port_series,Wider route context,2,Qatar,QAT,port2026,Hamad Port,2026-05-30,1,1.142857143,4,3.321428571
daily_port_series,Wider route context,2,Qatar,QAT,port2026,Hamad Port,2026-05-31,1,1,3.75,3.321428571
daily_port_series,Wider route context,2,Qatar,QAT,port2026,Hamad Port,2026-06-01,2,1.285714286,3.75,3.321428571
daily_port_series,Wider route context,2,Qatar,QAT,port2026,Hamad Port,2026-06-02,0,1.142857143,2.5,3.25
daily_port_series,Wider route context,2,Qatar,QAT,port2026,Hamad Port,2026-06-03,0,1.285714286,3,3.071428571
daily_port_series,Wider route context,2,Qatar,QAT,port2026,Hamad Port,2026-06-04,3,1.571428571,2.75,3.142857143
daily_port_series,Wider route context,2,Qatar,QAT,port2026,Hamad Port,2026-06-05,1,1.428571429,3,3.178571429
daily_port_series,Wider route context,2,Qatar,QAT,port2026,Hamad Port,2026-06-06,2,1.857142857,2.75,3.392857143
daily_port_series,Wider route context,2,Qatar,QAT,port2026,Hamad Port,2026-06-07,3,2,4.25,3.392857143
daily_port_series,Wider route context,2,Qatar,QAT,port2026,Hamad Port,2026-06-08,1,2,4,3.321428571
daily_port_series,Wider route context,2,Qatar,QAT,port2026,Hamad Port,2026-06-09,3,2,4,3.428571429
daily_port_series,Wider route context,2,Qatar,QAT,port2026,Hamad Port,2026-06-10,1,1.857142857,3,3.357142857
daily_port_series,Wider route context,2,Qatar,QAT,port2026,Hamad Port,2026-06-11,3,1.857142857,2.25,2.964285714
daily_port_series,Wider route context,2,Qatar,QAT,port2026,Hamad Port,2026-06-12,1,2,3.75,2.75
daily_port_series,Wider route context,2,Qatar,QAT,port2026,Hamad Port,2026-06-13,1,1.714285714,2.25,2.642857143
daily_port_series,Wider route context,2,Qatar,QAT,port2026,Hamad Port,2026-06-14,3,1.714285714,1.5,2.821428571
daily_port_series,Wider route context,2,Qatar,QAT,port2026,Hamad Port,2026-06-15,2,2,2.5,2.821428571
daily_port_series,Wider route context,2,Qatar,QAT,port2026,Hamad Port,2026-06-16,1,2,3.25,2.75
daily_port_series,Wider route context,2,Qatar,QAT,port2026,Hamad Port,2026-06-17,1,2.142857143,4.25,2.857142857
daily_port_series,Wider route context,2,Qatar,QAT,port2026,Hamad Port,2026-06-18,5,2.142857143,2.25,3.285714286
daily_port_series,Wider route context,2,Qatar,QAT,port2026,Hamad Port,2026-06-19,1,2,3.25,3.392857143
daily_port_series,Wider route context,2,Qatar,QAT,port2026,Hamad Port,2026-06-20,2,2.142857143,3,3.357142857
daily_port_series,Wider route context,2,Qatar,QAT,port2026,Hamad Port,2026-06-21,3,2.428571429,4.5,3.071428571
daily_port_series,Wider route context,2,Qatar,QAT,port2026,Hamad Port,2026-06-22,1,2,3.25,3.178571429
daily_port_series,Wider route context,2,Qatar,QAT,port2026,Hamad Port,2026-06-23,2,1.857142857,3,3.25
daily_port_series,Wider route context,2,Qatar,QAT,port2026,Hamad Port,2026-06-24,3,1.714285714,2.25,3.5
daily_port_series,Wider route context,2,Qatar,QAT,port2026,Hamad Port,2026-06-25,2,1.428571429,3,3.107142857
daily_port_series,Wider route context,2,Qatar,QAT,port2026,Hamad Port,2026-06-26,0,1.285714286,3.75,3.142857143
daily_port_series,Wider route context,2,Qatar,QAT,port2026,Hamad Port,2026-06-27,1,1.428571429,4.75,3.25
daily_port_series,Wider route context,2,Qatar,QAT,port2026,Hamad Port,2026-06-28,1,1.166666667,1.75,3.416666667
daily_port_series,Wider route context,2,Qatar,QAT,port2026,Hamad Port,2026-06-29,0,1,3.5,3.5
daily_port_series,Wider route context,2,Qatar,QAT,port2026,Hamad Port,2026-06-30,3,1.25,3.75,3.4375
daily_port_series,Gulf and east-coast ports,9,Saudi Arabia,SAU,port24,Jubail,2026-01-01,13,5,5,4.75
daily_port_series,Gulf and east-coast ports,9,Saudi Arabia,SAU,port24,Jubail,2026-01-02,4,5,3.25,4.75
daily_port_series,Gulf and east-coast ports,9,Saudi Arabia,SAU,port24,Jubail,2026-01-03,2,5.5,3.25,4.875
daily_port_series,Gulf and east-coast ports,9,Saudi Arabia,SAU,port24,Jubail,2026-01-04,1,5.142857143,7.5,4.75
daily_port_series,Gulf and east-coast ports,9,Saudi Arabia,SAU,port24,Jubail,2026-01-05,5,4.285714286,4.75,4.75
daily_port_series,Gulf and east-coast ports,9,Saudi Arabia,SAU,port24,Jubail,2026-01-06,8,4.857142857,5.5,4.892857143
daily_port_series,Gulf and east-coast ports,9,Saudi Arabia,SAU,port24,Jubail,2026-01-07,3,5.428571429,4,5.5
daily_port_series,Gulf and east-coast ports,9,Saudi Arabia,SAU,port24,Jubail,2026-01-08,7,5.857142857,5,5.107142857
daily_port_series,Gulf and east-coast ports,9,Saudi Arabia,SAU,port24,Jubail,2026-01-09,8,6.857142857,4.25,5.107142857
daily_port_series,Gulf and east-coast ports,9,Saudi Arabia,SAU,port24,Jubail,2026-01-10,6,6.142857143,7.5,4.642857143
daily_port_series,Gulf and east-coast ports,9,Saudi Arabia,SAU,port24,Jubail,2026-01-11,4,5.714285714,4.75,4.964285714
daily_port_series,Gulf and east-coast ports,9,Saudi Arabia,SAU,port24,Jubail,2026-01-12,12,5.142857143,4.75,5.107142857
daily_port_series,Gulf and east-coast ports,9,Saudi Arabia,SAU,port24,Jubail,2026-01-13,3,4.285714286,2.25,5.285714286
daily_port_series,Gulf and east-coast ports,9,Saudi Arabia,SAU,port24,Jubail,2026-01-14,0,4.428571429,6.25,4.571428571
daily_port_series,Gulf and east-coast ports,9,Saudi Arabia,SAU,port24,Jubail,2026-01-15,3,4.714285714,6,4.5
daily_port_series,Gulf and east-coast ports,9,Saudi Arabia,SAU,port24,Jubail,2026-01-16,2,4,5.5,4.821428571
daily_port_series,Gulf and east-coast ports,9,Saudi Arabia,SAU,port24,Jubail,2026-01-17,7,4.142857143,2.5,5.178571429
daily_port_series,Gulf and east-coast ports,9,Saudi Arabia,SAU,port24,Jubail,2026-01-18,6,4.285714286,4.25,4.928571429
daily_port_series,Gulf and east-coast ports,9,Saudi Arabia,SAU,port24,Jubail,2026-01-19,7,5,7,4.821428571
daily_port_series,Gulf and east-coast ports,9,Saudi Arabia,SAU,port24,Jubail,2026-01-20,4,5.857142857,4.75,5.214285714
daily_port_series,Gulf and east-coast ports,9,Saudi Arabia,SAU,port24,Jubail,2026-01-21,1,5.857142857,4.5,5.571428571
daily_port_series,Gulf and east-coast ports,9,Saudi Arabia,SAU,port24,Jubail,2026-01-22,8,5,5.25,5.75
daily_port_series,Gulf and east-coast ports,9,Saudi Arabia,SAU,port24,Jubail,2026-01-23,8,5.428571429,8.25,5.392857143
daily_port_series,Gulf and east-coast ports,9,Saudi Arabia,SAU,port24,Jubail,2026-01-24,7,5.857142857,5,5.5
daily_port_series,Gulf and east-coast ports,9,Saudi Arabia,SAU,port24,Jubail,2026-01-25,0,6.857142857,5.5,5.535714286
daily_port_series,Gulf and east-coast ports,9,Saudi Arabia,SAU,port24,Jubail,2026-01-26,10,6.571428571,4.5,5.714285714
daily_port_series,Gulf and east-coast ports,9,Saudi Arabia,SAU,port24,Jubail,2026-01-27,7,6.285714286,5.5,5.357142857
daily_port_series,Gulf and east-coast ports,9,Saudi Arabia,SAU,port24,Jubail,2026-01-28,8,5.714285714,4.75,5.571428571
daily_port_series,Gulf and east-coast ports,9,Saudi Arabia,SAU,port24,Jubail,2026-01-29,6,6.428571429,6.5,5.428571429
daily_port_series,Gulf and east-coast ports,9,Saudi Arabia,SAU,port24,Jubail,2026-01-30,6,6.571428571,5.75,5.321428571
daily_port_series,Gulf and east-coast ports,9,Saudi Arabia,SAU,port24,Jubail,2026-01-31,3,6,6.5,5.321428571
daily_port_series,Gulf and east-coast ports,9,Saudi Arabia,SAU,port24,Jubail,2026-02-01,5,5.571428571,4.5,5.285714286
daily_port_series,Gulf and east-coast ports,9,Saudi Arabia,SAU,port24,Jubail,2026-02-02,11,5.285714286,3.75,5
daily_port_series,Gulf and east-coast ports,9,Saudi Arabia,SAU,port24,Jubail,2026-02-03,3,5.285714286,5.5,4.892857143
daily_port_series,Gulf and east-coast ports,9,Saudi Arabia,SAU,port24,Jubail,2026-02-04,5,6.142857143,4.5,4.607142857
daily_port_series,Gulf and east-coast ports,9,Saudi Arabia,SAU,port24,Jubail,2026-02-05,4,5.857142857,4.5,4.75
daily_port_series,Gulf and east-coast ports,9,Saudi Arabia,SAU,port24,Jubail,2026-02-06,6,5.428571429,5,5.035714286
daily_port_series,Gulf and east-coast ports,9,Saudi Arabia,SAU,port24,Jubail,2026-02-07,9,6.285714286,4.5,5.214285714
daily_port_series,Gulf and east-coast ports,9,Saudi Arabia,SAU,port24,Jubail,2026-02-08,3,6.285714286,5.5,5.857142857
daily_port_series,Gulf and east-coast ports,9,Saudi Arabia,SAU,port24,Jubail,2026-02-09,8,7.714285714,5.75,6.035714286
daily_port_series,Gulf and east-coast ports,9,Saudi Arabia,SAU,port24,Jubail,2026-02-10,9,8.285714286,6.75,6.071428571
daily_port_series,Gulf and east-coast ports,9,Saudi Arabia,SAU,port24,Jubail,2026-02-11,5,7.857142857,9,6.107142857
daily_port_series,Gulf and east-coast ports,9,Saudi Arabia,SAU,port24,Jubail,2026-02-12,14,7.857142857,5.75,5.964285714
daily_port_series,Gulf and east-coast ports,9,Saudi Arabia,SAU,port24,Jubail,2026-02-13,10,8,5.25,5.75
daily_port_series,Gulf and east-coast ports,9,Saudi Arabia,SAU,port24,Jubail,2026-02-14,6,8,4.75,5.214285714
daily_port_series,Gulf and east-coast ports,9,Saudi Arabia,SAU,port24,Jubail,2026-02-15,3,8.428571429,4.5,4.392857143
daily_port_series,Gulf and east-coast ports,9,Saudi Arabia,SAU,port24,Jubail,2026-02-16,9,7.142857143,4.25,4.392857143
daily_port_series,Gulf and east-coast ports,9,Saudi Arabia,SAU,port24,Jubail,2026-02-17,9,6.857142857,3,4.75
daily_port_series,Gulf and east-coast ports,9,Saudi Arabia,SAU,port24,Jubail,2026-02-18,8,7.285714286,3.25,5.107142857
daily_port_series,Gulf and east-coast ports,9,Saudi Arabia,SAU,port24,Jubail,2026-02-19,5,8.142857143,5.75,5.571428571
daily_port_series,Gulf and east-coast ports,9,Saudi Arabia,SAU,port24,Jubail,2026-02-20,8,7.857142857,7.75,5.821428571
daily_port_series,Gulf and east-coast ports,9,Saudi Arabia,SAU,port24,Jubail,2026-02-21,9,7.285714286,7.25,6.392857143
daily_port_series,Gulf and east-coast ports,9,Saudi Arabia,SAU,port24,Jubail,2026-02-22,9,6.571428571,7.75,6.535714286
daily_port_series,Gulf and east-coast ports,9,Saudi Arabia,SAU,port24,Jubail,2026-02-23,7,7,6,6.571428571
daily_port_series,Gulf and east-coast ports,9,Saudi Arabia,SAU,port24,Jubail,2026-02-24,5,7.714285714,7,6.357142857
daily_port_series,Gulf and east-coast ports,9,Saudi Arabia,SAU,port24,Jubail,2026-02-25,3,7.428571429,4.25,5.857142857
daily_port_series,Gulf and east-coast ports,9,Saudi Arabia,SAU,port24,Jubail,2026-02-26,8,6.285714286,6,5.178571429
daily_port_series,Gulf and east-coast ports,9,Saudi Arabia,SAU,port24,Jubail,2026-02-27,13,5.428571429,6.25,5.142857143
daily_port_series,Gulf and east-coast ports,9,Saudi Arabia,SAU,port24,Jubail,2026-02-28,7,5.285714286,3.75,5.071428571
daily_port_series,Gulf and east-coast ports,9,Saudi Arabia,SAU,port24,Jubail,2026-03-01,1,5.714285714,3,5.25
daily_port_series,Gulf and east-coast ports,9,Saudi Arabia,SAU,port24,Jubail,2026-03-02,1,5.571428571,5.75,4.964285714
daily_port_series,Gulf and east-coast ports,9,Saudi Arabia,SAU,port24,Jubail,2026-03-03,4,4.285714286,6.5,5.142857143
daily_port_series,Gulf and east-coast ports,9,Saudi Arabia,SAU,port24,Jubail,2026-03-04,6,4,5.5,5.821428571
daily_port_series,Gulf and east-coast ports,9,Saudi Arabia,SAU,port24,Jubail,2026-03-05,7,4,4,6.75
daily_port_series,Gulf and east-coast ports,9,Saudi Arabia,SAU,port24,Jubail,2026-03-06,4,3.857142857,7.5,7.214285714
daily_port_series,Gulf and east-coast ports,9,Saudi Arabia,SAU,port24,Jubail,2026-03-07,5,3.857142857,8.5,6.892857143
daily_port_series,Gulf and east-coast ports,9,Saudi Arabia,SAU,port24,Jubail,2026-03-08,1,3.857142857,9.5,7.035714286
daily_port_series,Gulf and east-coast ports,9,Saudi Arabia,SAU,port24,Jubail,2026-03-09,0,3.285714286,9,7.071428571
daily_port_series,Gulf and east-coast ports,9,Saudi Arabia,SAU,port24,Jubail,2026-03-10,4,2.857142857,4.25,7.071428571
daily_port_series,Gulf and east-coast ports,9,Saudi Arabia,SAU,port24,Jubail,2026-03-11,6,2.428571429,6.5,6.892857143
daily_port_series,Gulf and east-coast ports,9,Saudi Arabia,SAU,port24,Jubail,2026-03-12,3,3.142857143,4.25,6.178571429
daily_port_series,Gulf and east-coast ports,9,Saudi Arabia,SAU,port24,Jubail,2026-03-13,1,3.857142857,7.5,5.857142857
daily_port_series,Gulf and east-coast ports,9,Saudi Arabia,SAU,port24,Jubail,2026-03-14,2,3.571428571,7.25,5.964285714
daily_port_series,Gulf and east-coast ports,9,Saudi Arabia,SAU,port24,Jubail,2026-03-15,6,3.142857143,4.5,6.5
daily_port_series,Gulf and east-coast ports,9,Saudi Arabia,SAU,port24,Jubail,2026-03-16,5,3.428571429,6.75,7.25
daily_port_series,Gulf and east-coast ports,9,Saudi Arabia,SAU,port24,Jubail,2026-03-17,2,3.571428571,5,7.25
daily_port_series,Gulf and east-coast ports,9,Saudi Arabia,SAU,port24,Jubail,2026-03-18,3,3.571428571,10.25,6.785714286
daily_port_series,Gulf and east-coast ports,9,Saudi Arabia,SAU,port24,Jubail,2026-03-19,5,2.714285714,9.5,6.535714286
daily_port_series,Gulf and east-coast ports,9,Saudi Arabia,SAU,port24,Jubail,2026-03-20,2,2,7.5,6.321428571
daily_port_series,Gulf and east-coast ports,9,Saudi Arabia,SAU,port24,Jubail,2026-03-21,2,2.142857143,4,6.321428571
daily_port_series,Gulf and east-coast ports,9,Saudi Arabia,SAU,port24,Jubail,2026-03-22,0,1.714285714,2.75,5.75
daily_port_series,Gulf and east-coast ports,9,Saudi Arabia,SAU,port24,Jubail,2026-03-23,0,1,5.25,5.821428571
daily_port_series,Gulf and east-coast ports,9,Saudi Arabia,SAU,port24,Jubail,2026-03-24,3,1.285714286,5,6.035714286
daily_port_series,Gulf and east-coast ports,9,Saudi Arabia,SAU,port24,Jubail,2026-03-25,0,1.428571429,6.25,6.714285714
daily_port_series,Gulf and east-coast ports,9,Saudi Arabia,SAU,port24,Jubail,2026-03-26,0,1.714285714,10,7.142857143
daily_port_series,Gulf and east-coast ports,9,Saudi Arabia,SAU,port24,Jubail,2026-03-27,4,2,9,7.678571429
daily_port_series,Gulf and east-coast ports,9,Saudi Arabia,SAU,port24,Jubail,2026-03-28,3,1.714285714,8.75,7.892857143
daily_port_series,Gulf and east-coast ports,9,Saudi Arabia,SAU,port24,Jubail,2026-03-29,2,2.142857143,5.75,7.964285714
daily_port_series,Gulf and east-coast ports,9,Saudi Arabia,SAU,port24,Jubail,2026-03-30,2,2.285714286,9,7.178571429
daily_port_series,Gulf and east-coast ports,9,Saudi Arabia,SAU,port24,Jubail,2026-03-31,1,1.857142857,6.5,7
daily_port_series,Gulf and east-coast ports,9,Saudi Arabia,SAU,port24,Jubail,2026-04-01,3,1.857142857,6.75,6.964285714
daily_port_series,Gulf and east-coast ports,9,Saudi Arabia,SAU,port24,Jubail,2026-04-02,1,1.571428571,4.5,6.821428571
daily_port_series,Gulf and east-coast ports,9,Saudi Arabia,SAU,port24,Jubail,2026-04-03,1,1.857142857,7.75,6.571428571
daily_port_series,Gulf and east-coast ports,9,Saudi Arabia,SAU,port24,Jubail,2026-04-04,3,2,8.5,6.392857143
daily_port_series,Gulf and east-coast ports,9,Saudi Arabia,SAU,port24,Jubail,2026-04-05,0,2.428571429,4.75,6.464285714
daily_port_series,Gulf and east-coast ports,9,Saudi Arabia,SAU,port24,Jubail,2026-04-06,4,3,7.25,6.75
daily_port_series,Gulf and east-coast ports,9,Saudi Arabia,SAU,port24,Jubail,2026-04-07,2,3.142857143,5.25,6.678571429
daily_port_series,Gulf and east-coast ports,9,Saudi Arabia,SAU,port24,Jubail,2026-04-08,6,3.142857143,7.25,6.285714286
daily_port_series,Gulf and east-coast ports,9,Saudi Arabia,SAU,port24,Jubail,2026-04-09,5,3.428571429,6.5,6.357142857
daily_port_series,Gulf and east-coast ports,9,Saudi Arabia,SAU,port24,Jubail,2026-04-10,2,3,7.25,6.142857143
daily_port_series,Gulf and east-coast ports,9,Saudi Arabia,SAU,port24,Jubail,2026-04-11,3,2.714285714,5.75,6.357142857
daily_port_series,Gulf and east-coast ports,9,Saudi Arabia,SAU,port24,Jubail,2026-04-12,2,1.857142857,5.25,6.071428571
daily_port_series,Gulf and east-coast ports,9,Saudi Arabia,SAU,port24,Jubail,2026-04-13,1,1.714285714,5.75,5.857142857
daily_port_series,Gulf and east-coast ports,9,Saudi Arabia,SAU,port24,Jubail,2026-04-14,0,1.714285714,6.75,5.464285714
daily_port_series,Gulf and east-coast ports,9,Saudi Arabia,SAU,port24,Jubail,2026-04-15,0,1.285714286,5.25,6.035714286
daily_port_series,Gulf and east-coast ports,9,Saudi Arabia,SAU,port24,Jubail,2026-04-16,4,1,5,6.392857143
daily_port_series,Gulf and east-coast ports,9,Saudi Arabia,SAU,port24,Jubail,2026-04-17,2,1.142857143,4.5,6.75
daily_port_series,Gulf and east-coast ports,9,Saudi Arabia,SAU,port24,Jubail,2026-04-18,0,1.142857143,9.75,6.642857143
daily_port_series,Gulf and east-coast ports,9,Saudi Arabia,SAU,port24,Jubail,2026-04-19,0,1.428571429,7.75,7.214285714
daily_port_series,Gulf and east-coast ports,9,Saudi Arabia,SAU,port24,Jubail,2026-04-20,2,0.8571428571,8.25,7.357142857
daily_port_series,Gulf and east-coast ports,9,Saudi Arabia,SAU,port24,Jubail,2026-04-21,0,0.7142857143,6,7.892857143
daily_port_series,Gulf and east-coast ports,9,Saudi Arabia,SAU,port24,Jubail,2026-04-22,2,0.7142857143,9.25,7.75
daily_port_series,Gulf and east-coast ports,9,Saudi Arabia,SAU,port24,Jubail,2026-04-23,0,0.7142857143,6,7.5
daily_port_series,Gulf and east-coast ports,9,Saudi Arabia,SAU,port24,Jubail,2026-04-24,1,0.5714285714,8.25,7.071428571
daily_port_series,Gulf and east-coast ports,9,Saudi Arabia,SAU,port24,Jubail,2026-04-25,0,1,8.75,7.714285714
daily_port_series,Gulf and east-coast ports,9,Saudi Arabia,SAU,port24,Jubail,2026-04-26,0,0.7142857143,6,7.535714286
daily_port_series,Gulf and east-coast ports,9,Saudi Arabia,SAU,port24,Jubail,2026-04-27,1,0.8571428571,5.25,7.535714286
daily_port_series,Gulf and east-coast ports,9,Saudi Arabia,SAU,port24,Jubail,2026-04-28,3,0.8571428571,10.5,7.214285714
daily_port_series,Gulf and east-coast ports,9,Saudi Arabia,SAU,port24,Jubail,2026-04-29,0,0.8571428571,8,6.892857143
daily_port_series,Gulf and east-coast ports,9,Saudi Arabia,SAU,port24,Jubail,2026-04-30,1,0.8571428571,6,7.035714286
daily_port_series,Gulf and east-coast ports,9,Saudi Arabia,SAU,port24,Jubail,2026-05-01,1,0.8571428571,6,7.392857143
daily_port_series,Gulf and east-coast ports,9,Saudi Arabia,SAU,port24,Jubail,2026-05-02,0,0.7142857143,6.5,6.607142857
daily_port_series,Gulf and east-coast ports,9,Saudi Arabia,SAU,port24,Jubail,2026-05-03,0,0.8571428571,7,6.25
daily_port_series,Gulf and east-coast ports,9,Saudi Arabia,SAU,port24,Jubail,2026-05-04,1,1,7.75,6.178571429
daily_port_series,Gulf and east-coast ports,9,Saudi Arabia,SAU,port24,Jubail,2026-05-05,2,0.8571428571,5,6.142857143
daily_port_series,Gulf and east-coast ports,9,Saudi Arabia,SAU,port24,Jubail,2026-05-06,1,0.8571428571,5.5,6.428571429
daily_port_series,Gulf and east-coast ports,9,Saudi Arabia,SAU,port24,Jubail,2026-05-07,2,0.8571428571,5.5,6.25
daily_port_series,Gulf and east-coast ports,9,Saudi Arabia,SAU,port24,Jubail,2026-05-08,0,0.7142857143,5.75,6.321428571
daily_port_series,Gulf and east-coast ports,9,Saudi Arabia,SAU,port24,Jubail,2026-05-09,0,0.8571428571,8.5,6.464285714
daily_port_series,Gulf and east-coast ports,9,Saudi Arabia,SAU,port24,Jubail,2026-05-10,0,0.7142857143,5.75,6.285714286
daily_port_series,Gulf and east-coast ports,9,Saudi Arabia,SAU,port24,Jubail,2026-05-11,0,0.5714285714,8.25,6.357142857
daily_port_series,Gulf and east-coast ports,9,Saudi Arabia,SAU,port24,Jubail,2026-05-12,3,0.8571428571,6,6.821428571
daily_port_series,Gulf and east-coast ports,9,Saudi Arabia,SAU,port24,Jubail,2026-05-13,0,1,4.25,6.214285714
daily_port_series,Gulf and east-coast ports,9,Saudi Arabia,SAU,port24,Jubail,2026-05-14,1,1.285714286,6,6.071428571
daily_port_series,Gulf and east-coast ports,9,Saudi Arabia,SAU,port24,Jubail,2026-05-15,2,1.428571429,9,5.714285714
daily_port_series,Gulf and east-coast ports,9,Saudi Arabia,SAU,port24,Jubail,2026-05-16,1,1.285714286,4.25,5.75
daily_port_series,Gulf and east-coast ports,9,Saudi Arabia,SAU,port24,Jubail,2026-05-17,2,1.285714286,4.75,6.178571429
daily_port_series,Gulf and east-coast ports,9,Saudi Arabia,SAU,port24,Jubail,2026-05-18,1,1.142857143,5.75,6.142857143
daily_port_series,Gulf and east-coast ports,9,Saudi Arabia,SAU,port24,Jubail,2026-05-19,2,1.428571429,6.25,5.857142857
daily_port_series,Gulf and east-coast ports,9,Saudi Arabia,SAU,port24,Jubail,2026-05-20,0,1.285714286,7.25,5.821428571
daily_port_series,Gulf and east-coast ports,9,Saudi Arabia,SAU,port24,Jubail,2026-05-21,0,1.285714286,5.75,5.821428571
daily_port_series,Gulf and east-coast ports,9,Saudi Arabia,SAU,port24,Jubail,2026-05-22,4,1.285714286,7,5.714285714
daily_port_series,Gulf and east-coast ports,9,Saudi Arabia,SAU,port24,Jubail,2026-05-23,0,1.285714286,4,5.821428571
daily_port_series,Gulf and east-coast ports,9,Saudi Arabia,SAU,port24,Jubail,2026-05-24,2,1.285714286,4.75,5.714285714
daily_port_series,Gulf and east-coast ports,9,Saudi Arabia,SAU,port24,Jubail,2026-05-25,1,1.428571429,5,5.785714286
daily_port_series,Gulf and east-coast ports,9,Saudi Arabia,SAU,port24,Jubail,2026-05-26,2,1,7,5.892857143
daily_port_series,Gulf and east-coast ports,9,Saudi Arabia,SAU,port24,Jubail,2026-05-27,0,1,6.5,6.035714286
daily_port_series,Gulf and east-coast ports,9,Saudi Arabia,SAU,port24,Jubail,2026-05-28,1,0.8571428571,6.25,6.285714286
daily_port_series,Gulf and east-coast ports,9,Saudi Arabia,SAU,port24,Jubail,2026-05-29,1,1,7.75,6.428571429
daily_port_series,Gulf and east-coast ports,9,Saudi Arabia,SAU,port24,Jubail,2026-05-30,0,0.8571428571,5,6.25
daily_port_series,Gulf and east-coast ports,9,Saudi Arabia,SAU,port24,Jubail,2026-05-31,1,1,6.5,6.214285714
daily_port_series,Gulf and east-coast ports,9,Saudi Arabia,SAU,port24,Jubail,2026-06-01,2,1.142857143,6,5.75
daily_port_series,Gulf and east-coast ports,9,Saudi Arabia,SAU,port24,Jubail,2026-06-02,1,1,5.75,5.464285714
daily_port_series,Gulf and east-coast ports,9,Saudi Arabia,SAU,port24,Jubail,2026-06-03,1,1.142857143,6.25,5.642857143
daily_port_series,Gulf and east-coast ports,9,Saudi Arabia,SAU,port24,Jubail,2026-06-04,2,1,3,5.678571429
daily_port_series,Gulf and east-coast ports,9,Saudi Arabia,SAU,port24,Jubail,2026-06-05,0,0.8571428571,5.75,5.821428571
daily_port_series,Gulf and east-coast ports,9,Saudi Arabia,SAU,port24,Jubail,2026-06-06,1,1.142857143,6.25,5.785714286
daily_port_series,Gulf and east-coast ports,9,Saudi Arabia,SAU,port24,Jubail,2026-06-07,0,1.285714286,6.75,5.714285714
daily_port_series,Gulf and east-coast ports,9,Saudi Arabia,SAU,port24,Jubail,2026-06-08,1,1.428571429,7,5.892857143
daily_port_series,Gulf and east-coast ports,9,Saudi Arabia,SAU,port24,Jubail,2026-06-09,3,1.428571429,5.5,5.821428571
daily_port_series,Gulf and east-coast ports,9,Saudi Arabia,SAU,port24,Jubail,2026-06-10,2,1.285714286,5.75,5.678571429
daily_port_series,Gulf and east-coast ports,9,Saudi Arabia,SAU,port24,Jubail,2026-06-11,3,1.571428571,4.25,5.678571429
daily_port_series,Gulf and east-coast ports,9,Saudi Arabia,SAU,port24,Jubail,2026-06-12,0,1.428571429,5.25,5.464285714
daily_port_series,Gulf and east-coast ports,9,Saudi Arabia,SAU,port24,Jubail,2026-06-13,0,1,5.25,5.642857143
daily_port_series,Gulf and east-coast ports,9,Saudi Arabia,SAU,port24,Jubail,2026-06-14,2,0.8571428571,6.75,5.535714286
daily_port_series,Gulf and east-coast ports,9,Saudi Arabia,SAU,port24,Jubail,2026-06-15,0,0.5714285714,5.5,5.607142857
daily_port_series,Gulf and east-coast ports,9,Saudi Arabia,SAU,port24,Jubail,2026-06-16,0,0.8571428571,6.75,5.714285714
daily_port_series,Gulf and east-coast ports,9,Saudi Arabia,SAU,port24,Jubail,2026-06-17,1,1.142857143,5,6.142857143
daily_port_series,Gulf and east-coast ports,9,Saudi Arabia,SAU,port24,Jubail,2026-06-18,1,1,4.75,6.107142857
daily_port_series,Gulf and east-coast ports,9,Saudi Arabia,SAU,port24,Jubail,2026-06-19,2,1.428571429,6,6.107142857
daily_port_series,Gulf and east-coast ports,9,Saudi Arabia,SAU,port24,Jubail,2026-06-20,2,1.571428571,8.25,6.178571429
daily_port_series,Gulf and east-coast ports,9,Saudi Arabia,SAU,port24,Jubail,2026-06-21,1,1.714285714,6.5,6.071428571
daily_port_series,Gulf and east-coast ports,9,Saudi Arabia,SAU,port24,Jubail,2026-06-22,3,1.714285714,5.5,6.428571429
daily_port_series,Gulf and east-coast ports,9,Saudi Arabia,SAU,port24,Jubail,2026-06-23,1,1.571428571,7.25,6.571428571
daily_port_series,Gulf and east-coast ports,9,Saudi Arabia,SAU,port24,Jubail,2026-06-24,2,1.571428571,4.25,5.964285714
daily_port_series,Gulf and east-coast ports,9,Saudi Arabia,SAU,port24,Jubail,2026-06-25,1,2,7.25,5.964285714
daily_port_series,Gulf and east-coast ports,9,Saudi Arabia,SAU,port24,Jubail,2026-06-26,1,1.857142857,7,6.071428571
daily_port_series,Gulf and east-coast ports,9,Saudi Arabia,SAU,port24,Jubail,2026-06-27,2,1.857142857,4,5.857142857
daily_port_series,Gulf and east-coast ports,9,Saudi Arabia,SAU,port24,Jubail,2026-06-28,4,1.833333333,6.5,6.125
daily_port_series,Gulf and east-coast ports,9,Saudi Arabia,SAU,port24,Jubail,2026-06-29,2,2,6.25,5.9
daily_port_series,Gulf and east-coast ports,9,Saudi Arabia,SAU,port24,Jubail,2026-06-30,1,2.25,5.75,5.625
daily_port_series,Gulf and east-coast ports,8,Saudi Arabia,SAU,port275,Dammam,2026-01-01,4,2.75,5,4.875
daily_port_series,Gulf and east-coast ports,8,Saudi Arabia,SAU,port275,Dammam,2026-01-02,3,4.8,5.5,4.9
daily_port_series,Gulf and east-coast ports,8,Saudi Arabia,SAU,port275,Dammam,2026-01-03,4,4.5,4,4.875
daily_port_series,Gulf and east-coast ports,8,Saudi Arabia,SAU,port275,Dammam,2026-01-04,0,5.142857143,5,4.892857143
daily_port_series,Gulf and east-coast ports,8,Saudi Arabia,SAU,port275,Dammam,2026-01-05,13,5.571428571,5,4.892857143
daily_port_series,Gulf and east-coast ports,8,Saudi Arabia,SAU,port275,Dammam,2026-01-06,3,5.571428571,4.75,4.714285714
daily_port_series,Gulf and east-coast ports,8,Saudi Arabia,SAU,port275,Dammam,2026-01-07,9,5.714285714,5,4.857142857
daily_port_series,Gulf and east-coast ports,8,Saudi Arabia,SAU,port275,Dammam,2026-01-08,7,7,5,4.857142857
daily_port_series,Gulf and east-coast ports,8,Saudi Arabia,SAU,port275,Dammam,2026-01-09,3,6.428571429,4.25,4.642857143
daily_port_series,Gulf and east-coast ports,8,Saudi Arabia,SAU,port275,Dammam,2026-01-10,5,7,5,4.535714286
daily_port_series,Gulf and east-coast ports,8,Saudi Arabia,SAU,port275,Dammam,2026-01-11,9,6,5,4.464285714
daily_port_series,Gulf and east-coast ports,8,Saudi Arabia,SAU,port275,Dammam,2026-01-12,9,5.857142857,3.5,4.392857143
daily_port_series,Gulf and east-coast ports,8,Saudi Arabia,SAU,port275,Dammam,2026-01-13,7,6.428571429,4,4.535714286
daily_port_series,Gulf and east-coast ports,8,Saudi Arabia,SAU,port275,Dammam,2026-01-14,2,6.571428571,4.5,4.357142857
daily_port_series,Gulf and east-coast ports,8,Saudi Arabia,SAU,port275,Dammam,2026-01-15,6,6.142857143,4.5,4.178571429
daily_port_series,Gulf and east-coast ports,8,Saudi Arabia,SAU,port275,Dammam,2026-01-16,7,6.142857143,5.25,4.714285714
daily_port_series,Gulf and east-coast ports,8,Saudi Arabia,SAU,port275,Dammam,2026-01-17,6,5.714285714,3.75,4.678571429
daily_port_series,Gulf and east-coast ports,8,Saudi Arabia,SAU,port275,Dammam,2026-01-18,6,5.428571429,3.75,4.821428571
daily_port_series,Gulf and east-coast ports,8,Saudi Arabia,SAU,port275,Dammam,2026-01-19,9,5.857142857,7.25,5.178571429
daily_port_series,Gulf and east-coast ports,8,Saudi Arabia,SAU,port275,Dammam,2026-01-20,4,5.714285714,3.75,5.392857143
daily_port_series,Gulf and east-coast ports,8,Saudi Arabia,SAU,port275,Dammam,2026-01-21,0,6.142857143,5.5,5.571428571
daily_port_series,Gulf and east-coast ports,8,Saudi Arabia,SAU,port275,Dammam,2026-01-22,9,5.428571429,7,5.857142857
daily_port_series,Gulf and east-coast ports,8,Saudi Arabia,SAU,port275,Dammam,2026-01-23,6,6.142857143,6.75,5.714285714
daily_port_series,Gulf and east-coast ports,8,Saudi Arabia,SAU,port275,Dammam,2026-01-24,9,6.571428571,5,5.964285714
daily_port_series,Gulf and east-coast ports,8,Saudi Arabia,SAU,port275,Dammam,2026-01-25,1,7.571428571,5.75,5.785714286
daily_port_series,Gulf and east-coast ports,8,Saudi Arabia,SAU,port275,Dammam,2026-01-26,14,7,6.25,5.464285714
daily_port_series,Gulf and east-coast ports,8,Saudi Arabia,SAU,port275,Dammam,2026-01-27,7,6.571428571,5.5,5.285714286
daily_port_series,Gulf and east-coast ports,8,Saudi Arabia,SAU,port275,Dammam,2026-01-28,7,6.428571429,4.25,5.142857143
daily_port_series,Gulf and east-coast ports,8,Saudi Arabia,SAU,port275,Dammam,2026-01-29,5,7.428571429,4.75,5
daily_port_series,Gulf and east-coast ports,8,Saudi Arabia,SAU,port275,Dammam,2026-01-30,3,6.428571429,5.5,4.714285714
daily_port_series,Gulf and east-coast ports,8,Saudi Arabia,SAU,port275,Dammam,2026-01-31,8,5.857142857,4,4.392857143
daily_port_series,Gulf and east-coast ports,8,Saudi Arabia,SAU,port275,Dammam,2026-02-01,8,5.857142857,4.75,4.464285714
daily_port_series,Gulf and east-coast ports,8,Saudi Arabia,SAU,port275,Dammam,2026-02-02,7,5.714285714,4.25,4.607142857
daily_port_series,Gulf and east-coast ports,8,Saudi Arabia,SAU,port275,Dammam,2026-02-03,3,5.857142857,3.25,4.678571429
daily_port_series,Gulf and east-coast ports,8,Saudi Arabia,SAU,port275,Dammam,2026-02-04,7,5.571428571,4.75,4.678571429
daily_port_series,Gulf and east-coast ports,8,Saudi Arabia,SAU,port275,Dammam,2026-02-05,4,5.285714286,5.75,4.535714286
daily_port_series,Gulf and east-coast ports,8,Saudi Arabia,SAU,port275,Dammam,2026-02-06,4,4.857142857,6,4.535714286
daily_port_series,Gulf and east-coast ports,8,Saudi Arabia,SAU,port275,Dammam,2026-02-07,6,5.857142857,4,5.071428571
daily_port_series,Gulf and east-coast ports,8,Saudi Arabia,SAU,port275,Dammam,2026-02-08,6,5.428571429,3.75,5.285714286
daily_port_series,Gulf and east-coast ports,8,Saudi Arabia,SAU,port275,Dammam,2026-02-09,4,6.142857143,4.25,4.928571429
daily_port_series,Gulf and east-coast ports,8,Saudi Arabia,SAU,port275,Dammam,2026-02-10,10,5.857142857,7,4.75
daily_port_series,Gulf and east-coast ports,8,Saudi Arabia,SAU,port275,Dammam,2026-02-11,4,6,6.25,5
daily_port_series,Gulf and east-coast ports,8,Saudi Arabia,SAU,port275,Dammam,2026-02-12,9,5.714285714,3.25,5.142857143
daily_port_series,Gulf and east-coast ports,8,Saudi Arabia,SAU,port275,Dammam,2026-02-13,2,6.142857143,4.75,5.214285714
daily_port_series,Gulf and east-coast ports,8,Saudi Arabia,SAU,port275,Dammam,2026-02-14,7,5.571428571,5.75,4.928571429
daily_port_series,Gulf and east-coast ports,8,Saudi Arabia,SAU,port275,Dammam,2026-02-15,4,5.571428571,4.75,4.678571429
daily_port_series,Gulf and east-coast ports,8,Saudi Arabia,SAU,port275,Dammam,2026-02-16,7,5.142857143,4.75,5.285714286
daily_port_series,Gulf and east-coast ports,8,Saudi Arabia,SAU,port275,Dammam,2026-02-17,6,5.571428571,5,5.25
daily_port_series,Gulf and east-coast ports,8,Saudi Arabia,SAU,port275,Dammam,2026-02-18,4,5.857142857,4.5,4.964285714
daily_port_series,Gulf and east-coast ports,8,Saudi Arabia,SAU,port275,Dammam,2026-02-19,6,6.285714286,7.5,5.071428571
daily_port_series,Gulf and east-coast ports,8,Saudi Arabia,SAU,port275,Dammam,2026-02-20,5,6.142857143,4.5,5.071428571
daily_port_series,Gulf and east-coast ports,8,Saudi Arabia,SAU,port275,Dammam,2026-02-21,9,6.428571429,3.75,4.857142857
daily_port_series,Gulf and east-coast ports,8,Saudi Arabia,SAU,port275,Dammam,2026-02-22,7,6.571428571,5.5,4.678571429
daily_port_series,Gulf and east-coast ports,8,Saudi Arabia,SAU,port275,Dammam,2026-02-23,6,7,4.75,4.607142857
daily_port_series,Gulf and east-coast ports,8,Saudi Arabia,SAU,port275,Dammam,2026-02-24,8,6.714285714,3.5,4.714285714
daily_port_series,Gulf and east-coast ports,8,Saudi Arabia,SAU,port275,Dammam,2026-02-25,5,6.285714286,3.25,5.035714286
daily_port_series,Gulf and east-coast ports,8,Saudi Arabia,SAU,port275,Dammam,2026-02-26,9,6.142857143,7,4.964285714
daily_port_series,Gulf and east-coast ports,8,Saudi Arabia,SAU,port275,Dammam,2026-02-27,3,5.714285714,5.25,4.928571429
daily_port_series,Gulf and east-coast ports,8,Saudi Arabia,SAU,port275,Dammam,2026-02-28,6,5,6,5.285714286
daily_port_series,Gulf and east-coast ports,8,Saudi Arabia,SAU,port275,Dammam,2026-03-01,6,5.142857143,5,5.571428571
daily_port_series,Gulf and east-coast ports,8,Saudi Arabia,SAU,port275,Dammam,2026-03-02,3,4.142857143,4.5,5.035714286
daily_port_series,Gulf and east-coast ports,8,Saudi Arabia,SAU,port275,Dammam,2026-03-03,3,3.714285714,6,4.964285714
daily_port_series,Gulf and east-coast ports,8,Saudi Arabia,SAU,port275,Dammam,2026-03-04,6,2.857142857,5.25,4.821428571
daily_port_series,Gulf and east-coast ports,8,Saudi Arabia,SAU,port275,Dammam,2026-03-05,2,2.285714286,3.25,4.571428571
daily_port_series,Gulf and east-coast ports,8,Saudi Arabia,SAU,port275,Dammam,2026-03-06,0,2,4.75,4.571428571
daily_port_series,Gulf and east-coast ports,8,Saudi Arabia,SAU,port275,Dammam,2026-03-07,0,2.285714286,5,4.5
daily_port_series,Gulf and east-coast ports,8,Saudi Arabia,SAU,port275,Dammam,2026-03-08,2,1.571428571,3.25,4.071428571
daily_port_series,Gulf and east-coast ports,8,Saudi Arabia,SAU,port275,Dammam,2026-03-09,1,1.571428571,4.5,4.392857143
daily_port_series,Gulf and east-coast ports,8,Saudi Arabia,SAU,port275,Dammam,2026-03-10,5,1.571428571,5.5,4.535714286
daily_port_series,Gulf and east-coast ports,8,Saudi Arabia,SAU,port275,Dammam,2026-03-11,1,1.571428571,2.25,4.392857143
daily_port_series,Gulf and east-coast ports,8,Saudi Arabia,SAU,port275,Dammam,2026-03-12,2,2.142857143,5.5,4.571428571
daily_port_series,Gulf and east-coast ports,8,Saudi Arabia,SAU,port275,Dammam,2026-03-13,0,2.714285714,5.75,4.5
daily_port_series,Gulf and east-coast ports,8,Saudi Arabia,SAU,port275,Dammam,2026-03-14,0,2.142857143,4,4.178571429
daily_port_series,Gulf and east-coast ports,8,Saudi Arabia,SAU,port275,Dammam,2026-03-15,6,2.285714286,4.5,4.607142857
daily_port_series,Gulf and east-coast ports,8,Saudi Arabia,SAU,port275,Dammam,2026-03-16,5,2,4,4.642857143
daily_port_series,Gulf and east-coast ports,8,Saudi Arabia,SAU,port275,Dammam,2026-03-17,1,2,3.25,4.535714286
daily_port_series,Gulf and east-coast ports,8,Saudi Arabia,SAU,port275,Dammam,2026-03-18,2,2.142857143,5.25,4.678571429
daily_port_series,Gulf and east-coast ports,8,Saudi Arabia,SAU,port275,Dammam,2026-03-19,0,1.714285714,5.75,4.75
daily_port_series,Gulf and east-coast ports,8,Saudi Arabia,SAU,port275,Dammam,2026-03-20,0,1.142857143,5,4.571428571
daily_port_series,Gulf and east-coast ports,8,Saudi Arabia,SAU,port275,Dammam,2026-03-21,1,1.142857143,5,4.678571429
daily_port_series,Gulf and east-coast ports,8,Saudi Arabia,SAU,port275,Dammam,2026-03-22,3,1.428571429,5,4.678571429
daily_port_series,Gulf and east-coast ports,8,Saudi Arabia,SAU,port275,Dammam,2026-03-23,1,1.714285714,2.75,4.75
daily_port_series,Gulf and east-coast ports,8,Saudi Arabia,SAU,port275,Dammam,2026-03-24,1,1.857142857,4,4.928571429
daily_port_series,Gulf and east-coast ports,8,Saudi Arabia,SAU,port275,Dammam,2026-03-25,4,2.428571429,5.25,5.142857143
daily_port_series,Gulf and east-coast ports,8,Saudi Arabia,SAU,port275,Dammam,2026-03-26,2,2,6.25,5.392857143
daily_port_series,Gulf and east-coast ports,8,Saudi Arabia,SAU,port275,Dammam,2026-03-27,1,2.285714286,6.25,5.678571429
daily_port_series,Gulf and east-coast ports,8,Saudi Arabia,SAU,port275,Dammam,2026-03-28,5,2.285714286,6.5,6.107142857
daily_port_series,Gulf and east-coast ports,8,Saudi Arabia,SAU,port275,Dammam,2026-03-29,0,2.142857143,6.75,6.214285714
daily_port_series,Gulf and east-coast ports,8,Saudi Arabia,SAU,port275,Dammam,2026-03-30,3,2.142857143,4.75,5.857142857
daily_port_series,Gulf and east-coast ports,8,Saudi Arabia,SAU,port275,Dammam,2026-03-31,1,2.428571429,7,5.678571429
daily_port_series,Gulf and east-coast ports,8,Saudi Arabia,SAU,port275,Dammam,2026-04-01,3,2,6,5.535714286
daily_port_series,Gulf and east-coast ports,8,Saudi Arabia,SAU,port275,Dammam,2026-04-02,2,2.142857143,3.75,5.25
daily_port_series,Gulf and east-coast ports,8,Saudi Arabia,SAU,port275,Dammam,2026-04-03,3,2.285714286,5,5.285714286
daily_port_series,Gulf and east-coast ports,8,Saudi Arabia,SAU,port275,Dammam,2026-04-04,2,2.142857143,5.5,5.214285714
daily_port_series,Gulf and east-coast ports,8,Saudi Arabia,SAU,port275,Dammam,2026-04-05,1,2.142857143,4.75,5.035714286
daily_port_series,Gulf and east-coast ports,8,Saudi Arabia,SAU,port275,Dammam,2026-04-06,4,2,5,5
daily_port_series,Gulf and east-coast ports,8,Saudi Arabia,SAU,port275,Dammam,2026-04-07,0,1.714285714,6.5,5.25
daily_port_series,Gulf and east-coast ports,8,Saudi Arabia,SAU,port275,Dammam,2026-04-08,3,2.142857143,4.75,5.571428571
daily_port_series,Gulf and east-coast ports,8,Saudi Arabia,SAU,port275,Dammam,2026-04-09,1,2.285714286,3.5,5.535714286
daily_port_series,Gulf and east-coast ports,8,Saudi Arabia,SAU,port275,Dammam,2026-04-10,1,2.428571429,6.75,5.642857143
daily_port_series,Gulf and east-coast ports,8,Saudi Arabia,SAU,port275,Dammam,2026-04-11,5,2.714285714,7.75,5.428571429
daily_port_series,Gulf and east-coast ports,8,Saudi Arabia,SAU,port275,Dammam,2026-04-12,2,2.857142857,4.5,5.107142857
daily_port_series,Gulf and east-coast ports,8,Saudi Arabia,SAU,port275,Dammam,2026-04-13,5,3,5.75,5.214285714
daily_port_series,Gulf and east-coast ports,8,Saudi Arabia,SAU,port275,Dammam,2026-04-14,2,3.428571429,5,5.035714286
daily_port_series,Gulf and east-coast ports,8,Saudi Arabia,SAU,port275,Dammam,2026-04-15,4,2.857142857,2.5,5.035714286
daily_port_series,Gulf and east-coast ports,8,Saudi Arabia,SAU,port275,Dammam,2026-04-16,2,2.714285714,4.25,4.964285714
daily_port_series,Gulf and east-coast ports,8,Saudi Arabia,SAU,port275,Dammam,2026-04-17,4,2.428571429,5.5,4.964285714
daily_port_series,Gulf and east-coast ports,8,Saudi Arabia,SAU,port275,Dammam,2026-04-18,1,2.142857143,7.75,5.107142857
daily_port_series,Gulf and east-coast ports,8,Saudi Arabia,SAU,port275,Dammam,2026-04-19,1,1.857142857,4,5.25
daily_port_series,Gulf and east-coast ports,8,Saudi Arabia,SAU,port275,Dammam,2026-04-20,3,2,5.75,5.392857143
daily_port_series,Gulf and east-coast ports,8,Saudi Arabia,SAU,port275,Dammam,2026-04-21,0,1.428571429,6,5.142857143
daily_port_series,Gulf and east-coast ports,8,Saudi Arabia,SAU,port275,Dammam,2026-04-22,2,1.285714286,3.5,5.035714286
daily_port_series,Gulf and east-coast ports,8,Saudi Arabia,SAU,port275,Dammam,2026-04-23,3,1.428571429,5.25,5.035714286
daily_port_series,Gulf and east-coast ports,8,Saudi Arabia,SAU,port275,Dammam,2026-04-24,0,1.571428571,3.75,5
daily_port_series,Gulf and east-coast ports,8,Saudi Arabia,SAU,port275,Dammam,2026-04-25,0,2,7,5
daily_port_series,Gulf and east-coast ports,8,Saudi Arabia,SAU,port275,Dammam,2026-04-26,2,2,4,5.107142857
daily_port_series,Gulf and east-coast ports,8,Saudi Arabia,SAU,port275,Dammam,2026-04-27,4,2.142857143,5.5,5.071428571
daily_port_series,Gulf and east-coast ports,8,Saudi Arabia,SAU,port275,Dammam,2026-04-28,3,2.571428571,6,5.142857143
daily_port_series,Gulf and east-coast ports,8,Saudi Arabia,SAU,port275,Dammam,2026-04-29,2,3,4.25,4.821428571
daily_port_series,Gulf and east-coast ports,8,Saudi Arabia,SAU,port275,Dammam,2026-04-30,4,3,5,5.142857143
daily_port_series,Gulf and east-coast ports,8,Saudi Arabia,SAU,port275,Dammam,2026-05-01,3,2.857142857,4.25,5.321428571
daily_port_series,Gulf and east-coast ports,8,Saudi Arabia,SAU,port275,Dammam,2026-05-02,3,2.714285714,4.75,5.071428571
daily_port_series,Gulf and east-coast ports,8,Saudi Arabia,SAU,port275,Dammam,2026-05-03,2,2.857142857,6.25,5.178571429
daily_port_series,Gulf and east-coast ports,8,Saudi Arabia,SAU,port275,Dammam,2026-05-04,3,2.285714286,6.75,5.142857143
daily_port_series,Gulf and east-coast ports,8,Saudi Arabia,SAU,port275,Dammam,2026-05-05,2,2.428571429,4.25,5.214285714
daily_port_series,Gulf and east-coast ports,8,Saudi Arabia,SAU,port275,Dammam,2026-05-06,3,2.142857143,5,5.392857143
daily_port_series,Gulf and east-coast ports,8,Saudi Arabia,SAU,port275,Dammam,2026-05-07,0,2.142857143,4.75,5.178571429
daily_port_series,Gulf and east-coast ports,8,Saudi Arabia,SAU,port275,Dammam,2026-05-08,4,2,4.75,4.821428571
daily_port_series,Gulf and east-coast ports,8,Saudi Arabia,SAU,port275,Dammam,2026-05-09,1,2.142857143,6,5.035714286
daily_port_series,Gulf and east-coast ports,8,Saudi Arabia,SAU,port275,Dammam,2026-05-10,2,1.857142857,4.75,4.607142857
daily_port_series,Gulf and east-coast ports,8,Saudi Arabia,SAU,port275,Dammam,2026-05-11,2,2.142857143,4.25,4.714285714
daily_port_series,Gulf and east-coast ports,8,Saudi Arabia,SAU,port275,Dammam,2026-05-12,3,1.571428571,5.75,5.214285714
daily_port_series,Gulf and east-coast ports,8,Saudi Arabia,SAU,port275,Dammam,2026-05-13,1,1.857142857,2,5.25
daily_port_series,Gulf and east-coast ports,8,Saudi Arabia,SAU,port275,Dammam,2026-05-14,2,1.857142857,5.5,5.142857143
daily_port_series,Gulf and east-coast ports,8,Saudi Arabia,SAU,port275,Dammam,2026-05-15,0,1.571428571,8.25,5.392857143
daily_port_series,Gulf and east-coast ports,8,Saudi Arabia,SAU,port275,Dammam,2026-05-16,3,2,6.25,5.035714286
daily_port_series,Gulf and east-coast ports,8,Saudi Arabia,SAU,port275,Dammam,2026-05-17,2,2,4,5.428571429
daily_port_series,Gulf and east-coast ports,8,Saudi Arabia,SAU,port275,Dammam,2026-05-18,0,1.857142857,6,5.214285714
daily_port_series,Gulf and east-coast ports,8,Saudi Arabia,SAU,port275,Dammam,2026-05-19,6,2,3.25,5.035714286
daily_port_series,Gulf and east-coast ports,8,Saudi Arabia,SAU,port275,Dammam,2026-05-20,1,2.142857143,4.75,4.785714286
daily_port_series,Gulf and east-coast ports,8,Saudi Arabia,SAU,port275,Dammam,2026-05-21,1,2.428571429,4,4.821428571
daily_port_series,Gulf and east-coast ports,8,Saudi Arabia,SAU,port275,Dammam,2026-05-22,1,2.714285714,7,4.928571429
daily_port_series,Gulf and east-coast ports,8,Saudi Arabia,SAU,port275,Dammam,2026-05-23,4,2.142857143,4.5,5.142857143
daily_port_series,Gulf and east-coast ports,8,Saudi Arabia,SAU,port275,Dammam,2026-05-24,4,2,4.25,5.071428571
daily_port_series,Gulf and east-coast ports,8,Saudi Arabia,SAU,port275,Dammam,2026-05-25,2,1.857142857,6.75,5.142857143
daily_port_series,Gulf and east-coast ports,8,Saudi Arabia,SAU,port275,Dammam,2026-05-26,2,1.714285714,4.75,4.964285714
daily_port_series,Gulf and east-coast ports,8,Saudi Arabia,SAU,port275,Dammam,2026-05-27,0,1.142857143,4.25,4.964285714
daily_port_series,Gulf and east-coast ports,8,Saudi Arabia,SAU,port275,Dammam,2026-05-28,0,0.7142857143,4.5,5.357142857
daily_port_series,Gulf and east-coast ports,8,Saudi Arabia,SAU,port275,Dammam,2026-05-29,0,1,5.75,5
daily_port_series,Gulf and east-coast ports,8,Saudi Arabia,SAU,port275,Dammam,2026-05-30,0,1,4.5,5.142857143
daily_port_series,Gulf and east-coast ports,8,Saudi Arabia,SAU,port275,Dammam,2026-05-31,1,1.142857143,7,5
daily_port_series,Gulf and east-coast ports,8,Saudi Arabia,SAU,port275,Dammam,2026-06-01,4,1.428571429,4.25,4.964285714
daily_port_series,Gulf and east-coast ports,8,Saudi Arabia,SAU,port275,Dammam,2026-06-02,2,1.571428571,5.75,5.035714286
daily_port_series,Gulf and east-coast ports,8,Saudi Arabia,SAU,port275,Dammam,2026-06-03,1,1.857142857,3.25,4.821428571
daily_port_series,Gulf and east-coast ports,8,Saudi Arabia,SAU,port275,Dammam,2026-06-04,2,1.857142857,4.25,4.535714286
daily_port_series,Gulf and east-coast ports,8,Saudi Arabia,SAU,port275,Dammam,2026-06-05,1,1.285714286,6.25,4.714285714
daily_port_series,Gulf and east-coast ports,8,Saudi Arabia,SAU,port275,Dammam,2026-06-06,2,1.142857143,3,4.964285714
daily_port_series,Gulf and east-coast ports,8,Saudi Arabia,SAU,port275,Dammam,2026-06-07,1,1.428571429,5,5
daily_port_series,Gulf and east-coast ports,8,Saudi Arabia,SAU,port275,Dammam,2026-06-08,0,1.428571429,5.5,4.857142857
daily_port_series,Gulf and east-coast ports,8,Saudi Arabia,SAU,port275,Dammam,2026-06-09,1,1.428571429,7.5,4.964285714
daily_port_series,Gulf and east-coast ports,8,Saudi Arabia,SAU,port275,Dammam,2026-06-10,3,1.285714286,3.5,5.178571429
daily_port_series,Gulf and east-coast ports,8,Saudi Arabia,SAU,port275,Dammam,2026-06-11,2,1.285714286,3.25,5.285714286
daily_port_series,Gulf and east-coast ports,8,Saudi Arabia,SAU,port275,Dammam,2026-06-12,1,1.571428571,7,5.285714286
daily_port_series,Gulf and east-coast ports,8,Saudi Arabia,SAU,port275,Dammam,2026-06-13,1,1.571428571,4.5,4.857142857
daily_port_series,Gulf and east-coast ports,8,Saudi Arabia,SAU,port275,Dammam,2026-06-14,1,1.428571429,5.75,5.214285714
daily_port_series,Gulf and east-coast ports,8,Saudi Arabia,SAU,port275,Dammam,2026-06-15,2,1.285714286,5.5,5.25
daily_port_series,Gulf and east-coast ports,8,Saudi Arabia,SAU,port275,Dammam,2026-06-16,1,1.428571429,4.5,4.821428571
daily_port_series,Gulf and east-coast ports,8,Saudi Arabia,SAU,port275,Dammam,2026-06-17,2,1.428571429,6,4.821428571
daily_port_series,Gulf and east-coast ports,8,Saudi Arabia,SAU,port275,Dammam,2026-06-18,1,1.428571429,3.5,4.571428571
daily_port_series,Gulf and east-coast ports,8,Saudi Arabia,SAU,port275,Dammam,2026-06-19,2,1.428571429,4,4.714285714
daily_port_series,Gulf and east-coast ports,8,Saudi Arabia,SAU,port275,Dammam,2026-06-20,1,1.571428571,4.5,4.607142857
daily_port_series,Gulf and east-coast ports,8,Saudi Arabia,SAU,port275,Dammam,2026-06-21,1,1.285714286,4,4.321428571
daily_port_series,Gulf and east-coast ports,8,Saudi Arabia,SAU,port275,Dammam,2026-06-22,2,1.285714286,6.5,4.428571429
daily_port_series,Gulf and east-coast ports,8,Saudi Arabia,SAU,port275,Dammam,2026-06-23,2,1.714285714,3.75,4.607142857
daily_port_series,Gulf and east-coast ports,8,Saudi Arabia,SAU,port275,Dammam,2026-06-24,0,2,4,4.607142857
daily_port_series,Gulf and east-coast ports,8,Saudi Arabia,SAU,port275,Dammam,2026-06-25,1,2,4.25,4.607142857
daily_port_series,Gulf and east-coast ports,8,Saudi Arabia,SAU,port275,Dammam,2026-06-26,5,1.857142857,5.25,4.142857143
daily_port_series,Gulf and east-coast ports,8,Saudi Arabia,SAU,port275,Dammam,2026-06-27,3,1.571428571,4.5,4.214285714
daily_port_series,Gulf and east-coast ports,8,Saudi Arabia,SAU,port275,Dammam,2026-06-28,1,1.833333333,4,4.25
daily_port_series,Gulf and east-coast ports,8,Saudi Arabia,SAU,port275,Dammam,2026-06-29,1,2,3.25,4.25
daily_port_series,Gulf and east-coast ports,8,Saudi Arabia,SAU,port275,Dammam,2026-06-30,0,1.25,4.25,4
daily_port_series,Wider route context,9,Djibouti,DJI,port294,Djibouti,2026-01-01,1,2.5,3,3.375
daily_port_series,Wider route context,9,Djibouti,DJI,port294,Djibouti,2026-01-02,3,3,4.25,3.45
daily_port_series,Wider route context,9,Djibouti,DJI,port294,Djibouti,2026-01-03,5,2.666666667,3,3.375
daily_port_series,Wider route context,9,Djibouti,DJI,port294,Djibouti,2026-01-04,1,2.571428571,3.25,3.392857143
daily_port_series,Wider route context,9,Djibouti,DJI,port294,Djibouti,2026-01-05,5,3,3.75,3.464285714
daily_port_series,Wider route context,9,Djibouti,DJI,port294,Djibouti,2026-01-06,1,3.428571429,3,3.285714286
daily_port_series,Wider route context,9,Djibouti,DJI,port294,Djibouti,2026-01-07,2,3,3.5,3.464285714
daily_port_series,Wider route context,9,Djibouti,DJI,port294,Djibouti,2026-01-08,4,3,3.5,3.428571429
daily_port_series,Wider route context,9,Djibouti,DJI,port294,Djibouti,2026-01-09,6,2.714285714,3,3.285714286
daily_port_series,Wider route context,9,Djibouti,DJI,port294,Djibouti,2026-01-10,2,3.285714286,4.25,3.392857143
daily_port_series,Wider route context,9,Djibouti,DJI,port294,Djibouti,2026-01-11,1,3.428571429,3,3.357142857
daily_port_series,Wider route context,9,Djibouti,DJI,port294,Djibouti,2026-01-12,3,3.571428571,2.75,3.5
daily_port_series,Wider route context,9,Djibouti,DJI,port294,Djibouti,2026-01-13,5,3.428571429,3.75,3.785714286
daily_port_series,Wider route context,9,Djibouti,DJI,port294,Djibouti,2026-01-14,3,3.857142857,3.25,3.785714286
daily_port_series,Wider route context,9,Djibouti,DJI,port294,Djibouti,2026-01-15,5,4.142857143,4.5,3.785714286
daily_port_series,Wider route context,9,Djibouti,DJI,port294,Djibouti,2026-01-16,5,4.285714286,5,3.785714286
daily_port_series,Wider route context,9,Djibouti,DJI,port294,Djibouti,2026-01-17,5,4.285714286,4.25,3.75
daily_port_series,Wider route context,9,Djibouti,DJI,port294,Djibouti,2026-01-18,3,4,3,3.857142857
daily_port_series,Wider route context,9,Djibouti,DJI,port294,Djibouti,2026-01-19,4,3.857142857,2.75,3.75
daily_port_series,Wider route context,9,Djibouti,DJI,port294,Djibouti,2026-01-20,5,3.285714286,3.5,3.75
daily_port_series,Wider route context,9,Djibouti,DJI,port294,Djibouti,2026-01-21,1,2.571428571,4,3.571428571
daily_port_series,Wider route context,9,Djibouti,DJI,port294,Djibouti,2026-01-22,4,2.428571429,3.75,3.607142857
daily_port_series,Wider route context,9,Djibouti,DJI,port294,Djibouti,2026-01-23,1,2.714285714,5,3.75
daily_port_series,Wider route context,9,Djibouti,DJI,port294,Djibouti,2026-01-24,0,2.714285714,3,3.5
daily_port_series,Wider route context,9,Djibouti,DJI,port294,Djibouti,2026-01-25,2,3.142857143,3.25,3.428571429
daily_port_series,Wider route context,9,Djibouti,DJI,port294,Djibouti,2026-01-26,6,2.857142857,3.75,3.428571429
daily_port_series,Wider route context,9,Djibouti,DJI,port294,Djibouti,2026-01-27,5,3.571428571,1.75,3.285714286
daily_port_series,Wider route context,9,Djibouti,DJI,port294,Djibouti,2026-01-28,4,4.285714286,3.5,3.321428571
daily_port_series,Wider route context,9,Djibouti,DJI,port294,Djibouti,2026-01-29,2,4.428571429,3.75,3.464285714
daily_port_series,Wider route context,9,Djibouti,DJI,port294,Djibouti,2026-01-30,6,4.285714286,4,3.428571429
daily_port_series,Wider route context,9,Djibouti,DJI,port294,Djibouti,2026-01-31,5,3.714285714,3.25,3.642857143
daily_port_series,Wider route context,9,Djibouti,DJI,port294,Djibouti,2026-02-01,3,4.142857143,4.25,3.642857143
daily_port_series,Wider route context,9,Djibouti,DJI,port294,Djibouti,2026-02-02,5,4.285714286,3.5,3.607142857
daily_port_series,Wider route context,9,Djibouti,DJI,port294,Djibouti,2026-02-03,1,4.142857143,3.25,3.714285714
daily_port_series,Wider route context,9,Djibouti,DJI,port294,Djibouti,2026-02-04,7,4,3.5,3.678571429
daily_port_series,Wider route context,9,Djibouti,DJI,port294,Djibouti,2026-02-05,3,4.142857143,3.5,3.678571429
daily_port_series,Wider route context,9,Djibouti,DJI,port294,Djibouti,2026-02-06,5,3.857142857,4.75,3.607142857
daily_port_series,Wider route context,9,Djibouti,DJI,port294,Djibouti,2026-02-07,4,4.285714286,3,3.535714286
daily_port_series,Wider route context,9,Djibouti,DJI,port294,Djibouti,2026-02-08,4,3.571428571,4.25,3.5
daily_port_series,Wider route context,9,Djibouti,DJI,port294,Djibouti,2026-02-09,3,3.714285714,3,3.535714286
daily_port_series,Wider route context,9,Djibouti,DJI,port294,Djibouti,2026-02-10,4,3.142857143,2.75,3.392857143
daily_port_series,Wider route context,9,Djibouti,DJI,port294,Djibouti,2026-02-11,2,2.714285714,3.25,3.392857143
daily_port_series,Wider route context,9,Djibouti,DJI,port294,Djibouti,2026-02-12,4,2.571428571,3.75,3.357142857
daily_port_series,Wider route context,9,Djibouti,DJI,port294,Djibouti,2026-02-13,1,2.571428571,3.75,3.642857143
daily_port_series,Wider route context,9,Djibouti,DJI,port294,Djibouti,2026-02-14,1,2.714285714,3,3.607142857
daily_port_series,Wider route context,9,Djibouti,DJI,port294,Djibouti,2026-02-15,3,2.857142857,4,3.75
daily_port_series,Wider route context,9,Djibouti,DJI,port294,Djibouti,2026-02-16,3,3.142857143,5,3.571428571
daily_port_series,Wider route context,9,Djibouti,DJI,port294,Djibouti,2026-02-17,5,3.285714286,2.5,3.678571429
daily_port_series,Wider route context,9,Djibouti,DJI,port294,Djibouti,2026-02-18,3,3.571428571,4.25,3.928571429
daily_port_series,Wider route context,9,Djibouti,DJI,port294,Djibouti,2026-02-19,6,4.142857143,2.5,3.964285714
daily_port_series,Wider route context,9,Djibouti,DJI,port294,Djibouti,2026-02-20,2,4.285714286,4.5,3.785714286
daily_port_series,Wider route context,9,Djibouti,DJI,port294,Djibouti,2026-02-21,3,4.428571429,4.75,3.857142857
daily_port_series,Wider route context,9,Djibouti,DJI,port294,Djibouti,2026-02-22,7,4,4.25,3.642857143
daily_port_series,Wider route context,9,Djibouti,DJI,port294,Djibouti,2026-02-23,4,3.714285714,3.75,4.107142857
daily_port_series,Wider route context,9,Djibouti,DJI,port294,Djibouti,2026-02-24,6,3.714285714,3,3.928571429
daily_port_series,Wider route context,9,Djibouti,DJI,port294,Djibouti,2026-02-25,0,3.571428571,2.75,4.035714286
daily_port_series,Wider route context,9,Djibouti,DJI,port294,Djibouti,2026-02-26,4,2.714285714,5.75,4.107142857
daily_port_series,Wider route context,9,Djibouti,DJI,port294,Djibouti,2026-02-27,2,3.142857143,3.25,4.107142857
daily_port_series,Wider route context,9,Djibouti,DJI,port294,Djibouti,2026-02-28,2,2.857142857,5.5,4.035714286
daily_port_series,Wider route context,9,Djibouti,DJI,port294,Djibouti,2026-03-01,1,3.428571429,4.75,4.142857143
daily_port_series,Wider route context,9,Djibouti,DJI,port294,Djibouti,2026-03-02,7,3.285714286,3.75,3.857142857
daily_port_series,Wider route context,9,Djibouti,DJI,port294,Djibouti,2026-03-03,4,3.428571429,2.5,3.964285714
daily_port_series,Wider route context,9,Djibouti,DJI,port294,Djibouti,2026-03-04,4,3.714285714,3.5,3.642857143
daily_port_series,Wider route context,9,Djibouti,DJI,port294,Djibouti,2026-03-05,3,4.142857143,3.75,3.285714286
daily_port_series,Wider route context,9,Djibouti,DJI,port294,Djibouti,2026-03-06,3,3.714285714,4,3.392857143
daily_port_series,Wider route context,9,Djibouti,DJI,port294,Djibouti,2026-03-07,4,4.142857143,3.25,3.428571429
daily_port_series,Wider route context,9,Djibouti,DJI,port294,Djibouti,2026-03-08,4,3.714285714,2.25,3.428571429
daily_port_series,Wider route context,9,Djibouti,DJI,port294,Djibouti,2026-03-09,4,4,4.5,3.464285714
daily_port_series,Wider route context,9,Djibouti,DJI,port294,Djibouti,2026-03-10,7,4,2.75,3.571428571
daily_port_series,Wider route context,9,Djibouti,DJI,port294,Djibouti,2026-03-11,1,3.857142857,3.5,3.75
daily_port_series,Wider route context,9,Djibouti,DJI,port294,Djibouti,2026-03-12,5,3.428571429,4,4.25
daily_port_series,Wider route context,9,Djibouti,DJI,port294,Djibouti,2026-03-13,3,3.571428571,4.75,4.178571429
daily_port_series,Wider route context,9,Djibouti,DJI,port294,Djibouti,2026-03-14,3,3.142857143,4.5,4.214285714
daily_port_series,Wider route context,9,Djibouti,DJI,port294,Djibouti,2026-03-15,1,3.142857143,5.75,4.285714286
daily_port_series,Wider route context,9,Djibouti,DJI,port294,Djibouti,2026-03-16,5,3,4,4.285714286
daily_port_series,Wider route context,9,Djibouti,DJI,port294,Djibouti,2026-03-17,4,3,3,4.285714286
daily_port_series,Wider route context,9,Djibouti,DJI,port294,Djibouti,2026-03-18,1,3.571428571,4,4.071428571
daily_port_series,Wider route context,9,Djibouti,DJI,port294,Djibouti,2026-03-19,4,3.857142857,4,3.75
daily_port_series,Wider route context,9,Djibouti,DJI,port294,Djibouti,2026-03-20,3,4,4.75,3.75
daily_port_series,Wider route context,9,Djibouti,DJI,port294,Djibouti,2026-03-21,7,3.857142857,3,3.75
daily_port_series,Wider route context,9,Djibouti,DJI,port294,Djibouti,2026-03-22,3,4.285714286,3.5,3.75
daily_port_series,Wider route context,9,Djibouti,DJI,port294,Djibouti,2026-03-23,6,4.571428571,4,3.571428571
daily_port_series,Wider route context,9,Djibouti,DJI,port294,Djibouti,2026-03-24,3,4.571428571,3,3.5
daily_port_series,Wider route context,9,Djibouti,DJI,port294,Djibouti,2026-03-25,4,4.285714286,4,3.714285714
daily_port_series,Wider route context,9,Djibouti,DJI,port294,Djibouti,2026-03-26,6,4.428571429,2.75,3.678571429
daily_port_series,Wider route context,9,Djibouti,DJI,port294,Djibouti,2026-03-27,3,4,4.25,3.464285714
daily_port_series,Wider route context,9,Djibouti,DJI,port294,Djibouti,2026-03-28,5,4,4.5,3.5
daily_port_series,Wider route context,9,Djibouti,DJI,port294,Djibouti,2026-03-29,4,4,3.25,3.678571429
daily_port_series,Wider route context,9,Djibouti,DJI,port294,Djibouti,2026-03-30,3,3.428571429,2.5,3.892857143
daily_port_series,Wider route context,9,Djibouti,DJI,port294,Djibouti,2026-03-31,3,3.857142857,3.25,3.75
daily_port_series,Wider route context,9,Djibouti,DJI,port294,Djibouti,2026-04-01,4,3.428571429,5.25,3.535714286
daily_port_series,Wider route context,9,Djibouti,DJI,port294,Djibouti,2026-04-02,2,3.142857143,4.25,3.5
daily_port_series,Wider route context,9,Djibouti,DJI,port294,Djibouti,2026-04-03,6,2.857142857,3.25,3.714285714
daily_port_series,Wider route context,9,Djibouti,DJI,port294,Djibouti,2026-04-04,2,2.857142857,3,4
daily_port_series,Wider route context,9,Djibouti,DJI,port294,Djibouti,2026-04-05,2,2.571428571,3,3.535714286
daily_port_series,Wider route context,9,Djibouti,DJI,port294,Djibouti,2026-04-06,1,3,4,3.5
daily_port_series,Wider route context,9,Djibouti,DJI,port294,Djibouti,2026-04-07,3,3,5.25,3.5
daily_port_series,Wider route context,9,Djibouti,DJI,port294,Djibouti,2026-04-08,2,2.857142857,2,3.428571429
daily_port_series,Wider route context,9,Djibouti,DJI,port294,Djibouti,2026-04-09,5,3.285714286,4,3.464285714
daily_port_series,Wider route context,9,Djibouti,DJI,port294,Djibouti,2026-04-10,6,3.714285714,3.25,3.428571429
daily_port_series,Wider route context,9,Djibouti,DJI,port294,Djibouti,2026-04-11,1,3.857142857,2.5,3.25
daily_port_series,Wider route context,9,Djibouti,DJI,port294,Djibouti,2026-04-12,5,4.142857143,3.25,3.5
daily_port_series,Wider route context,9,Djibouti,DJI,port294,Djibouti,2026-04-13,4,4.142857143,3.75,3.428571429
daily_port_series,Wider route context,9,Djibouti,DJI,port294,Djibouti,2026-04-14,4,3.857142857,4,3.428571429
daily_port_series,Wider route context,9,Djibouti,DJI,port294,Djibouti,2026-04-15,4,4.428571429,3.75,3.642857143
daily_port_series,Wider route context,9,Djibouti,DJI,port294,Djibouti,2026-04-16,5,4.142857143,3.5,3.642857143
daily_port_series,Wider route context,9,Djibouti,DJI,port294,Djibouti,2026-04-17,4,4.285714286,3.25,3.607142857
daily_port_series,Wider route context,9,Djibouti,DJI,port294,Djibouti,2026-04-18,5,4.142857143,4,3.357142857
daily_port_series,Wider route context,9,Djibouti,DJI,port294,Djibouti,2026-04-19,3,4.571428571,3.25,3.428571429
daily_port_series,Wider route context,9,Djibouti,DJI,port294,Djibouti,2026-04-20,5,4.285714286,3.5,3.5
daily_port_series,Wider route context,9,Djibouti,DJI,port294,Djibouti,2026-04-21,3,4.285714286,2.25,3.857142857
daily_port_series,Wider route context,9,Djibouti,DJI,port294,Djibouti,2026-04-22,7,4,4.25,3.964285714
daily_port_series,Wider route context,9,Djibouti,DJI,port294,Djibouti,2026-04-23,3,4.428571429,4,4.107142857
daily_port_series,Wider route context,9,Djibouti,DJI,port294,Djibouti,2026-04-24,4,4.428571429,5.75,4.142857143
daily_port_series,Wider route context,9,Djibouti,DJI,port294,Djibouti,2026-04-25,3,4.142857143,4.75,4.142857143
daily_port_series,Wider route context,9,Djibouti,DJI,port294,Djibouti,2026-04-26,6,3.857142857,4.25,4.035714286
daily_port_series,Wider route context,9,Djibouti,DJI,port294,Djibouti,2026-04-27,5,3.857142857,3.75,3.892857143
daily_port_series,Wider route context,9,Djibouti,DJI,port294,Djibouti,2026-04-28,1,3.857142857,2.25,3.535714286
daily_port_series,Wider route context,9,Djibouti,DJI,port294,Djibouti,2026-04-29,5,4,3.5,3.357142857
daily_port_series,Wider route context,9,Djibouti,DJI,port294,Djibouti,2026-04-30,3,3.428571429,3,3.285714286
daily_port_series,Wider route context,9,Djibouti,DJI,port294,Djibouti,2026-05-01,4,3,3.25,3.178571429
daily_port_series,Wider route context,9,Djibouti,DJI,port294,Djibouti,2026-05-02,4,3.428571429,3.5,3.25
daily_port_series,Wider route context,9,Djibouti,DJI,port294,Djibouti,2026-05-03,2,3.428571429,3.75,3.464285714
daily_port_series,Wider route context,9,Djibouti,DJI,port294,Djibouti,2026-05-04,2,3.428571429,3,3.571428571
daily_port_series,Wider route context,9,Djibouti,DJI,port294,Djibouti,2026-05-05,4,3.142857143,2.75,3.571428571
daily_port_series,Wider route context,9,Djibouti,DJI,port294,Djibouti,2026-05-06,5,2.857142857,5,3.464285714
daily_port_series,Wider route context,9,Djibouti,DJI,port294,Djibouti,2026-05-07,3,3.285714286,3.75,3.678571429
daily_port_series,Wider route context,9,Djibouti,DJI,port294,Djibouti,2026-05-08,2,3.714285714,3.25,3.75
daily_port_series,Wider route context,9,Djibouti,DJI,port294,Djibouti,2026-05-09,2,3.714285714,2.75,3.892857143
daily_port_series,Wider route context,9,Djibouti,DJI,port294,Djibouti,2026-05-10,5,3.857142857,5.25,3.785714286
daily_port_series,Wider route context,9,Djibouti,DJI,port294,Djibouti,2026-05-11,5,4.142857143,3.5,3.892857143
daily_port_series,Wider route context,9,Djibouti,DJI,port294,Djibouti,2026-05-12,4,4.142857143,3.75,4.035714286
daily_port_series,Wider route context,9,Djibouti,DJI,port294,Djibouti,2026-05-13,6,4.571428571,4.25,4.178571429
daily_port_series,Wider route context,9,Djibouti,DJI,port294,Djibouti,2026-05-14,5,4.857142857,4.5,3.892857143
daily_port_series,Wider route context,9,Djibouti,DJI,port294,Djibouti,2026-05-15,2,5.142857143,4.25,3.857142857
daily_port_series,Wider route context,9,Djibouti,DJI,port294,Djibouti,2026-05-16,5,4.714285714,3.75,3.678571429
daily_port_series,Wider route context,9,Djibouti,DJI,port294,Djibouti,2026-05-17,7,4.428571429,3.25,3.607142857
daily_port_series,Wider route context,9,Djibouti,DJI,port294,Djibouti,2026-05-18,7,4.142857143,3.25,3.535714286
daily_port_series,Wider route context,9,Djibouti,DJI,port294,Djibouti,2026-05-19,1,4,2.5,3.607142857
daily_port_series,Wider route context,9,Djibouti,DJI,port294,Djibouti,2026-05-20,4,4.142857143,3.75,3.571428571
daily_port_series,Wider route context,9,Djibouti,DJI,port294,Djibouti,2026-05-21,3,3.285714286,4,3.678571429
daily_port_series,Wider route context,9,Djibouti,DJI,port294,Djibouti,2026-05-22,1,2.428571429,4.75,3.892857143
daily_port_series,Wider route context,9,Djibouti,DJI,port294,Djibouti,2026-05-23,6,2.571428571,3.5,3.928571429
daily_port_series,Wider route context,9,Djibouti,DJI,port294,Djibouti,2026-05-24,1,2.571428571,4,3.857142857
daily_port_series,Wider route context,9,Djibouti,DJI,port294,Djibouti,2026-05-25,1,2.714285714,4.75,3.892857143
daily_port_series,Wider route context,9,Djibouti,DJI,port294,Djibouti,2026-05-26,2,2.857142857,2.75,4.035714286
daily_port_series,Wider route context,9,Djibouti,DJI,port294,Djibouti,2026-05-27,4,2.285714286,3.25,4
daily_port_series,Wider route context,9,Djibouti,DJI,port294,Djibouti,2026-05-28,4,2.714285714,4.25,4.071428571
daily_port_series,Wider route context,9,Djibouti,DJI,port294,Djibouti,2026-05-29,2,3,5.75,3.892857143
daily_port_series,Wider route context,9,Djibouti,DJI,port294,Djibouti,2026-05-30,2,3,3.25,3.964285714
daily_port_series,Wider route context,9,Djibouti,DJI,port294,Djibouti,2026-05-31,4,3,4.5,4.107142857
daily_port_series,Wider route context,9,Djibouti,DJI,port294,Djibouti,2026-06-01,3,3.142857143,3.5,4
daily_port_series,Wider route context,9,Djibouti,DJI,port294,Djibouti,2026-06-02,2,3.142857143,3.25,3.892857143
daily_port_series,Wider route context,9,Djibouti,DJI,port294,Djibouti,2026-06-03,4,3.428571429,4.25,3.75
daily_port_series,Wider route context,9,Djibouti,DJI,port294,Djibouti,2026-06-04,5,3.285714286,3.5,3.607142857
daily_port_series,Wider route context,9,Djibouti,DJI,port294,Djibouti,2026-06-05,2,3.714285714,5,3.428571429
daily_port_series,Wider route context,9,Djibouti,DJI,port294,Djibouti,2026-06-06,4,3.714285714,2.25,3.392857143
daily_port_series,Wider route context,9,Djibouti,DJI,port294,Djibouti,2026-06-07,3,4,3.5,3.464285714
daily_port_series,Wider route context,9,Djibouti,DJI,port294,Djibouti,2026-06-08,6,3.857142857,2.25,3.607142857
daily_port_series,Wider route context,9,Djibouti,DJI,port294,Djibouti,2026-06-09,2,4,3,3.357142857
daily_port_series,Wider route context,9,Djibouti,DJI,port294,Djibouti,2026-06-10,6,4,4.75,3.607142857
daily_port_series,Wider route context,9,Djibouti,DJI,port294,Djibouti,2026-06-11,4,4,4.5,3.607142857
daily_port_series,Wider route context,9,Djibouti,DJI,port294,Djibouti,2026-06-12,3,3.714285714,3.25,3.678571429
daily_port_series,Wider route context,9,Djibouti,DJI,port294,Djibouti,2026-06-13,4,4.428571429,4,3.714285714
daily_port_series,Wider route context,9,Djibouti,DJI,port294,Djibouti,2026-06-14,3,4,3.5,3.428571429
daily_port_series,Wider route context,9,Djibouti,DJI,port294,Djibouti,2026-06-15,4,4,2.75,3.321428571
daily_port_series,Wider route context,9,Djibouti,DJI,port294,Djibouti,2026-06-16,7,4.285714286,3.25,3.214285714
daily_port_series,Wider route context,9,Djibouti,DJI,port294,Djibouti,2026-06-17,3,4,2.75,3.178571429
daily_port_series,Wider route context,9,Djibouti,DJI,port294,Djibouti,2026-06-18,4,3.857142857,3.75,3.285714286
daily_port_series,Wider route context,9,Djibouti,DJI,port294,Djibouti,2026-06-19,5,3.428571429,2.5,3.285714286
daily_port_series,Wider route context,9,Djibouti,DJI,port294,Djibouti,2026-06-20,2,3,3.75,3.214285714
daily_port_series,Wider route context,9,Djibouti,DJI,port294,Djibouti,2026-06-21,2,3.142857143,4.25,3.321428571
daily_port_series,Wider route context,9,Djibouti,DJI,port294,Djibouti,2026-06-22,1,3.142857143,2.75,3.607142857
daily_port_series,Wider route context,9,Djibouti,DJI,port294,Djibouti,2026-06-23,4,2.571428571,2.75,3.678571429
daily_port_series,Wider route context,9,Djibouti,DJI,port294,Djibouti,2026-06-24,4,2.285714286,3.5,3.5
daily_port_series,Wider route context,9,Djibouti,DJI,port294,Djibouti,2026-06-25,4,2.285714286,5.75,3.428571429
daily_port_series,Wider route context,9,Djibouti,DJI,port294,Djibouti,2026-06-26,1,3,3,3.678571429
daily_port_series,Wider route context,9,Djibouti,DJI,port294,Djibouti,2026-06-27,0,2.857142857,2.5,3.642857143
daily_port_series,Wider route context,9,Djibouti,DJI,port294,Djibouti,2026-06-28,2,2.666666667,3.75,3.666666667
daily_port_series,Wider route context,9,Djibouti,DJI,port294,Djibouti,2026-06-29,6,2.4,4.5,3.25
daily_port_series,Wider route context,9,Djibouti,DJI,port294,Djibouti,2026-06-30,3,2.75,2.5,3.3125
daily_port_series,Gulf and east-coast ports,2,United Arab Emirates,ARE,port362,Fujairah,2026-01-01,9,10.5,6.25,8.5
daily_port_series,Gulf and east-coast ports,2,United Arab Emirates,ARE,port362,Fujairah,2026-01-02,8,10.2,10.25,8.6
daily_port_series,Gulf and east-coast ports,2,United Arab Emirates,ARE,port362,Fujairah,2026-01-03,12,9.666666667,9.25,8.458333333
daily_port_series,Gulf and east-coast ports,2,United Arab Emirates,ARE,port362,Fujairah,2026-01-04,13,9.714285714,8.25,8.785714286
daily_port_series,Gulf and east-coast ports,2,United Arab Emirates,ARE,port362,Fujairah,2026-01-05,9,10.14285714,9,9.321428571
daily_port_series,Gulf and east-coast ports,2,United Arab Emirates,ARE,port362,Fujairah,2026-01-06,7,10.42857143,7.75,9.071428571
daily_port_series,Gulf and east-coast ports,2,United Arab Emirates,ARE,port362,Fujairah,2026-01-07,10,9.714285714,10.75,9.285714286
daily_port_series,Gulf and east-coast ports,2,United Arab Emirates,ARE,port362,Fujairah,2026-01-08,12,9.571428571,10,9.178571429
daily_port_series,Gulf and east-coast ports,2,United Arab Emirates,ARE,port362,Fujairah,2026-01-09,10,10.42857143,8.5,9.178571429
daily_port_series,Gulf and east-coast ports,2,United Arab Emirates,ARE,port362,Fujairah,2026-01-10,7,11,10.75,9.428571429
daily_port_series,Gulf and east-coast ports,2,United Arab Emirates,ARE,port362,Fujairah,2026-01-11,12,10.85714286,7.5,9.285714286
daily_port_series,Gulf and east-coast ports,2,United Arab Emirates,ARE,port362,Fujairah,2026-01-12,15,10.85714286,9,9.25
daily_port_series,Gulf and east-coast ports,2,United Arab Emirates,ARE,port362,Fujairah,2026-01-13,11,10.14285714,9.5,9.785714286
daily_port_series,Gulf and east-coast ports,2,United Arab Emirates,ARE,port362,Fujairah,2026-01-14,9,10.57142857,9.75,9.678571429
daily_port_series,Gulf and east-coast ports,2,United Arab Emirates,ARE,port362,Fujairah,2026-01-15,12,10.14285714,9.75,10.14285714
daily_port_series,Gulf and east-coast ports,2,United Arab Emirates,ARE,port362,Fujairah,2026-01-16,5,9.714285714,12.25,10.35714286
daily_port_series,Gulf and east-coast ports,2,United Arab Emirates,ARE,port362,Fujairah,2026-01-17,10,9.285714286,10,10.42857143
daily_port_series,Gulf and east-coast ports,2,United Arab Emirates,ARE,port362,Fujairah,2026-01-18,9,8.714285714,10.75,10.10714286
daily_port_series,Gulf and east-coast ports,2,United Arab Emirates,ARE,port362,Fujairah,2026-01-19,12,8.285714286,10.5,9.964285714
daily_port_series,Gulf and east-coast ports,2,United Arab Emirates,ARE,port362,Fujairah,2026-01-20,8,9,10,9.714285714
daily_port_series,Gulf and east-coast ports,2,United Arab Emirates,ARE,port362,Fujairah,2026-01-21,5,8.571428571,7.5,9.607142857
daily_port_series,Gulf and east-coast ports,2,United Arab Emirates,ARE,port362,Fujairah,2026-01-22,9,8.857142857,8.75,9.571428571
daily_port_series,Gulf and east-coast ports,2,United Arab Emirates,ARE,port362,Fujairah,2026-01-23,10,8,10.5,9.071428571
daily_port_series,Gulf and east-coast ports,2,United Arab Emirates,ARE,port362,Fujairah,2026-01-24,7,8.285714286,9.25,8.714285714
daily_port_series,Gulf and east-coast ports,2,United Arab Emirates,ARE,port362,Fujairah,2026-01-25,11,9.571428571,10.5,8.928571429
daily_port_series,Gulf and east-coast ports,2,United Arab Emirates,ARE,port362,Fujairah,2026-01-26,6,10,7,9
daily_port_series,Gulf and east-coast ports,2,United Arab Emirates,ARE,port362,Fujairah,2026-01-27,10,10.42857143,7.5,8.642857143
daily_port_series,Gulf and east-coast ports,2,United Arab Emirates,ARE,port362,Fujairah,2026-01-28,14,10.57142857,9,8.5
daily_port_series,Gulf and east-coast ports,2,United Arab Emirates,ARE,port362,Fujairah,2026-01-29,12,11,9.25,8.25
daily_port_series,Gulf and east-coast ports,2,United Arab Emirates,ARE,port362,Fujairah,2026-01-30,13,11.28571429,8,8.535714286
daily_port_series,Gulf and east-coast ports,2,United Arab Emirates,ARE,port362,Fujairah,2026-01-31,8,11.57142857,8.25,8.535714286
daily_port_series,Gulf and east-coast ports,2,United Arab Emirates,ARE,port362,Fujairah,2026-02-01,14,11.14285714,8.75,8.571428571
daily_port_series,Gulf and east-coast ports,2,United Arab Emirates,ARE,port362,Fujairah,2026-02-02,8,10.85714286,9,8.785714286
daily_port_series,Gulf and east-coast ports,2,United Arab Emirates,ARE,port362,Fujairah,2026-02-03,12,10.57142857,7.5,9.107142857
daily_port_series,Gulf and east-coast ports,2,United Arab Emirates,ARE,port362,Fujairah,2026-02-04,11,11.42857143,9.25,9.071428571
daily_port_series,Gulf and east-coast ports,2,United Arab Emirates,ARE,port362,Fujairah,2026-02-05,10,10.71428571,10.75,9.535714286
daily_port_series,Gulf and east-coast ports,2,United Arab Emirates,ARE,port362,Fujairah,2026-02-06,11,11,10.25,9.321428571
daily_port_series,Gulf and east-coast ports,2,United Arab Emirates,ARE,port362,Fujairah,2026-02-07,14,10.57142857,8,9.535714286
daily_port_series,Gulf and east-coast ports,2,United Arab Emirates,ARE,port362,Fujairah,2026-02-08,9,10.28571429,12,9.607142857
daily_port_series,Gulf and east-coast ports,2,United Arab Emirates,ARE,port362,Fujairah,2026-02-09,10,10.28571429,7.5,9.392857143
daily_port_series,Gulf and east-coast ports,2,United Arab Emirates,ARE,port362,Fujairah,2026-02-10,9,9.857142857,9,9.607142857
daily_port_series,Gulf and east-coast ports,2,United Arab Emirates,ARE,port362,Fujairah,2026-02-11,9,9.142857143,9.75,9.785714286
daily_port_series,Gulf and east-coast ports,2,United Arab Emirates,ARE,port362,Fujairah,2026-02-12,10,9.142857143,9.25,9.75
daily_port_series,Gulf and east-coast ports,2,United Arab Emirates,ARE,port362,Fujairah,2026-02-13,8,8.714285714,11.75,9.928571429
daily_port_series,Gulf and east-coast ports,2,United Arab Emirates,ARE,port362,Fujairah,2026-02-14,9,9.142857143,9.25,10.10714286
daily_port_series,Gulf and east-coast ports,2,United Arab Emirates,ARE,port362,Fujairah,2026-02-15,9,9.285714286,11.75,9.607142857
daily_port_series,Gulf and east-coast ports,2,United Arab Emirates,ARE,port362,Fujairah,2026-02-16,7,9.285714286,8.75,9.75
daily_port_series,Gulf and east-coast ports,2,United Arab Emirates,ARE,port362,Fujairah,2026-02-17,12,9.714285714,10.25,9.5
daily_port_series,Gulf and east-coast ports,2,United Arab Emirates,ARE,port362,Fujairah,2026-02-18,10,10.14285714,6.25,9.607142857
daily_port_series,Gulf and east-coast ports,2,United Arab Emirates,ARE,port362,Fujairah,2026-02-19,10,10.14285714,10.25,9.25
daily_port_series,Gulf and east-coast ports,2,United Arab Emirates,ARE,port362,Fujairah,2026-02-20,11,10.85714286,10,9.357142857
daily_port_series,Gulf and east-coast ports,2,United Arab Emirates,ARE,port362,Fujairah,2026-02-21,12,10.57142857,10,9.25
daily_port_series,Gulf and east-coast ports,2,United Arab Emirates,ARE,port362,Fujairah,2026-02-22,9,10.57142857,9.25,9.785714286
daily_port_series,Gulf and east-coast ports,2,United Arab Emirates,ARE,port362,Fujairah,2026-02-23,12,10.71428571,9.5,9.785714286
daily_port_series,Gulf and east-coast ports,2,United Arab Emirates,ARE,port362,Fujairah,2026-02-24,10,10.57142857,9.5,9.964285714
daily_port_series,Gulf and east-coast ports,2,United Arab Emirates,ARE,port362,Fujairah,2026-02-25,10,10.28571429,10,9.892857143
daily_port_series,Gulf and east-coast ports,2,United Arab Emirates,ARE,port362,Fujairah,2026-02-26,11,9.857142857,10.25,9.964285714
daily_port_series,Gulf and east-coast ports,2,United Arab Emirates,ARE,port362,Fujairah,2026-02-27,10,8.714285714,11.25,9.821428571
daily_port_series,Gulf and east-coast ports,2,United Arab Emirates,ARE,port362,Fujairah,2026-02-28,10,7.285714286,9.5,9.928571429
daily_port_series,Gulf and east-coast ports,2,United Arab Emirates,ARE,port362,Fujairah,2026-03-01,6,5.857142857,9.75,10
daily_port_series,Gulf and east-coast ports,2,United Arab Emirates,ARE,port362,Fujairah,2026-03-02,4,4.285714286,8.5,10.25
daily_port_series,Gulf and east-coast ports,2,United Arab Emirates,ARE,port362,Fujairah,2026-03-03,0,2.857142857,10.25,10.28571429
daily_port_series,Gulf and east-coast ports,2,United Arab Emirates,ARE,port362,Fujairah,2026-03-04,0,1.428571429,10.5,10.03571429
daily_port_series,Gulf and east-coast ports,2,United Arab Emirates,ARE,port362,Fujairah,2026-03-05,0,0.5714285714,12,10.17857143
daily_port_series,Gulf and east-coast ports,2,United Arab Emirates,ARE,port362,Fujairah,2026-03-06,0,0,11.5,10.39285714
daily_port_series,Gulf and east-coast ports,2,United Arab Emirates,ARE,port362,Fujairah,2026-03-07,0,0,7.75,10.57142857
daily_port_series,Gulf and east-coast ports,2,United Arab Emirates,ARE,port362,Fujairah,2026-03-08,0,0,10.75,10.53571429
daily_port_series,Gulf and east-coast ports,2,United Arab Emirates,ARE,port362,Fujairah,2026-03-09,0,0,10,10.32142857
daily_port_series,Gulf and east-coast ports,2,United Arab Emirates,ARE,port362,Fujairah,2026-03-10,0,0,11.5,10.25
daily_port_series,Gulf and east-coast ports,2,United Arab Emirates,ARE,port362,Fujairah,2026-03-11,0,0,10.25,10.57142857
daily_port_series,Gulf and east-coast ports,2,United Arab Emirates,ARE,port362,Fujairah,2026-03-12,0,0.4285714286,10.5,10.57142857
daily_port_series,Gulf and east-coast ports,2,United Arab Emirates,ARE,port362,Fujairah,2026-03-13,0,0.8571428571,11,10.5
daily_port_series,Gulf and east-coast ports,2,United Arab Emirates,ARE,port362,Fujairah,2026-03-14,0,0.8571428571,10,10.35714286
daily_port_series,Gulf and east-coast ports,2,United Arab Emirates,ARE,port362,Fujairah,2026-03-15,3,0.8571428571,10.75,10.28571429
daily_port_series,Gulf and east-coast ports,2,United Arab Emirates,ARE,port362,Fujairah,2026-03-16,3,0.8571428571,9.5,10.32142857
daily_port_series,Gulf and east-coast ports,2,United Arab Emirates,ARE,port362,Fujairah,2026-03-17,0,1,10.5,9.928571429
daily_port_series,Gulf and east-coast ports,2,United Arab Emirates,ARE,port362,Fujairah,2026-03-18,0,1,9.75,9.964285714
daily_port_series,Gulf and east-coast ports,2,United Arab Emirates,ARE,port362,Fujairah,2026-03-19,0,0.5714285714,10.75,9.964285714
daily_port_series,Gulf and east-coast ports,2,United Arab Emirates,ARE,port362,Fujairah,2026-03-20,1,0.1428571429,8.25,9.857142857
daily_port_series,Gulf and east-coast ports,2,United Arab Emirates,ARE,port362,Fujairah,2026-03-21,0,0.1428571429,10.25,10.07142857
daily_port_series,Gulf and east-coast ports,2,United Arab Emirates,ARE,port362,Fujairah,2026-03-22,0,0.1428571429,10.75,10.17857143
daily_port_series,Gulf and east-coast ports,2,United Arab Emirates,ARE,port362,Fujairah,2026-03-23,0,1.285714286,8.75,9.857142857
daily_port_series,Gulf and east-coast ports,2,United Arab Emirates,ARE,port362,Fujairah,2026-03-24,0,1.714285714,12,10.07142857
daily_port_series,Gulf and east-coast ports,2,United Arab Emirates,ARE,port362,Fujairah,2026-03-25,0,1.857142857,10.5,9.964285714
daily_port_series,Gulf and east-coast ports,2,United Arab Emirates,ARE,port362,Fujairah,2026-03-26,8,2.142857143,8.5,9.785714286
daily_port_series,Gulf and east-coast ports,2,United Arab Emirates,ARE,port362,Fujairah,2026-03-27,4,2.428571429,9.75,10
daily_port_series,Gulf and east-coast ports,2,United Arab Emirates,ARE,port362,Fujairah,2026-03-28,1,2.428571429,9.5,9.678571429
daily_port_series,Gulf and east-coast ports,2,United Arab Emirates,ARE,port362,Fujairah,2026-03-29,2,2.857142857,9.5,9.535714286
daily_port_series,Gulf and east-coast ports,2,United Arab Emirates,ARE,port362,Fujairah,2026-03-30,2,2.428571429,10.25,9.428571429
daily_port_series,Gulf and east-coast ports,2,United Arab Emirates,ARE,port362,Fujairah,2026-03-31,0,2.428571429,9.75,9.464285714
daily_port_series,Gulf and east-coast ports,2,United Arab Emirates,ARE,port362,Fujairah,2026-04-01,3,3,9.5,9.535714286
daily_port_series,Gulf and east-coast ports,2,United Arab Emirates,ARE,port362,Fujairah,2026-04-02,5,2.714285714,7.75,9.714285714
daily_port_series,Gulf and east-coast ports,2,United Arab Emirates,ARE,port362,Fujairah,2026-04-03,4,4.571428571,10,9.678571429
daily_port_series,Gulf and east-coast ports,2,United Arab Emirates,ARE,port362,Fujairah,2026-04-04,5,4.714285714,10,9.785714286
daily_port_series,Gulf and east-coast ports,2,United Arab Emirates,ARE,port362,Fujairah,2026-04-05,0,5,10.75,9.785714286
daily_port_series,Gulf and east-coast ports,2,United Arab Emirates,ARE,port362,Fujairah,2026-04-06,15,5.142857143,10,10.25
daily_port_series,Gulf and east-coast ports,2,United Arab Emirates,ARE,port362,Fujairah,2026-04-07,1,5,10.5,10.17857143
daily_port_series,Gulf and east-coast ports,2,United Arab Emirates,ARE,port362,Fujairah,2026-04-08,5,4.714285714,9.5,10.07142857
daily_port_series,Gulf and east-coast ports,2,United Arab Emirates,ARE,port362,Fujairah,2026-04-09,6,5,11,10.07142857
daily_port_series,Gulf and east-coast ports,2,United Arab Emirates,ARE,port362,Fujairah,2026-04-10,3,3.571428571,9.5,10.17857143
daily_port_series,Gulf and east-coast ports,2,United Arab Emirates,ARE,port362,Fujairah,2026-04-11,3,4.571428571,9.25,10.03571429
daily_port_series,Gulf and east-coast ports,2,United Arab Emirates,ARE,port362,Fujairah,2026-04-12,2,4.714285714,10.75,10.14285714
daily_port_series,Gulf and east-coast ports,2,United Arab Emirates,ARE,port362,Fujairah,2026-04-13,5,4.857142857,10.75,9.75
daily_port_series,Gulf and east-coast ports,2,United Arab Emirates,ARE,port362,Fujairah,2026-04-14,8,4.857142857,9.5,9.464285714
daily_port_series,Gulf and east-coast ports,2,United Arab Emirates,ARE,port362,Fujairah,2026-04-15,6,4.714285714,10.25,9.392857143
daily_port_series,Gulf and east-coast ports,2,United Arab Emirates,ARE,port362,Fujairah,2026-04-16,7,4.857142857,8.25,9.071428571
daily_port_series,Gulf and east-coast ports,2,United Arab Emirates,ARE,port362,Fujairah,2026-04-17,3,5.142857143,7.5,8.678571429
daily_port_series,Gulf and east-coast ports,2,United Arab Emirates,ARE,port362,Fujairah,2026-04-18,2,4.142857143,8.75,8.571428571
daily_port_series,Gulf and east-coast ports,2,United Arab Emirates,ARE,port362,Fujairah,2026-04-19,3,4.428571429,8.5,8.607142857
daily_port_series,Gulf and east-coast ports,2,United Arab Emirates,ARE,port362,Fujairah,2026-04-20,7,3.857142857,8,8.857142857
daily_port_series,Gulf and east-coast ports,2,United Arab Emirates,ARE,port362,Fujairah,2026-04-21,1,4.285714286,8.75,8.928571429
daily_port_series,Gulf and east-coast ports,2,United Arab Emirates,ARE,port362,Fujairah,2026-04-22,8,4.428571429,10.5,9.178571429
daily_port_series,Gulf and east-coast ports,2,United Arab Emirates,ARE,port362,Fujairah,2026-04-23,3,4.714285714,10,9.714285714
daily_port_series,Gulf and east-coast ports,2,United Arab Emirates,ARE,port362,Fujairah,2026-04-24,6,4.857142857,8,10.03571429
daily_port_series,Gulf and east-coast ports,2,United Arab Emirates,ARE,port362,Fujairah,2026-04-25,3,5.571428571,10.5,9.928571429
daily_port_series,Gulf and east-coast ports,2,United Arab Emirates,ARE,port362,Fujairah,2026-04-26,5,5.142857143,12.25,10.03571429
daily_port_series,Gulf and east-coast ports,2,United Arab Emirates,ARE,port362,Fujairah,2026-04-27,8,6,10.25,10.03571429
daily_port_series,Gulf and east-coast ports,2,United Arab Emirates,ARE,port362,Fujairah,2026-04-28,6,5.571428571,8,10.28571429
daily_port_series,Gulf and east-coast ports,2,United Arab Emirates,ARE,port362,Fujairah,2026-04-29,5,5.428571429,11.25,10.32142857
daily_port_series,Gulf and east-coast ports,2,United Arab Emirates,ARE,port362,Fujairah,2026-04-30,9,5.142857143,10,10
daily_port_series,Gulf and east-coast ports,2,United Arab Emirates,ARE,port362,Fujairah,2026-05-01,3,4.142857143,9.75,10.14285714
daily_port_series,Gulf and east-coast ports,2,United Arab Emirates,ARE,port362,Fujairah,2026-05-02,2,3.714285714,10.75,10.5
daily_port_series,Gulf and east-coast ports,2,United Arab Emirates,ARE,port362,Fujairah,2026-05-03,3,3,10,10.14285714
daily_port_series,Gulf and east-coast ports,2,United Arab Emirates,ARE,port362,Fujairah,2026-05-04,1,1.714285714,11.25,10
daily_port_series,Gulf and east-coast ports,2,United Arab Emirates,ARE,port362,Fujairah,2026-05-05,3,1.285714286,10.5,9.964285714
daily_port_series,Gulf and east-coast ports,2,United Arab Emirates,ARE,port362,Fujairah,2026-05-06,0,1,8.75,10.07142857
daily_port_series,Gulf and east-coast ports,2,United Arab Emirates,ARE,port362,Fujairah,2026-05-07,0,2.571428571,9,10.17857143
daily_port_series,Gulf and east-coast ports,2,United Arab Emirates,ARE,port362,Fujairah,2026-05-08,0,2.571428571,9.5,10.21428571
daily_port_series,Gulf and east-coast ports,2,United Arab Emirates,ARE,port362,Fujairah,2026-05-09,0,2.142857143,11.5,10.28571429
daily_port_series,Gulf and east-coast ports,2,United Arab Emirates,ARE,port362,Fujairah,2026-05-10,14,2.142857143,10.75,10.32142857
daily_port_series,Gulf and east-coast ports,2,United Arab Emirates,ARE,port362,Fujairah,2026-05-11,1,2.285714286,11.5,10.96428571
daily_port_series,Gulf and east-coast ports,2,United Arab Emirates,ARE,port362,Fujairah,2026-05-12,0,3.428571429,11,10.42857143
daily_port_series,Gulf and east-coast ports,2,United Arab Emirates,ARE,port362,Fujairah,2026-05-13,0,3.428571429,9,10.32142857
daily_port_series,Gulf and east-coast ports,2,United Arab Emirates,ARE,port362,Fujairah,2026-05-14,1,1.428571429,13.5,10.14285714
daily_port_series,Gulf and east-coast ports,2,United Arab Emirates,ARE,port362,Fujairah,2026-05-15,8,1.285714286,5.75,9.678571429
daily_port_series,Gulf and east-coast ports,2,United Arab Emirates,ARE,port362,Fujairah,2026-05-16,0,1.571428571,10.75,9.571428571
daily_port_series,Gulf and east-coast ports,2,United Arab Emirates,ARE,port362,Fujairah,2026-05-17,0,1.571428571,9.5,9.5
daily_port_series,Gulf and east-coast ports,2,United Arab Emirates,ARE,port362,Fujairah,2026-05-18,0,1.571428571,8.25,9.035714286
daily_port_series,Gulf and east-coast ports,2,United Arab Emirates,ARE,port362,Fujairah,2026-05-19,2,2.285714286,10.25,9.892857143
daily_port_series,Gulf and east-coast ports,2,United Arab Emirates,ARE,port362,Fujairah,2026-05-20,0,3.428571429,8.5,9.785714286
daily_port_series,Gulf and east-coast ports,2,United Arab Emirates,ARE,port362,Fujairah,2026-05-21,1,3.428571429,10.25,9.785714286
daily_port_series,Gulf and east-coast ports,2,United Arab Emirates,ARE,port362,Fujairah,2026-05-22,13,3.428571429,11.75,9.714285714
daily_port_series,Gulf and east-coast ports,2,United Arab Emirates,ARE,port362,Fujairah,2026-05-23,8,5.285714286,10,9.714285714
daily_port_series,Gulf and east-coast ports,2,United Arab Emirates,ARE,port362,Fujairah,2026-05-24,0,5.428571429,9.5,9.892857143
daily_port_series,Gulf and east-coast ports,2,United Arab Emirates,ARE,port362,Fujairah,2026-05-25,0,5.428571429,7.75,10.10714286
daily_port_series,Gulf and east-coast ports,2,United Arab Emirates,ARE,port362,Fujairah,2026-05-26,15,3.571428571,10.25,9.964285714
daily_port_series,Gulf and east-coast ports,2,United Arab Emirates,ARE,port362,Fujairah,2026-05-27,1,2.428571429,9.75,10
daily_port_series,Gulf and east-coast ports,2,United Arab Emirates,ARE,port362,Fujairah,2026-05-28,1,2.714285714,11.75,9.928571429
daily_port_series,Gulf and east-coast ports,2,United Arab Emirates,ARE,port362,Fujairah,2026-05-29,0,2.857142857,10.75,10.03571429
daily_port_series,Gulf and east-coast ports,2,United Arab Emirates,ARE,port362,Fujairah,2026-05-30,0,0.7142857143,10.25,10.10714286
daily_port_series,Gulf and east-coast ports,2,United Arab Emirates,ARE,port362,Fujairah,2026-05-31,2,1.571428571,9,9.964285714
daily_port_series,Gulf and east-coast ports,2,United Arab Emirates,ARE,port362,Fujairah,2026-06-01,1,1.714285714,8.5,9.571428571
daily_port_series,Gulf and east-coast ports,2,United Arab Emirates,ARE,port362,Fujairah,2026-06-02,0,2.428571429,10.75,9.821428571
daily_port_series,Gulf and east-coast ports,2,United Arab Emirates,ARE,port362,Fujairah,2026-06-03,7,2.428571429,8.75,9.5
daily_port_series,Gulf and east-coast ports,2,United Arab Emirates,ARE,port362,Fujairah,2026-06-04,2,2.285714286,9,9.607142857
daily_port_series,Gulf and east-coast ports,2,United Arab Emirates,ARE,port362,Fujairah,2026-06-05,5,2.142857143,12.5,10.07142857
daily_port_series,Gulf and east-coast ports,2,United Arab Emirates,ARE,port362,Fujairah,2026-06-06,0,2.142857143,8,9.964285714
daily_port_series,Gulf and east-coast ports,2,United Arab Emirates,ARE,port362,Fujairah,2026-06-07,1,1.857142857,9.75,10.39285714
daily_port_series,Gulf and east-coast ports,2,United Arab Emirates,ARE,port362,Fujairah,2026-06-08,0,2,11.75,10.57142857
daily_port_series,Gulf and east-coast ports,2,United Arab Emirates,ARE,port362,Fujairah,2026-06-09,0,4,10,9.964285714
daily_port_series,Gulf and east-coast ports,2,United Arab Emirates,ARE,port362,Fujairah,2026-06-10,5,4.142857143,11.75,10.03571429
daily_port_series,Gulf and east-coast ports,2,United Arab Emirates,ARE,port362,Fujairah,2026-06-11,3,4,10.25,10.28571429
daily_port_series,Gulf and east-coast ports,2,United Arab Emirates,ARE,port362,Fujairah,2026-06-12,19,4,8.25,9.964285714
daily_port_series,Gulf and east-coast ports,2,United Arab Emirates,ARE,port362,Fujairah,2026-06-13,1,4,8.5,10.25
daily_port_series,Gulf and east-coast ports,2,United Arab Emirates,ARE,port362,Fujairah,2026-06-14,0,3.285714286,11.5,10.03571429
daily_port_series,Gulf and east-coast ports,2,United Arab Emirates,ARE,port362,Fujairah,2026-06-15,0,2.857142857,9.5,10.25
daily_port_series,Gulf and east-coast ports,2,United Arab Emirates,ARE,port362,Fujairah,2026-06-16,0,0.1428571429,12,10.25
daily_port_series,Gulf and east-coast ports,2,United Arab Emirates,ARE,port362,Fujairah,2026-06-17,0,0.2857142857,10.25,10.46428571
daily_port_series,Gulf and east-coast ports,2,United Arab Emirates,ARE,port362,Fujairah,2026-06-18,0,0.2857142857,11.75,10.14285714
daily_port_series,Gulf and east-coast ports,2,United Arab Emirates,ARE,port362,Fujairah,2026-06-19,0,0.4285714286,8.25,10.57142857
daily_port_series,Gulf and east-coast ports,2,United Arab Emirates,ARE,port362,Fujairah,2026-06-20,2,0.7142857143,10,10.39285714
daily_port_series,Gulf and east-coast ports,2,United Arab Emirates,ARE,port362,Fujairah,2026-06-21,0,2.857142857,9.25,9.857142857
daily_port_series,Gulf and east-coast ports,2,United Arab Emirates,ARE,port362,Fujairah,2026-06-22,1,4,12.5,9.785714286
daily_port_series,Gulf and east-coast ports,2,United Arab Emirates,ARE,port362,Fujairah,2026-06-23,2,4.857142857,10.75,10.03571429
daily_port_series,Gulf and east-coast ports,2,United Arab Emirates,ARE,port362,Fujairah,2026-06-24,15,5,6.5,10.10714286
daily_port_series,Gulf and east-coast ports,2,United Arab Emirates,ARE,port362,Fujairah,2026-06-25,8,5.571428571,11.25,10.42857143
daily_port_series,Gulf and east-coast ports,2,United Arab Emirates,ARE,port362,Fujairah,2026-06-26,6,6,10,10.10714286
daily_port_series,Gulf and east-coast ports,2,United Arab Emirates,ARE,port362,Fujairah,2026-06-27,3,7,10.5,10.32142857
daily_port_series,Gulf and east-coast ports,2,United Arab Emirates,ARE,port362,Fujairah,2026-06-28,4,5.666666667,11.5,10.95833333
daily_port_series,Gulf and east-coast ports,2,United Arab Emirates,ARE,port362,Fujairah,2026-06-29,4,5.2,10.25,10.9
daily_port_series,Gulf and east-coast ports,2,United Arab Emirates,ARE,port362,Fujairah,2026-06-30,9,5,12.25,11.125
daily_port_series,Gulf and east-coast ports,7,United Arab Emirates,ARE,port5,Abu Dhabi,2026-01-01,5,3.5,4.25,2.875
daily_port_series,Gulf and east-coast ports,7,United Arab Emirates,ARE,port5,Abu Dhabi,2026-01-02,4,3.6,2,2.95
daily_port_series,Gulf and east-coast ports,7,United Arab Emirates,ARE,port5,Abu Dhabi,2026-01-03,4,3.5,2.5,2.916666667
daily_port_series,Gulf and east-coast ports,7,United Arab Emirates,ARE,port5,Abu Dhabi,2026-01-04,1,3.571428571,2.75,2.964285714
daily_port_series,Gulf and east-coast ports,7,United Arab Emirates,ARE,port5,Abu Dhabi,2026-01-05,4,3.285714286,3.25,2.785714286
daily_port_series,Gulf and east-coast ports,7,United Arab Emirates,ARE,port5,Abu Dhabi,2026-01-06,3,3,2.75,3
daily_port_series,Gulf and east-coast ports,7,United Arab Emirates,ARE,port5,Abu Dhabi,2026-01-07,4,3.571428571,3.25,3.178571429
daily_port_series,Gulf and east-coast ports,7,United Arab Emirates,ARE,port5,Abu Dhabi,2026-01-08,3,3.857142857,3,3.357142857
daily_port_series,Gulf and east-coast ports,7,United Arab Emirates,ARE,port5,Abu Dhabi,2026-01-09,2,4,3.5,3.571428571
daily_port_series,Gulf and east-coast ports,7,United Arab Emirates,ARE,port5,Abu Dhabi,2026-01-10,8,4.285714286,3.75,3.785714286
daily_port_series,Gulf and east-coast ports,7,United Arab Emirates,ARE,port5,Abu Dhabi,2026-01-11,3,4.857142857,4,3.714285714
daily_port_series,Gulf and east-coast ports,7,United Arab Emirates,ARE,port5,Abu Dhabi,2026-01-12,5,4.857142857,4.75,4.142857143
daily_port_series,Gulf and east-coast ports,7,United Arab Emirates,ARE,port5,Abu Dhabi,2026-01-13,5,4.571428571,4.25,4.071428571
daily_port_series,Gulf and east-coast ports,7,United Arab Emirates,ARE,port5,Abu Dhabi,2026-01-14,8,3.571428571,2.75,4.035714286
daily_port_series,Gulf and east-coast ports,7,United Arab Emirates,ARE,port5,Abu Dhabi,2026-01-15,3,4.142857143,6,3.821428571
daily_port_series,Gulf and east-coast ports,7,United Arab Emirates,ARE,port5,Abu Dhabi,2026-01-16,0,4.285714286,3,3.5
daily_port_series,Gulf and east-coast ports,7,United Arab Emirates,ARE,port5,Abu Dhabi,2026-01-17,1,4.285714286,3.5,3.607142857
daily_port_series,Gulf and east-coast ports,7,United Arab Emirates,ARE,port5,Abu Dhabi,2026-01-18,7,3.714285714,2.5,3.571428571
daily_port_series,Gulf and east-coast ports,7,United Arab Emirates,ARE,port5,Abu Dhabi,2026-01-19,6,3.428571429,2.5,3.25
daily_port_series,Gulf and east-coast ports,7,United Arab Emirates,ARE,port5,Abu Dhabi,2026-01-20,5,4.428571429,5,3.428571429
daily_port_series,Gulf and east-coast ports,7,United Arab Emirates,ARE,port5,Abu Dhabi,2026-01-21,4,4.857142857,2.5,3.392857143
daily_port_series,Gulf and east-coast ports,7,United Arab Emirates,ARE,port5,Abu Dhabi,2026-01-22,1,4.285714286,3.75,3.607142857
daily_port_series,Gulf and east-coast ports,7,United Arab Emirates,ARE,port5,Abu Dhabi,2026-01-23,7,4,4.25,3.785714286
daily_port_series,Gulf and east-coast ports,7,United Arab Emirates,ARE,port5,Abu Dhabi,2026-01-24,4,4,3.25,3.714285714
daily_port_series,Gulf and east-coast ports,7,United Arab Emirates,ARE,port5,Abu Dhabi,2026-01-25,3,4.571428571,4,3.75
daily_port_series,Gulf and east-coast ports,7,United Arab Emirates,ARE,port5,Abu Dhabi,2026-01-26,4,5,3.75,3.678571429
daily_port_series,Gulf and east-coast ports,7,United Arab Emirates,ARE,port5,Abu Dhabi,2026-01-27,5,4.571428571,4.5,3.607142857
daily_port_series,Gulf and east-coast ports,7,United Arab Emirates,ARE,port5,Abu Dhabi,2026-01-28,8,4.857142857,2.75,3.785714286
daily_port_series,Gulf and east-coast ports,7,United Arab Emirates,ARE,port5,Abu Dhabi,2026-01-29,4,5.285714286,3.25,3.642857143
daily_port_series,Gulf and east-coast ports,7,United Arab Emirates,ARE,port5,Abu Dhabi,2026-01-30,4,5.857142857,3.75,3.678571429
daily_port_series,Gulf and east-coast ports,7,United Arab Emirates,ARE,port5,Abu Dhabi,2026-01-31,6,5.428571429,4.5,3.392857143
daily_port_series,Gulf and east-coast ports,7,United Arab Emirates,ARE,port5,Abu Dhabi,2026-02-01,6,4.857142857,3,3.5
daily_port_series,Gulf and east-coast ports,7,United Arab Emirates,ARE,port5,Abu Dhabi,2026-02-02,8,4.428571429,4,3.607142857
daily_port_series,Gulf and east-coast ports,7,United Arab Emirates,ARE,port5,Abu Dhabi,2026-02-03,2,5.142857143,2.5,3.392857143
daily_port_series,Gulf and east-coast ports,7,United Arab Emirates,ARE,port5,Abu Dhabi,2026-02-04,4,4.571428571,3.5,3.214285714
daily_port_series,Gulf and east-coast ports,7,United Arab Emirates,ARE,port5,Abu Dhabi,2026-02-05,1,4.285714286,4,3.107142857
daily_port_series,Gulf and east-coast ports,7,United Arab Emirates,ARE,port5,Abu Dhabi,2026-02-06,9,4.142857143,2.25,2.964285714
daily_port_series,Gulf and east-coast ports,7,United Arab Emirates,ARE,port5,Abu Dhabi,2026-02-07,2,4.571428571,3.25,3.178571429
daily_port_series,Gulf and east-coast ports,7,United Arab Emirates,ARE,port5,Abu Dhabi,2026-02-08,4,4.857142857,2.25,3.357142857
daily_port_series,Gulf and east-coast ports,7,United Arab Emirates,ARE,port5,Abu Dhabi,2026-02-09,7,5,3,3.142857143
daily_port_series,Gulf and east-coast ports,7,United Arab Emirates,ARE,port5,Abu Dhabi,2026-02-10,5,4.142857143,4,3.607142857
daily_port_series,Gulf and east-coast ports,7,United Arab Emirates,ARE,port5,Abu Dhabi,2026-02-11,6,4.571428571,4.75,3.571428571
daily_port_series,Gulf and east-coast ports,7,United Arab Emirates,ARE,port5,Abu Dhabi,2026-02-12,2,4.428571429,2.5,3.678571429
daily_port_series,Gulf and east-coast ports,7,United Arab Emirates,ARE,port5,Abu Dhabi,2026-02-13,3,4.285714286,5.5,3.857142857
daily_port_series,Gulf and east-coast ports,7,United Arab Emirates,ARE,port5,Abu Dhabi,2026-02-14,5,4.428571429,3,3.928571429
daily_port_series,Gulf and east-coast ports,7,United Arab Emirates,ARE,port5,Abu Dhabi,2026-02-15,3,4.285714286,3,3.642857143
daily_port_series,Gulf and east-coast ports,7,United Arab Emirates,ARE,port5,Abu Dhabi,2026-02-16,6,4.571428571,4.25,3.678571429
daily_port_series,Gulf and east-coast ports,7,United Arab Emirates,ARE,port5,Abu Dhabi,2026-02-17,6,4.714285714,4.5,3.392857143
daily_port_series,Gulf and east-coast ports,7,United Arab Emirates,ARE,port5,Abu Dhabi,2026-02-18,5,4.428571429,2.75,3.321428571
daily_port_series,Gulf and east-coast ports,7,United Arab Emirates,ARE,port5,Abu Dhabi,2026-02-19,4,4.571428571,2.75,3.357142857
daily_port_series,Gulf and east-coast ports,7,United Arab Emirates,ARE,port5,Abu Dhabi,2026-02-20,4,4.714285714,3.5,3.392857143
daily_port_series,Gulf and east-coast ports,7,United Arab Emirates,ARE,port5,Abu Dhabi,2026-02-21,3,4.571428571,2.5,3.285714286
daily_port_series,Gulf and east-coast ports,7,United Arab Emirates,ARE,port5,Abu Dhabi,2026-02-22,4,4.428571429,3.25,3.392857143
daily_port_series,Gulf and east-coast ports,7,United Arab Emirates,ARE,port5,Abu Dhabi,2026-02-23,7,4.428571429,4.5,3.357142857
daily_port_series,Gulf and east-coast ports,7,United Arab Emirates,ARE,port5,Abu Dhabi,2026-02-24,5,4.285714286,3.75,3.428571429
daily_port_series,Gulf and east-coast ports,7,United Arab Emirates,ARE,port5,Abu Dhabi,2026-02-25,4,5,3.5,3.821428571
daily_port_series,Gulf and east-coast ports,7,United Arab Emirates,ARE,port5,Abu Dhabi,2026-02-26,4,5.857142857,2.5,3.928571429
daily_port_series,Gulf and east-coast ports,7,United Arab Emirates,ARE,port5,Abu Dhabi,2026-02-27,3,6.857142857,4,3.785714286
daily_port_series,Gulf and east-coast ports,7,United Arab Emirates,ARE,port5,Abu Dhabi,2026-02-28,8,6.142857143,5.25,3.857142857
daily_port_series,Gulf and east-coast ports,7,United Arab Emirates,ARE,port5,Abu Dhabi,2026-03-01,10,6,4,3.857142857
daily_port_series,Gulf and east-coast ports,7,United Arab Emirates,ARE,port5,Abu Dhabi,2026-03-02,14,5.571428571,3.5,4.5
daily_port_series,Gulf and east-coast ports,7,United Arab Emirates,ARE,port5,Abu Dhabi,2026-03-03,0,5.714285714,4.25,4.321428571
daily_port_series,Gulf and east-coast ports,7,United Arab Emirates,ARE,port5,Abu Dhabi,2026-03-04,3,4.714285714,3.5,4.25
daily_port_series,Gulf and east-coast ports,7,United Arab Emirates,ARE,port5,Abu Dhabi,2026-03-05,1,3.571428571,7,4.428571429
daily_port_series,Gulf and east-coast ports,7,United Arab Emirates,ARE,port5,Abu Dhabi,2026-03-06,4,2.571428571,2.75,4.5
daily_port_series,Gulf and east-coast ports,7,United Arab Emirates,ARE,port5,Abu Dhabi,2026-03-07,1,2.857142857,4.75,4.392857143
daily_port_series,Gulf and east-coast ports,7,United Arab Emirates,ARE,port5,Abu Dhabi,2026-03-08,2,2.857142857,5.25,4.642857143
daily_port_series,Gulf and east-coast ports,7,United Arab Emirates,ARE,port5,Abu Dhabi,2026-03-09,7,3,4,4
daily_port_series,Gulf and east-coast ports,7,United Arab Emirates,ARE,port5,Abu Dhabi,2026-03-10,2,2.428571429,3.5,4.357142857
daily_port_series,Gulf and east-coast ports,7,United Arab Emirates,ARE,port5,Abu Dhabi,2026-03-11,3,3,5.25,4.25
daily_port_series,Gulf and east-coast ports,7,United Arab Emirates,ARE,port5,Abu Dhabi,2026-03-12,2,3.714285714,2.5,3.928571429
daily_port_series,Gulf and east-coast ports,7,United Arab Emirates,ARE,port5,Abu Dhabi,2026-03-13,0,3.571428571,5.25,3.964285714
daily_port_series,Gulf and east-coast ports,7,United Arab Emirates,ARE,port5,Abu Dhabi,2026-03-14,5,4,4,4.071428571
daily_port_series,Gulf and east-coast ports,7,United Arab Emirates,ARE,port5,Abu Dhabi,2026-03-15,7,4.142857143,3,3.821428571
daily_port_series,Gulf and east-coast ports,7,United Arab Emirates,ARE,port5,Abu Dhabi,2026-03-16,6,4.857142857,4.25,4.071428571
daily_port_series,Gulf and east-coast ports,7,United Arab Emirates,ARE,port5,Abu Dhabi,2026-03-17,5,5.285714286,4.25,4.071428571
daily_port_series,Gulf and east-coast ports,7,United Arab Emirates,ARE,port5,Abu Dhabi,2026-03-18,4,5,3.5,4.214285714
daily_port_series,Gulf and east-coast ports,7,United Arab Emirates,ARE,port5,Abu Dhabi,2026-03-19,7,4.285714286,4.25,4.214285714
daily_port_series,Gulf and east-coast ports,7,United Arab Emirates,ARE,port5,Abu Dhabi,2026-03-20,3,4.142857143,5.25,4.214285714
daily_port_series,Gulf and east-coast ports,7,United Arab Emirates,ARE,port5,Abu Dhabi,2026-03-21,3,3.714285714,5,4.107142857
daily_port_series,Gulf and east-coast ports,7,United Arab Emirates,ARE,port5,Abu Dhabi,2026-03-22,2,3.571428571,3,4.178571429
daily_port_series,Gulf and east-coast ports,7,United Arab Emirates,ARE,port5,Abu Dhabi,2026-03-23,5,2.571428571,4.25,4.035714286
daily_port_series,Gulf and east-coast ports,7,United Arab Emirates,ARE,port5,Abu Dhabi,2026-03-24,2,2.571428571,3.5,3.75
daily_port_series,Gulf and east-coast ports,7,United Arab Emirates,ARE,port5,Abu Dhabi,2026-03-25,3,2.571428571,4,3.678571429
daily_port_series,Gulf and east-coast ports,7,United Arab Emirates,ARE,port5,Abu Dhabi,2026-03-26,0,2.285714286,3.25,3.714285714
daily_port_series,Gulf and east-coast ports,7,United Arab Emirates,ARE,port5,Abu Dhabi,2026-03-27,3,3,3.25,3.714285714
daily_port_series,Gulf and east-coast ports,7,United Arab Emirates,ARE,port5,Abu Dhabi,2026-03-28,3,2.857142857,4.5,3.714285714
daily_port_series,Gulf and east-coast ports,7,United Arab Emirates,ARE,port5,Abu Dhabi,2026-03-29,0,2.571428571,3.25,3.892857143
daily_port_series,Gulf and east-coast ports,7,United Arab Emirates,ARE,port5,Abu Dhabi,2026-03-30,10,3,4.25,3.857142857
daily_port_series,Gulf and east-coast ports,7,United Arab Emirates,ARE,port5,Abu Dhabi,2026-03-31,1,3.428571429,3.5,3.857142857
daily_port_series,Gulf and east-coast ports,7,United Arab Emirates,ARE,port5,Abu Dhabi,2026-04-01,1,3.571428571,5.25,3.714285714
daily_port_series,Gulf and east-coast ports,7,United Arab Emirates,ARE,port5,Abu Dhabi,2026-04-02,3,3.857142857,3,3.75
daily_port_series,Gulf and east-coast ports,7,United Arab Emirates,ARE,port5,Abu Dhabi,2026-04-03,6,2.714285714,3.25,3.857142857
daily_port_series,Gulf and east-coast ports,7,United Arab Emirates,ARE,port5,Abu Dhabi,2026-04-04,4,2.714285714,3.5,3.928571429
daily_port_series,Gulf and east-coast ports,7,United Arab Emirates,ARE,port5,Abu Dhabi,2026-04-05,2,3.142857143,3.5,3.857142857
daily_port_series,Gulf and east-coast ports,7,United Arab Emirates,ARE,port5,Abu Dhabi,2026-04-06,2,2.857142857,5,3.857142857
daily_port_series,Gulf and east-coast ports,7,United Arab Emirates,ARE,port5,Abu Dhabi,2026-04-07,1,2.285714286,4,3.928571429
daily_port_series,Gulf and east-coast ports,7,United Arab Emirates,ARE,port5,Abu Dhabi,2026-04-08,4,2,4.75,3.928571429
daily_port_series,Gulf and east-coast ports,7,United Arab Emirates,ARE,port5,Abu Dhabi,2026-04-09,1,2.142857143,3,3.928571429
daily_port_series,Gulf and east-coast ports,7,United Arab Emirates,ARE,port5,Abu Dhabi,2026-04-10,2,3.142857143,3.75,3.714285714
daily_port_series,Gulf and east-coast ports,7,United Arab Emirates,ARE,port5,Abu Dhabi,2026-04-11,2,3.571428571,3.5,3.75
daily_port_series,Gulf and east-coast ports,7,United Arab Emirates,ARE,port5,Abu Dhabi,2026-04-12,3,3.142857143,3.5,3.464285714
daily_port_series,Gulf and east-coast ports,7,United Arab Emirates,ARE,port5,Abu Dhabi,2026-04-13,9,3.428571429,3.5,3.321428571
daily_port_series,Gulf and east-coast ports,7,United Arab Emirates,ARE,port5,Abu Dhabi,2026-04-14,4,3.714285714,4.25,3.392857143
daily_port_series,Gulf and east-coast ports,7,United Arab Emirates,ARE,port5,Abu Dhabi,2026-04-15,1,4,2.75,3.642857143
daily_port_series,Gulf and east-coast ports,7,United Arab Emirates,ARE,port5,Abu Dhabi,2026-04-16,3,4.285714286,2,3.642857143
daily_port_series,Gulf and east-coast ports,7,United Arab Emirates,ARE,port5,Abu Dhabi,2026-04-17,4,4.142857143,4.25,3.678571429
daily_port_series,Gulf and east-coast ports,7,United Arab Emirates,ARE,port5,Abu Dhabi,2026-04-18,4,4,5.25,3.5
daily_port_series,Gulf and east-coast ports,7,United Arab Emirates,ARE,port5,Abu Dhabi,2026-04-19,5,4.571428571,3.5,3.785714286
daily_port_series,Gulf and east-coast ports,7,United Arab Emirates,ARE,port5,Abu Dhabi,2026-04-20,8,4.571428571,3.75,4.142857143
daily_port_series,Gulf and east-coast ports,7,United Arab Emirates,ARE,port5,Abu Dhabi,2026-04-21,3,4.428571429,3,3.964285714
daily_port_series,Gulf and east-coast ports,7,United Arab Emirates,ARE,port5,Abu Dhabi,2026-04-22,5,4.571428571,4.75,3.642857143
daily_port_series,Gulf and east-coast ports,7,United Arab Emirates,ARE,port5,Abu Dhabi,2026-04-23,3,4.428571429,4.5,3.857142857
daily_port_series,Gulf and east-coast ports,7,United Arab Emirates,ARE,port5,Abu Dhabi,2026-04-24,3,4,3,4.107142857
daily_port_series,Gulf and east-coast ports,7,United Arab Emirates,ARE,port5,Abu Dhabi,2026-04-25,5,4.142857143,3,4.285714286
daily_port_series,Gulf and east-coast ports,7,United Arab Emirates,ARE,port5,Abu Dhabi,2026-04-26,4,4.142857143,5,4.178571429
daily_port_series,Gulf and east-coast ports,7,United Arab Emirates,ARE,port5,Abu Dhabi,2026-04-27,5,4.428571429,5.5,4.142857143
daily_port_series,Gulf and east-coast ports,7,United Arab Emirates,ARE,port5,Abu Dhabi,2026-04-28,4,4.714285714,4.25,4.214285714
daily_port_series,Gulf and east-coast ports,7,United Arab Emirates,ARE,port5,Abu Dhabi,2026-04-29,5,4.285714286,4,4.285714286
daily_port_series,Gulf and east-coast ports,7,United Arab Emirates,ARE,port5,Abu Dhabi,2026-04-30,5,4.285714286,4.25,4.142857143
daily_port_series,Gulf and east-coast ports,7,United Arab Emirates,ARE,port5,Abu Dhabi,2026-05-01,5,4.142857143,3.5,3.928571429
daily_port_series,Gulf and east-coast ports,7,United Arab Emirates,ARE,port5,Abu Dhabi,2026-05-02,2,3.857142857,3.5,3.75
daily_port_series,Gulf and east-coast ports,7,United Arab Emirates,ARE,port5,Abu Dhabi,2026-05-03,4,3.428571429,4,3.714285714
daily_port_series,Gulf and east-coast ports,7,United Arab Emirates,ARE,port5,Abu Dhabi,2026-05-04,4,2.857142857,4,3.607142857
daily_port_series,Gulf and east-coast ports,7,United Arab Emirates,ARE,port5,Abu Dhabi,2026-05-05,2,2.142857143,3,3.642857143
daily_port_series,Gulf and east-coast ports,7,United Arab Emirates,ARE,port5,Abu Dhabi,2026-05-06,2,3.142857143,3.75,3.714285714
daily_port_series,Gulf and east-coast ports,7,United Arab Emirates,ARE,port5,Abu Dhabi,2026-05-07,1,2.857142857,3.5,3.535714286
daily_port_series,Gulf and east-coast ports,7,United Arab Emirates,ARE,port5,Abu Dhabi,2026-05-08,0,2.571428571,3.75,3.321428571
daily_port_series,Gulf and east-coast ports,7,United Arab Emirates,ARE,port5,Abu Dhabi,2026-05-09,9,2.428571429,4,3.75
daily_port_series,Gulf and east-coast ports,7,United Arab Emirates,ARE,port5,Abu Dhabi,2026-05-10,2,3.428571429,2.75,3.678571429
daily_port_series,Gulf and east-coast ports,7,United Arab Emirates,ARE,port5,Abu Dhabi,2026-05-11,2,3.428571429,2.5,3.714285714
daily_port_series,Gulf and east-coast ports,7,United Arab Emirates,ARE,port5,Abu Dhabi,2026-05-12,1,3.857142857,6,3.857142857
daily_port_series,Gulf and east-coast ports,7,United Arab Emirates,ARE,port5,Abu Dhabi,2026-05-13,9,3.428571429,3.25,4
daily_port_series,Gulf and east-coast ports,7,United Arab Emirates,ARE,port5,Abu Dhabi,2026-05-14,1,3.428571429,3.75,4.25
daily_port_series,Gulf and east-coast ports,7,United Arab Emirates,ARE,port5,Abu Dhabi,2026-05-15,3,3.428571429,4.75,4.357142857
daily_port_series,Gulf and east-coast ports,7,United Arab Emirates,ARE,port5,Abu Dhabi,2026-05-16,6,3.285714286,5,3.928571429
daily_port_series,Gulf and east-coast ports,7,United Arab Emirates,ARE,port5,Abu Dhabi,2026-05-17,2,2.571428571,4.5,4.035714286
daily_port_series,Gulf and east-coast ports,7,United Arab Emirates,ARE,port5,Abu Dhabi,2026-05-18,2,2.857142857,3.25,3.964285714
daily_port_series,Gulf and east-coast ports,7,United Arab Emirates,ARE,port5,Abu Dhabi,2026-05-19,0,2.571428571,3,3.964285714
daily_port_series,Gulf and east-coast ports,7,United Arab Emirates,ARE,port5,Abu Dhabi,2026-05-20,4,1.857142857,4,4
daily_port_series,Gulf and east-coast ports,7,United Arab Emirates,ARE,port5,Abu Dhabi,2026-05-21,3,1.857142857,3.25,3.821428571
daily_port_series,Gulf and east-coast ports,7,United Arab Emirates,ARE,port5,Abu Dhabi,2026-05-22,1,2.285714286,4.75,3.857142857
daily_port_series,Gulf and east-coast ports,7,United Arab Emirates,ARE,port5,Abu Dhabi,2026-05-23,1,2.428571429,5.25,3.892857143
daily_port_series,Gulf and east-coast ports,7,United Arab Emirates,ARE,port5,Abu Dhabi,2026-05-24,2,2,3.25,3.857142857
daily_port_series,Gulf and east-coast ports,7,United Arab Emirates,ARE,port5,Abu Dhabi,2026-05-25,5,2,3.5,4.142857143
daily_port_series,Gulf and east-coast ports,7,United Arab Emirates,ARE,port5,Abu Dhabi,2026-05-26,1,2.285714286,3.25,4.071428571
daily_port_series,Gulf and east-coast ports,7,United Arab Emirates,ARE,port5,Abu Dhabi,2026-05-27,1,2.714285714,3.75,4
daily_port_series,Gulf and east-coast ports,7,United Arab Emirates,ARE,port5,Abu Dhabi,2026-05-28,3,3,5.25,4.357142857
daily_port_series,Gulf and east-coast ports,7,United Arab Emirates,ARE,port5,Abu Dhabi,2026-05-29,3,3,4.25,4.357142857
daily_port_series,Gulf and east-coast ports,7,United Arab Emirates,ARE,port5,Abu Dhabi,2026-05-30,4,3.142857143,4.75,4.357142857
daily_port_series,Gulf and east-coast ports,7,United Arab Emirates,ARE,port5,Abu Dhabi,2026-05-31,4,3.857142857,5.75,4.321428571
daily_port_series,Gulf and east-coast ports,7,United Arab Emirates,ARE,port5,Abu Dhabi,2026-06-01,5,13.14285714,3.5,3.964285714
daily_port_series,Gulf and east-coast ports,7,United Arab Emirates,ARE,port5,Abu Dhabi,2026-06-02,2,13,3.25,4.107142857
daily_port_series,Gulf and east-coast ports,7,United Arab Emirates,ARE,port5,Abu Dhabi,2026-06-03,6,12.57142857,3.5,4.214285714
daily_port_series,Gulf and east-coast ports,7,United Arab Emirates,ARE,port5,Abu Dhabi,2026-06-04,68,12.42857143,2.75,3.785714286
daily_port_series,Gulf and east-coast ports,7,United Arab Emirates,ARE,port5,Abu Dhabi,2026-06-05,2,11.85714286,5.25,3.892857143
daily_port_series,Gulf and east-coast ports,7,United Arab Emirates,ARE,port5,Abu Dhabi,2026-06-06,1,12.85714286,5.5,4.142857143
daily_port_series,Gulf and east-coast ports,7,United Arab Emirates,ARE,port5,Abu Dhabi,2026-06-07,3,18.85714286,2.75,4.142857143
daily_port_series,Gulf and east-coast ports,7,United Arab Emirates,ARE,port5,Abu Dhabi,2026-06-08,1,9.857142857,4.25,4.178571429
daily_port_series,Gulf and east-coast ports,7,United Arab Emirates,ARE,port5,Abu Dhabi,2026-06-09,9,10,5,4.035714286
daily_port_series,Gulf and east-coast ports,7,United Arab Emirates,ARE,port5,Abu Dhabi,2026-06-10,48,10,3.5,4.035714286
daily_port_series,Gulf and east-coast ports,7,United Arab Emirates,ARE,port5,Abu Dhabi,2026-06-11,5,10.28571429,3,4.178571429
daily_port_series,Gulf and east-coast ports,7,United Arab Emirates,ARE,port5,Abu Dhabi,2026-06-12,3,10.42857143,4.25,4.035714286
daily_port_series,Gulf and east-coast ports,7,United Arab Emirates,ARE,port5,Abu Dhabi,2026-06-13,1,9.428571429,5.5,4.035714286
daily_port_series,Gulf and east-coast ports,7,United Arab Emirates,ARE,port5,Abu Dhabi,2026-06-14,5,3.428571429,3.75,3.964285714
daily_port_series,Gulf and east-coast ports,7,United Arab Emirates,ARE,port5,Abu Dhabi,2026-06-15,2,3.285714286,3.25,3.928571429
daily_port_series,Gulf and east-coast ports,7,United Arab Emirates,ARE,port5,Abu Dhabi,2026-06-16,2,4,5,4.071428571
daily_port_series,Gulf and east-coast ports,7,United Arab Emirates,ARE,port5,Abu Dhabi,2026-06-17,6,4.714285714,3,3.714285714
daily_port_series,Gulf and east-coast ports,7,United Arab Emirates,ARE,port5,Abu Dhabi,2026-06-18,4,4.142857143,2.75,3.928571429
daily_port_series,Gulf and east-coast ports,7,United Arab Emirates,ARE,port5,Abu Dhabi,2026-06-19,8,4.142857143,5.25,4.178571429
daily_port_series,Gulf and east-coast ports,7,United Arab Emirates,ARE,port5,Abu Dhabi,2026-06-20,6,4.428571429,3,4.178571429
daily_port_series,Gulf and east-coast ports,7,United Arab Emirates,ARE,port5,Abu Dhabi,2026-06-21,1,4.285714286,5.25,4.25
daily_port_series,Gulf and east-coast ports,7,United Arab Emirates,ARE,port5,Abu Dhabi,2026-06-22,2,4,5,4.25
daily_port_series,Gulf and east-coast ports,7,United Arab Emirates,ARE,port5,Abu Dhabi,2026-06-23,4,2.857142857,5,4.214285714
daily_port_series,Gulf and east-coast ports,7,United Arab Emirates,ARE,port5,Abu Dhabi,2026-06-24,5,2.714285714,3.5,4.321428571
daily_port_series,Gulf and east-coast ports,7,United Arab Emirates,ARE,port5,Abu Dhabi,2026-06-25,2,2.714285714,2.75,4
daily_port_series,Gulf and east-coast ports,7,United Arab Emirates,ARE,port5,Abu Dhabi,2026-06-26,0,2.857142857,5,4.035714286
daily_port_series,Gulf and east-coast ports,7,United Arab Emirates,ARE,port5,Abu Dhabi,2026-06-27,5,3.142857143,3.75,4.035714286
daily_port_series,Gulf and east-coast ports,7,United Arab Emirates,ARE,port5,Abu Dhabi,2026-06-28,1,2.833333333,3,4.125
daily_port_series,Gulf and east-coast ports,7,United Arab Emirates,ARE,port5,Abu Dhabi,2026-06-29,3,3,5.25,4.4
daily_port_series,Gulf and east-coast ports,7,United Arab Emirates,ARE,port5,Abu Dhabi,2026-06-30,6,3.75,5,4.25
daily_port_series,Wider route context,7,Saudi Arabia,SAU,port518,Jeddah,2026-01-01,8,9,6.75,7.5625
daily_port_series,Wider route context,7,Saudi Arabia,SAU,port518,Jeddah,2026-01-02,11,9.8,8,8.05
daily_port_series,Wider route context,7,Saudi Arabia,SAU,port518,Jeddah,2026-01-03,10,9.833333333,7.75,8.208333333
daily_port_series,Wider route context,7,Saudi Arabia,SAU,port518,Jeddah,2026-01-04,7,9.571428571,7.75,8.464285714
daily_port_series,Wider route context,7,Saudi Arabia,SAU,port518,Jeddah,2026-01-05,13,9.857142857,10,8.964285714
daily_port_series,Wider route context,7,Saudi Arabia,SAU,port518,Jeddah,2026-01-06,10,9.857142857,9,9.071428571
daily_port_series,Wider route context,7,Saudi Arabia,SAU,port518,Jeddah,2026-01-07,8,9.428571429,10,9.392857143
daily_port_series,Wider route context,7,Saudi Arabia,SAU,port518,Jeddah,2026-01-08,10,10,10.25,9.535714286
daily_port_series,Wider route context,7,Saudi Arabia,SAU,port518,Jeddah,2026-01-09,11,9.285714286,8.75,9.535714286
daily_port_series,Wider route context,7,Saudi Arabia,SAU,port518,Jeddah,2026-01-10,7,8.714285714,10,9.571428571
daily_port_series,Wider route context,7,Saudi Arabia,SAU,port518,Jeddah,2026-01-11,11,9.142857143,8.75,9.25
daily_port_series,Wider route context,7,Saudi Arabia,SAU,port518,Jeddah,2026-01-12,8,8.857142857,10,9.5
daily_port_series,Wider route context,7,Saudi Arabia,SAU,port518,Jeddah,2026-01-13,6,8,9.25,9.285714286
daily_port_series,Wider route context,7,Saudi Arabia,SAU,port518,Jeddah,2026-01-14,11,8.142857143,7.75,8.892857143
daily_port_series,Wider route context,7,Saudi Arabia,SAU,port518,Jeddah,2026-01-15,8,8,12,8.892857143
daily_port_series,Wider route context,7,Saudi Arabia,SAU,port518,Jeddah,2026-01-16,5,8.142857143,7.25,9
daily_port_series,Wider route context,7,Saudi Arabia,SAU,port518,Jeddah,2026-01-17,8,7.714285714,7.25,8.821428571
daily_port_series,Wider route context,7,Saudi Arabia,SAU,port518,Jeddah,2026-01-18,10,7.571428571,8.75,8.964285714
daily_port_series,Wider route context,7,Saudi Arabia,SAU,port518,Jeddah,2026-01-19,9,8,10.75,8.857142857
daily_port_series,Wider route context,7,Saudi Arabia,SAU,port518,Jeddah,2026-01-20,3,8.571428571,8,9.5
daily_port_series,Wider route context,7,Saudi Arabia,SAU,port518,Jeddah,2026-01-21,10,9,8.75,9.5
daily_port_series,Wider route context,7,Saudi Arabia,SAU,port518,Jeddah,2026-01-22,11,8.857142857,11.25,9.75
daily_port_series,Wider route context,7,Saudi Arabia,SAU,port518,Jeddah,2026-01-23,9,9.142857143,11.75,9.428571429
daily_port_series,Wider route context,7,Saudi Arabia,SAU,port518,Jeddah,2026-01-24,11,9.571428571,7.25,9.5
daily_port_series,Wider route context,7,Saudi Arabia,SAU,port518,Jeddah,2026-01-25,9,9.142857143,10.5,9.464285714
daily_port_series,Wider route context,7,Saudi Arabia,SAU,port518,Jeddah,2026-01-26,11,8.571428571,8.5,9.214285714
daily_port_series,Wider route context,7,Saudi Arabia,SAU,port518,Jeddah,2026-01-27,6,8,8.5,8.714285714
daily_port_series,Wider route context,7,Saudi Arabia,SAU,port518,Jeddah,2026-01-28,7,7.714285714,8.5,9.25
daily_port_series,Wider route context,7,Saudi Arabia,SAU,port518,Jeddah,2026-01-29,7,7.428571429,9.5,8.964285714
daily_port_series,Wider route context,7,Saudi Arabia,SAU,port518,Jeddah,2026-01-30,5,6.285714286,8.25,9.107142857
daily_port_series,Wider route context,7,Saudi Arabia,SAU,port518,Jeddah,2026-01-31,9,7.142857143,11,9.25
daily_port_series,Wider route context,7,Saudi Arabia,SAU,port518,Jeddah,2026-02-01,7,8,8.5,9.321428571
daily_port_series,Wider route context,7,Saudi Arabia,SAU,port518,Jeddah,2026-02-02,3,8.571428571,9.5,9.321428571
daily_port_series,Wider route context,7,Saudi Arabia,SAU,port518,Jeddah,2026-02-03,12,9,9.5,9.392857143
daily_port_series,Wider route context,7,Saudi Arabia,SAU,port518,Jeddah,2026-02-04,13,9,9,8.714285714
daily_port_series,Wider route context,7,Saudi Arabia,SAU,port518,Jeddah,2026-02-05,11,9.714285714,9.5,8.857142857
daily_port_series,Wider route context,7,Saudi Arabia,SAU,port518,Jeddah,2026-02-06,8,10.42857143,8.75,9.214285714
daily_port_series,Wider route context,7,Saudi Arabia,SAU,port518,Jeddah,2026-02-07,9,10.42857143,6.25,9.214285714
daily_port_series,Wider route context,7,Saudi Arabia,SAU,port518,Jeddah,2026-02-08,12,9.571428571,9.5,9.142857143
daily_port_series,Wider route context,7,Saudi Arabia,SAU,port518,Jeddah,2026-02-09,8,9.714285714,12,9.678571429
daily_port_series,Wider route context,7,Saudi Arabia,SAU,port518,Jeddah,2026-02-10,12,9.571428571,9.5,9.785714286
daily_port_series,Wider route context,7,Saudi Arabia,SAU,port518,Jeddah,2026-02-11,7,9.714285714,8.5,10.17857143
daily_port_series,Wider route context,7,Saudi Arabia,SAU,port518,Jeddah,2026-02-12,12,9.857142857,13.25,10.10714286
daily_port_series,Wider route context,7,Saudi Arabia,SAU,port518,Jeddah,2026-02-13,7,10.14285714,9.5,9.928571429
daily_port_series,Wider route context,7,Saudi Arabia,SAU,port518,Jeddah,2026-02-14,10,9.142857143,9,9.928571429
daily_port_series,Wider route context,7,Saudi Arabia,SAU,port518,Jeddah,2026-02-15,13,9.857142857,9,10.07142857
daily_port_series,Wider route context,7,Saudi Arabia,SAU,port518,Jeddah,2026-02-16,10,9.571428571,10.75,9.75
daily_port_series,Wider route context,7,Saudi Arabia,SAU,port518,Jeddah,2026-02-17,5,9.571428571,9.5,10.07142857
daily_port_series,Wider route context,7,Saudi Arabia,SAU,port518,Jeddah,2026-02-18,12,9.285714286,9.5,9.821428571
daily_port_series,Wider route context,7,Saudi Arabia,SAU,port518,Jeddah,2026-02-19,10,8.714285714,11,9.714285714
daily_port_series,Wider route context,7,Saudi Arabia,SAU,port518,Jeddah,2026-02-20,7,8.571428571,11.75,9.642857143
daily_port_series,Wider route context,7,Saudi Arabia,SAU,port518,Jeddah,2026-02-21,8,9,7.25,9.642857143
daily_port_series,Wider route context,7,Saudi Arabia,SAU,port518,Jeddah,2026-02-22,9,8.285714286,8.25,9.178571429
daily_port_series,Wider route context,7,Saudi Arabia,SAU,port518,Jeddah,2026-02-23,9,7.714285714,10.25,8.892857143
daily_port_series,Wider route context,7,Saudi Arabia,SAU,port518,Jeddah,2026-02-24,8,8.142857143,9.5,8.571428571
daily_port_series,Wider route context,7,Saudi Arabia,SAU,port518,Jeddah,2026-02-25,7,8.857142857,6.25,9.035714286
daily_port_series,Wider route context,7,Saudi Arabia,SAU,port518,Jeddah,2026-02-26,6,8.571428571,9,8.75
daily_port_series,Wider route context,7,Saudi Arabia,SAU,port518,Jeddah,2026-02-27,10,9,9.5,8.75
daily_port_series,Wider route context,7,Saudi Arabia,SAU,port518,Jeddah,2026-02-28,13,8.857142857,10.5,8.785714286
daily_port_series,Wider route context,7,Saudi Arabia,SAU,port518,Jeddah,2026-03-01,7,8.285714286,6.25,9.428571429
daily_port_series,Wider route context,7,Saudi Arabia,SAU,port518,Jeddah,2026-03-02,12,8.571428571,10.25,9.642857143
daily_port_series,Wider route context,7,Saudi Arabia,SAU,port518,Jeddah,2026-03-03,7,7.857142857,9.75,9.607142857
daily_port_series,Wider route context,7,Saudi Arabia,SAU,port518,Jeddah,2026-03-04,3,7.428571429,10.75,9.392857143
daily_port_series,Wider route context,7,Saudi Arabia,SAU,port518,Jeddah,2026-03-05,8,8.428571429,10.5,9.928571429
daily_port_series,Wider route context,7,Saudi Arabia,SAU,port518,Jeddah,2026-03-06,5,7.714285714,9.25,9.75
daily_port_series,Wider route context,7,Saudi Arabia,SAU,port518,Jeddah,2026-03-07,10,8.428571429,9,9.821428571
daily_port_series,Wider route context,7,Saudi Arabia,SAU,port518,Jeddah,2026-03-08,14,9,10,9.785714286
daily_port_series,Wider route context,7,Saudi Arabia,SAU,port518,Jeddah,2026-03-09,7,8.857142857,9,9.607142857
daily_port_series,Wider route context,7,Saudi Arabia,SAU,port518,Jeddah,2026-03-10,12,9.285714286,10.25,9.678571429
daily_port_series,Wider route context,7,Saudi Arabia,SAU,port518,Jeddah,2026-03-11,7,9.142857143,10.5,9.571428571
daily_port_series,Wider route context,7,Saudi Arabia,SAU,port518,Jeddah,2026-03-12,7,9,9.25,9.178571429
daily_port_series,Wider route context,7,Saudi Arabia,SAU,port518,Jeddah,2026-03-13,8,9.714285714,9.75,9.285714286
daily_port_series,Wider route context,7,Saudi Arabia,SAU,port518,Jeddah,2026-03-14,9,8.857142857,8.25,9
daily_port_series,Wider route context,7,Saudi Arabia,SAU,port518,Jeddah,2026-03-15,13,8.857142857,7.25,8.714285714
daily_port_series,Wider route context,7,Saudi Arabia,SAU,port518,Jeddah,2026-03-16,12,9.142857143,9.75,8.928571429
daily_port_series,Wider route context,7,Saudi Arabia,SAU,port518,Jeddah,2026-03-17,6,9,8.25,8.464285714
daily_port_series,Wider route context,7,Saudi Arabia,SAU,port518,Jeddah,2026-03-18,7,8.714285714,8.5,8.464285714
daily_port_series,Wider route context,7,Saudi Arabia,SAU,port518,Jeddah,2026-03-19,9,9.142857143,10.75,8.464285714
daily_port_series,Wider route context,7,Saudi Arabia,SAU,port518,Jeddah,2026-03-20,7,9,6.5,8.75
daily_port_series,Wider route context,7,Saudi Arabia,SAU,port518,Jeddah,2026-03-21,7,9,8.25,8.857142857
daily_port_series,Wider route context,7,Saudi Arabia,SAU,port518,Jeddah,2026-03-22,16,9,7.25,9.214285714
daily_port_series,Wider route context,7,Saudi Arabia,SAU,port518,Jeddah,2026-03-23,11,8.428571429,11.75,9.642857143
daily_port_series,Wider route context,7,Saudi Arabia,SAU,port518,Jeddah,2026-03-24,6,8.285714286,9,9.857142857
daily_port_series,Wider route context,7,Saudi Arabia,SAU,port518,Jeddah,2026-03-25,7,8.857142857,11,9.964285714
daily_port_series,Wider route context,7,Saudi Arabia,SAU,port518,Jeddah,2026-03-26,5,7.714285714,13.75,10.32142857
daily_port_series,Wider route context,7,Saudi Arabia,SAU,port518,Jeddah,2026-03-27,6,7.428571429,8,10.25
daily_port_series,Wider route context,7,Saudi Arabia,SAU,port518,Jeddah,2026-03-28,11,7.857142857,9,10.46428571
daily_port_series,Wider route context,7,Saudi Arabia,SAU,port518,Jeddah,2026-03-29,8,8,9.75,10.32142857
daily_port_series,Wider route context,7,Saudi Arabia,SAU,port518,Jeddah,2026-03-30,9,8.142857143,11.25,9.464285714
daily_port_series,Wider route context,7,Saudi Arabia,SAU,port518,Jeddah,2026-03-31,9,8.428571429,10.5,9.428571429
daily_port_series,Wider route context,7,Saudi Arabia,SAU,port518,Jeddah,2026-04-01,8,8.571428571,10,9.428571429
daily_port_series,Wider route context,7,Saudi Arabia,SAU,port518,Jeddah,2026-04-02,6,9.142857143,7.75,9.321428571
daily_port_series,Wider route context,7,Saudi Arabia,SAU,port518,Jeddah,2026-04-03,8,9.142857143,7.75,9
daily_port_series,Wider route context,7,Saudi Arabia,SAU,port518,Jeddah,2026-04-04,12,8.857142857,9,8.642857143
daily_port_series,Wider route context,7,Saudi Arabia,SAU,port518,Jeddah,2026-04-05,12,8.714285714,9,8.928571429
daily_port_series,Wider route context,7,Saudi Arabia,SAU,port518,Jeddah,2026-04-06,9,9.142857143,9,9.142857143
daily_port_series,Wider route context,7,Saudi Arabia,SAU,port518,Jeddah,2026-04-07,7,9.571428571,8,9.178571429
daily_port_series,Wider route context,7,Saudi Arabia,SAU,port518,Jeddah,2026-04-08,7,9.285714286,12,9.178571429
daily_port_series,Wider route context,7,Saudi Arabia,SAU,port518,Jeddah,2026-04-09,9,9,9.25,8.857142857
daily_port_series,Wider route context,7,Saudi Arabia,SAU,port518,Jeddah,2026-04-10,11,8.857142857,8,9.142857143
daily_port_series,Wider route context,7,Saudi Arabia,SAU,port518,Jeddah,2026-04-11,10,9.714285714,9,9.392857143
daily_port_series,Wider route context,7,Saudi Arabia,SAU,port518,Jeddah,2026-04-12,10,10.42857143,6.75,9.071428571
daily_port_series,Wider route context,7,Saudi Arabia,SAU,port518,Jeddah,2026-04-13,8,10.71428571,11,9.321428571
daily_port_series,Wider route context,7,Saudi Arabia,SAU,port518,Jeddah,2026-04-14,13,11.28571429,9.75,9.535714286
daily_port_series,Wider route context,7,Saudi Arabia,SAU,port518,Jeddah,2026-04-15,12,10.71428571,9.75,9.678571429
daily_port_series,Wider route context,7,Saudi Arabia,SAU,port518,Jeddah,2026-04-16,11,10.57142857,11,10.03571429
daily_port_series,Wider route context,7,Saudi Arabia,SAU,port518,Jeddah,2026-04-17,15,11.28571429,9.5,9.785714286
daily_port_series,Wider route context,7,Saudi Arabia,SAU,port518,Jeddah,2026-04-18,6,10.28571429,10,9.642857143
daily_port_series,Wider route context,7,Saudi Arabia,SAU,port518,Jeddah,2026-04-19,9,10.14285714,9.25,9.392857143
daily_port_series,Wider route context,7,Saudi Arabia,SAU,port518,Jeddah,2026-04-20,13,10.85714286,9.25,9.107142857
daily_port_series,Wider route context,7,Saudi Arabia,SAU,port518,Jeddah,2026-04-21,6,10,8.75,8.928571429
daily_port_series,Wider route context,7,Saudi Arabia,SAU,port518,Jeddah,2026-04-22,11,10.28571429,8,8.75
daily_port_series,Wider route context,7,Saudi Arabia,SAU,port518,Jeddah,2026-04-23,16,9.857142857,9,9.107142857
daily_port_series,Wider route context,7,Saudi Arabia,SAU,port518,Jeddah,2026-04-24,9,10.57142857,8.25,9.178571429
daily_port_series,Wider route context,7,Saudi Arabia,SAU,port518,Jeddah,2026-04-25,8,11.42857143,8.75,9.25
daily_port_series,Wider route context,7,Saudi Arabia,SAU,port518,Jeddah,2026-04-26,6,11.57142857,11.75,9.571428571
daily_port_series,Wider route context,7,Saudi Arabia,SAU,port518,Jeddah,2026-04-27,18,11,9.75,9.25
daily_port_series,Wider route context,7,Saudi Arabia,SAU,port518,Jeddah,2026-04-28,12,10.42857143,9.25,9.642857143
daily_port_series,Wider route context,7,Saudi Arabia,SAU,port518,Jeddah,2026-04-29,12,10.71428571,10.25,9.892857143
daily_port_series,Wider route context,7,Saudi Arabia,SAU,port518,Jeddah,2026-04-30,12,11.42857143,6.75,9.642857143
daily_port_series,Wider route context,7,Saudi Arabia,SAU,port518,Jeddah,2026-05-01,5,11.42857143,11,9.392857143
daily_port_series,Wider route context,7,Saudi Arabia,SAU,port518,Jeddah,2026-05-02,10,11.57142857,10.5,9.428571429
daily_port_series,Wider route context,7,Saudi Arabia,SAU,port518,Jeddah,2026-05-03,11,11.14285714,10,9.142857143
daily_port_series,Wider route context,7,Saudi Arabia,SAU,port518,Jeddah,2026-05-04,18,10.85714286,8,9.535714286
daily_port_series,Wider route context,7,Saudi Arabia,SAU,port518,Jeddah,2026-05-05,13,11.57142857,9.5,9.464285714
daily_port_series,Wider route context,7,Saudi Arabia,SAU,port518,Jeddah,2026-05-06,9,12.57142857,8.25,9.321428571
daily_port_series,Wider route context,7,Saudi Arabia,SAU,port518,Jeddah,2026-05-07,10,12.85714286,9.5,9.071428571
daily_port_series,Wider route context,7,Saudi Arabia,SAU,port518,Jeddah,2026-05-08,10,11.42857143,10.5,9.142857143
daily_port_series,Wider route context,7,Saudi Arabia,SAU,port518,Jeddah,2026-05-09,17,11.14285714,9.5,9.214285714
daily_port_series,Wider route context,7,Saudi Arabia,SAU,port518,Jeddah,2026-05-10,13,11,8.25,9.571428571
daily_port_series,Wider route context,7,Saudi Arabia,SAU,port518,Jeddah,2026-05-11,8,11,8.5,9.214285714
daily_port_series,Wider route context,7,Saudi Arabia,SAU,port518,Jeddah,2026-05-12,11,11.71428571,10,9.071428571
daily_port_series,Wider route context,7,Saudi Arabia,SAU,port518,Jeddah,2026-05-13,8,10.85714286,10.75,9
daily_port_series,Wider route context,7,Saudi Arabia,SAU,port518,Jeddah,2026-05-14,10,9.857142857,7,9.571428571
daily_port_series,Wider route context,7,Saudi Arabia,SAU,port518,Jeddah,2026-05-15,15,10.85714286,9.5,9.535714286
daily_port_series,Wider route context,7,Saudi Arabia,SAU,port518,Jeddah,2026-05-16,11,10.57142857,9,9.892857143
daily_port_series,Wider route context,7,Saudi Arabia,SAU,port518,Jeddah,2026-05-17,6,10.85714286,12.25,9.678571429
daily_port_series,Wider route context,7,Saudi Arabia,SAU,port518,Jeddah,2026-05-18,15,10.42857143,8.25,10.17857143
daily_port_series,Wider route context,7,Saudi Arabia,SAU,port518,Jeddah,2026-05-19,9,9.714285714,12.5,10.03571429
daily_port_series,Wider route context,7,Saudi Arabia,SAU,port518,Jeddah,2026-05-20,10,9.428571429,9.25,10.14285714
daily_port_series,Wider route context,7,Saudi Arabia,SAU,port518,Jeddah,2026-05-21,7,9.571428571,10.5,9.821428571
daily_port_series,Wider route context,7,Saudi Arabia,SAU,port518,Jeddah,2026-05-22,10,9.285714286,8.5,10.14285714
daily_port_series,Wider route context,7,Saudi Arabia,SAU,port518,Jeddah,2026-05-23,9,10.28571429,9.75,9.678571429
daily_port_series,Wider route context,7,Saudi Arabia,SAU,port518,Jeddah,2026-05-24,7,10,10,9.928571429
daily_port_series,Wider route context,7,Saudi Arabia,SAU,port518,Jeddah,2026-05-25,13,10.57142857,10.5,9.928571429
daily_port_series,Wider route context,7,Saudi Arabia,SAU,port518,Jeddah,2026-05-26,16,10.28571429,9.25,10.14285714
daily_port_series,Wider route context,7,Saudi Arabia,SAU,port518,Jeddah,2026-05-27,8,10.57142857,11,10.21428571
daily_port_series,Wider route context,7,Saudi Arabia,SAU,port518,Jeddah,2026-05-28,11,11.42857143,10.5,9.821428571
daily_port_series,Wider route context,7,Saudi Arabia,SAU,port518,Jeddah,2026-05-29,8,10.85714286,10,10.03571429
daily_port_series,Wider route context,7,Saudi Arabia,SAU,port518,Jeddah,2026-05-30,11,9.142857143,10.25,10.21428571
daily_port_series,Wider route context,7,Saudi Arabia,SAU,port518,Jeddah,2026-05-31,13,9.571428571,7.25,9.857142857
daily_port_series,Wider route context,7,Saudi Arabia,SAU,port518,Jeddah,2026-06-01,9,9.714285714,12,9.678571429
daily_port_series,Wider route context,7,Saudi Arabia,SAU,port518,Jeddah,2026-06-02,4,9.857142857,10.5,10
daily_port_series,Wider route context,7,Saudi Arabia,SAU,port518,Jeddah,2026-06-03,11,9.571428571,8.5,10.03571429
daily_port_series,Wider route context,7,Saudi Arabia,SAU,port518,Jeddah,2026-06-04,12,9,9.25,10.46428571
daily_port_series,Wider route context,7,Saudi Arabia,SAU,port518,Jeddah,2026-06-05,9,9.142857143,12.25,10.21428571
daily_port_series,Wider route context,7,Saudi Arabia,SAU,port518,Jeddah,2026-06-06,9,9.571428571,10.5,10
daily_port_series,Wider route context,7,Saudi Arabia,SAU,port518,Jeddah,2026-06-07,9,8.571428571,10.25,10.57142857
daily_port_series,Wider route context,7,Saudi Arabia,SAU,port518,Jeddah,2026-06-08,10,7.857142857,10.25,10.64285714
daily_port_series,Wider route context,7,Saudi Arabia,SAU,port518,Jeddah,2026-06-09,7,7.571428571,9,10.10714286
daily_port_series,Wider route context,7,Saudi Arabia,SAU,port518,Jeddah,2026-06-10,4,7.285714286,12.5,10.28571429
daily_port_series,Wider route context,7,Saudi Arabia,SAU,port518,Jeddah,2026-06-11,7,6.428571429,9.75,10.14285714
daily_port_series,Wider route context,7,Saudi Arabia,SAU,port518,Jeddah,2026-06-12,7,7.285714286,8.5,9.428571429
daily_port_series,Wider route context,7,Saudi Arabia,SAU,port518,Jeddah,2026-06-13,7,7.428571429,11.75,9.357142857
daily_port_series,Wider route context,7,Saudi Arabia,SAU,port518,Jeddah,2026-06-14,3,8.142857143,9.25,8.821428571
daily_port_series,Wider route context,7,Saudi Arabia,SAU,port518,Jeddah,2026-06-15,16,8.714285714,5.25,8.5
daily_port_series,Wider route context,7,Saudi Arabia,SAU,port518,Jeddah,2026-06-16,8,9.142857143,8.5,9.035714286
daily_port_series,Wider route context,7,Saudi Arabia,SAU,port518,Jeddah,2026-06-17,9,9.714285714,8.75,8.464285714
daily_port_series,Wider route context,7,Saudi Arabia,SAU,port518,Jeddah,2026-06-18,11,10.28571429,7.5,8.392857143
daily_port_series,Wider route context,7,Saudi Arabia,SAU,port518,Jeddah,2026-06-19,10,8.571428571,12.25,8.714285714
daily_port_series,Wider route context,7,Saudi Arabia,SAU,port518,Jeddah,2026-06-20,11,9.142857143,7.75,9.321428571
daily_port_series,Wider route context,7,Saudi Arabia,SAU,port518,Jeddah,2026-06-21,7,9.571428571,8.75,9.535714286
daily_port_series,Wider route context,7,Saudi Arabia,SAU,port518,Jeddah,2026-06-22,4,8.714285714,7.5,9.75
daily_port_series,Wider route context,7,Saudi Arabia,SAU,port518,Jeddah,2026-06-23,12,8.428571429,12.75,9.107142857
daily_port_series,Wider route context,7,Saudi Arabia,SAU,port518,Jeddah,2026-06-24,12,8,10.25,9.535714286
daily_port_series,Wider route context,7,Saudi Arabia,SAU,port518,Jeddah,2026-06-25,5,8.571428571,9,9.428571429
daily_port_series,Wider route context,7,Saudi Arabia,SAU,port518,Jeddah,2026-06-26,8,9.857142857,7.75,9.571428571
daily_port_series,Wider route context,7,Saudi Arabia,SAU,port518,Jeddah,2026-06-27,8,9.142857143,10.75,9.071428571
daily_port_series,Wider route context,7,Saudi Arabia,SAU,port518,Jeddah,2026-06-28,11,8.666666667,8,8.875
daily_port_series,Wider route context,7,Saudi Arabia,SAU,port518,Jeddah,2026-06-29,13,9.4,8.5,8.85
daily_port_series,Wider route context,7,Saudi Arabia,SAU,port518,Jeddah,2026-06-30,7,9.75,9.25,9.125
daily_port_series,Gulf and east-coast ports,1,United Arab Emirates,ARE,port561,Khor Fakkan,2026-01-01,0,0.5,2,1.4375
daily_port_series,Gulf and east-coast ports,1,United Arab Emirates,ARE,port561,Khor Fakkan,2026-01-02,0,0.6,0.5,1.35
daily_port_series,Gulf and east-coast ports,1,United Arab Emirates,ARE,port561,Khor Fakkan,2026-01-03,1,0.8333333333,2.25,1.25
daily_port_series,Gulf and east-coast ports,1,United Arab Emirates,ARE,port561,Khor Fakkan,2026-01-04,1,0.7142857143,1,1.178571429
daily_port_series,Gulf and east-coast ports,1,United Arab Emirates,ARE,port561,Khor Fakkan,2026-01-05,1,0.7142857143,1,0.9642857143
daily_port_series,Gulf and east-coast ports,1,United Arab Emirates,ARE,port561,Khor Fakkan,2026-01-06,2,0.8571428571,0.75,0.9642857143
daily_port_series,Gulf and east-coast ports,1,United Arab Emirates,ARE,port561,Khor Fakkan,2026-01-07,0,0.8571428571,0.75,0.9285714286
daily_port_series,Gulf and east-coast ports,1,United Arab Emirates,ARE,port561,Khor Fakkan,2026-01-08,0,0.7142857143,0.5,0.9285714286
daily_port_series,Gulf and east-coast ports,1,United Arab Emirates,ARE,port561,Khor Fakkan,2026-01-09,1,0.5714285714,0.5,1
daily_port_series,Gulf and east-coast ports,1,United Arab Emirates,ARE,port561,Khor Fakkan,2026-01-10,1,0.2857142857,2,1.178571429
daily_port_series,Gulf and east-coast ports,1,United Arab Emirates,ARE,port561,Khor Fakkan,2026-01-11,0,0.5714285714,1,1.142857143
daily_port_series,Gulf and east-coast ports,1,United Arab Emirates,ARE,port561,Khor Fakkan,2026-01-12,0,0.8571428571,1.5,1.25
daily_port_series,Gulf and east-coast ports,1,United Arab Emirates,ARE,port561,Khor Fakkan,2026-01-13,0,0.7142857143,2,1.25
daily_port_series,Gulf and east-coast ports,1,United Arab Emirates,ARE,port561,Khor Fakkan,2026-01-14,2,0.7142857143,0.5,1.321428571
daily_port_series,Gulf and east-coast ports,1,United Arab Emirates,ARE,port561,Khor Fakkan,2026-01-15,2,0.7142857143,1.25,1.25
daily_port_series,Gulf and east-coast ports,1,United Arab Emirates,ARE,port561,Khor Fakkan,2026-01-16,0,1,0.5,1.285714286
daily_port_series,Gulf and east-coast ports,1,United Arab Emirates,ARE,port561,Khor Fakkan,2026-01-17,1,1,2.5,1.285714286
daily_port_series,Gulf and east-coast ports,1,United Arab Emirates,ARE,port561,Khor Fakkan,2026-01-18,0,0.7142857143,0.5,1.285714286
daily_port_series,Gulf and east-coast ports,1,United Arab Emirates,ARE,port561,Khor Fakkan,2026-01-19,2,0.5714285714,1.75,1.25
daily_port_series,Gulf and east-coast ports,1,United Arab Emirates,ARE,port561,Khor Fakkan,2026-01-20,0,0.8571428571,2,1.357142857
daily_port_series,Gulf and east-coast ports,1,United Arab Emirates,ARE,port561,Khor Fakkan,2026-01-21,0,1,0.5,1.25
daily_port_series,Gulf and east-coast ports,1,United Arab Emirates,ARE,port561,Khor Fakkan,2026-01-22,1,1.142857143,1,1.321428571
daily_port_series,Gulf and east-coast ports,1,United Arab Emirates,ARE,port561,Khor Fakkan,2026-01-23,2,0.8571428571,1.25,1.321428571
daily_port_series,Gulf and east-coast ports,1,United Arab Emirates,ARE,port561,Khor Fakkan,2026-01-24,2,1.142857143,1.75,1.285714286
daily_port_series,Gulf and east-coast ports,1,United Arab Emirates,ARE,port561,Khor Fakkan,2026-01-25,1,1.285714286,1,1.464285714
daily_port_series,Gulf and east-coast ports,1,United Arab Emirates,ARE,port561,Khor Fakkan,2026-01-26,0,1.285714286,1.75,1.535714286
daily_port_series,Gulf and east-coast ports,1,United Arab Emirates,ARE,port561,Khor Fakkan,2026-01-27,2,1.285714286,1.75,1.535714286
daily_port_series,Gulf and east-coast ports,1,United Arab Emirates,ARE,port561,Khor Fakkan,2026-01-28,1,1,1.75,1.428571429
daily_port_series,Gulf and east-coast ports,1,United Arab Emirates,ARE,port561,Khor Fakkan,2026-01-29,1,0.8571428571,1.5,1.642857143
daily_port_series,Gulf and east-coast ports,1,United Arab Emirates,ARE,port561,Khor Fakkan,2026-01-30,2,1.428571429,1.25,1.535714286
daily_port_series,Gulf and east-coast ports,1,United Arab Emirates,ARE,port561,Khor Fakkan,2026-01-31,0,1.285714286,1,1.392857143
daily_port_series,Gulf and east-coast ports,1,United Arab Emirates,ARE,port561,Khor Fakkan,2026-02-01,0,1.285714286,2.5,1.428571429
daily_port_series,Gulf and east-coast ports,1,United Arab Emirates,ARE,port561,Khor Fakkan,2026-02-02,4,1.142857143,1,1.5
daily_port_series,Gulf and east-coast ports,1,United Arab Emirates,ARE,port561,Khor Fakkan,2026-02-03,1,0.8571428571,0.75,1.464285714
daily_port_series,Gulf and east-coast ports,1,United Arab Emirates,ARE,port561,Khor Fakkan,2026-02-04,1,0.8571428571,2,1.392857143
daily_port_series,Gulf and east-coast ports,1,United Arab Emirates,ARE,port561,Khor Fakkan,2026-02-05,0,1,2,1.285714286
daily_port_series,Gulf and east-coast ports,1,United Arab Emirates,ARE,port561,Khor Fakkan,2026-02-06,0,0.4285714286,1,1.357142857
daily_port_series,Gulf and east-coast ports,1,United Arab Emirates,ARE,port561,Khor Fakkan,2026-02-07,0,0.2857142857,0.5,1.5
daily_port_series,Gulf and east-coast ports,1,United Arab Emirates,ARE,port561,Khor Fakkan,2026-02-08,1,0.2857142857,1.75,1.285714286
daily_port_series,Gulf and east-coast ports,1,United Arab Emirates,ARE,port561,Khor Fakkan,2026-02-09,0,0.2857142857,1.5,1.142857143
daily_port_series,Gulf and east-coast ports,1,United Arab Emirates,ARE,port561,Khor Fakkan,2026-02-10,0,0.2857142857,1.75,1.285714286
daily_port_series,Gulf and east-coast ports,1,United Arab Emirates,ARE,port561,Khor Fakkan,2026-02-11,1,0.2857142857,0.5,1.392857143
daily_port_series,Gulf and east-coast ports,1,United Arab Emirates,ARE,port561,Khor Fakkan,2026-02-12,0,0.1428571429,1,1.428571429
daily_port_series,Gulf and east-coast ports,1,United Arab Emirates,ARE,port561,Khor Fakkan,2026-02-13,0,0.1428571429,2,1.464285714
daily_port_series,Gulf and east-coast ports,1,United Arab Emirates,ARE,port561,Khor Fakkan,2026-02-14,0,0.4285714286,1.25,1.321428571
daily_port_series,Gulf and east-coast ports,1,United Arab Emirates,ARE,port561,Khor Fakkan,2026-02-15,0,0.2857142857,2,1.428571429
daily_port_series,Gulf and east-coast ports,1,United Arab Emirates,ARE,port561,Khor Fakkan,2026-02-16,0,0.7142857143,1.75,1.357142857
daily_port_series,Gulf and east-coast ports,1,United Arab Emirates,ARE,port561,Khor Fakkan,2026-02-17,2,0.8571428571,0.75,1.392857143
daily_port_series,Gulf and east-coast ports,1,United Arab Emirates,ARE,port561,Khor Fakkan,2026-02-18,0,1,1.25,1.25
daily_port_series,Gulf and east-coast ports,1,United Arab Emirates,ARE,port561,Khor Fakkan,2026-02-19,3,1.142857143,0.5,1.142857143
daily_port_series,Gulf and east-coast ports,1,United Arab Emirates,ARE,port561,Khor Fakkan,2026-02-20,1,1.428571429,2.25,1.178571429
daily_port_series,Gulf and east-coast ports,1,United Arab Emirates,ARE,port561,Khor Fakkan,2026-02-21,1,1.285714286,0.25,1.214285714
daily_port_series,Gulf and east-coast ports,1,United Arab Emirates,ARE,port561,Khor Fakkan,2026-02-22,1,1.285714286,1.25,1.285714286
daily_port_series,Gulf and east-coast ports,1,United Arab Emirates,ARE,port561,Khor Fakkan,2026-02-23,2,1,2,1.357142857
daily_port_series,Gulf and east-coast ports,1,United Arab Emirates,ARE,port561,Khor Fakkan,2026-02-24,1,1.285714286,1,1.178571429
daily_port_series,Gulf and east-coast ports,1,United Arab Emirates,ARE,port561,Khor Fakkan,2026-02-25,0,1.142857143,1.75,1.357142857
daily_port_series,Gulf and east-coast ports,1,United Arab Emirates,ARE,port561,Khor Fakkan,2026-02-26,1,1.285714286,1,1.321428571
daily_port_series,Gulf and east-coast ports,1,United Arab Emirates,ARE,port561,Khor Fakkan,2026-02-27,3,1.285714286,1,1.178571429
daily_port_series,Gulf and east-coast ports,1,United Arab Emirates,ARE,port561,Khor Fakkan,2026-02-28,0,1.142857143,1.5,1.142857143
daily_port_series,Gulf and east-coast ports,1,United Arab Emirates,ARE,port561,Khor Fakkan,2026-03-01,2,1.142857143,1,1.142857143
daily_port_series,Gulf and east-coast ports,1,United Arab Emirates,ARE,port561,Khor Fakkan,2026-03-02,2,1,1,1.142857143
daily_port_series,Gulf and east-coast ports,1,United Arab Emirates,ARE,port561,Khor Fakkan,2026-03-03,0,0.5714285714,0.75,1.071428571
daily_port_series,Gulf and east-coast ports,1,United Arab Emirates,ARE,port561,Khor Fakkan,2026-03-04,0,0.5714285714,1.75,1.107142857
daily_port_series,Gulf and east-coast ports,1,United Arab Emirates,ARE,port561,Khor Fakkan,2026-03-05,0,0.2857142857,1,1.071428571
daily_port_series,Gulf and east-coast ports,1,United Arab Emirates,ARE,port561,Khor Fakkan,2026-03-06,0,0,0.5,1.142857143
daily_port_series,Gulf and east-coast ports,1,United Arab Emirates,ARE,port561,Khor Fakkan,2026-03-07,0,0,1.75,1.178571429
daily_port_series,Gulf and east-coast ports,1,United Arab Emirates,ARE,port561,Khor Fakkan,2026-03-08,0,0,0.75,1.214285714
daily_port_series,Gulf and east-coast ports,1,United Arab Emirates,ARE,port561,Khor Fakkan,2026-03-09,0,0.2857142857,1.5,1.214285714
daily_port_series,Gulf and east-coast ports,1,United Arab Emirates,ARE,port561,Khor Fakkan,2026-03-10,0,0.2857142857,1,1.25
daily_port_series,Gulf and east-coast ports,1,United Arab Emirates,ARE,port561,Khor Fakkan,2026-03-11,0,0.5714285714,2,1.214285714
daily_port_series,Gulf and east-coast ports,1,United Arab Emirates,ARE,port561,Khor Fakkan,2026-03-12,2,0.5714285714,1,1.357142857
daily_port_series,Gulf and east-coast ports,1,United Arab Emirates,ARE,port561,Khor Fakkan,2026-03-13,0,0.7142857143,0.75,1.285714286
daily_port_series,Gulf and east-coast ports,1,United Arab Emirates,ARE,port561,Khor Fakkan,2026-03-14,2,0.7142857143,1.5,1.25
daily_port_series,Gulf and east-coast ports,1,United Arab Emirates,ARE,port561,Khor Fakkan,2026-03-15,0,0.7142857143,1.75,1.178571429
daily_port_series,Gulf and east-coast ports,1,United Arab Emirates,ARE,port561,Khor Fakkan,2026-03-16,1,0.4285714286,1,1.142857143
daily_port_series,Gulf and east-coast ports,1,United Arab Emirates,ARE,port561,Khor Fakkan,2026-03-17,0,0.4285714286,0.75,1.285714286
daily_port_series,Gulf and east-coast ports,1,United Arab Emirates,ARE,port561,Khor Fakkan,2026-03-18,0,0.1428571429,1.5,1.25
daily_port_series,Gulf and east-coast ports,1,United Arab Emirates,ARE,port561,Khor Fakkan,2026-03-19,0,0.1428571429,0.75,1.178571429
daily_port_series,Gulf and east-coast ports,1,United Arab Emirates,ARE,port561,Khor Fakkan,2026-03-20,0,0,1.75,1.142857143
daily_port_series,Gulf and east-coast ports,1,United Arab Emirates,ARE,port561,Khor Fakkan,2026-03-21,0,0,1.25,1.178571429
daily_port_series,Gulf and east-coast ports,1,United Arab Emirates,ARE,port561,Khor Fakkan,2026-03-22,0,0,1.25,1.178571429
daily_port_series,Gulf and east-coast ports,1,United Arab Emirates,ARE,port561,Khor Fakkan,2026-03-23,0,0.1428571429,0.75,1.25
daily_port_series,Gulf and east-coast ports,1,United Arab Emirates,ARE,port561,Khor Fakkan,2026-03-24,0,0.1428571429,1,1.142857143
daily_port_series,Gulf and east-coast ports,1,United Arab Emirates,ARE,port561,Khor Fakkan,2026-03-25,0,0.2857142857,1.5,1.071428571
daily_port_series,Gulf and east-coast ports,1,United Arab Emirates,ARE,port561,Khor Fakkan,2026-03-26,1,0.4285714286,1.25,0.9642857143
daily_port_series,Gulf and east-coast ports,1,United Arab Emirates,ARE,port561,Khor Fakkan,2026-03-27,0,0.5714285714,1,1.321428571
daily_port_series,Gulf and east-coast ports,1,United Arab Emirates,ARE,port561,Khor Fakkan,2026-03-28,1,0.5714285714,0.75,1.357142857
daily_port_series,Gulf and east-coast ports,1,United Arab Emirates,ARE,port561,Khor Fakkan,2026-03-29,1,0.5714285714,0.5,1.321428571
daily_port_series,Gulf and east-coast ports,1,United Arab Emirates,ARE,port561,Khor Fakkan,2026-03-30,1,0.5714285714,3.25,1.285714286
daily_port_series,Gulf and east-coast ports,1,United Arab Emirates,ARE,port561,Khor Fakkan,2026-03-31,0,0.5714285714,1.25,1.285714286
daily_port_series,Gulf and east-coast ports,1,United Arab Emirates,ARE,port561,Khor Fakkan,2026-04-01,0,0.5714285714,1.25,1.392857143
daily_port_series,Gulf and east-coast ports,1,United Arab Emirates,ARE,port561,Khor Fakkan,2026-04-02,1,0.5714285714,1,1.464285714
daily_port_series,Gulf and east-coast ports,1,United Arab Emirates,ARE,port561,Khor Fakkan,2026-04-03,0,0.4285714286,1,1.214285714
daily_port_series,Gulf and east-coast ports,1,United Arab Emirates,ARE,port561,Khor Fakkan,2026-04-04,1,0.4285714286,1.5,1.25
daily_port_series,Gulf and east-coast ports,1,United Arab Emirates,ARE,port561,Khor Fakkan,2026-04-05,1,0.8571428571,1,1.285714286
daily_port_series,Gulf and east-coast ports,1,United Arab Emirates,ARE,port561,Khor Fakkan,2026-04-06,0,0.7142857143,1.5,1.321428571
daily_port_series,Gulf and east-coast ports,1,United Arab Emirates,ARE,port561,Khor Fakkan,2026-04-07,0,0.8571428571,1.5,1.285714286
daily_port_series,Gulf and east-coast ports,1,United Arab Emirates,ARE,port561,Khor Fakkan,2026-04-08,3,1,1.5,1.214285714
daily_port_series,Gulf and east-coast ports,1,United Arab Emirates,ARE,port561,Khor Fakkan,2026-04-09,0,1,1.25,1.392857143
daily_port_series,Gulf and east-coast ports,1,United Arab Emirates,ARE,port561,Khor Fakkan,2026-04-10,1,1.142857143,0.75,1.285714286
daily_port_series,Gulf and east-coast ports,1,United Arab Emirates,ARE,port561,Khor Fakkan,2026-04-11,2,1.142857143,1,1.321428571
daily_port_series,Gulf and east-coast ports,1,United Arab Emirates,ARE,port561,Khor Fakkan,2026-04-12,1,0.7142857143,2.25,1.357142857
daily_port_series,Gulf and east-coast ports,1,United Arab Emirates,ARE,port561,Khor Fakkan,2026-04-13,1,0.8571428571,0.75,1.321428571
daily_port_series,Gulf and east-coast ports,1,United Arab Emirates,ARE,port561,Khor Fakkan,2026-04-14,0,0.7142857143,1.75,1.321428571
daily_port_series,Gulf and east-coast ports,1,United Arab Emirates,ARE,port561,Khor Fakkan,2026-04-15,0,0.5714285714,1.75,1.25
daily_port_series,Gulf and east-coast ports,1,United Arab Emirates,ARE,port561,Khor Fakkan,2026-04-16,1,0.5714285714,1,1.142857143
daily_port_series,Gulf and east-coast ports,1,United Arab Emirates,ARE,port561,Khor Fakkan,2026-04-17,0,0.8571428571,0.75,1.178571429
daily_port_series,Gulf and east-coast ports,1,United Arab Emirates,ARE,port561,Khor Fakkan,2026-04-18,1,0.8571428571,0.5,1.071428571
daily_port_series,Gulf and east-coast ports,1,United Arab Emirates,ARE,port561,Khor Fakkan,2026-04-19,1,1,1.5,0.9285714286
daily_port_series,Gulf and east-coast ports,1,United Arab Emirates,ARE,port561,Khor Fakkan,2026-04-20,3,1,1,0.8928571429
daily_port_series,Gulf and east-coast ports,1,United Arab Emirates,ARE,port561,Khor Fakkan,2026-04-21,0,1.285714286,1,1
daily_port_series,Gulf and east-coast ports,1,United Arab Emirates,ARE,port561,Khor Fakkan,2026-04-22,1,1.285714286,0.75,1.107142857
daily_port_series,Gulf and east-coast ports,1,United Arab Emirates,ARE,port561,Khor Fakkan,2026-04-23,1,1.428571429,0.75,1
daily_port_series,Gulf and east-coast ports,1,United Arab Emirates,ARE,port561,Khor Fakkan,2026-04-24,2,1.142857143,1.5,0.9642857143
daily_port_series,Gulf and east-coast ports,1,United Arab Emirates,ARE,port561,Khor Fakkan,2026-04-25,1,1.285714286,1.25,1.035714286
daily_port_series,Gulf and east-coast ports,1,United Arab Emirates,ARE,port561,Khor Fakkan,2026-04-26,2,1.428571429,0.75,1.107142857
daily_port_series,Gulf and east-coast ports,1,United Arab Emirates,ARE,port561,Khor Fakkan,2026-04-27,1,1.428571429,0.75,1.142857143
daily_port_series,Gulf and east-coast ports,1,United Arab Emirates,ARE,port561,Khor Fakkan,2026-04-28,1,1.428571429,1.5,1
daily_port_series,Gulf and east-coast ports,1,United Arab Emirates,ARE,port561,Khor Fakkan,2026-04-29,2,1.714285714,1.25,0.8928571429
daily_port_series,Gulf and east-coast ports,1,United Arab Emirates,ARE,port561,Khor Fakkan,2026-04-30,1,1.571428571,1,1.035714286
daily_port_series,Gulf and east-coast ports,1,United Arab Emirates,ARE,port561,Khor Fakkan,2026-05-01,2,1.428571429,0.5,1
daily_port_series,Gulf and east-coast ports,1,United Arab Emirates,ARE,port561,Khor Fakkan,2026-05-02,3,1.428571429,0.5,1
daily_port_series,Gulf and east-coast ports,1,United Arab Emirates,ARE,port561,Khor Fakkan,2026-05-03,1,1.285714286,1.75,1
daily_port_series,Gulf and east-coast ports,1,United Arab Emirates,ARE,port561,Khor Fakkan,2026-05-04,0,1.428571429,0.5,1.035714286
daily_port_series,Gulf and east-coast ports,1,United Arab Emirates,ARE,port561,Khor Fakkan,2026-05-05,1,1.571428571,1.5,1.214285714
daily_port_series,Gulf and east-coast ports,1,United Arab Emirates,ARE,port561,Khor Fakkan,2026-05-06,1,1.142857143,1.25,1.285714286
daily_port_series,Gulf and east-coast ports,1,United Arab Emirates,ARE,port561,Khor Fakkan,2026-05-07,2,1.285714286,1.25,1.178571429
daily_port_series,Gulf and east-coast ports,1,United Arab Emirates,ARE,port561,Khor Fakkan,2026-05-08,3,1.571428571,1.75,1.392857143
daily_port_series,Gulf and east-coast ports,1,United Arab Emirates,ARE,port561,Khor Fakkan,2026-05-09,0,1.428571429,1,1.25
daily_port_series,Gulf and east-coast ports,1,United Arab Emirates,ARE,port561,Khor Fakkan,2026-05-10,2,1.714285714,1,1.214285714
daily_port_series,Gulf and east-coast ports,1,United Arab Emirates,ARE,port561,Khor Fakkan,2026-05-11,2,1.857142857,2,1.178571429
daily_port_series,Gulf and east-coast ports,1,United Arab Emirates,ARE,port561,Khor Fakkan,2026-05-12,0,1.571428571,0.5,1.178571429
daily_port_series,Gulf and east-coast ports,1,United Arab Emirates,ARE,port561,Khor Fakkan,2026-05-13,3,1.714285714,1,1.464285714
daily_port_series,Gulf and east-coast ports,1,United Arab Emirates,ARE,port561,Khor Fakkan,2026-05-14,3,1.714285714,1,1.321428571
daily_port_series,Gulf and east-coast ports,1,United Arab Emirates,ARE,port561,Khor Fakkan,2026-05-15,1,1.428571429,1.75,1.142857143
daily_port_series,Gulf and east-coast ports,1,United Arab Emirates,ARE,port561,Khor Fakkan,2026-05-16,1,1.571428571,3,1.25
daily_port_series,Gulf and east-coast ports,1,United Arab Emirates,ARE,port561,Khor Fakkan,2026-05-17,2,1.285714286,0,1.214285714
daily_port_series,Gulf and east-coast ports,1,United Arab Emirates,ARE,port561,Khor Fakkan,2026-05-18,0,0.8571428571,0.75,1.178571429
daily_port_series,Gulf and east-coast ports,1,United Arab Emirates,ARE,port561,Khor Fakkan,2026-05-19,1,0.7142857143,1.25,1.071428571
daily_port_series,Gulf and east-coast ports,1,United Arab Emirates,ARE,port561,Khor Fakkan,2026-05-20,1,1.142857143,0.75,0.9285714286
daily_port_series,Gulf and east-coast ports,1,United Arab Emirates,ARE,port561,Khor Fakkan,2026-05-21,0,1,0.75,1.107142857
daily_port_series,Gulf and east-coast ports,1,United Arab Emirates,ARE,port561,Khor Fakkan,2026-05-22,0,1,1,1.142857143
daily_port_series,Gulf and east-coast ports,1,United Arab Emirates,ARE,port561,Khor Fakkan,2026-05-23,4,1.142857143,2,1.285714286
daily_port_series,Gulf and east-coast ports,1,United Arab Emirates,ARE,port561,Khor Fakkan,2026-05-24,1,1.142857143,1.25,1.321428571
daily_port_series,Gulf and east-coast ports,1,United Arab Emirates,ARE,port561,Khor Fakkan,2026-05-25,0,1.285714286,1,1.357142857
daily_port_series,Gulf and east-coast ports,1,United Arab Emirates,ARE,port561,Khor Fakkan,2026-05-26,2,1.285714286,2.25,1.535714286
daily_port_series,Gulf and east-coast ports,1,United Arab Emirates,ARE,port561,Khor Fakkan,2026-05-27,1,0.7142857143,1,1.464285714
daily_port_series,Gulf and east-coast ports,1,United Arab Emirates,ARE,port561,Khor Fakkan,2026-05-28,1,0.7142857143,1,1.428571429
daily_port_series,Gulf and east-coast ports,1,United Arab Emirates,ARE,port561,Khor Fakkan,2026-05-29,0,0.8571428571,2.25,1.5
daily_port_series,Gulf and east-coast ports,1,United Arab Emirates,ARE,port561,Khor Fakkan,2026-05-30,0,1.142857143,1.5,1.392857143
daily_port_series,Gulf and east-coast ports,1,United Arab Emirates,ARE,port561,Khor Fakkan,2026-05-31,1,1.285714286,1,1.5
daily_port_series,Gulf and east-coast ports,1,United Arab Emirates,ARE,port561,Khor Fakkan,2026-06-01,1,1.428571429,1.5,1.535714286
daily_port_series,Gulf and east-coast ports,1,United Arab Emirates,ARE,port561,Khor Fakkan,2026-06-02,4,1.571428571,1.5,1.357142857
daily_port_series,Gulf and east-coast ports,1,United Arab Emirates,ARE,port561,Khor Fakkan,2026-06-03,2,1.714285714,1.75,1.321428571
daily_port_series,Gulf and east-coast ports,1,United Arab Emirates,ARE,port561,Khor Fakkan,2026-06-04,2,1.714285714,1.25,1.357142857
daily_port_series,Gulf and east-coast ports,1,United Arab Emirates,ARE,port561,Khor Fakkan,2026-06-05,1,2,1,1.25
daily_port_series,Gulf and east-coast ports,1,United Arab Emirates,ARE,port561,Khor Fakkan,2026-06-06,1,1.428571429,1.25,1.214285714
daily_port_series,Gulf and east-coast ports,1,United Arab Emirates,ARE,port561,Khor Fakkan,2026-06-07,1,1.571428571,1.25,1.107142857
daily_port_series,Gulf and east-coast ports,1,United Arab Emirates,ARE,port561,Khor Fakkan,2026-06-08,3,1.714285714,0.75,1.071428571
daily_port_series,Gulf and east-coast ports,1,United Arab Emirates,ARE,port561,Khor Fakkan,2026-06-09,0,1.857142857,1.25,1.071428571
daily_port_series,Gulf and east-coast ports,1,United Arab Emirates,ARE,port561,Khor Fakkan,2026-06-10,3,1.714285714,1,1.142857143
daily_port_series,Gulf and east-coast ports,1,United Arab Emirates,ARE,port561,Khor Fakkan,2026-06-11,3,1.714285714,1,1.035714286
daily_port_series,Gulf and east-coast ports,1,United Arab Emirates,ARE,port561,Khor Fakkan,2026-06-12,2,1.285714286,1,1.178571429
daily_port_series,Gulf and east-coast ports,1,United Arab Emirates,ARE,port561,Khor Fakkan,2026-06-13,0,1.714285714,1.75,1.178571429
daily_port_series,Gulf and east-coast ports,1,United Arab Emirates,ARE,port561,Khor Fakkan,2026-06-14,1,1.285714286,0.5,1.25
daily_port_series,Gulf and east-coast ports,1,United Arab Emirates,ARE,port561,Khor Fakkan,2026-06-15,0,1.285714286,1.75,1.285714286
daily_port_series,Gulf and east-coast ports,1,United Arab Emirates,ARE,port561,Khor Fakkan,2026-06-16,3,1,1.25,1.321428571
daily_port_series,Gulf and east-coast ports,1,United Arab Emirates,ARE,port561,Khor Fakkan,2026-06-17,0,1,1.5,1.214285714
daily_port_series,Gulf and east-coast ports,1,United Arab Emirates,ARE,port561,Khor Fakkan,2026-06-18,3,1.142857143,1.25,1.357142857
daily_port_series,Gulf and east-coast ports,1,United Arab Emirates,ARE,port561,Khor Fakkan,2026-06-19,0,1.428571429,1.25,1.25
daily_port_series,Gulf and east-coast ports,1,United Arab Emirates,ARE,port561,Khor Fakkan,2026-06-20,0,1.285714286,1,1.178571429
daily_port_series,Gulf and east-coast ports,1,United Arab Emirates,ARE,port561,Khor Fakkan,2026-06-21,2,1.428571429,1.5,1.107142857
daily_port_series,Gulf and east-coast ports,1,United Arab Emirates,ARE,port561,Khor Fakkan,2026-06-22,2,1.428571429,1,1.214285714
daily_port_series,Gulf and east-coast ports,1,United Arab Emirates,ARE,port561,Khor Fakkan,2026-06-23,2,1.714285714,0.75,1.214285714
daily_port_series,Gulf and east-coast ports,1,United Arab Emirates,ARE,port561,Khor Fakkan,2026-06-24,1,1.857142857,1,1.321428571
daily_port_series,Gulf and east-coast ports,1,United Arab Emirates,ARE,port561,Khor Fakkan,2026-06-25,3,1.857142857,2,1.178571429
daily_port_series,Gulf and east-coast ports,1,United Arab Emirates,ARE,port561,Khor Fakkan,2026-06-26,2,1.714285714,1.25,1.285714286
daily_port_series,Gulf and east-coast ports,1,United Arab Emirates,ARE,port561,Khor Fakkan,2026-06-27,1,2,1.75,1.321428571
daily_port_series,Gulf and east-coast ports,1,United Arab Emirates,ARE,port561,Khor Fakkan,2026-06-28,2,2.166666667,0.5,1.375
daily_port_series,Gulf and east-coast ports,1,United Arab Emirates,ARE,port561,Khor Fakkan,2026-06-29,1,2,1.75,1.25
daily_port_series,Gulf and east-coast ports,1,United Arab Emirates,ARE,port561,Khor Fakkan,2026-06-30,4,2,1,1.25
daily_port_series,Wider route context,3,Kuwait,KWT,port743,Mina Al Ahmadi,2026-01-01,1,1,0.75,1.1875
daily_port_series,Wider route context,3,Kuwait,KWT,port743,Mina Al Ahmadi,2026-01-02,2,1,0.75,1.05
daily_port_series,Wider route context,3,Kuwait,KWT,port743,Mina Al Ahmadi,2026-01-03,1,1.166666667,1.75,1.208333333
daily_port_series,Wider route context,3,Kuwait,KWT,port743,Mina Al Ahmadi,2026-01-04,0,1.428571429,1.5,1.142857143
daily_port_series,Wider route context,3,Kuwait,KWT,port743,Mina Al Ahmadi,2026-01-05,1,1.285714286,0.5,1.25
daily_port_series,Wider route context,3,Kuwait,KWT,port743,Mina Al Ahmadi,2026-01-06,2,1.285714286,2,1.357142857
daily_port_series,Wider route context,3,Kuwait,KWT,port743,Mina Al Ahmadi,2026-01-07,3,1.142857143,0.75,1.428571429
daily_port_series,Wider route context,3,Kuwait,KWT,port743,Mina Al Ahmadi,2026-01-08,0,1.285714286,1.5,1.321428571
daily_port_series,Wider route context,3,Kuwait,KWT,port743,Mina Al Ahmadi,2026-01-09,2,1.285714286,1.5,1.464285714
daily_port_series,Wider route context,3,Kuwait,KWT,port743,Mina Al Ahmadi,2026-01-10,0,1.142857143,2.25,1.392857143
daily_port_series,Wider route context,3,Kuwait,KWT,port743,Mina Al Ahmadi,2026-01-11,1,1,0.75,1.535714286
daily_port_series,Wider route context,3,Kuwait,KWT,port743,Mina Al Ahmadi,2026-01-12,1,1.142857143,1.5,1.535714286
daily_port_series,Wider route context,3,Kuwait,KWT,port743,Mina Al Ahmadi,2026-01-13,1,1.285714286,1.5,1.357142857
daily_port_series,Wider route context,3,Kuwait,KWT,port743,Mina Al Ahmadi,2026-01-14,2,1.428571429,1.75,1.321428571
daily_port_series,Wider route context,3,Kuwait,KWT,port743,Mina Al Ahmadi,2026-01-15,1,1.285714286,1.5,1.392857143
daily_port_series,Wider route context,3,Kuwait,KWT,port743,Mina Al Ahmadi,2026-01-16,3,1.285714286,0.25,1.392857143
daily_port_series,Wider route context,3,Kuwait,KWT,port743,Mina Al Ahmadi,2026-01-17,1,1.571428571,2,1.321428571
daily_port_series,Wider route context,3,Kuwait,KWT,port743,Mina Al Ahmadi,2026-01-18,0,1.428571429,1.25,1.428571429
daily_port_series,Wider route context,3,Kuwait,KWT,port743,Mina Al Ahmadi,2026-01-19,1,1.428571429,1.5,1.392857143
daily_port_series,Wider route context,3,Kuwait,KWT,port743,Mina Al Ahmadi,2026-01-20,3,1,1,1.535714286
daily_port_series,Wider route context,3,Kuwait,KWT,port743,Mina Al Ahmadi,2026-01-21,1,1,2.5,1.428571429
daily_port_series,Wider route context,3,Kuwait,KWT,port743,Mina Al Ahmadi,2026-01-22,1,1.285714286,1.25,1.357142857
daily_port_series,Wider route context,3,Kuwait,KWT,port743,Mina Al Ahmadi,2026-01-23,0,1.285714286,1.25,1.392857143
daily_port_series,Wider route context,3,Kuwait,KWT,port743,Mina Al Ahmadi,2026-01-24,1,1.142857143,1.25,1.464285714
daily_port_series,Wider route context,3,Kuwait,KWT,port743,Mina Al Ahmadi,2026-01-25,2,1,0.75,1.392857143
daily_port_series,Wider route context,3,Kuwait,KWT,port743,Mina Al Ahmadi,2026-01-26,1,1.285714286,1.75,1.392857143
daily_port_series,Wider route context,3,Kuwait,KWT,port743,Mina Al Ahmadi,2026-01-27,2,1.571428571,1.5,1.428571429
daily_port_series,Wider route context,3,Kuwait,KWT,port743,Mina Al Ahmadi,2026-01-28,0,1.428571429,2,1.464285714
daily_port_series,Wider route context,3,Kuwait,KWT,port743,Mina Al Ahmadi,2026-01-29,3,1.428571429,1.25,1.607142857
daily_port_series,Wider route context,3,Kuwait,KWT,port743,Mina Al Ahmadi,2026-01-30,2,1.428571429,1.5,1.607142857
daily_port_series,Wider route context,3,Kuwait,KWT,port743,Mina Al Ahmadi,2026-01-31,0,1.142857143,1.5,1.678571429
daily_port_series,Wider route context,3,Kuwait,KWT,port743,Mina Al Ahmadi,2026-02-01,2,1.285714286,1.75,1.571428571
daily_port_series,Wider route context,3,Kuwait,KWT,port743,Mina Al Ahmadi,2026-02-02,1,1.285714286,1.75,1.678571429
daily_port_series,Wider route context,3,Kuwait,KWT,port743,Mina Al Ahmadi,2026-02-03,0,1.285714286,2,1.535714286
daily_port_series,Wider route context,3,Kuwait,KWT,port743,Mina Al Ahmadi,2026-02-04,1,1.285714286,1.25,1.607142857
daily_port_series,Wider route context,3,Kuwait,KWT,port743,Mina Al Ahmadi,2026-02-05,3,1.428571429,2,1.642857143
daily_port_series,Wider route context,3,Kuwait,KWT,port743,Mina Al Ahmadi,2026-02-06,2,1.285714286,0.5,1.678571429
daily_port_series,Wider route context,3,Kuwait,KWT,port743,Mina Al Ahmadi,2026-02-07,0,1.571428571,2,1.428571429
daily_port_series,Wider route context,3,Kuwait,KWT,port743,Mina Al Ahmadi,2026-02-08,3,1.857142857,2,1.464285714
daily_port_series,Wider route context,3,Kuwait,KWT,port743,Mina Al Ahmadi,2026-02-09,0,1.571428571,2,1.321428571
daily_port_series,Wider route context,3,Kuwait,KWT,port743,Mina Al Ahmadi,2026-02-10,2,1.428571429,0.25,1.5
daily_port_series,Wider route context,3,Kuwait,KWT,port743,Mina Al Ahmadi,2026-02-11,3,1.571428571,1.5,1.464285714
daily_port_series,Wider route context,3,Kuwait,KWT,port743,Mina Al Ahmadi,2026-02-12,1,1.142857143,1,1.392857143
daily_port_series,Wider route context,3,Kuwait,KWT,port743,Mina Al Ahmadi,2026-02-13,1,1.142857143,1.75,1.25
daily_port_series,Wider route context,3,Kuwait,KWT,port743,Mina Al Ahmadi,2026-02-14,1,1.285714286,1.75,1.571428571
daily_port_series,Wider route context,3,Kuwait,KWT,port743,Mina Al Ahmadi,2026-02-15,0,1,1.5,1.428571429
daily_port_series,Wider route context,3,Kuwait,KWT,port743,Mina Al Ahmadi,2026-02-16,0,1.142857143,1,1.571428571
daily_port_series,Wider route context,3,Kuwait,KWT,port743,Mina Al Ahmadi,2026-02-17,3,1.142857143,2.5,1.5
daily_port_series,Wider route context,3,Kuwait,KWT,port743,Mina Al Ahmadi,2026-02-18,1,1.285714286,0.5,1.357142857
daily_port_series,Wider route context,3,Kuwait,KWT,port743,Mina Al Ahmadi,2026-02-19,2,1.714285714,2,1.285714286
daily_port_series,Wider route context,3,Kuwait,KWT,port743,Mina Al Ahmadi,2026-02-20,1,1.714285714,1.25,1.321428571
daily_port_series,Wider route context,3,Kuwait,KWT,port743,Mina Al Ahmadi,2026-02-21,2,1.571428571,0.75,1.178571429
daily_port_series,Wider route context,3,Kuwait,KWT,port743,Mina Al Ahmadi,2026-02-22,3,1.714285714,1,1.357142857
daily_port_series,Wider route context,3,Kuwait,KWT,port743,Mina Al Ahmadi,2026-02-23,0,1.428571429,1.25,1.214285714
daily_port_series,Wider route context,3,Kuwait,KWT,port743,Mina Al Ahmadi,2026-02-24,2,1.571428571,1.5,1.357142857
daily_port_series,Wider route context,3,Kuwait,KWT,port743,Mina Al Ahmadi,2026-02-25,2,1.285714286,1.75,1.428571429
daily_port_series,Wider route context,3,Kuwait,KWT,port743,Mina Al Ahmadi,2026-02-26,0,0.8571428571,1,1.428571429
daily_port_series,Wider route context,3,Kuwait,KWT,port743,Mina Al Ahmadi,2026-02-27,2,1.285714286,2.25,1.5
daily_port_series,Wider route context,3,Kuwait,KWT,port743,Mina Al Ahmadi,2026-02-28,0,1.142857143,1.25,1.5
daily_port_series,Wider route context,3,Kuwait,KWT,port743,Mina Al Ahmadi,2026-03-01,0,1,1,1.5
daily_port_series,Wider route context,3,Kuwait,KWT,port743,Mina Al Ahmadi,2026-03-02,3,1.142857143,1.75,1.642857143
daily_port_series,Wider route context,3,Kuwait,KWT,port743,Mina Al Ahmadi,2026-03-03,1,1,1.5,1.5
daily_port_series,Wider route context,3,Kuwait,KWT,port743,Mina Al Ahmadi,2026-03-04,1,1.142857143,1.75,1.464285714
daily_port_series,Wider route context,3,Kuwait,KWT,port743,Mina Al Ahmadi,2026-03-05,1,1.142857143,2,1.678571429
daily_port_series,Wider route context,3,Kuwait,KWT,port743,Mina Al Ahmadi,2026-03-06,1,0.8571428571,1.25,1.571428571
daily_port_series,Wider route context,3,Kuwait,KWT,port743,Mina Al Ahmadi,2026-03-07,1,0.7142857143,1,1.464285714
daily_port_series,Wider route context,3,Kuwait,KWT,port743,Mina Al Ahmadi,2026-03-08,0,0.7142857143,2.5,1.392857143
daily_port_series,Wider route context,3,Kuwait,KWT,port743,Mina Al Ahmadi,2026-03-09,1,0.7142857143,1,1.357142857
daily_port_series,Wider route context,3,Kuwait,KWT,port743,Mina Al Ahmadi,2026-03-10,0,0.5714285714,0.75,1.357142857
daily_port_series,Wider route context,3,Kuwait,KWT,port743,Mina Al Ahmadi,2026-03-11,1,0.8571428571,1.25,1.321428571
daily_port_series,Wider route context,3,Kuwait,KWT,port743,Mina Al Ahmadi,2026-03-12,1,1,1.75,1.178571429
daily_port_series,Wider route context,3,Kuwait,KWT,port743,Mina Al Ahmadi,2026-03-13,0,1.142857143,1.25,1.214285714
daily_port_series,Wider route context,3,Kuwait,KWT,port743,Mina Al Ahmadi,2026-03-14,3,1.142857143,0.75,1.285714286
daily_port_series,Wider route context,3,Kuwait,KWT,port743,Mina Al Ahmadi,2026-03-15,1,1,1.5,1.25
daily_port_series,Wider route context,3,Kuwait,KWT,port743,Mina Al Ahmadi,2026-03-16,2,0.8571428571,1.25,1.178571429
daily_port_series,Wider route context,3,Kuwait,KWT,port743,Mina Al Ahmadi,2026-03-17,0,0.8571428571,1.25,1.107142857
daily_port_series,Wider route context,3,Kuwait,KWT,port743,Mina Al Ahmadi,2026-03-18,0,0.4285714286,1,1.035714286
daily_port_series,Wider route context,3,Kuwait,KWT,port743,Mina Al Ahmadi,2026-03-19,0,0.4285714286,1.25,1.107142857
daily_port_series,Wider route context,3,Kuwait,KWT,port743,Mina Al Ahmadi,2026-03-20,0,0.2857142857,0.75,1.142857143
daily_port_series,Wider route context,3,Kuwait,KWT,port743,Mina Al Ahmadi,2026-03-21,0,0.2857142857,0.25,1.178571429
daily_port_series,Wider route context,3,Kuwait,KWT,port743,Mina Al Ahmadi,2026-03-22,1,0.2857142857,2,1.25
daily_port_series,Wider route context,3,Kuwait,KWT,port743,Mina Al Ahmadi,2026-03-23,1,0.2857142857,1.5,1.25
daily_port_series,Wider route context,3,Kuwait,KWT,port743,Mina Al Ahmadi,2026-03-24,0,0.2857142857,1.5,1.392857143
daily_port_series,Wider route context,3,Kuwait,KWT,port743,Mina Al Ahmadi,2026-03-25,0,0.2857142857,1.5,1.535714286
daily_port_series,Wider route context,3,Kuwait,KWT,port743,Mina Al Ahmadi,2026-03-26,0,0.1428571429,1.25,1.392857143
daily_port_series,Wider route context,3,Kuwait,KWT,port743,Mina Al Ahmadi,2026-03-27,0,0,1.75,1.321428571
daily_port_series,Wider route context,3,Kuwait,KWT,port743,Mina Al Ahmadi,2026-03-28,0,0.1428571429,1.25,1.357142857
daily_port_series,Wider route context,3,Kuwait,KWT,port743,Mina Al Ahmadi,2026-03-29,0,0.1428571429,1,1.25
daily_port_series,Wider route context,3,Kuwait,KWT,port743,Mina Al Ahmadi,2026-03-30,0,0.1428571429,1,1.214285714
daily_port_series,Wider route context,3,Kuwait,KWT,port743,Mina Al Ahmadi,2026-03-31,1,0.1428571429,1.75,1.214285714
daily_port_series,Wider route context,3,Kuwait,KWT,port743,Mina Al Ahmadi,2026-04-01,0,0.1428571429,0.75,1.142857143
daily_port_series,Wider route context,3,Kuwait,KWT,port743,Mina Al Ahmadi,2026-04-02,0,0.1428571429,1,1.142857143
daily_port_series,Wider route context,3,Kuwait,KWT,port743,Mina Al Ahmadi,2026-04-03,0,0.1428571429,1.75,1.107142857
daily_port_series,Wider route context,3,Kuwait,KWT,port743,Mina Al Ahmadi,2026-04-04,0,0,0.75,0.9642857143
daily_port_series,Wider route context,3,Kuwait,KWT,port743,Mina Al Ahmadi,2026-04-05,0,0,1,1.214285714
daily_port_series,Wider route context,3,Kuwait,KWT,port743,Mina Al Ahmadi,2026-04-06,0,0,0.75,1.142857143
daily_port_series,Wider route context,3,Kuwait,KWT,port743,Mina Al Ahmadi,2026-04-07,0,0,0.75,0.9642857143
daily_port_series,Wider route context,3,Kuwait,KWT,port743,Mina Al Ahmadi,2026-04-08,0,0,2.5,1.071428571
daily_port_series,Wider route context,3,Kuwait,KWT,port743,Mina Al Ahmadi,2026-04-09,0,0,0.5,1.071428571
daily_port_series,Wider route context,3,Kuwait,KWT,port743,Mina Al Ahmadi,2026-04-10,0,0,0.5,1.035714286
daily_port_series,Wider route context,3,Kuwait,KWT,port743,Mina Al Ahmadi,2026-04-11,0,0,1.5,1.071428571
daily_port_series,Wider route context,3,Kuwait,KWT,port743,Mina Al Ahmadi,2026-04-12,0,0,1,0.9642857143
daily_port_series,Wider route context,3,Kuwait,KWT,port743,Mina Al Ahmadi,2026-04-13,0,0,0.5,0.9642857143
daily_port_series,Wider route context,3,Kuwait,KWT,port743,Mina Al Ahmadi,2026-04-14,0,0,1,1.214285714
daily_port_series,Wider route context,3,Kuwait,KWT,port743,Mina Al Ahmadi,2026-04-15,0,0,1.75,1.214285714
daily_port_series,Wider route context,3,Kuwait,KWT,port743,Mina Al Ahmadi,2026-04-16,0,0,0.5,1.214285714
daily_port_series,Wider route context,3,Kuwait,KWT,port743,Mina Al Ahmadi,2026-04-17,0,0,2.25,1.321428571
daily_port_series,Wider route context,3,Kuwait,KWT,port743,Mina Al Ahmadi,2026-04-18,0,0.1428571429,1.5,1.392857143
daily_port_series,Wider route context,3,Kuwait,KWT,port743,Mina Al Ahmadi,2026-04-19,0,0.1428571429,1,1.428571429
daily_port_series,Wider route context,3,Kuwait,KWT,port743,Mina Al Ahmadi,2026-04-20,0,0.1428571429,1.25,1.535714286
daily_port_series,Wider route context,3,Kuwait,KWT,port743,Mina Al Ahmadi,2026-04-21,1,0.1428571429,1.5,1.321428571
daily_port_series,Wider route context,3,Kuwait,KWT,port743,Mina Al Ahmadi,2026-04-22,0,0.1428571429,2,1.285714286
daily_port_series,Wider route context,3,Kuwait,KWT,port743,Mina Al Ahmadi,2026-04-23,0,0.1428571429,1.25,1.428571429
daily_port_series,Wider route context,3,Kuwait,KWT,port743,Mina Al Ahmadi,2026-04-24,0,0.1428571429,0.75,1.285714286
daily_port_series,Wider route context,3,Kuwait,KWT,port743,Mina Al Ahmadi,2026-04-25,0,0,1.25,1.285714286
daily_port_series,Wider route context,3,Kuwait,KWT,port743,Mina Al Ahmadi,2026-04-26,0,0,2,1.214285714
daily_port_series,Wider route context,3,Kuwait,KWT,port743,Mina Al Ahmadi,2026-04-27,0,0,0.25,1.214285714
daily_port_series,Wider route context,3,Kuwait,KWT,port743,Mina Al Ahmadi,2026-04-28,0,0,1.5,1.214285714
daily_port_series,Wider route context,3,Kuwait,KWT,port743,Mina Al Ahmadi,2026-04-29,0,0,1.5,1.178571429
daily_port_series,Wider route context,3,Kuwait,KWT,port743,Mina Al Ahmadi,2026-04-30,0,0,1.25,1.107142857
daily_port_series,Wider route context,3,Kuwait,KWT,port743,Mina Al Ahmadi,2026-05-01,0,0,0.75,1.392857143
daily_port_series,Wider route context,3,Kuwait,KWT,port743,Mina Al Ahmadi,2026-05-02,0,0,1,1.214285714
daily_port_series,Wider route context,3,Kuwait,KWT,port743,Mina Al Ahmadi,2026-05-03,0,0,1.5,1.142857143
daily_port_series,Wider route context,3,Kuwait,KWT,port743,Mina Al Ahmadi,2026-05-04,0,0,2.25,1.25
daily_port_series,Wider route context,3,Kuwait,KWT,port743,Mina Al Ahmadi,2026-05-05,0,0,0.25,1.25
daily_port_series,Wider route context,3,Kuwait,KWT,port743,Mina Al Ahmadi,2026-05-06,0,0,1,1.178571429
daily_port_series,Wider route context,3,Kuwait,KWT,port743,Mina Al Ahmadi,2026-05-07,0,0,2,1.142857143
daily_port_series,Wider route context,3,Kuwait,KWT,port743,Mina Al Ahmadi,2026-05-08,0,0,0.75,1.178571429
daily_port_series,Wider route context,3,Kuwait,KWT,port743,Mina Al Ahmadi,2026-05-09,0,0,0.5,1.321428571
daily_port_series,Wider route context,3,Kuwait,KWT,port743,Mina Al Ahmadi,2026-05-10,0,0,1.25,1.535714286
daily_port_series,Wider route context,3,Kuwait,KWT,port743,Mina Al Ahmadi,2026-05-11,0,0,2.5,1.428571429
daily_port_series,Wider route context,3,Kuwait,KWT,port743,Mina Al Ahmadi,2026-05-12,0,0,1.25,1.5
daily_port_series,Wider route context,3,Kuwait,KWT,port743,Mina Al Ahmadi,2026-05-13,0,0,2.5,1.535714286
daily_port_series,Wider route context,3,Kuwait,KWT,port743,Mina Al Ahmadi,2026-05-14,0,0,1.25,1.5
daily_port_series,Wider route context,3,Kuwait,KWT,port743,Mina Al Ahmadi,2026-05-15,0,0,1.25,1.428571429
daily_port_series,Wider route context,3,Kuwait,KWT,port743,Mina Al Ahmadi,2026-05-16,0,0,0.75,1.285714286
daily_port_series,Wider route context,3,Kuwait,KWT,port743,Mina Al Ahmadi,2026-05-17,0,0,1,1.25
daily_port_series,Wider route context,3,Kuwait,KWT,port743,Mina Al Ahmadi,2026-05-18,0,0,2,1.285714286
daily_port_series,Wider route context,3,Kuwait,KWT,port743,Mina Al Ahmadi,2026-05-19,0,0,0.25,1.214285714
daily_port_series,Wider route context,3,Kuwait,KWT,port743,Mina Al Ahmadi,2026-05-20,0,0,2.25,1.285714286
daily_port_series,Wider route context,3,Kuwait,KWT,port743,Mina Al Ahmadi,2026-05-21,0,0,1.5,1.357142857
daily_port_series,Wider route context,3,Kuwait,KWT,port743,Mina Al Ahmadi,2026-05-22,0,0,0.75,1.25
daily_port_series,Wider route context,3,Kuwait,KWT,port743,Mina Al Ahmadi,2026-05-23,0,0,1.25,1.392857143
daily_port_series,Wider route context,3,Kuwait,KWT,port743,Mina Al Ahmadi,2026-05-24,0,0,1.5,1.178571429
daily_port_series,Wider route context,3,Kuwait,KWT,port743,Mina Al Ahmadi,2026-05-25,0,0,1.25,1.214285714
daily_port_series,Wider route context,3,Kuwait,KWT,port743,Mina Al Ahmadi,2026-05-26,0,0,1.25,1.392857143
daily_port_series,Wider route context,3,Kuwait,KWT,port743,Mina Al Ahmadi,2026-05-27,0,0,0.75,1.464285714
daily_port_series,Wider route context,3,Kuwait,KWT,port743,Mina Al Ahmadi,2026-05-28,0,0,1.75,1.392857143
daily_port_series,Wider route context,3,Kuwait,KWT,port743,Mina Al Ahmadi,2026-05-29,0,0,2,1.357142857
daily_port_series,Wider route context,3,Kuwait,KWT,port743,Mina Al Ahmadi,2026-05-30,0,0,1.75,1.357142857
daily_port_series,Wider route context,3,Kuwait,KWT,port743,Mina Al Ahmadi,2026-05-31,0,0,1,1.571428571
daily_port_series,Wider route context,3,Kuwait,KWT,port743,Mina Al Ahmadi,2026-06-01,0,0,1,1.392857143
daily_port_series,Wider route context,3,Kuwait,KWT,port743,Mina Al Ahmadi,2026-06-02,0,0,1.25,1.321428571
daily_port_series,Wider route context,3,Kuwait,KWT,port743,Mina Al Ahmadi,2026-06-03,0,0,2.25,1.178571429
daily_port_series,Wider route context,3,Kuwait,KWT,port743,Mina Al Ahmadi,2026-06-04,0,0,0.5,1.464285714
daily_port_series,Wider route context,3,Kuwait,KWT,port743,Mina Al Ahmadi,2026-06-05,0,0,1.5,1.464285714
daily_port_series,Wider route context,3,Kuwait,KWT,port743,Mina Al Ahmadi,2026-06-06,0,0,0.75,1.392857143
daily_port_series,Wider route context,3,Kuwait,KWT,port743,Mina Al Ahmadi,2026-06-07,0,0,3,1.285714286
daily_port_series,Wider route context,3,Kuwait,KWT,port743,Mina Al Ahmadi,2026-06-08,0,0,1,1.428571429
daily_port_series,Wider route context,3,Kuwait,KWT,port743,Mina Al Ahmadi,2026-06-09,0,0,0.75,1.321428571
daily_port_series,Wider route context,3,Kuwait,KWT,port743,Mina Al Ahmadi,2026-06-10,0,0,1.5,1.392857143
daily_port_series,Wider route context,3,Kuwait,KWT,port743,Mina Al Ahmadi,2026-06-11,0,0,1.5,1.142857143
daily_port_series,Wider route context,3,Kuwait,KWT,port743,Mina Al Ahmadi,2026-06-12,0,0,0.75,1.214285714
daily_port_series,Wider route context,3,Kuwait,KWT,port743,Mina Al Ahmadi,2026-06-13,0,0,1.25,1.285714286
daily_port_series,Wider route context,3,Kuwait,KWT,port743,Mina Al Ahmadi,2026-06-14,0,0,1.25,1.25
daily_port_series,Wider route context,3,Kuwait,KWT,port743,Mina Al Ahmadi,2026-06-15,0,0,1.5,1.142857143
daily_port_series,Wider route context,3,Kuwait,KWT,port743,Mina Al Ahmadi,2026-06-16,0,0,1.25,1.25
daily_port_series,Wider route context,3,Kuwait,KWT,port743,Mina Al Ahmadi,2026-06-17,0,0,1.25,1.25
daily_port_series,Wider route context,3,Kuwait,KWT,port743,Mina Al Ahmadi,2026-06-18,0,0,0.75,1.321428571
daily_port_series,Wider route context,3,Kuwait,KWT,port743,Mina Al Ahmadi,2026-06-19,0,0,1.5,1.357142857
daily_port_series,Wider route context,3,Kuwait,KWT,port743,Mina Al Ahmadi,2026-06-20,0,0,1.25,1.428571429
daily_port_series,Wider route context,3,Kuwait,KWT,port743,Mina Al Ahmadi,2026-06-21,0,0,1.75,1.5
daily_port_series,Wider route context,3,Kuwait,KWT,port743,Mina Al Ahmadi,2026-06-22,0,0,1.75,1.607142857
daily_port_series,Wider route context,3,Kuwait,KWT,port743,Mina Al Ahmadi,2026-06-23,0,0,1.75,1.607142857
daily_port_series,Wider route context,3,Kuwait,KWT,port743,Mina Al Ahmadi,2026-06-24,0,0,1.75,1.571428571
daily_port_series,Wider route context,3,Kuwait,KWT,port743,Mina Al Ahmadi,2026-06-25,0,0,1.5,1.571428571
daily_port_series,Wider route context,3,Kuwait,KWT,port743,Mina Al Ahmadi,2026-06-26,0,0,1.5,1.5
daily_port_series,Wider route context,3,Kuwait,KWT,port743,Mina Al Ahmadi,2026-06-27,0,0,1,1.428571429
daily_port_series,Wider route context,3,Kuwait,KWT,port743,Mina Al Ahmadi,2026-06-28,0,0,1.75,1.375
daily_port_series,Wider route context,3,Kuwait,KWT,port743,Mina Al Ahmadi,2026-06-29,0,0,1.25,1.35
daily_port_series,Wider route context,3,Kuwait,KWT,port743,Mina Al Ahmadi,2026-06-30,0,0,1.25,1.3125
daily_port_series,Gulf and east-coast ports,5,United Arab Emirates,ARE,port744,Jebel Ali,2026-01-01,25,24,24.75,22.25
daily_port_series,Gulf and east-coast ports,5,United Arab Emirates,ARE,port744,Jebel Ali,2026-01-02,26,24.8,20,22.5
daily_port_series,Gulf and east-coast ports,5,United Arab Emirates,ARE,port744,Jebel Ali,2026-01-03,25,23.83333333,24.5,22.75
daily_port_series,Gulf and east-coast ports,5,United Arab Emirates,ARE,port744,Jebel Ali,2026-01-04,20,23.85714286,19.75,22.75
daily_port_series,Gulf and east-coast ports,5,United Arab Emirates,ARE,port744,Jebel Ali,2026-01-05,28,24.42857143,23.5,22.60714286
daily_port_series,Gulf and east-coast ports,5,United Arab Emirates,ARE,port744,Jebel Ali,2026-01-06,19,24.57142857,24,23.28571429
daily_port_series,Gulf and east-coast ports,5,United Arab Emirates,ARE,port744,Jebel Ali,2026-01-07,24,24,22.75,23.03571429
daily_port_series,Gulf and east-coast ports,5,United Arab Emirates,ARE,port744,Jebel Ali,2026-01-08,29,24.42857143,23.75,23.07142857
daily_port_series,Gulf and east-coast ports,5,United Arab Emirates,ARE,port744,Jebel Ali,2026-01-09,27,24.28571429,24.75,22.78571429
daily_port_series,Gulf and east-coast ports,5,United Arab Emirates,ARE,port744,Jebel Ali,2026-01-10,21,23.71428571,22.75,22.5
daily_port_series,Gulf and east-coast ports,5,United Arab Emirates,ARE,port744,Jebel Ali,2026-01-11,23,24.28571429,20,22.75
daily_port_series,Gulf and east-coast ports,5,United Arab Emirates,ARE,port744,Jebel Ali,2026-01-12,27,24,21.5,22.71428571
daily_port_series,Gulf and east-coast ports,5,United Arab Emirates,ARE,port744,Jebel Ali,2026-01-13,15,23.14285714,22,22.25
daily_port_series,Gulf and east-coast ports,5,United Arab Emirates,ARE,port744,Jebel Ali,2026-01-14,28,23.71428571,24.5,22.07142857
daily_port_series,Gulf and east-coast ports,5,United Arab Emirates,ARE,port744,Jebel Ali,2026-01-15,27,23.57142857,23.5,22.35714286
daily_port_series,Gulf and east-coast ports,5,United Arab Emirates,ARE,port744,Jebel Ali,2026-01-16,21,23.71428571,21.5,22.60714286
daily_port_series,Gulf and east-coast ports,5,United Arab Emirates,ARE,port744,Jebel Ali,2026-01-17,25,24.28571429,21.5,22.75
daily_port_series,Gulf and east-coast ports,5,United Arab Emirates,ARE,port744,Jebel Ali,2026-01-18,22,23.28571429,22,21.71428571
daily_port_series,Gulf and east-coast ports,5,United Arab Emirates,ARE,port744,Jebel Ali,2026-01-19,28,24.14285714,23.25,22.42857143
daily_port_series,Gulf and east-coast ports,5,United Arab Emirates,ARE,port744,Jebel Ali,2026-01-20,19,24,23,22.82142857
daily_port_series,Gulf and east-coast ports,5,United Arab Emirates,ARE,port744,Jebel Ali,2026-01-21,21,24.71428571,17.25,23.10714286
daily_port_series,Gulf and east-coast ports,5,United Arab Emirates,ARE,port744,Jebel Ali,2026-01-22,33,24.71428571,28.5,23.53571429
daily_port_series,Gulf and east-coast ports,5,United Arab Emirates,ARE,port744,Jebel Ali,2026-01-23,20,25,24.25,23.75
daily_port_series,Gulf and east-coast ports,5,United Arab Emirates,ARE,port744,Jebel Ali,2026-01-24,30,25.28571429,23.5,23.82142857
daily_port_series,Gulf and east-coast ports,5,United Arab Emirates,ARE,port744,Jebel Ali,2026-01-25,22,25.85714286,25,24.82142857
daily_port_series,Gulf and east-coast ports,5,United Arab Emirates,ARE,port744,Jebel Ali,2026-01-26,30,24.14285714,24.75,24.03571429
daily_port_series,Gulf and east-coast ports,5,United Arab Emirates,ARE,port744,Jebel Ali,2026-01-27,21,24.71428571,23.5,24.10714286
daily_port_series,Gulf and east-coast ports,5,United Arab Emirates,ARE,port744,Jebel Ali,2026-01-28,25,24,24.25,24.53571429
daily_port_series,Gulf and east-coast ports,5,United Arab Emirates,ARE,port744,Jebel Ali,2026-01-29,21,24.57142857,23,24.10714286
daily_port_series,Gulf and east-coast ports,5,United Arab Emirates,ARE,port744,Jebel Ali,2026-01-30,24,22.57142857,24.75,23.5
daily_port_series,Gulf and east-coast ports,5,United Arab Emirates,ARE,port744,Jebel Ali,2026-01-31,25,22.71428571,26.5,23.53571429
daily_port_series,Gulf and east-coast ports,5,United Arab Emirates,ARE,port744,Jebel Ali,2026-02-01,26,22.57142857,22,23.21428571
daily_port_series,Gulf and east-coast ports,5,United Arab Emirates,ARE,port744,Jebel Ali,2026-02-02,16,23.28571429,20.5,23.35714286
daily_port_series,Gulf and east-coast ports,5,United Arab Emirates,ARE,port744,Jebel Ali,2026-02-03,22,23.57142857,23.75,23.07142857
daily_port_series,Gulf and east-coast ports,5,United Arab Emirates,ARE,port744,Jebel Ali,2026-02-04,24,23.57142857,22,22.67857143
daily_port_series,Gulf and east-coast ports,5,United Arab Emirates,ARE,port744,Jebel Ali,2026-02-05,26,23.71428571,24,22.75
daily_port_series,Gulf and east-coast ports,5,United Arab Emirates,ARE,port744,Jebel Ali,2026-02-06,26,24.57142857,22.75,23.28571429
daily_port_series,Gulf and east-coast ports,5,United Arab Emirates,ARE,port744,Jebel Ali,2026-02-07,25,24.71428571,23.75,22.92857143
daily_port_series,Gulf and east-coast ports,5,United Arab Emirates,ARE,port744,Jebel Ali,2026-02-08,27,24.42857143,22.5,23.14285714
daily_port_series,Gulf and east-coast ports,5,United Arab Emirates,ARE,port744,Jebel Ali,2026-02-09,22,24,24.25,22.89285714
daily_port_series,Gulf and east-coast ports,5,United Arab Emirates,ARE,port744,Jebel Ali,2026-02-10,23,24.28571429,21.25,23.14285714
daily_port_series,Gulf and east-coast ports,5,United Arab Emirates,ARE,port744,Jebel Ali,2026-02-11,22,24.57142857,23.5,23.32142857
daily_port_series,Gulf and east-coast ports,5,United Arab Emirates,ARE,port744,Jebel Ali,2026-02-12,23,24.14285714,22.25,23.35714286
daily_port_series,Gulf and east-coast ports,5,United Arab Emirates,ARE,port744,Jebel Ali,2026-02-13,28,24.71428571,24.5,23.17857143
daily_port_series,Gulf and east-coast ports,5,United Arab Emirates,ARE,port744,Jebel Ali,2026-02-14,27,25.57142857,25,23.75
daily_port_series,Gulf and east-coast ports,5,United Arab Emirates,ARE,port744,Jebel Ali,2026-02-15,24,26.85714286,22.75,23.14285714
daily_port_series,Gulf and east-coast ports,5,United Arab Emirates,ARE,port744,Jebel Ali,2026-02-16,26,26.71428571,23,23.03571429
daily_port_series,Gulf and east-coast ports,5,United Arab Emirates,ARE,port744,Jebel Ali,2026-02-17,29,25.85714286,25.25,23.28571429
daily_port_series,Gulf and east-coast ports,5,United Arab Emirates,ARE,port744,Jebel Ali,2026-02-18,31,26,19.25,23.17857143
daily_port_series,Gulf and east-coast ports,5,United Arab Emirates,ARE,port744,Jebel Ali,2026-02-19,22,26,21.5,23.17857143
daily_port_series,Gulf and east-coast ports,5,United Arab Emirates,ARE,port744,Jebel Ali,2026-02-20,22,25.42857143,26.25,23.17857143
daily_port_series,Gulf and east-coast ports,5,United Arab Emirates,ARE,port744,Jebel Ali,2026-02-21,28,24.57142857,24.25,22.78571429
daily_port_series,Gulf and east-coast ports,5,United Arab Emirates,ARE,port744,Jebel Ali,2026-02-22,24,22.85714286,22.75,23.03571429
daily_port_series,Gulf and east-coast ports,5,United Arab Emirates,ARE,port744,Jebel Ali,2026-02-23,22,22.85714286,23,23.21428571
daily_port_series,Gulf and east-coast ports,5,United Arab Emirates,ARE,port744,Jebel Ali,2026-02-24,23,22.57142857,22.5,23.07142857
daily_port_series,Gulf and east-coast ports,5,United Arab Emirates,ARE,port744,Jebel Ali,2026-02-25,19,21.14285714,21,23.39285714
daily_port_series,Gulf and east-coast ports,5,United Arab Emirates,ARE,port744,Jebel Ali,2026-02-26,22,19,22.75,23.5
daily_port_series,Gulf and east-coast ports,5,United Arab Emirates,ARE,port744,Jebel Ali,2026-02-27,20,16.14285714,25.25,23.46428571
daily_port_series,Gulf and east-coast ports,5,United Arab Emirates,ARE,port744,Jebel Ali,2026-02-28,18,13.14285714,26.5,23.28571429
daily_port_series,Gulf and east-coast ports,5,United Arab Emirates,ARE,port744,Jebel Ali,2026-03-01,9,10.71428571,23.5,23.71428571
daily_port_series,Gulf and east-coast ports,5,United Arab Emirates,ARE,port744,Jebel Ali,2026-03-02,2,7.714285714,22.75,23.78571429
daily_port_series,Gulf and east-coast ports,5,United Arab Emirates,ARE,port744,Jebel Ali,2026-03-03,2,5,21.25,23.92857143
daily_port_series,Gulf and east-coast ports,5,United Arab Emirates,ARE,port744,Jebel Ali,2026-03-04,2,2.571428571,24,23.17857143
daily_port_series,Gulf and east-coast ports,5,United Arab Emirates,ARE,port744,Jebel Ali,2026-03-05,1,1.428571429,23.25,23.17857143
daily_port_series,Gulf and east-coast ports,5,United Arab Emirates,ARE,port744,Jebel Ali,2026-03-06,1,1.142857143,26.25,23.14285714
daily_port_series,Gulf and east-coast ports,5,United Arab Emirates,ARE,port744,Jebel Ali,2026-03-07,1,0.8571428571,21.25,23.64285714
daily_port_series,Gulf and east-coast ports,5,United Arab Emirates,ARE,port744,Jebel Ali,2026-03-08,1,0.5714285714,23.5,23.5
daily_port_series,Gulf and east-coast ports,5,United Arab Emirates,ARE,port744,Jebel Ali,2026-03-09,0,0.4285714286,22.5,23.46428571
daily_port_series,Gulf and east-coast ports,5,United Arab Emirates,ARE,port744,Jebel Ali,2026-03-10,0,0.2857142857,24.75,23.03571429
daily_port_series,Gulf and east-coast ports,5,United Arab Emirates,ARE,port744,Jebel Ali,2026-03-11,0,0.1428571429,23,23.71428571
daily_port_series,Gulf and east-coast ports,5,United Arab Emirates,ARE,port744,Jebel Ali,2026-03-12,0,0,23,23.35714286
daily_port_series,Gulf and east-coast ports,5,United Arab Emirates,ARE,port744,Jebel Ali,2026-03-13,0,0.1428571429,23.25,23.57142857
daily_port_series,Gulf and east-coast ports,5,United Arab Emirates,ARE,port744,Jebel Ali,2026-03-14,0,0.1428571429,26,23
daily_port_series,Gulf and east-coast ports,5,United Arab Emirates,ARE,port744,Jebel Ali,2026-03-15,0,0.1428571429,21,22.96428571
daily_port_series,Gulf and east-coast ports,5,United Arab Emirates,ARE,port744,Jebel Ali,2026-03-16,1,0.1428571429,24,23.46428571
daily_port_series,Gulf and east-coast ports,5,United Arab Emirates,ARE,port744,Jebel Ali,2026-03-17,0,0.1428571429,20.75,23.28571429
daily_port_series,Gulf and east-coast ports,5,United Arab Emirates,ARE,port744,Jebel Ali,2026-03-18,0,0.2857142857,22.75,22.75
daily_port_series,Gulf and east-coast ports,5,United Arab Emirates,ARE,port744,Jebel Ali,2026-03-19,0,0.5714285714,26.5,23.10714286
daily_port_series,Gulf and east-coast ports,5,United Arab Emirates,ARE,port744,Jebel Ali,2026-03-20,0,0.4285714286,22,22.78571429
daily_port_series,Gulf and east-coast ports,5,United Arab Emirates,ARE,port744,Jebel Ali,2026-03-21,1,1,22.25,23
daily_port_series,Gulf and east-coast ports,5,United Arab Emirates,ARE,port744,Jebel Ali,2026-03-22,2,1.571428571,23.5,22.89285714
daily_port_series,Gulf and east-coast ports,5,United Arab Emirates,ARE,port744,Jebel Ali,2026-03-23,0,1.857142857,21.75,22.14285714
daily_port_series,Gulf and east-coast ports,5,United Arab Emirates,ARE,port744,Jebel Ali,2026-03-24,4,2.428571429,22.25,22.10714286
daily_port_series,Gulf and east-coast ports,5,United Arab Emirates,ARE,port744,Jebel Ali,2026-03-25,4,2.714285714,22,21.92857143
daily_port_series,Gulf and east-coast ports,5,United Arab Emirates,ARE,port744,Jebel Ali,2026-03-26,2,2.571428571,21.25,21.28571429
daily_port_series,Gulf and east-coast ports,5,United Arab Emirates,ARE,port744,Jebel Ali,2026-03-27,4,3,21.75,21.57142857
daily_port_series,Gulf and east-coast ports,5,United Arab Emirates,ARE,port744,Jebel Ali,2026-03-28,3,2.714285714,21,21.57142857
daily_port_series,Gulf and east-coast ports,5,United Arab Emirates,ARE,port744,Jebel Ali,2026-03-29,1,2.857142857,19,21.78571429
daily_port_series,Gulf and east-coast ports,5,United Arab Emirates,ARE,port744,Jebel Ali,2026-03-30,3,2.714285714,23.75,22.32142857
daily_port_series,Gulf and east-coast ports,5,United Arab Emirates,ARE,port744,Jebel Ali,2026-03-31,2,2.285714286,22.25,22.53571429
daily_port_series,Gulf and east-coast ports,5,United Arab Emirates,ARE,port744,Jebel Ali,2026-04-01,5,2.428571429,23.5,22.5
daily_port_series,Gulf and east-coast ports,5,United Arab Emirates,ARE,port744,Jebel Ali,2026-04-02,1,2.714285714,25,23.25
daily_port_series,Gulf and east-coast ports,5,United Arab Emirates,ARE,port744,Jebel Ali,2026-04-03,1,2.571428571,23.25,22.89285714
daily_port_series,Gulf and east-coast ports,5,United Arab Emirates,ARE,port744,Jebel Ali,2026-04-04,4,2.428571429,20.75,23.57142857
daily_port_series,Gulf and east-coast ports,5,United Arab Emirates,ARE,port744,Jebel Ali,2026-04-05,3,1.857142857,24.25,23.46428571
daily_port_series,Gulf and east-coast ports,5,United Arab Emirates,ARE,port744,Jebel Ali,2026-04-06,2,2,21.25,23.42857143
daily_port_series,Gulf and east-coast ports,5,United Arab Emirates,ARE,port744,Jebel Ali,2026-04-07,1,1.857142857,27,23.57142857
daily_port_series,Gulf and east-coast ports,5,United Arab Emirates,ARE,port744,Jebel Ali,2026-04-08,1,1.285714286,22.75,24.21428571
daily_port_series,Gulf and east-coast ports,5,United Arab Emirates,ARE,port744,Jebel Ali,2026-04-09,2,2,24.75,24
daily_port_series,Gulf and east-coast ports,5,United Arab Emirates,ARE,port744,Jebel Ali,2026-04-10,0,2.285714286,24.25,24.21428571
daily_port_series,Gulf and east-coast ports,5,United Arab Emirates,ARE,port744,Jebel Ali,2026-04-11,0,2.714285714,25.25,23.28571429
daily_port_series,Gulf and east-coast ports,5,United Arab Emirates,ARE,port744,Jebel Ali,2026-04-12,8,3.285714286,22.75,23.32142857
daily_port_series,Gulf and east-coast ports,5,United Arab Emirates,ARE,port744,Jebel Ali,2026-04-13,4,3.857142857,22.75,22.75
daily_port_series,Gulf and east-coast ports,5,United Arab Emirates,ARE,port744,Jebel Ali,2026-04-14,4,4.142857143,20.5,22.53571429
daily_port_series,Gulf and east-coast ports,5,United Arab Emirates,ARE,port744,Jebel Ali,2026-04-15,5,5,23,22.25
daily_port_series,Gulf and east-coast ports,5,United Arab Emirates,ARE,port744,Jebel Ali,2026-04-16,6,4.142857143,20.75,22.46428571
daily_port_series,Gulf and east-coast ports,5,United Arab Emirates,ARE,port744,Jebel Ali,2026-04-17,2,4.142857143,22.75,22.35714286
daily_port_series,Gulf and east-coast ports,5,United Arab Emirates,ARE,port744,Jebel Ali,2026-04-18,6,4,23.25,22.71428571
daily_port_series,Gulf and east-coast ports,5,United Arab Emirates,ARE,port744,Jebel Ali,2026-04-19,2,3.714285714,24.25,22.89285714
daily_port_series,Gulf and east-coast ports,5,United Arab Emirates,ARE,port744,Jebel Ali,2026-04-20,4,3,22,22.82142857
daily_port_series,Gulf and east-coast ports,5,United Arab Emirates,ARE,port744,Jebel Ali,2026-04-21,3,3.285714286,23,22.92857143
daily_port_series,Gulf and east-coast ports,5,United Arab Emirates,ARE,port744,Jebel Ali,2026-04-22,3,2.571428571,24.25,23.03571429
daily_port_series,Gulf and east-coast ports,5,United Arab Emirates,ARE,port744,Jebel Ali,2026-04-23,1,2.857142857,20.25,23.32142857
daily_port_series,Gulf and east-coast ports,5,United Arab Emirates,ARE,port744,Jebel Ali,2026-04-24,4,2.714285714,23.5,23.25
daily_port_series,Gulf and east-coast ports,5,United Arab Emirates,ARE,port744,Jebel Ali,2026-04-25,1,3,24,23.39285714
daily_port_series,Gulf and east-coast ports,5,United Arab Emirates,ARE,port744,Jebel Ali,2026-04-26,4,3.428571429,26.25,22.75
daily_port_series,Gulf and east-coast ports,5,United Arab Emirates,ARE,port744,Jebel Ali,2026-04-27,3,3.857142857,21.5,23.42857143
daily_port_series,Gulf and east-coast ports,5,United Arab Emirates,ARE,port744,Jebel Ali,2026-04-28,5,3.857142857,24,23.46428571
daily_port_series,Gulf and east-coast ports,5,United Arab Emirates,ARE,port744,Jebel Ali,2026-04-29,6,4,19.75,23.42857143
daily_port_series,Gulf and east-coast ports,5,United Arab Emirates,ARE,port744,Jebel Ali,2026-04-30,4,4.142857143,25,23
daily_port_series,Gulf and east-coast ports,5,United Arab Emirates,ARE,port744,Jebel Ali,2026-05-01,4,4.285714286,23.75,23.28571429
daily_port_series,Gulf and east-coast ports,5,United Arab Emirates,ARE,port744,Jebel Ali,2026-05-02,2,4,23.75,22.89285714
daily_port_series,Gulf and east-coast ports,5,United Arab Emirates,ARE,port744,Jebel Ali,2026-05-03,5,3.142857143,23.25,23.35714286
daily_port_series,Gulf and east-coast ports,5,United Arab Emirates,ARE,port744,Jebel Ali,2026-05-04,4,2.714285714,23.5,23.25
daily_port_series,Gulf and east-coast ports,5,United Arab Emirates,ARE,port744,Jebel Ali,2026-05-05,3,2.285714286,21.25,23.03571429
daily_port_series,Gulf and east-coast ports,5,United Arab Emirates,ARE,port744,Jebel Ali,2026-05-06,0,2.571428571,23,22.78571429
daily_port_series,Gulf and east-coast ports,5,United Arab Emirates,ARE,port744,Jebel Ali,2026-05-07,1,2,24.25,22.78571429
daily_port_series,Gulf and east-coast ports,5,United Arab Emirates,ARE,port744,Jebel Ali,2026-05-08,1,1.857142857,22.25,23.14285714
daily_port_series,Gulf and east-coast ports,5,United Arab Emirates,ARE,port744,Jebel Ali,2026-05-09,4,1.428571429,22,23
daily_port_series,Gulf and east-coast ports,5,United Arab Emirates,ARE,port744,Jebel Ali,2026-05-10,1,2.714285714,23.25,23
daily_port_series,Gulf and east-coast ports,5,United Arab Emirates,ARE,port744,Jebel Ali,2026-05-11,3,2.714285714,26,22.64285714
daily_port_series,Gulf and east-coast ports,5,United Arab Emirates,ARE,port744,Jebel Ali,2026-05-12,0,2.571428571,20.25,22.57142857
daily_port_series,Gulf and east-coast ports,5,United Arab Emirates,ARE,port744,Jebel Ali,2026-05-13,9,3,23,22.96428571
daily_port_series,Gulf and east-coast ports,5,United Arab Emirates,ARE,port744,Jebel Ali,2026-05-14,1,3.142857143,21.75,22.67857143
daily_port_series,Gulf and east-coast ports,5,United Arab Emirates,ARE,port744,Jebel Ali,2026-05-15,0,3.142857143,21.75,22.53571429
daily_port_series,Gulf and east-coast ports,5,United Arab Emirates,ARE,port744,Jebel Ali,2026-05-16,7,3.428571429,24.75,23.28571429
daily_port_series,Gulf and east-coast ports,5,United Arab Emirates,ARE,port744,Jebel Ali,2026-05-17,2,2.142857143,21.25,23.07142857
daily_port_series,Gulf and east-coast ports,5,United Arab Emirates,ARE,port744,Jebel Ali,2026-05-18,3,3.428571429,25,23.64285714
daily_port_series,Gulf and east-coast ports,5,United Arab Emirates,ARE,port744,Jebel Ali,2026-05-19,2,4,25.5,23.85714286
daily_port_series,Gulf and east-coast ports,5,United Arab Emirates,ARE,port744,Jebel Ali,2026-05-20,0,3.142857143,21.5,23.75
daily_port_series,Gulf and east-coast ports,5,United Arab Emirates,ARE,port744,Jebel Ali,2026-05-21,10,2.857142857,25.75,23.78571429
daily_port_series,Gulf and east-coast ports,5,United Arab Emirates,ARE,port744,Jebel Ali,2026-05-22,4,3,23.25,23.92857143
daily_port_series,Gulf and east-coast ports,5,United Arab Emirates,ARE,port744,Jebel Ali,2026-05-23,1,3.285714286,24,23.57142857
daily_port_series,Gulf and east-coast ports,5,United Arab Emirates,ARE,port744,Jebel Ali,2026-05-24,0,3.714285714,21.5,23.5
daily_port_series,Gulf and east-coast ports,5,United Arab Emirates,ARE,port744,Jebel Ali,2026-05-25,4,2.285714286,26,23.17857143
daily_port_series,Gulf and east-coast ports,5,United Arab Emirates,ARE,port744,Jebel Ali,2026-05-26,4,2,23,23.42857143
daily_port_series,Gulf and east-coast ports,5,United Arab Emirates,ARE,port744,Jebel Ali,2026-05-27,3,1.857142857,21,23.39285714
daily_port_series,Gulf and east-coast ports,5,United Arab Emirates,ARE,port744,Jebel Ali,2026-05-28,0,2.142857143,23.5,23.92857143
daily_port_series,Gulf and east-coast ports,5,United Arab Emirates,ARE,port744,Jebel Ali,2026-05-29,2,1.571428571,25,23.25
daily_port_series,Gulf and east-coast ports,5,United Arab Emirates,ARE,port744,Jebel Ali,2026-05-30,0,1,23.75,23.5
daily_port_series,Gulf and east-coast ports,5,United Arab Emirates,ARE,port744,Jebel Ali,2026-05-31,2,0.5714285714,25.25,23.64285714
daily_port_series,Gulf and east-coast ports,5,United Arab Emirates,ARE,port744,Jebel Ali,2026-06-01,0,0.5714285714,21.25,23.21428571
daily_port_series,Gulf and east-coast ports,5,United Arab Emirates,ARE,port744,Jebel Ali,2026-06-02,0,0.4285714286,24.75,23.03571429
daily_port_series,Gulf and east-coast ports,5,United Arab Emirates,ARE,port744,Jebel Ali,2026-06-03,0,0.4285714286,22,23
daily_port_series,Gulf and east-coast ports,5,United Arab Emirates,ARE,port744,Jebel Ali,2026-06-04,0,0.4285714286,20.5,23
daily_port_series,Gulf and east-coast ports,5,United Arab Emirates,ARE,port744,Jebel Ali,2026-06-05,1,0.4285714286,23.75,23.10714286
daily_port_series,Gulf and east-coast ports,5,United Arab Emirates,ARE,port744,Jebel Ali,2026-06-06,0,0.8571428571,23.5,23.10714286
daily_port_series,Gulf and east-coast ports,5,United Arab Emirates,ARE,port744,Jebel Ali,2026-06-07,2,1.285714286,25.25,23.42857143
daily_port_series,Gulf and east-coast ports,5,United Arab Emirates,ARE,port744,Jebel Ali,2026-06-08,0,1.714285714,22,23.71428571
daily_port_series,Gulf and east-coast ports,5,United Arab Emirates,ARE,port744,Jebel Ali,2026-06-09,3,2.142857143,24.75,23.42857143
daily_port_series,Gulf and east-coast ports,5,United Arab Emirates,ARE,port744,Jebel Ali,2026-06-10,3,2.142857143,24.25,23.75
daily_port_series,Gulf and east-coast ports,5,United Arab Emirates,ARE,port744,Jebel Ali,2026-06-11,3,2.285714286,22.5,23.17857143
daily_port_series,Gulf and east-coast ports,5,United Arab Emirates,ARE,port744,Jebel Ali,2026-06-12,4,2.285714286,21.75,23.17857143
daily_port_series,Gulf and east-coast ports,5,United Arab Emirates,ARE,port744,Jebel Ali,2026-06-13,0,2.714285714,25.75,22.78571429
daily_port_series,Gulf and east-coast ports,5,United Arab Emirates,ARE,port744,Jebel Ali,2026-06-14,3,3,21.25,21.96428571
daily_port_series,Gulf and east-coast ports,5,United Arab Emirates,ARE,port744,Jebel Ali,2026-06-15,0,3,22,22.07142857
daily_port_series,Gulf and east-coast ports,5,United Arab Emirates,ARE,port744,Jebel Ali,2026-06-16,6,3.285714286,22,22.67857143
daily_port_series,Gulf and east-coast ports,5,United Arab Emirates,ARE,port744,Jebel Ali,2026-06-17,5,4.285714286,18.5,22.07142857
daily_port_series,Gulf and east-coast ports,5,United Arab Emirates,ARE,port744,Jebel Ali,2026-06-18,3,4.285714286,23.25,21.82142857
daily_port_series,Gulf and east-coast ports,5,United Arab Emirates,ARE,port744,Jebel Ali,2026-06-19,6,5.285714286,26,21.85714286
daily_port_series,Gulf and east-coast ports,5,United Arab Emirates,ARE,port744,Jebel Ali,2026-06-20,7,5.714285714,21.5,22.5
daily_port_series,Gulf and east-coast ports,5,United Arab Emirates,ARE,port744,Jebel Ali,2026-06-21,3,5.857142857,19.5,22.71428571
daily_port_series,Gulf and east-coast ports,5,United Arab Emirates,ARE,port744,Jebel Ali,2026-06-22,7,6.285714286,22.25,22.5
daily_port_series,Gulf and east-coast ports,5,United Arab Emirates,ARE,port744,Jebel Ali,2026-06-23,9,6,26.5,22.57142857
daily_port_series,Gulf and east-coast ports,5,United Arab Emirates,ARE,port744,Jebel Ali,2026-06-24,6,6,20,23.46428571
daily_port_series,Gulf and east-coast ports,5,United Arab Emirates,ARE,port744,Jebel Ali,2026-06-25,6,6,21.75,23.67857143
daily_port_series,Gulf and east-coast ports,5,United Arab Emirates,ARE,port744,Jebel Ali,2026-06-26,4,5.285714286,26.5,23.67857143
daily_port_series,Gulf and east-coast ports,5,United Arab Emirates,ARE,port744,Jebel Ali,2026-06-27,7,4.571428571,27.75,23.21428571
daily_port_series,Gulf and east-coast ports,5,United Arab Emirates,ARE,port744,Jebel Ali,2026-06-28,3,4.333333333,21,23.75
daily_port_series,Gulf and east-coast ports,5,United Arab Emirates,ARE,port744,Jebel Ali,2026-06-29,2,4,22.25,24.15
daily_port_series,Gulf and east-coast ports,5,United Arab Emirates,ARE,port744,Jebel Ali,2026-06-30,4,4,23.25,23.5625
daily_port_series,Wider route context,6,Oman,OMN,port746,Salalah,2026-01-01,4,4.75,3.25,4.3125
daily_port_series,Wider route context,6,Oman,OMN,port746,Salalah,2026-01-02,5,4.6,4.5,4.2
daily_port_series,Wider route context,6,Oman,OMN,port746,Salalah,2026-01-03,4,4.5,5.5,4.166666667
daily_port_series,Wider route context,6,Oman,OMN,port746,Salalah,2026-01-04,6,4.571428571,4,4.071428571
daily_port_series,Wider route context,6,Oman,OMN,port746,Salalah,2026-01-05,4,4.857142857,3.75,4.25
daily_port_series,Wider route context,6,Oman,OMN,port746,Salalah,2026-01-06,4,4.428571429,4,4.142857143
daily_port_series,Wider route context,6,Oman,OMN,port746,Salalah,2026-01-07,5,4.142857143,3.5,4
daily_port_series,Wider route context,6,Oman,OMN,port746,Salalah,2026-01-08,6,3.714285714,4.5,4.214285714
daily_port_series,Wider route context,6,Oman,OMN,port746,Salalah,2026-01-09,2,3.285714286,3.75,4.214285714
daily_port_series,Wider route context,6,Oman,OMN,port746,Salalah,2026-01-10,2,3.142857143,4.5,4.285714286
daily_port_series,Wider route context,6,Oman,OMN,port746,Salalah,2026-01-11,3,3,5.5,4.321428571
daily_port_series,Wider route context,6,Oman,OMN,port746,Salalah,2026-01-12,1,2.571428571,3.75,4.142857143
daily_port_series,Wider route context,6,Oman,OMN,port746,Salalah,2026-01-13,3,3,4.5,4.357142857
daily_port_series,Wider route context,6,Oman,OMN,port746,Salalah,2026-01-14,4,3.428571429,3.75,4.428571429
daily_port_series,Wider route context,6,Oman,OMN,port746,Salalah,2026-01-15,3,3.428571429,3.25,4.25
daily_port_series,Wider route context,6,Oman,OMN,port746,Salalah,2026-01-16,5,3.857142857,5.25,4.607142857
daily_port_series,Wider route context,6,Oman,OMN,port746,Salalah,2026-01-17,5,3.714285714,5,4.464285714
daily_port_series,Wider route context,6,Oman,OMN,port746,Salalah,2026-01-18,3,4.142857143,4.25,4.571428571
daily_port_series,Wider route context,6,Oman,OMN,port746,Salalah,2026-01-19,4,4.142857143,6.25,4.964285714
daily_port_series,Wider route context,6,Oman,OMN,port746,Salalah,2026-01-20,2,4,3.5,4.857142857
daily_port_series,Wider route context,6,Oman,OMN,port746,Salalah,2026-01-21,7,4,4.5,4.821428571
daily_port_series,Wider route context,6,Oman,OMN,port746,Salalah,2026-01-22,3,4.428571429,6,4.857142857
daily_port_series,Wider route context,6,Oman,OMN,port746,Salalah,2026-01-23,4,4.142857143,4.5,4.571428571
daily_port_series,Wider route context,6,Oman,OMN,port746,Salalah,2026-01-24,5,4.428571429,4.75,4.571428571
daily_port_series,Wider route context,6,Oman,OMN,port746,Salalah,2026-01-25,6,4.142857143,4.5,4.642857143
daily_port_series,Wider route context,6,Oman,OMN,port746,Salalah,2026-01-26,2,4.428571429,4.25,4.357142857
daily_port_series,Wider route context,6,Oman,OMN,port746,Salalah,2026-01-27,4,4.142857143,3.5,4.607142857
daily_port_series,Wider route context,6,Oman,OMN,port746,Salalah,2026-01-28,5,4.428571429,5,4.571428571
daily_port_series,Wider route context,6,Oman,OMN,port746,Salalah,2026-01-29,5,3.857142857,4,4.607142857
daily_port_series,Wider route context,6,Oman,OMN,port746,Salalah,2026-01-30,2,4.285714286,6.25,4.642857143
daily_port_series,Wider route context,6,Oman,OMN,port746,Salalah,2026-01-31,7,4.142857143,4.5,4.75
daily_port_series,Wider route context,6,Oman,OMN,port746,Salalah,2026-02-01,2,4,4.75,4.535714286
daily_port_series,Wider route context,6,Oman,OMN,port746,Salalah,2026-02-02,5,3.857142857,4.5,4.75
daily_port_series,Wider route context,6,Oman,OMN,port746,Salalah,2026-02-03,3,4,4.25,4.285714286
daily_port_series,Wider route context,6,Oman,OMN,port746,Salalah,2026-02-04,4,3.857142857,3.5,4.428571429
daily_port_series,Wider route context,6,Oman,OMN,port746,Salalah,2026-02-05,4,4.142857143,5.5,4.464285714
daily_port_series,Wider route context,6,Oman,OMN,port746,Salalah,2026-02-06,3,4.142857143,3,4.321428571
daily_port_series,Wider route context,6,Oman,OMN,port746,Salalah,2026-02-07,6,4.428571429,5.5,4.285714286
daily_port_series,Wider route context,6,Oman,OMN,port746,Salalah,2026-02-08,4,3.857142857,5,4.5
daily_port_series,Wider route context,6,Oman,OMN,port746,Salalah,2026-02-09,5,3.571428571,3.5,4.214285714
daily_port_series,Wider route context,6,Oman,OMN,port746,Salalah,2026-02-10,5,3.571428571,4,4.285714286
daily_port_series,Wider route context,6,Oman,OMN,port746,Salalah,2026-02-11,0,3.142857143,5,4.285714286
daily_port_series,Wider route context,6,Oman,OMN,port746,Salalah,2026-02-12,2,3.142857143,3.5,3.928571429
daily_port_series,Wider route context,6,Oman,OMN,port746,Salalah,2026-02-13,3,3.285714286,3.5,4.178571429
daily_port_series,Wider route context,6,Oman,OMN,port746,Salalah,2026-02-14,3,3.142857143,5.5,4.285714286
daily_port_series,Wider route context,6,Oman,OMN,port746,Salalah,2026-02-15,4,3.428571429,2.5,4.321428571
daily_port_series,Wider route context,6,Oman,OMN,port746,Salalah,2026-02-16,6,4.142857143,5.25,4.357142857
daily_port_series,Wider route context,6,Oman,OMN,port746,Salalah,2026-02-17,4,4.428571429,4.75,4.357142857
daily_port_series,Wider route context,6,Oman,OMN,port746,Salalah,2026-02-18,2,4.571428571,5.25,4.321428571
daily_port_series,Wider route context,6,Oman,OMN,port746,Salalah,2026-02-19,7,4.428571429,3.75,4.5
daily_port_series,Wider route context,6,Oman,OMN,port746,Salalah,2026-02-20,5,4.142857143,3.5,4.392857143
daily_port_series,Wider route context,6,Oman,OMN,port746,Salalah,2026-02-21,4,3.857142857,5.25,4.357142857
daily_port_series,Wider route context,6,Oman,OMN,port746,Salalah,2026-02-22,3,3.857142857,3.75,4.107142857
daily_port_series,Wider route context,6,Oman,OMN,port746,Salalah,2026-02-23,4,3.428571429,4.5,4.357142857
daily_port_series,Wider route context,6,Oman,OMN,port746,Salalah,2026-02-24,2,3.714285714,4.5,4.392857143
daily_port_series,Wider route context,6,Oman,OMN,port746,Salalah,2026-02-25,2,3.428571429,3.5,4.428571429
daily_port_series,Wider route context,6,Oman,OMN,port746,Salalah,2026-02-26,4,3.285714286,5.5,4.535714286
daily_port_series,Wider route context,6,Oman,OMN,port746,Salalah,2026-02-27,7,3.571428571,3.75,4.464285714
daily_port_series,Wider route context,6,Oman,OMN,port746,Salalah,2026-02-28,2,3.428571429,5.5,4.357142857
daily_port_series,Wider route context,6,Oman,OMN,port746,Salalah,2026-03-01,2,3.857142857,4.5,4.464285714
daily_port_series,Wider route context,6,Oman,OMN,port746,Salalah,2026-03-02,6,3.714285714,4,4.142857143
daily_port_series,Wider route context,6,Oman,OMN,port746,Salalah,2026-03-03,1,3.428571429,3.75,4.214285714
daily_port_series,Wider route context,6,Oman,OMN,port746,Salalah,2026-03-04,5,3.857142857,4.25,4.142857143
daily_port_series,Wider route context,6,Oman,OMN,port746,Salalah,2026-03-05,3,4.142857143,3.25,4.035714286
daily_port_series,Wider route context,6,Oman,OMN,port746,Salalah,2026-03-06,5,3.571428571,4.25,4.071428571
daily_port_series,Wider route context,6,Oman,OMN,port746,Salalah,2026-03-07,5,3.714285714,5,4.035714286
daily_port_series,Wider route context,6,Oman,OMN,port746,Salalah,2026-03-08,4,3.285714286,3.75,4.142857143
daily_port_series,Wider route context,6,Oman,OMN,port746,Salalah,2026-03-09,2,2.857142857,4.25,4.428571429
daily_port_series,Wider route context,6,Oman,OMN,port746,Salalah,2026-03-10,2,2.142857143,3.5,4.321428571
daily_port_series,Wider route context,6,Oman,OMN,port746,Salalah,2026-03-11,2,1.428571429,5,4.321428571
daily_port_series,Wider route context,6,Oman,OMN,port746,Salalah,2026-03-12,0,1.428571429,5.25,4.285714286
daily_port_series,Wider route context,6,Oman,OMN,port746,Salalah,2026-03-13,0,1.428571429,3.5,4.25
daily_port_series,Wider route context,6,Oman,OMN,port746,Salalah,2026-03-14,0,2.142857143,5,4.392857143
daily_port_series,Wider route context,6,Oman,OMN,port746,Salalah,2026-03-15,4,2.285714286,3.5,4.321428571
daily_port_series,Wider route context,6,Oman,OMN,port746,Salalah,2026-03-16,2,2.714285714,4,4.285714286
daily_port_series,Wider route context,6,Oman,OMN,port746,Salalah,2026-03-17,7,3.857142857,4.5,4.535714286
daily_port_series,Wider route context,6,Oman,OMN,port746,Salalah,2026-03-18,3,4.428571429,4.5,4.535714286
daily_port_series,Wider route context,6,Oman,OMN,port746,Salalah,2026-03-19,3,4.142857143,5,4.607142857
daily_port_series,Wider route context,6,Oman,OMN,port746,Salalah,2026-03-20,8,4.285714286,5.25,4.714285714
daily_port_series,Wider route context,6,Oman,OMN,port746,Salalah,2026-03-21,4,3.714285714,5,4.607142857
daily_port_series,Wider route context,6,Oman,OMN,port746,Salalah,2026-03-22,2,4.142857143,4,4.535714286
daily_port_series,Wider route context,6,Oman,OMN,port746,Salalah,2026-03-23,3,4.285714286,4.75,4.392857143
daily_port_series,Wider route context,6,Oman,OMN,port746,Salalah,2026-03-24,3,4,3.75,4.321428571
daily_port_series,Wider route context,6,Oman,OMN,port746,Salalah,2026-03-25,6,3.428571429,4,4.357142857
daily_port_series,Wider route context,6,Oman,OMN,port746,Salalah,2026-03-26,4,3.142857143,4,4.25
daily_port_series,Wider route context,6,Oman,OMN,port746,Salalah,2026-03-27,6,3.428571429,4.75,4.107142857
daily_port_series,Wider route context,6,Oman,OMN,port746,Salalah,2026-03-28,0,3.142857143,5.25,4.25
daily_port_series,Wider route context,6,Oman,OMN,port746,Salalah,2026-03-29,0,3.142857143,3.25,4.25
daily_port_series,Wider route context,6,Oman,OMN,port746,Salalah,2026-03-30,5,3.142857143,3.75,4.285714286
daily_port_series,Wider route context,6,Oman,OMN,port746,Salalah,2026-03-31,1,3.142857143,4.75,4.142857143
daily_port_series,Wider route context,6,Oman,OMN,port746,Salalah,2026-04-01,6,3.857142857,4,4.357142857
daily_port_series,Wider route context,6,Oman,OMN,port746,Salalah,2026-04-02,4,4.571428571,4.25,4.571428571
daily_port_series,Wider route context,6,Oman,OMN,port746,Salalah,2026-04-03,6,4.285714286,3.75,4.464285714
daily_port_series,Wider route context,6,Oman,OMN,port746,Salalah,2026-04-04,5,4.571428571,6.75,4.464285714
daily_port_series,Wider route context,6,Oman,OMN,port746,Salalah,2026-04-05,5,4.285714286,4.75,4.428571429
daily_port_series,Wider route context,6,Oman,OMN,port746,Salalah,2026-04-06,3,4.857142857,3,4.5
daily_port_series,Wider route context,6,Oman,OMN,port746,Salalah,2026-04-07,3,4.714285714,4.75,4.428571429
daily_port_series,Wider route context,6,Oman,OMN,port746,Salalah,2026-04-08,4,4.857142857,3.75,4.321428571
daily_port_series,Wider route context,6,Oman,OMN,port746,Salalah,2026-04-09,8,5,4.75,4.178571429
daily_port_series,Wider route context,6,Oman,OMN,port746,Salalah,2026-04-10,5,5.285714286,3.25,4.464285714
daily_port_series,Wider route context,6,Oman,OMN,port746,Salalah,2026-04-11,6,5.428571429,6,4.5
daily_port_series,Wider route context,6,Oman,OMN,port746,Salalah,2026-04-12,6,5.714285714,3.75,4.535714286
daily_port_series,Wider route context,6,Oman,OMN,port746,Salalah,2026-04-13,5,5.571428571,5,4.571428571
daily_port_series,Wider route context,6,Oman,OMN,port746,Salalah,2026-04-14,4,5.142857143,5,4.857142857
daily_port_series,Wider route context,6,Oman,OMN,port746,Salalah,2026-04-15,6,5,4,4.678571429
daily_port_series,Wider route context,6,Oman,OMN,port746,Salalah,2026-04-16,7,4.857142857,5,4.75
daily_port_series,Wider route context,6,Oman,OMN,port746,Salalah,2026-04-17,2,5,5.25,4.642857143
daily_port_series,Wider route context,6,Oman,OMN,port746,Salalah,2026-04-18,5,5.428571429,4.75,4.428571429
daily_port_series,Wider route context,6,Oman,OMN,port746,Salalah,2026-04-19,5,5.571428571,4.25,4.607142857
daily_port_series,Wider route context,6,Oman,OMN,port746,Salalah,2026-04-20,6,5,4.25,4.5
daily_port_series,Wider route context,6,Oman,OMN,port746,Salalah,2026-04-21,7,5.857142857,3.5,4.571428571
daily_port_series,Wider route context,6,Oman,OMN,port746,Salalah,2026-04-22,7,5.571428571,5.25,4.607142857
daily_port_series,Wider route context,6,Oman,OMN,port746,Salalah,2026-04-23,3,5.571428571,4.25,4.75
daily_port_series,Wider route context,6,Oman,OMN,port746,Salalah,2026-04-24,8,6.428571429,5.75,4.75
daily_port_series,Wider route context,6,Oman,OMN,port746,Salalah,2026-04-25,3,6.285714286,5,5.035714286
daily_port_series,Wider route context,6,Oman,OMN,port746,Salalah,2026-04-26,5,6.285714286,5.25,5
daily_port_series,Wider route context,6,Oman,OMN,port746,Salalah,2026-04-27,12,6.571428571,4.25,5.107142857
daily_port_series,Wider route context,6,Oman,OMN,port746,Salalah,2026-04-28,6,6.142857143,5.5,4.964285714
daily_port_series,Wider route context,6,Oman,OMN,port746,Salalah,2026-04-29,7,6.428571429,5,4.928571429
daily_port_series,Wider route context,6,Oman,OMN,port746,Salalah,2026-04-30,5,5.857142857,5,4.785714286
daily_port_series,Wider route context,6,Oman,OMN,port746,Salalah,2026-05-01,5,5.428571429,4.75,4.785714286
daily_port_series,Wider route context,6,Oman,OMN,port746,Salalah,2026-05-02,5,5.428571429,4.75,4.535714286
daily_port_series,Wider route context,6,Oman,OMN,port746,Salalah,2026-05-03,1,5,4.25,4.571428571
daily_port_series,Wider route context,6,Oman,OMN,port746,Salalah,2026-05-04,9,4.857142857,4.25,4.678571429
daily_port_series,Wider route context,6,Oman,OMN,port746,Salalah,2026-05-05,6,4.714285714,3.75,4.607142857
daily_port_series,Wider route context,6,Oman,OMN,port746,Salalah,2026-05-06,4,4.857142857,5.25,4.607142857
daily_port_series,Wider route context,6,Oman,OMN,port746,Salalah,2026-05-07,4,5.571428571,5.75,4.642857143
daily_port_series,Wider route context,6,Oman,OMN,port746,Salalah,2026-05-08,4,5,4.25,4.642857143
daily_port_series,Wider route context,6,Oman,OMN,port746,Salalah,2026-05-09,6,5.285714286,4.75,4.785714286
daily_port_series,Wider route context,6,Oman,OMN,port746,Salalah,2026-05-10,6,5.142857143,4.5,4.571428571
daily_port_series,Wider route context,6,Oman,OMN,port746,Salalah,2026-05-11,5,5.285714286,4.25,4.25
daily_port_series,Wider route context,6,Oman,OMN,port746,Salalah,2026-05-12,8,5.285714286,4.75,4.464285714
daily_port_series,Wider route context,6,Oman,OMN,port746,Salalah,2026-05-13,3,5,3.75,4.178571429
daily_port_series,Wider route context,6,Oman,OMN,port746,Salalah,2026-05-14,5,4.857142857,3.5,4.071428571
daily_port_series,Wider route context,6,Oman,OMN,port746,Salalah,2026-05-15,4,5.142857143,5.75,4.25
daily_port_series,Wider route context,6,Oman,OMN,port746,Salalah,2026-05-16,4,4.857142857,2.75,4.5
daily_port_series,Wider route context,6,Oman,OMN,port746,Salalah,2026-05-17,5,5.571428571,3.75,4.464285714
daily_port_series,Wider route context,6,Oman,OMN,port746,Salalah,2026-05-18,7,5.857142857,5.5,4.571428571
daily_port_series,Wider route context,6,Oman,OMN,port746,Salalah,2026-05-19,6,5.857142857,6.5,4.535714286
daily_port_series,Wider route context,6,Oman,OMN,port746,Salalah,2026-05-20,8,6.285714286,3.5,4.714285714
daily_port_series,Wider route context,6,Oman,OMN,port746,Salalah,2026-05-21,7,6,4.25,4.857142857
daily_port_series,Wider route context,6,Oman,OMN,port746,Salalah,2026-05-22,4,6,5.5,4.678571429
daily_port_series,Wider route context,6,Oman,OMN,port746,Salalah,2026-05-23,7,5.428571429,4,4.357142857
daily_port_series,Wider route context,6,Oman,OMN,port746,Salalah,2026-05-24,3,5.285714286,4.75,4.571428571
daily_port_series,Wider route context,6,Oman,OMN,port746,Salalah,2026-05-25,7,4.857142857,4.25,4.607142857
daily_port_series,Wider route context,6,Oman,OMN,port746,Salalah,2026-05-26,2,5.428571429,4.25,4.571428571
daily_port_series,Wider route context,6,Oman,OMN,port746,Salalah,2026-05-27,7,5.142857143,5,4.75
daily_port_series,Wider route context,6,Oman,OMN,port746,Salalah,2026-05-28,4,5.428571429,4.5,4.678571429
daily_port_series,Wider route context,6,Oman,OMN,port746,Salalah,2026-05-29,8,5.142857143,5.25,4.428571429
daily_port_series,Wider route context,6,Oman,OMN,port746,Salalah,2026-05-30,5,5.428571429,5.25,4.607142857
daily_port_series,Wider route context,6,Oman,OMN,port746,Salalah,2026-05-31,5,5.142857143,4.25,4.571428571
daily_port_series,Wider route context,6,Oman,OMN,port746,Salalah,2026-06-01,5,5.714285714,2.5,4.428571429
daily_port_series,Wider route context,6,Oman,OMN,port746,Salalah,2026-06-02,4,5.142857143,5.5,4.321428571
daily_port_series,Wider route context,6,Oman,OMN,port746,Salalah,2026-06-03,5,5.285714286,4.75,4.25
daily_port_series,Wider route context,6,Oman,OMN,port746,Salalah,2026-06-04,8,5.428571429,3.5,4.5
daily_port_series,Wider route context,6,Oman,OMN,port746,Salalah,2026-06-05,4,5.285714286,4.5,4.642857143
daily_port_series,Wider route context,6,Oman,OMN,port746,Salalah,2026-06-06,6,5.714285714,4.75,4.5
daily_port_series,Wider route context,6,Oman,OMN,port746,Salalah,2026-06-07,6,5.714285714,6,4.607142857
daily_port_series,Wider route context,6,Oman,OMN,port746,Salalah,2026-06-08,4,5.428571429,3.5,4.75
daily_port_series,Wider route context,6,Oman,OMN,port746,Salalah,2026-06-09,7,6.285714286,4.5,4.607142857
daily_port_series,Wider route context,6,Oman,OMN,port746,Salalah,2026-06-10,5,7,5.5,4.571428571
daily_port_series,Wider route context,6,Oman,OMN,port746,Salalah,2026-06-11,6,7,4.5,4.464285714
daily_port_series,Wider route context,6,Oman,OMN,port746,Salalah,2026-06-12,10,7.142857143,3.5,4.678571429
daily_port_series,Wider route context,6,Oman,OMN,port746,Salalah,2026-06-13,11,7.428571429,4.5,4.535714286
daily_port_series,Wider route context,6,Oman,OMN,port746,Salalah,2026-06-14,6,7.571428571,5.25,4.25
daily_port_series,Wider route context,6,Oman,OMN,port746,Salalah,2026-06-15,5,7.714285714,5,4.25
daily_port_series,Wider route context,6,Oman,OMN,port746,Salalah,2026-06-16,9,7.142857143,3.5,4.428571429
daily_port_series,Wider route context,6,Oman,OMN,port746,Salalah,2026-06-17,6,6.142857143,3.5,4.321428571
daily_port_series,Wider route context,6,Oman,OMN,port746,Salalah,2026-06-18,7,6,4.5,4.178571429
daily_port_series,Wider route context,6,Oman,OMN,port746,Salalah,2026-06-19,6,5.857142857,4.75,4
daily_port_series,Wider route context,6,Oman,OMN,port746,Salalah,2026-06-20,4,5,3.75,4.142857143
daily_port_series,Wider route context,6,Oman,OMN,port746,Salalah,2026-06-21,5,4.714285714,4.25,4.285714286
daily_port_series,Wider route context,6,Oman,OMN,port746,Salalah,2026-06-22,4,4.857142857,3.75,4.428571429
daily_port_series,Wider route context,6,Oman,OMN,port746,Salalah,2026-06-23,3,4.857142857,4.5,4.5
daily_port_series,Wider route context,6,Oman,OMN,port746,Salalah,2026-06-24,4,5.285714286,4.5,4.571428571
daily_port_series,Wider route context,6,Oman,OMN,port746,Salalah,2026-06-25,8,5.142857143,5.5,4.607142857
daily_port_series,Wider route context,6,Oman,OMN,port746,Salalah,2026-06-26,6,5,5.25,4.607142857
daily_port_series,Wider route context,6,Oman,OMN,port746,Salalah,2026-06-27,7,5.571428571,4.25,4.5
daily_port_series,Wider route context,6,Oman,OMN,port746,Salalah,2026-06-28,4,5.833333333,4.5,4.5
daily_port_series,Wider route context,6,Oman,OMN,port746,Salalah,2026-06-29,3,5.4,3.75,4.3
daily_port_series,Wider route context,6,Oman,OMN,port746,Salalah,2026-06-30,7,5.25,3.75,4.0625
daily_port_series,Wider route context,5,Oman,OMN,port984,Duqm,2026-01-01,0,0.5,0.5,0.75
daily_port_series,Wider route context,5,Oman,OMN,port984,Duqm,2026-01-02,0,0.4,1.25,0.85
daily_port_series,Wider route context,5,Oman,OMN,port984,Duqm,2026-01-03,2,0.5,0.25,0.9166666667
daily_port_series,Wider route context,5,Oman,OMN,port984,Duqm,2026-01-04,0,0.5714285714,1,0.9642857143
daily_port_series,Wider route context,5,Oman,OMN,port984,Duqm,2026-01-05,0,0.7142857143,1.25,1.142857143
daily_port_series,Wider route context,5,Oman,OMN,port984,Duqm,2026-01-06,1,0.7142857143,1.25,1.178571429
daily_port_series,Wider route context,5,Oman,OMN,port984,Duqm,2026-01-07,1,0.4285714286,1.25,1.25
daily_port_series,Wider route context,5,Oman,OMN,port984,Duqm,2026-01-08,1,0.5714285714,1.75,1.357142857
daily_port_series,Wider route context,5,Oman,OMN,port984,Duqm,2026-01-09,0,0.5714285714,1.5,1.321428571
daily_port_series,Wider route context,5,Oman,OMN,port984,Duqm,2026-01-10,0,0.4285714286,0.75,1.25
daily_port_series,Wider route context,5,Oman,OMN,port984,Duqm,2026-01-11,1,0.2857142857,1.75,1.321428571
daily_port_series,Wider route context,5,Oman,OMN,port984,Duqm,2026-01-12,0,0.5714285714,1,1.285714286
daily_port_series,Wider route context,5,Oman,OMN,port984,Duqm,2026-01-13,0,0.5714285714,0.75,1.107142857
daily_port_series,Wider route context,5,Oman,OMN,port984,Duqm,2026-01-14,0,0.5714285714,1.75,1.071428571
daily_port_series,Wider route context,5,Oman,OMN,port984,Duqm,2026-01-15,3,0.4285714286,1.5,0.8928571429
daily_port_series,Wider route context,5,Oman,OMN,port984,Duqm,2026-01-16,0,0.4285714286,0.25,0.9285714286
daily_port_series,Wider route context,5,Oman,OMN,port984,Duqm,2026-01-17,0,0.5714285714,0.5,1.25
daily_port_series,Wider route context,5,Oman,OMN,port984,Duqm,2026-01-18,0,0.7142857143,0.5,1.071428571
daily_port_series,Wider route context,5,Oman,OMN,port984,Duqm,2026-01-19,0,0.4285714286,1.25,0.9285714286
daily_port_series,Wider route context,5,Oman,OMN,port984,Duqm,2026-01-20,1,0.5714285714,3,1.107142857
daily_port_series,Wider route context,5,Oman,OMN,port984,Duqm,2026-01-21,1,0.5714285714,0.5,1.142857143
daily_port_series,Wider route context,5,Oman,OMN,port984,Duqm,2026-01-22,1,0.5714285714,0.5,1.321428571
daily_port_series,Wider route context,5,Oman,OMN,port984,Duqm,2026-01-23,1,0.5714285714,1.5,1.285714286
daily_port_series,Wider route context,5,Oman,OMN,port984,Duqm,2026-01-24,0,0.5714285714,0.75,0.9642857143
daily_port_series,Wider route context,5,Oman,OMN,port984,Duqm,2026-01-25,0,0.5714285714,1.75,1.071428571
daily_port_series,Wider route context,5,Oman,OMN,port984,Duqm,2026-01-26,0,0.4285714286,1,1.142857143
daily_port_series,Wider route context,5,Oman,OMN,port984,Duqm,2026-01-27,1,0.2857142857,0.75,1.178571429
daily_port_series,Wider route context,5,Oman,OMN,port984,Duqm,2026-01-28,1,0.2857142857,1.25,1.178571429
daily_port_series,Wider route context,5,Oman,OMN,port984,Duqm,2026-01-29,0,0.2857142857,1,1.142857143
daily_port_series,Wider route context,5,Oman,OMN,port984,Duqm,2026-01-30,0,0.2857142857,1.75,1.035714286
daily_port_series,Wider route context,5,Oman,OMN,port984,Duqm,2026-01-31,0,0.1428571429,0.75,1.107142857
daily_port_series,Wider route context,5,Oman,OMN,port984,Duqm,2026-02-01,0,0.1428571429,1.5,1.142857143
daily_port_series,Wider route context,5,Oman,OMN,port984,Duqm,2026-02-02,0,0.1428571429,0.25,1.035714286
daily_port_series,Wider route context,5,Oman,OMN,port984,Duqm,2026-02-03,0,0.2857142857,1.25,0.9285714286
daily_port_series,Wider route context,5,Oman,OMN,port984,Duqm,2026-02-04,1,0.7142857143,1.5,0.9642857143
daily_port_series,Wider route context,5,Oman,OMN,port984,Duqm,2026-02-05,0,0.8571428571,0.25,0.8571428571
daily_port_series,Wider route context,5,Oman,OMN,port984,Duqm,2026-02-06,1,0.8571428571,1,0.9285714286
daily_port_series,Wider route context,5,Oman,OMN,port984,Duqm,2026-02-07,3,0.8571428571,1,1
daily_port_series,Wider route context,5,Oman,OMN,port984,Duqm,2026-02-08,1,0.7142857143,0.75,0.8928571429
daily_port_series,Wider route context,5,Oman,OMN,port984,Duqm,2026-02-09,0,0.8571428571,0.75,1
daily_port_series,Wider route context,5,Oman,OMN,port984,Duqm,2026-02-10,0,1,1.75,1.142857143
daily_port_series,Wider route context,5,Oman,OMN,port984,Duqm,2026-02-11,0,0.5714285714,0.75,1.107142857
daily_port_series,Wider route context,5,Oman,OMN,port984,Duqm,2026-02-12,1,0.5714285714,1,1.25
daily_port_series,Wider route context,5,Oman,OMN,port984,Duqm,2026-02-13,2,0.5714285714,2,1.142857143
daily_port_series,Wider route context,5,Oman,OMN,port984,Duqm,2026-02-14,0,0.7142857143,0.75,1.071428571
daily_port_series,Wider route context,5,Oman,OMN,port984,Duqm,2026-02-15,1,0.8571428571,1.75,1
daily_port_series,Wider route context,5,Oman,OMN,port984,Duqm,2026-02-16,0,0.8571428571,0,0.9285714286
daily_port_series,Wider route context,5,Oman,OMN,port984,Duqm,2026-02-17,1,0.5714285714,1.25,0.8928571429
daily_port_series,Wider route context,5,Oman,OMN,port984,Duqm,2026-02-18,1,0.7142857143,0.25,0.8571428571
daily_port_series,Wider route context,5,Oman,OMN,port984,Duqm,2026-02-19,1,0.5714285714,0.5,0.7857142857
daily_port_series,Wider route context,5,Oman,OMN,port984,Duqm,2026-02-20,0,0.5714285714,1.75,0.8214285714
daily_port_series,Wider route context,5,Oman,OMN,port984,Duqm,2026-02-21,1,0.4285714286,0.5,0.7857142857
daily_port_series,Wider route context,5,Oman,OMN,port984,Duqm,2026-02-22,0,0.2857142857,1.25,0.8214285714
daily_port_series,Wider route context,5,Oman,OMN,port984,Duqm,2026-02-23,0,0.1428571429,0.25,0.9642857143
daily_port_series,Wider route context,5,Oman,OMN,port984,Duqm,2026-02-24,0,0.1428571429,1,0.9642857143
daily_port_series,Wider route context,5,Oman,OMN,port984,Duqm,2026-02-25,0,0.1428571429,0.5,1
daily_port_series,Wider route context,5,Oman,OMN,port984,Duqm,2026-02-26,0,0.1428571429,1.5,0.9285714286
daily_port_series,Wider route context,5,Oman,OMN,port984,Duqm,2026-02-27,0,0.4285714286,1.75,0.9285714286
daily_port_series,Wider route context,5,Oman,OMN,port984,Duqm,2026-02-28,1,0.4285714286,0.75,0.9285714286
daily_port_series,Wider route context,5,Oman,OMN,port984,Duqm,2026-03-01,0,0.4285714286,0.75,0.9642857143
daily_port_series,Wider route context,5,Oman,OMN,port984,Duqm,2026-03-02,2,0.4285714286,0.25,0.8571428571
daily_port_series,Wider route context,5,Oman,OMN,port984,Duqm,2026-03-03,0,0.5714285714,1,0.8214285714
daily_port_series,Wider route context,5,Oman,OMN,port984,Duqm,2026-03-04,0,0.7142857143,0.75,0.8928571429
daily_port_series,Wider route context,5,Oman,OMN,port984,Duqm,2026-03-05,0,0.8571428571,0.75,0.8214285714
daily_port_series,Wider route context,5,Oman,OMN,port984,Duqm,2026-03-06,1,0.8571428571,1.5,0.8928571429
daily_port_series,Wider route context,5,Oman,OMN,port984,Duqm,2026-03-07,2,0.8571428571,1.25,0.9285714286
daily_port_series,Wider route context,5,Oman,OMN,port984,Duqm,2026-03-08,1,0.8571428571,0.25,1.035714286
daily_port_series,Wider route context,5,Oman,OMN,port984,Duqm,2026-03-09,2,1.142857143,0.75,1.071428571
daily_port_series,Wider route context,5,Oman,OMN,port984,Duqm,2026-03-10,0,1,1.25,1
daily_port_series,Wider route context,5,Oman,OMN,port984,Duqm,2026-03-11,0,0.7142857143,1.5,0.9642857143
daily_port_series,Wider route context,5,Oman,OMN,port984,Duqm,2026-03-12,2,0.5714285714,1,1.035714286
daily_port_series,Wider route context,5,Oman,OMN,port984,Duqm,2026-03-13,0,0.8571428571,1,1.071428571
daily_port_series,Wider route context,5,Oman,OMN,port984,Duqm,2026-03-14,0,0.8571428571,1,1.071428571
daily_port_series,Wider route context,5,Oman,OMN,port984,Duqm,2026-03-15,0,1,0.75,1.071428571
daily_port_series,Wider route context,5,Oman,OMN,port984,Duqm,2026-03-16,4,0.7142857143,1,1
daily_port_series,Wider route context,5,Oman,OMN,port984,Duqm,2026-03-17,0,0.7142857143,1.25,1.107142857
daily_port_series,Wider route context,5,Oman,OMN,port984,Duqm,2026-03-18,1,0.7142857143,1.5,1.071428571
daily_port_series,Wider route context,5,Oman,OMN,port984,Duqm,2026-03-19,0,0.8571428571,0.5,1.107142857
daily_port_series,Wider route context,5,Oman,OMN,port984,Duqm,2026-03-20,0,0.4285714286,1.75,1.035714286
daily_port_series,Wider route context,5,Oman,OMN,port984,Duqm,2026-03-21,0,0.8571428571,0.75,0.9285714286
daily_port_series,Wider route context,5,Oman,OMN,port984,Duqm,2026-03-22,1,0.8571428571,1,0.75
daily_port_series,Wider route context,5,Oman,OMN,port984,Duqm,2026-03-23,1,1,0.5,0.7857142857
daily_port_series,Wider route context,5,Oman,OMN,port984,Duqm,2026-03-24,3,1.142857143,0.5,0.75
daily_port_series,Wider route context,5,Oman,OMN,port984,Duqm,2026-03-25,1,1.285714286,0.25,0.7857142857
daily_port_series,Wider route context,5,Oman,OMN,port984,Duqm,2026-03-26,1,1.285714286,0.75,0.75
daily_port_series,Wider route context,5,Oman,OMN,port984,Duqm,2026-03-27,1,1.428571429,1.5,0.9642857143
daily_port_series,Wider route context,5,Oman,OMN,port984,Duqm,2026-03-28,1,1.142857143,1,0.9642857143
daily_port_series,Wider route context,5,Oman,OMN,port984,Duqm,2026-03-29,1,1,0.75,1.107142857
daily_port_series,Wider route context,5,Oman,OMN,port984,Duqm,2026-03-30,2,1,2,1.035714286
daily_port_series,Wider route context,5,Oman,OMN,port984,Duqm,2026-03-31,1,1,0.5,1
daily_port_series,Wider route context,5,Oman,OMN,port984,Duqm,2026-04-01,0,1.285714286,1.25,1
daily_port_series,Wider route context,5,Oman,OMN,port984,Duqm,2026-04-02,1,1.142857143,0.25,0.9642857143
daily_port_series,Wider route context,5,Oman,OMN,port984,Duqm,2026-04-03,1,1,1.25,0.8928571429
daily_port_series,Wider route context,5,Oman,OMN,port984,Duqm,2026-04-04,3,1.428571429,1,0.9285714286
daily_port_series,Wider route context,5,Oman,OMN,port984,Duqm,2026-04-05,0,1.428571429,0.5,0.9642857143
daily_port_series,Wider route context,5,Oman,OMN,port984,Duqm,2026-04-06,1,1.714285714,1.5,1.107142857
daily_port_series,Wider route context,5,Oman,OMN,port984,Duqm,2026-04-07,4,1.714285714,0.75,1.107142857
daily_port_series,Wider route context,5,Oman,OMN,port984,Duqm,2026-04-08,0,1.571428571,1.5,1.107142857
daily_port_series,Wider route context,5,Oman,OMN,port984,Duqm,2026-04-09,3,2,1.25,1.142857143
daily_port_series,Wider route context,5,Oman,OMN,port984,Duqm,2026-04-10,1,2.142857143,1.25,1.071428571
daily_port_series,Wider route context,5,Oman,OMN,port984,Duqm,2026-04-11,2,1.571428571,1,1.071428571
daily_port_series,Wider route context,5,Oman,OMN,port984,Duqm,2026-04-12,3,1.714285714,0.75,1.071428571
daily_port_series,Wider route context,5,Oman,OMN,port984,Duqm,2026-04-13,2,1.714285714,1,1.035714286
daily_port_series,Wider route context,5,Oman,OMN,port984,Duqm,2026-04-14,0,1.857142857,0.75,1
daily_port_series,Wider route context,5,Oman,OMN,port984,Duqm,2026-04-15,1,1.714285714,1.5,0.9285714286
daily_port_series,Wider route context,5,Oman,OMN,port984,Duqm,2026-04-16,3,1.285714286,1,1
daily_port_series,Wider route context,5,Oman,OMN,port984,Duqm,2026-04-17,2,1.285714286,1,0.9285714286
daily_port_series,Wider route context,5,Oman,OMN,port984,Duqm,2026-04-18,1,1.285714286,0.5,0.9285714286
daily_port_series,Wider route context,5,Oman,OMN,port984,Duqm,2026-04-19,0,1.142857143,1.25,0.8928571429
daily_port_series,Wider route context,5,Oman,OMN,port984,Duqm,2026-04-20,2,1.285714286,0.5,0.9285714286
daily_port_series,Wider route context,5,Oman,OMN,port984,Duqm,2026-04-21,0,1.142857143,0.75,1
daily_port_series,Wider route context,5,Oman,OMN,port984,Duqm,2026-04-22,0,1.142857143,1.25,1.071428571
daily_port_series,Wider route context,5,Oman,OMN,port984,Duqm,2026-04-23,4,1.428571429,1.25,0.9285714286
daily_port_series,Wider route context,5,Oman,OMN,port984,Duqm,2026-04-24,1,1.428571429,1.5,1.035714286
daily_port_series,Wider route context,5,Oman,OMN,port984,Duqm,2026-04-25,1,1.857142857,1,1.071428571
daily_port_series,Wider route context,5,Oman,OMN,port984,Duqm,2026-04-26,2,2,0.25,1.071428571
daily_port_series,Wider route context,5,Oman,OMN,port984,Duqm,2026-04-27,2,1.714285714,1.25,0.9642857143
daily_port_series,Wider route context,5,Oman,OMN,port984,Duqm,2026-04-28,3,1.571428571,1,0.9642857143
daily_port_series,Wider route context,5,Oman,OMN,port984,Duqm,2026-04-29,1,1.428571429,1.25,1.071428571
daily_port_series,Wider route context,5,Oman,OMN,port984,Duqm,2026-04-30,2,1.285714286,0.5,1.214285714
daily_port_series,Wider route context,5,Oman,OMN,port984,Duqm,2026-05-01,0,1.428571429,1.5,1.107142857
daily_port_series,Wider route context,5,Oman,OMN,port984,Duqm,2026-05-02,0,1.285714286,1.75,1.035714286
daily_port_series,Wider route context,5,Oman,OMN,port984,Duqm,2026-05-03,1,1.428571429,1.25,1.142857143
daily_port_series,Wider route context,5,Oman,OMN,port984,Duqm,2026-05-04,3,1.428571429,0.5,1.178571429
daily_port_series,Wider route context,5,Oman,OMN,port984,Duqm,2026-05-05,2,1.857142857,0.5,1.142857143
daily_port_series,Wider route context,5,Oman,OMN,port984,Duqm,2026-05-06,2,1.857142857,2,1.035714286
daily_port_series,Wider route context,5,Oman,OMN,port984,Duqm,2026-05-07,2,2,0.75,0.9285714286
daily_port_series,Wider route context,5,Oman,OMN,port984,Duqm,2026-05-08,3,1.857142857,1.25,0.9642857143
daily_port_series,Wider route context,5,Oman,OMN,port984,Duqm,2026-05-09,0,1.857142857,1,1.035714286
daily_port_series,Wider route context,5,Oman,OMN,port984,Duqm,2026-05-10,2,2,0.5,0.9285714286
daily_port_series,Wider route context,5,Oman,OMN,port984,Duqm,2026-05-11,2,2,0.75,1
daily_port_series,Wider route context,5,Oman,OMN,port984,Duqm,2026-05-12,2,1.714285714,1,1.035714286
daily_port_series,Wider route context,5,Oman,OMN,port984,Duqm,2026-05-13,3,2.285714286,1.25,1.178571429
daily_port_series,Wider route context,5,Oman,OMN,port984,Duqm,2026-05-14,2,2.142857143,1.25,1.178571429
daily_port_series,Wider route context,5,Oman,OMN,port984,Duqm,2026-05-15,1,2.142857143,1.5,1.142857143
daily_port_series,Wider route context,5,Oman,OMN,port984,Duqm,2026-05-16,4,1.857142857,2,1.178571429
daily_port_series,Wider route context,5,Oman,OMN,port984,Duqm,2026-05-17,1,1.571428571,0.5,1.142857143
daily_port_series,Wider route context,5,Oman,OMN,port984,Duqm,2026-05-18,2,1.571428571,0.5,1.035714286
daily_port_series,Wider route context,5,Oman,OMN,port984,Duqm,2026-05-19,0,1.571428571,1.25,1.035714286
daily_port_series,Wider route context,5,Oman,OMN,port984,Duqm,2026-05-20,1,1.285714286,1,0.8928571429
daily_port_series,Wider route context,5,Oman,OMN,port984,Duqm,2026-05-21,2,1.571428571,0.5,0.8928571429
daily_port_series,Wider route context,5,Oman,OMN,port984,Duqm,2026-05-22,1,1.428571429,1.5,0.9285714286
daily_port_series,Wider route context,5,Oman,OMN,port984,Duqm,2026-05-23,2,1.714285714,1,0.7857142857
daily_port_series,Wider route context,5,Oman,OMN,port984,Duqm,2026-05-24,3,1.571428571,0.5,0.9285714286
daily_port_series,Wider route context,5,Oman,OMN,port984,Duqm,2026-05-25,1,1.428571429,0.75,1.035714286
daily_port_series,Wider route context,5,Oman,OMN,port984,Duqm,2026-05-26,2,1.428571429,0.25,1.071428571
daily_port_series,Wider route context,5,Oman,OMN,port984,Duqm,2026-05-27,0,1.428571429,2,1.035714286
daily_port_series,Wider route context,5,Oman,OMN,port984,Duqm,2026-05-28,1,1.571428571,1.25,1
daily_port_series,Wider route context,5,Oman,OMN,port984,Duqm,2026-05-29,1,1.571428571,1.75,1
daily_port_series,Wider route context,5,Oman,OMN,port984,Duqm,2026-05-30,2,1.571428571,0.75,1.107142857
daily_port_series,Wider route context,5,Oman,OMN,port984,Duqm,2026-05-31,4,1.857142857,0.25,0.9642857143
daily_port_series,Wider route context,5,Oman,OMN,port984,Duqm,2026-06-01,1,1.857142857,0.75,0.8571428571
daily_port_series,Wider route context,5,Oman,OMN,port984,Duqm,2026-06-02,2,1.714285714,1,0.8214285714
daily_port_series,Wider route context,5,Oman,OMN,port984,Duqm,2026-06-03,2,1.857142857,1,0.8571428571
daily_port_series,Wider route context,5,Oman,OMN,port984,Duqm,2026-06-04,1,1.428571429,0.5,1.107142857
daily_port_series,Wider route context,5,Oman,OMN,port984,Duqm,2026-06-05,0,1.714285714,1.5,1.107142857
daily_port_series,Wider route context,5,Oman,OMN,port984,Duqm,2026-06-06,3,1.571428571,1,1.178571429
daily_port_series,Wider route context,5,Oman,OMN,port984,Duqm,2026-06-07,1,1.428571429,2,1.178571429
daily_port_series,Wider route context,5,Oman,OMN,port984,Duqm,2026-06-08,3,1.714285714,0.75,1.25
daily_port_series,Wider route context,5,Oman,OMN,port984,Duqm,2026-06-09,1,1.714285714,1.5,1.214285714
daily_port_series,Wider route context,5,Oman,OMN,port984,Duqm,2026-06-10,1,1.285714286,1,1.214285714
daily_port_series,Wider route context,5,Oman,OMN,port984,Duqm,2026-06-11,3,1.428571429,1,1.107142857
daily_port_series,Wider route context,5,Oman,OMN,port984,Duqm,2026-06-12,0,1.142857143,1.25,1.071428571
daily_port_series,Wider route context,5,Oman,OMN,port984,Duqm,2026-06-13,0,1.714285714,1,1.107142857
daily_port_series,Wider route context,5,Oman,OMN,port984,Duqm,2026-06-14,2,1.857142857,1.25,1.214285714
daily_port_series,Wider route context,5,Oman,OMN,port984,Duqm,2026-06-15,1,1.714285714,0.5,1.25
daily_port_series,Wider route context,5,Oman,OMN,port984,Duqm,2026-06-16,5,2,1.75,1.178571429
daily_port_series,Wider route context,5,Oman,OMN,port984,Duqm,2026-06-17,2,2.285714286,1.75,1.142857143
daily_port_series,Wider route context,5,Oman,OMN,port984,Duqm,2026-06-18,2,2,1.25,1.107142857
daily_port_series,Wider route context,5,Oman,OMN,port984,Duqm,2026-06-19,2,2,0.75,1.214285714
daily_port_series,Wider route context,5,Oman,OMN,port984,Duqm,2026-06-20,2,1.428571429,0.75,1.178571429
daily_port_series,Wider route context,5,Oman,OMN,port984,Duqm,2026-06-21,0,1.142857143,1,1.142857143
daily_port_series,Wider route context,5,Oman,OMN,port984,Duqm,2026-06-22,1,1.142857143,1.25,1.071428571
daily_port_series,Wider route context,5,Oman,OMN,port984,Duqm,2026-06-23,1,1.142857143,1.5,1.178571429
daily_port_series,Wider route context,5,Oman,OMN,port984,Duqm,2026-06-24,0,1,1.5,1.321428571
daily_port_series,Wider route context,5,Oman,OMN,port984,Duqm,2026-06-25,2,1.142857143,0.75,1.285714286
daily_port_series,Wider route context,5,Oman,OMN,port984,Duqm,2026-06-26,2,1.428571429,1.5,1.392857143
daily_port_series,Wider route context,5,Oman,OMN,port984,Duqm,2026-06-27,1,1.428571429,1.75,1.535714286
daily_port_series,Wider route context,5,Oman,OMN,port984,Duqm,2026-06-28,1,1.666666667,0.75,1.541666667
daily_port_series,Wider route context,5,Oman,OMN,port984,Duqm,2026-06-29,3,1.6,2,1.7
daily_port_series,Wider route context,5,Oman,OMN,port984,Duqm,2026-06-30,1,1.5,2.5,1.75
daily_port_series,Gulf and east-coast ports,4,Oman,OMN,port988,Port of Sohar,2026-01-01,10,6,5.5,5.75
daily_port_series,Gulf and east-coast ports,4,Oman,OMN,port988,Port of Sohar,2026-01-02,4,5.6,5.75,5.6
daily_port_series,Gulf and east-coast ports,4,Oman,OMN,port988,Port of Sohar,2026-01-03,5,5.333333333,5.25,6
daily_port_series,Gulf and east-coast ports,4,Oman,OMN,port988,Port of Sohar,2026-01-04,5,6.142857143,6.5,6
daily_port_series,Gulf and east-coast ports,4,Oman,OMN,port988,Port of Sohar,2026-01-05,4,5.714285714,5,6.107142857
daily_port_series,Gulf and east-coast ports,4,Oman,OMN,port988,Port of Sohar,2026-01-06,4,6.285714286,8,5.642857143
daily_port_series,Gulf and east-coast ports,4,Oman,OMN,port988,Port of Sohar,2026-01-07,11,6.285714286,6,5.857142857
daily_port_series,Gulf and east-coast ports,4,Oman,OMN,port988,Port of Sohar,2026-01-08,7,6.857142857,6.25,5.678571429
daily_port_series,Gulf and east-coast ports,4,Oman,OMN,port988,Port of Sohar,2026-01-09,8,6.714285714,2.5,5.892857143
daily_port_series,Gulf and east-coast ports,4,Oman,OMN,port988,Port of Sohar,2026-01-10,5,7.571428571,6.75,5.714285714
daily_port_series,Gulf and east-coast ports,4,Oman,OMN,port988,Port of Sohar,2026-01-11,9,6.857142857,5.25,5.785714286
daily_port_series,Gulf and east-coast ports,4,Oman,OMN,port988,Port of Sohar,2026-01-12,3,6.571428571,6.5,5.607142857
daily_port_series,Gulf and east-coast ports,4,Oman,OMN,port988,Port of Sohar,2026-01-13,10,6,6.75,6.392857143
daily_port_series,Gulf and east-coast ports,4,Oman,OMN,port988,Port of Sohar,2026-01-14,6,6.142857143,6.5,6.178571429
daily_port_series,Gulf and east-coast ports,4,Oman,OMN,port988,Port of Sohar,2026-01-15,5,5.714285714,5,6.464285714
daily_port_series,Gulf and east-coast ports,4,Oman,OMN,port988,Port of Sohar,2026-01-16,4,6.142857143,8,6.214285714
daily_port_series,Gulf and east-coast ports,4,Oman,OMN,port988,Port of Sohar,2026-01-17,6,5.714285714,5.25,6.071428571
daily_port_series,Gulf and east-coast ports,4,Oman,OMN,port988,Port of Sohar,2026-01-18,6,5.714285714,7.25,6.142857143
daily_port_series,Gulf and east-coast ports,4,Oman,OMN,port988,Port of Sohar,2026-01-19,6,5.714285714,4.75,6.5
daily_port_series,Gulf and east-coast ports,4,Oman,OMN,port988,Port of Sohar,2026-01-20,7,6.142857143,5.75,6.321428571
daily_port_series,Gulf and east-coast ports,4,Oman,OMN,port988,Port of Sohar,2026-01-21,6,6,7,6.535714286
daily_port_series,Gulf and east-coast ports,4,Oman,OMN,port988,Port of Sohar,2026-01-22,5,6.285714286,7.5,6.357142857
daily_port_series,Gulf and east-coast ports,4,Oman,OMN,port988,Port of Sohar,2026-01-23,7,6,6.75,6.571428571
daily_port_series,Gulf and east-coast ports,4,Oman,OMN,port988,Port of Sohar,2026-01-24,5,6,6.75,6.714285714
daily_port_series,Gulf and east-coast ports,4,Oman,OMN,port988,Port of Sohar,2026-01-25,8,5.857142857,6,6.5
daily_port_series,Gulf and east-coast ports,4,Oman,OMN,port988,Port of Sohar,2026-01-26,4,5.857142857,6.25,6.321428571
daily_port_series,Gulf and east-coast ports,4,Oman,OMN,port988,Port of Sohar,2026-01-27,7,5.857142857,6.75,6.035714286
daily_port_series,Gulf and east-coast ports,4,Oman,OMN,port988,Port of Sohar,2026-01-28,5,6,5.5,5.821428571
daily_port_series,Gulf and east-coast ports,4,Oman,OMN,port988,Port of Sohar,2026-01-29,5,5.571428571,6.25,6
daily_port_series,Gulf and east-coast ports,4,Oman,OMN,port988,Port of Sohar,2026-01-30,7,5.571428571,4.75,6.035714286
daily_port_series,Gulf and east-coast ports,4,Oman,OMN,port988,Port of Sohar,2026-01-31,6,5.571428571,5.25,6.035714286
daily_port_series,Gulf and east-coast ports,4,Oman,OMN,port988,Port of Sohar,2026-02-01,5,5.571428571,7.25,6.071428571
daily_port_series,Gulf and east-coast ports,4,Oman,OMN,port988,Port of Sohar,2026-02-02,4,6,6.5,6.392857143
daily_port_series,Gulf and east-coast ports,4,Oman,OMN,port988,Port of Sohar,2026-02-03,7,5.714285714,6.75,6.392857143
daily_port_series,Gulf and east-coast ports,4,Oman,OMN,port988,Port of Sohar,2026-02-04,5,6,5.75,6.678571429
daily_port_series,Gulf and east-coast ports,4,Oman,OMN,port988,Port of Sohar,2026-02-05,8,6.571428571,8.5,6.25
daily_port_series,Gulf and east-coast ports,4,Oman,OMN,port988,Port of Sohar,2026-02-06,5,7.142857143,4.75,6.178571429
daily_port_series,Gulf and east-coast ports,4,Oman,OMN,port988,Port of Sohar,2026-02-07,8,7,7.25,6.214285714
daily_port_series,Gulf and east-coast ports,4,Oman,OMN,port988,Port of Sohar,2026-02-08,9,7.142857143,4.25,6.285714286
daily_port_series,Gulf and east-coast ports,4,Oman,OMN,port988,Port of Sohar,2026-02-09,8,7,6,6.357142857
daily_port_series,Gulf and east-coast ports,4,Oman,OMN,port988,Port of Sohar,2026-02-10,6,7.714285714,7,6.214285714
daily_port_series,Gulf and east-coast ports,4,Oman,OMN,port988,Port of Sohar,2026-02-11,6,8,6.25,6.178571429
daily_port_series,Gulf and east-coast ports,4,Oman,OMN,port988,Port of Sohar,2026-02-12,7,7.142857143,9,6.535714286
daily_port_series,Gulf and east-coast ports,4,Oman,OMN,port988,Port of Sohar,2026-02-13,10,6.428571429,3.75,6.571428571
daily_port_series,Gulf and east-coast ports,4,Oman,OMN,port988,Port of Sohar,2026-02-14,10,6.285714286,7,6.5
daily_port_series,Gulf and east-coast ports,4,Oman,OMN,port988,Port of Sohar,2026-02-15,3,6.571428571,6.75,6.714285714
daily_port_series,Gulf and east-coast ports,4,Oman,OMN,port988,Port of Sohar,2026-02-16,3,6.285714286,6.25,6.214285714
daily_port_series,Gulf and east-coast ports,4,Oman,OMN,port988,Port of Sohar,2026-02-17,5,5.571428571,6.5,6.428571429
daily_port_series,Gulf and east-coast ports,4,Oman,OMN,port988,Port of Sohar,2026-02-18,8,5.285714286,7.75,6.321428571
daily_port_series,Gulf and east-coast ports,4,Oman,OMN,port988,Port of Sohar,2026-02-19,5,6,5.5,6.321428571
daily_port_series,Gulf and east-coast ports,4,Oman,OMN,port988,Port of Sohar,2026-02-20,5,6.857142857,5.25,5.964285714
daily_port_series,Gulf and east-coast ports,4,Oman,OMN,port988,Port of Sohar,2026-02-21,8,7,6.25,5.785714286
daily_port_series,Gulf and east-coast ports,4,Oman,OMN,port988,Port of Sohar,2026-02-22,8,7.142857143,6.75,5.892857143
daily_port_series,Gulf and east-coast ports,4,Oman,OMN,port988,Port of Sohar,2026-02-23,9,7.285714286,3.75,5.892857143
daily_port_series,Gulf and east-coast ports,4,Oman,OMN,port988,Port of Sohar,2026-02-24,6,7.285714286,5.25,5.857142857
daily_port_series,Gulf and east-coast ports,4,Oman,OMN,port988,Port of Sohar,2026-02-25,9,7.571428571,8.5,6.035714286
daily_port_series,Gulf and east-coast ports,4,Oman,OMN,port988,Port of Sohar,2026-02-26,6,7,5.5,6.107142857
daily_port_series,Gulf and east-coast ports,4,Oman,OMN,port988,Port of Sohar,2026-02-27,5,6.285714286,5,6.642857143
daily_port_series,Gulf and east-coast ports,4,Oman,OMN,port988,Port of Sohar,2026-02-28,10,6.142857143,7.5,6.928571429
daily_port_series,Gulf and east-coast ports,4,Oman,OMN,port988,Port of Sohar,2026-03-01,4,5,7.25,6.428571429
daily_port_series,Gulf and east-coast ports,4,Oman,OMN,port988,Port of Sohar,2026-03-02,4,4.428571429,7.5,6.642857143
daily_port_series,Gulf and east-coast ports,4,Oman,OMN,port988,Port of Sohar,2026-03-03,5,4.714285714,7.25,7
daily_port_series,Gulf and east-coast ports,4,Oman,OMN,port988,Port of Sohar,2026-03-04,1,4,5,6.821428571
daily_port_series,Gulf and east-coast ports,4,Oman,OMN,port988,Port of Sohar,2026-03-05,2,3.714285714,7,6.642857143
daily_port_series,Gulf and east-coast ports,4,Oman,OMN,port988,Port of Sohar,2026-03-06,7,3.285714286,7.5,6.357142857
daily_port_series,Gulf and east-coast ports,4,Oman,OMN,port988,Port of Sohar,2026-03-07,5,2.714285714,6.25,6.357142857
daily_port_series,Gulf and east-coast ports,4,Oman,OMN,port988,Port of Sohar,2026-03-08,2,3,6,6.428571429
daily_port_series,Gulf and east-coast ports,4,Oman,OMN,port988,Port of Sohar,2026-03-09,1,2.714285714,5.5,6.214285714
daily_port_series,Gulf and east-coast ports,4,Oman,OMN,port988,Port of Sohar,2026-03-10,1,1.857142857,7.25,5.857142857
daily_port_series,Gulf and east-coast ports,4,Oman,OMN,port988,Port of Sohar,2026-03-11,3,1.857142857,5.5,5.892857143
daily_port_series,Gulf and east-coast ports,4,Oman,OMN,port988,Port of Sohar,2026-03-12,0,2.285714286,5.5,6.142857143
daily_port_series,Gulf and east-coast ports,4,Oman,OMN,port988,Port of Sohar,2026-03-13,1,2.857142857,5,6.214285714
daily_port_series,Gulf and east-coast ports,4,Oman,OMN,port988,Port of Sohar,2026-03-14,5,3.285714286,6.5,6.107142857
daily_port_series,Gulf and east-coast ports,4,Oman,OMN,port988,Port of Sohar,2026-03-15,5,3,7.75,6.285714286
daily_port_series,Gulf and east-coast ports,4,Oman,OMN,port988,Port of Sohar,2026-03-16,5,4.142857143,6,6.678571429
daily_port_series,Gulf and east-coast ports,4,Oman,OMN,port988,Port of Sohar,2026-03-17,4,4.285714286,6.5,6.821428571
daily_port_series,Gulf and east-coast ports,4,Oman,OMN,port988,Port of Sohar,2026-03-18,1,3.857142857,6.75,6.857142857
daily_port_series,Gulf and east-coast ports,4,Oman,OMN,port988,Port of Sohar,2026-03-19,8,4.285714286,8.25,6.785714286
daily_port_series,Gulf and east-coast ports,4,Oman,OMN,port988,Port of Sohar,2026-03-20,2,4.142857143,6,6.785714286
daily_port_series,Gulf and east-coast ports,4,Oman,OMN,port988,Port of Sohar,2026-03-21,2,3.857142857,6.75,6.857142857
daily_port_series,Gulf and east-coast ports,4,Oman,OMN,port988,Port of Sohar,2026-03-22,8,4,7.25,6.75
daily_port_series,Gulf and east-coast ports,4,Oman,OMN,port988,Port of Sohar,2026-03-23,4,3.285714286,6,6.25
daily_port_series,Gulf and east-coast ports,4,Oman,OMN,port988,Port of Sohar,2026-03-24,2,3.285714286,7,6.25
daily_port_series,Gulf and east-coast ports,4,Oman,OMN,port988,Port of Sohar,2026-03-25,2,3.285714286,6,6
daily_port_series,Gulf and east-coast ports,4,Oman,OMN,port988,Port of Sohar,2026-03-26,3,2.571428571,4.75,5.75
daily_port_series,Gulf and east-coast ports,4,Oman,OMN,port988,Port of Sohar,2026-03-27,2,2.857142857,6,5.714285714
daily_port_series,Gulf and east-coast ports,4,Oman,OMN,port988,Port of Sohar,2026-03-28,2,3.142857143,5,5.678571429
daily_port_series,Gulf and east-coast ports,4,Oman,OMN,port988,Port of Sohar,2026-03-29,3,3.714285714,5.5,5.892857143
daily_port_series,Gulf and east-coast ports,4,Oman,OMN,port988,Port of Sohar,2026-03-30,6,4.285714286,5.75,5.964285714
daily_port_series,Gulf and east-coast ports,4,Oman,OMN,port988,Port of Sohar,2026-03-31,4,4.714285714,6.75,6.107142857
daily_port_series,Gulf and east-coast ports,4,Oman,OMN,port988,Port of Sohar,2026-04-01,6,4.714285714,7.5,6.25
daily_port_series,Gulf and east-coast ports,4,Oman,OMN,port988,Port of Sohar,2026-04-02,7,5.142857143,5.25,6.642857143
daily_port_series,Gulf and east-coast ports,4,Oman,OMN,port988,Port of Sohar,2026-04-03,5,4.714285714,7,7
daily_port_series,Gulf and east-coast ports,4,Oman,OMN,port988,Port of Sohar,2026-04-04,2,5,6,7.107142857
daily_port_series,Gulf and east-coast ports,4,Oman,OMN,port988,Port of Sohar,2026-04-05,6,5,8.25,6.892857143
daily_port_series,Gulf and east-coast ports,4,Oman,OMN,port988,Port of Sohar,2026-04-06,3,4.714285714,8.25,7.035714286
daily_port_series,Gulf and east-coast ports,4,Oman,OMN,port988,Port of Sohar,2026-04-07,6,4.714285714,7.5,6.821428571
daily_port_series,Gulf and east-coast ports,4,Oman,OMN,port988,Port of Sohar,2026-04-08,6,5.285714286,6,6.785714286
daily_port_series,Gulf and east-coast ports,4,Oman,OMN,port988,Port of Sohar,2026-04-09,5,4.571428571,6.25,6.821428571
daily_port_series,Gulf and east-coast ports,4,Oman,OMN,port988,Port of Sohar,2026-04-10,5,5,5.5,6.428571429
daily_port_series,Gulf and east-coast ports,4,Oman,OMN,port988,Port of Sohar,2026-04-11,6,4.857142857,5.75,6.178571429
daily_port_series,Gulf and east-coast ports,4,Oman,OMN,port988,Port of Sohar,2026-04-12,1,4.857142857,8.5,5.928571429
daily_port_series,Gulf and east-coast ports,4,Oman,OMN,port988,Port of Sohar,2026-04-13,6,5.285714286,5.5,5.642857143
daily_port_series,Gulf and east-coast ports,4,Oman,OMN,port988,Port of Sohar,2026-04-14,5,4.857142857,5.75,5.964285714
daily_port_series,Gulf and east-coast ports,4,Oman,OMN,port988,Port of Sohar,2026-04-15,6,4.428571429,4.25,6.035714286
daily_port_series,Gulf and east-coast ports,4,Oman,OMN,port988,Port of Sohar,2026-04-16,8,5.142857143,4.25,5.821428571
daily_port_series,Gulf and east-coast ports,4,Oman,OMN,port988,Port of Sohar,2026-04-17,2,4.857142857,7.75,6.071428571
daily_port_series,Gulf and east-coast ports,4,Oman,OMN,port988,Port of Sohar,2026-04-18,3,5,6.25,6.214285714
daily_port_series,Gulf and east-coast ports,4,Oman,OMN,port988,Port of Sohar,2026-04-19,6,4.714285714,7,6.428571429
daily_port_series,Gulf and east-coast ports,4,Oman,OMN,port988,Port of Sohar,2026-04-20,4,4.285714286,7.25,7.071428571
daily_port_series,Gulf and east-coast ports,4,Oman,OMN,port988,Port of Sohar,2026-04-21,6,4.714285714,6.75,6.75
daily_port_series,Gulf and east-coast ports,4,Oman,OMN,port988,Port of Sohar,2026-04-22,4,5.142857143,5.75,7.071428571
daily_port_series,Gulf and east-coast ports,4,Oman,OMN,port988,Port of Sohar,2026-04-23,5,4.714285714,8.75,7.071428571
daily_port_series,Gulf and east-coast ports,4,Oman,OMN,port988,Port of Sohar,2026-04-24,5,5.428571429,5.5,6.821428571
daily_port_series,Gulf and east-coast ports,4,Oman,OMN,port988,Port of Sohar,2026-04-25,6,5.285714286,8.5,6.5
daily_port_series,Gulf and east-coast ports,4,Oman,OMN,port988,Port of Sohar,2026-04-26,3,5,7,6.357142857
daily_port_series,Gulf and east-coast ports,4,Oman,OMN,port988,Port of Sohar,2026-04-27,9,5.428571429,5.5,6.285714286
daily_port_series,Gulf and east-coast ports,4,Oman,OMN,port988,Port of Sohar,2026-04-28,5,5.571428571,4.5,6.464285714
daily_port_series,Gulf and east-coast ports,4,Oman,OMN,port988,Port of Sohar,2026-04-29,2,5.285714286,4.75,6
daily_port_series,Gulf and east-coast ports,4,Oman,OMN,port988,Port of Sohar,2026-04-30,8,5.571428571,8.25,6.107142857
daily_port_series,Gulf and east-coast ports,4,Oman,OMN,port988,Port of Sohar,2026-05-01,6,4.571428571,6.75,6.25
daily_port_series,Gulf and east-coast ports,4,Oman,OMN,port988,Port of Sohar,2026-05-02,4,4.714285714,5.25,6.642857143
daily_port_series,Gulf and east-coast ports,4,Oman,OMN,port988,Port of Sohar,2026-05-03,5,5.142857143,7.75,7.25
daily_port_series,Gulf and east-coast ports,4,Oman,OMN,port988,Port of Sohar,2026-05-04,2,4.571428571,6.5,6.892857143
daily_port_series,Gulf and east-coast ports,4,Oman,OMN,port988,Port of Sohar,2026-05-05,6,4.142857143,7.25,6.821428571
daily_port_series,Gulf and east-coast ports,4,Oman,OMN,port988,Port of Sohar,2026-05-06,5,4.285714286,9,6.892857143
daily_port_series,Gulf and east-coast ports,4,Oman,OMN,port988,Port of Sohar,2026-05-07,4,4.714285714,5.75,6.892857143
daily_port_series,Gulf and east-coast ports,4,Oman,OMN,port988,Port of Sohar,2026-05-08,3,4.571428571,6.25,6.892857143
daily_port_series,Gulf and east-coast ports,4,Oman,OMN,port988,Port of Sohar,2026-05-09,5,4,5.75,6.821428571
daily_port_series,Gulf and east-coast ports,4,Oman,OMN,port988,Port of Sohar,2026-05-10,8,3.571428571,7.75,6.428571429
daily_port_series,Gulf and east-coast ports,4,Oman,OMN,port988,Port of Sohar,2026-05-11,1,3.142857143,6.5,6.714285714
daily_port_series,Gulf and east-coast ports,4,Oman,OMN,port988,Port of Sohar,2026-05-12,2,3.857142857,6.75,7.071428571
daily_port_series,Gulf and east-coast ports,4,Oman,OMN,port988,Port of Sohar,2026-05-13,2,4.857142857,6.25,7.321428571
daily_port_series,Gulf and east-coast ports,4,Oman,OMN,port988,Port of Sohar,2026-05-14,1,3.857142857,7.75,7.142857143
daily_port_series,Gulf and east-coast ports,4,Oman,OMN,port988,Port of Sohar,2026-05-15,8,4.571428571,8.75,6.964285714
daily_port_series,Gulf and east-coast ports,4,Oman,OMN,port988,Port of Sohar,2026-05-16,12,4.571428571,7.5,6.964285714
daily_port_series,Gulf and east-coast ports,4,Oman,OMN,port988,Port of Sohar,2026-05-17,1,5.142857143,6.5,7.107142857
daily_port_series,Gulf and east-coast ports,4,Oman,OMN,port988,Port of Sohar,2026-05-18,6,5.857142857,5.25,7.142857143
daily_port_series,Gulf and east-coast ports,4,Oman,OMN,port988,Port of Sohar,2026-05-19,2,5.285714286,6.75,6.75
daily_port_series,Gulf and east-coast ports,4,Oman,OMN,port988,Port of Sohar,2026-05-20,6,4.571428571,7.25,6.642857143
daily_port_series,Gulf and east-coast ports,4,Oman,OMN,port988,Port of Sohar,2026-05-21,6,4.428571429,8,6.5
daily_port_series,Gulf and east-coast ports,4,Oman,OMN,port988,Port of Sohar,2026-05-22,4,4.571428571,6,6.5
daily_port_series,Gulf and east-coast ports,4,Oman,OMN,port988,Port of Sohar,2026-05-23,7,5.428571429,6.75,6.392857143
daily_port_series,Gulf and east-coast ports,4,Oman,OMN,port988,Port of Sohar,2026-05-24,0,5.428571429,5.5,6.535714286
daily_port_series,Gulf and east-coast ports,4,Oman,OMN,port988,Port of Sohar,2026-05-25,7,5,5.25,6.5
daily_port_series,Gulf and east-coast ports,4,Oman,OMN,port988,Port of Sohar,2026-05-26,8,5,6,6.75
daily_port_series,Gulf and east-coast ports,4,Oman,OMN,port988,Port of Sohar,2026-05-27,6,4.571428571,8.25,7.035714286
daily_port_series,Gulf and east-coast ports,4,Oman,OMN,port988,Port of Sohar,2026-05-28,3,6.142857143,7.75,7.178571429
daily_port_series,Gulf and east-coast ports,4,Oman,OMN,port988,Port of Sohar,2026-05-29,4,5.285714286,7.75,7.107142857
daily_port_series,Gulf and east-coast ports,4,Oman,OMN,port988,Port of Sohar,2026-05-30,4,5.428571429,8.75,7.535714286
daily_port_series,Gulf and east-coast ports,4,Oman,OMN,port988,Port of Sohar,2026-05-31,11,5.428571429,6.5,7.321428571
daily_port_series,Gulf and east-coast ports,4,Oman,OMN,port988,Port of Sohar,2026-06-01,1,5.285714286,4.75,7.178571429
daily_port_series,Gulf and east-coast ports,4,Oman,OMN,port988,Port of Sohar,2026-06-02,9,6.142857143,9,7.142857143
daily_port_series,Gulf and east-coast ports,4,Oman,OMN,port988,Port of Sohar,2026-06-03,6,6,6.75,6.892857143
daily_port_series,Gulf and east-coast ports,4,Oman,OMN,port988,Port of Sohar,2026-06-04,2,5.714285714,6.75,6.892857143
daily_port_series,Gulf and east-coast ports,4,Oman,OMN,port988,Port of Sohar,2026-06-05,10,6,7.5,7.178571429
daily_port_series,Gulf and east-coast ports,4,Oman,OMN,port988,Port of Sohar,2026-06-06,3,5.142857143,7,6.75
daily_port_series,Gulf and east-coast ports,4,Oman,OMN,port988,Port of Sohar,2026-06-07,9,4.428571429,6.5,6.892857143
daily_port_series,Gulf and east-coast ports,4,Oman,OMN,port988,Port of Sohar,2026-06-08,3,5.857142857,6.75,6.857142857
daily_port_series,Gulf and east-coast ports,4,Oman,OMN,port988,Port of Sohar,2026-06-09,3,5,6,6.857142857
daily_port_series,Gulf and east-coast ports,4,Oman,OMN,port988,Port of Sohar,2026-06-10,1,4.857142857,7.75,6.892857143
daily_port_series,Gulf and east-coast ports,4,Oman,OMN,port988,Port of Sohar,2026-06-11,12,4.857142857,6.5,6.928571429
daily_port_series,Gulf and east-coast ports,4,Oman,OMN,port988,Port of Sohar,2026-06-12,4,4.714285714,7.5,6.821428571
daily_port_series,Gulf and east-coast ports,4,Oman,OMN,port988,Port of Sohar,2026-06-13,2,4.714285714,7.25,6.821428571
daily_port_series,Gulf and east-coast ports,4,Oman,OMN,port988,Port of Sohar,2026-06-14,9,4.714285714,6.75,6.785714286
daily_port_series,Gulf and east-coast ports,4,Oman,OMN,port988,Port of Sohar,2026-06-15,2,3.857142857,6,6.607142857
daily_port_series,Gulf and east-coast ports,4,Oman,OMN,port988,Port of Sohar,2026-06-16,3,4,6,6.535714286
daily_port_series,Gulf and east-coast ports,4,Oman,OMN,port988,Port of Sohar,2026-06-17,1,4.285714286,7.5,6.25
daily_port_series,Gulf and east-coast ports,4,Oman,OMN,port988,Port of Sohar,2026-06-18,6,4.571428571,5.25,6.392857143
daily_port_series,Gulf and east-coast ports,4,Oman,OMN,port988,Port of Sohar,2026-06-19,5,4.714285714,7,6.714285714
daily_port_series,Gulf and east-coast ports,4,Oman,OMN,port988,Port of Sohar,2026-06-20,4,5.142857143,5.25,6.678571429
daily_port_series,Gulf and east-coast ports,4,Oman,OMN,port988,Port of Sohar,2026-06-21,11,5.142857143,7.75,6.75
daily_port_series,Gulf and east-coast ports,4,Oman,OMN,port988,Port of Sohar,2026-06-22,3,5.285714286,8.25,7
daily_port_series,Gulf and east-coast ports,4,Oman,OMN,port988,Port of Sohar,2026-06-23,6,5.714285714,5.75,7.107142857
daily_port_series,Gulf and east-coast ports,4,Oman,OMN,port988,Port of Sohar,2026-06-24,1,5.285714286,8,7.142857143
daily_port_series,Gulf and east-coast ports,4,Oman,OMN,port988,Port of Sohar,2026-06-25,7,4.571428571,7,6.857142857
daily_port_series,Gulf and east-coast ports,4,Oman,OMN,port988,Port of Sohar,2026-06-26,8,4.571428571,7.75,6.75
daily_port_series,Gulf and east-coast ports,4,Oman,OMN,port988,Port of Sohar,2026-06-27,1,4.571428571,5.5,6.928571429
daily_port_series,Gulf and east-coast ports,4,Oman,OMN,port988,Port of Sohar,2026-06-28,6,5.166666667,5.75,6.75
daily_port_series,Gulf and east-coast ports,4,Oman,OMN,port988,Port of Sohar,2026-06-29,3,4.8,7.5,6.7
daily_port_series,Gulf and east-coast ports,4,Oman,OMN,port988,Port of Sohar,2026-06-30,6,4,7,6.4375
