source_section,region_id,geometry_wkt,geometry_semantics,selection_status,port_id,port_name,longitude,latitude,candidate_id,display_name,country_or_coast,provider_id,data_available,analysis_executed,included_in_current_main_text,row_order,window_id,window_order,relative_change_vs_2026_long_baseline_percent,direction_class,missing_reason,comparison_id,unit,aoi_id,acquisition_time_utc,plot_date,year,window,fold,objectness_threshold,length_stratum,valid_coverage_fraction,valid_nonexcluded_water_area_km2,vessel_like_label_count,vessel_like_density_per_100_km2
map_water,strait_of_hormuz_transit_gate,"POLYGON ((56.619897 26.475257, 56.557587 26.266036, 56.480218 26.284708, 56.491566 26.322898, 56.494965 26.32274, 56.508962 26.323717, 56.511078 26.333482, 56.501687 26.356959, 56.542398 26.493962, 56.619897 26.475257))","fixed analytical water; not an official port, anchorage, route or jurisdiction boundary",regional_screen,,,,,,,,,,,,,,,,,,,,,,,,,,,,,,,
map_water,fujairah_port_anchorage,"POLYGON ((56.43536 25.296243, 56.443277 25.295796, 56.451259 25.294234, 56.459228 25.291572, 56.467108 25.287835, 56.474822 25.283059, 56.482297 25.277289, 56.489459 25.270583, 56.496241 25.263004, 56.502576 25.254625, 56.508403 25.245528, 56.513667 25.235799, 56.518317 25.225533, 56.522307 25.214829, 56.525601 25.203789, 56.528165 25.19252, 56.529977 25.181131, 56.531018 25.169731, 56.531278 25.15843, 56.530757 25.147337, 56.529457 25.136558, 56.527393 25.126199, 56.524585 25.116357, 56.521059 25.107129, 56.516849 25.098602, 56.511997 25.090859, 56.506549 25.083975, 56.500557 25.078016, 56.49408 25.073038, 56.487178 25.06909, 56.47992 25.06621, 56.472373 25.064426, 56.464612 25.063754, 56.460674 25.063838, 56.45273 25.064844, 56.44476 25.066959, 56.43684 25.070161, 56.429046 25.074422, 56.421452 25.079698, 56.414133 25.085941, 56.407159 25.093088, 56.400596 25.101073, 56.394507 25.109817, 56.388952 25.119237, 56.383983 25.129243, 56.379649 25.139737, 56.375992 25.150619, 56.373047 25.161784, 56.370842 25.173124, 56.3694 25.184531, 56.368733 25.195895, 56.368849 25.207105, 56.369747 25.218055, 56.371418 25.228638, 56.373846 25.238753, 56.377009 25.248303, 56.380876 25.257195, 56.385409 25.265343, 56.390566 25.272669, 56.396295 25.279103, 56.402544 25.284583, 56.40925 25.289054, 56.416349 25.292476, 56.423773 25.294814, 56.43145 25.296046, 56.43536 25.296243))","fixed analytical water; not an official port, anchorage, route or jurisdiction boundary",regional_screen,,,,,,,,,,,,,,,,,,,,,,,,,,,,,,,
map_water,sohar_port_anchorage,"POLYGON ((56.678854 24.608557, 56.686678 24.608367, 56.694534 24.607229, 56.702345 24.605154, 56.710038 24.602162, 56.717537 24.598283, 56.72477 24.593552, 56.731667 24.588017, 56.738163 24.581731, 56.744193 24.574753, 56.749701 24.567151, 56.754633 24.558999, 56.758941 24.550376, 56.762585 24.541363, 56.765529 24.532048, 56.767745 24.522522, 56.769213 24.512874, 56.769917 24.5032, 56.769851 24.493591, 56.769017 24.48414, 56.767422 24.474938, 56.765082 24.466074, 56.762019 24.457634, 56.758263 24.449698, 56.753851 24.442342, 56.748825 24.435638, 56.743233 24.42965, 56.73713 24.424436, 56.730573 24.420046, 56.723626 24.416522, 56.716356 24.413897, 56.708833 24.412198, 56.704292 24.411653, 56.692149 24.425238, 56.66387 24.44831, 56.63559 24.471381, 56.61288 24.494583, 56.611436 24.502252, 56.610337 24.511923, 56.610005 24.521576, 56.610444 24.531118, 56.611649 24.540457, 56.613609 24.549502, 56.616305 24.558168, 56.619712 24.566369, 56.623796 24.574028, 56.628519 24.58107, 56.633834 24.587427, 56.639692 24.593039, 56.646035 24.597851, 56.652802 24.601817, 56.659927 24.604898, 56.667343 24.607065, 56.674978 24.608296, 56.678854 24.608557))","fixed analytical water; not an official port, anchorage, route or jurisdiction boundary",regional_screen,,,,,,,,,,,,,,,,,,,,,,,,,,,,,,,
map_water,jebel_ali_port_waiting_area,"POLYGON ((55.094079 25.052217, 55.090672 25.04659, 55.086201 25.041285, 55.080707 25.036353, 55.074244 25.031842, 55.066874 25.027794, 55.058668 25.024249, 55.049706 25.02124, 55.035034 25.017795, 55.028672 25.016785, 55.028412 25.016954, 55.027761 25.016995, 55.027013 25.016566, 55.024446 25.01623, 55.023529 25.017605, 55.024587 25.018134, 55.024343 25.018663, 55.022146 25.021064, 55.017263 25.024807, 55.014659 25.026475, 55.009451 25.028388, 55.007294 25.028896, 55.005138 25.029405, 55.000092 25.029975, 54.99464 25.029812, 54.993907 25.025946, 54.993907 25.025946, 54.994314 25.025865, 54.994477 25.026435, 55.004324 25.026353, 55.004324 25.026353, 55.00766 25.025417, 55.011078 25.024563, 55.013113 25.023179, 55.015636 25.021918, 55.018484 25.019436, 55.021088 25.017198, 55.021088 25.016506, 55.021088 25.015937, 55.021088 25.015937, 55.021698 25.016343, 55.022309 25.01675, 55.022804 25.016063, 55.013678 25.015303, 55.003732 25.015004, 55.005914 25.015513, 55.007742 25.015774, 55.009125 25.016262, 55.009125 25.016262, 55.009207 25.017401, 55.009207 25.017401, 55.008311 25.017768, 55.005463 25.017401, 55.002615 25.016303, 55.000414 25.015013, 55.000414 25.015013, 54.995219 25.015124, 54.995219 25.015124, 55.000499 25.019395, 55.000499 25.019395, 55.00058 25.019843, 55.000662 25.02029, 55.000662 25.02029, 55.000336 25.020738, 54.999441 25.020575, 54.997162 25.019314, 54.993988 25.016262, 54.993034 25.015212, 54.990761 25.015312, 54.991303 25.016872, 54.992768 25.018866, 54.993988 25.019802, 54.99407 25.020535, 54.99407 25.020535, 54.993582 25.020738, 54.992361 25.020494, 54.990408 25.017808, 54.989193 25.015417, 54.9873 25.015545, 54.987641 25.019314, 54.987434 25.019495, 54.987315 25.019599, 54.986746 25.019395, 54.986408 25.015605, 54.970639 25.017373, 54.971772 25.018256, 54.973318 25.018622, 54.975759 25.019232, 54.975759 25.019232, 54.975759 25.019232, 54.976736 25.019884, 54.978201 25.021064, 54.980479 25.022813, 54.983735 25.023871, 54.985606 25.023993, 54.985606 25.023993, 54.987071 25.025133, 54.987641 25.025987, 54.987641 25.025987, 54.990281 25.026737, 54.990408 25.02676, 54.991222 25.027004, 54.991547 25.029161, 54.991547 25.029161, 54.990977 25.029324, 54.988699 25.029731, 54.984467 25.029934, 54.98113 25.02969, 54.979503 25.029202, 54.977875 25.028713, 54.97462 25.027045, 54.971446 25.024359, 54.969819 25.022569, 54.969819 25.022569, 54.967455 25.017855, 54.967455 25.017855, 54.962227 25.018765, 54.950907 25.021199, 54.939868 25.024198, 54.929214 25.027735, 54.919048 25.031773, 54.909468 25.036276, 54.900567 25.041199, 54.892429 25.046496, 54.885134 25.052115, 54.878752 25.058003, 54.873345 25.064103, 54.868963 25.070356, 54.865651 25.076702, 54.864406 25.079891, 54.862754 25.086263, 54.86223 25.092574, 54.862841 25.098765, 54.864581 25.104775, 54.867433 25.110548, 54.871369 25.116026, 54.876352 25.121158, 54.882334 25.125893, 54.889258 25.130187, 54.897056 25.133997, 54.905654 25.137287, 54.914969 25.140025, 54.92491 25.142184, 54.935383 25.143744, 54.946286 25.144689, 54.957514 25.145011, 54.968958 25.144705, 54.980509 25.143776, 54.992055 25.142231, 55.003484 25.140086, 55.014686 25.137362, 55.025554 25.134084, 55.035982 25.130285, 55.04587 25.126001, 55.055123 25.121274, 55.063652 25.116148, 55.071374 25.110675, 55.078215 25.104906, 55.084109 25.098897, 55.089 25.092706, 55.092841 25.086393, 55.095594 25.080019, 55.096555 25.076828, 55.097632 25.070477, 55.097576 25.064219, 55.096388 25.058112, 55.094079 25.052217), (55.065929 25.034613, 55.065929 25.034613, 55.062918 25.042548, 55.052664 25.036322, 55.052664 25.036322, 55.052664 25.036322, 55.062592 25.041897, 55.063731 25.039333, 55.046397 25.026882, 55.043305 25.029934, 55.051117 25.035386, 55.051117 25.035386, 55.051117 25.035386, 55.044987 25.031399, 55.041921 25.029405, 55.041921 25.029405, 55.044241 25.026353, 55.04656 25.023301, 55.065929 25.034613))","fixed analytical water; not an official port, anchorage, route or jurisdiction boundary",regional_screen,,,,,,,,,,,,,,,,,,,,,,,,,,,,,,,
map_water,bandar_abbas_port_approach,"POLYGON ((56.26096 26.98645, 56.25766 26.988715, 56.232107 26.998765, 56.212413 27.002997, 56.173188 27.002346, 56.046527 26.976764, 55.999051 26.976764, 55.99894 27.072621, 56.054535 27.102607, 56.055207 27.103113, 56.055207 27.103113, 56.261096 27.103113, 56.26096 26.98645))","fixed analytical water; not an official port, anchorage, route or jurisdiction boundary",regional_screen,,,,,,,,,,,,,,,,,,,,,,,,,,,,,,,
map_water,khor_fakkan_fujairah_adjacent_secondary_water,"POLYGON ((56.512295 25.363876, 56.510875 25.355798, 56.509217 25.347846, 56.507327 25.340052, 56.505213 25.332451, 56.502884 25.325075, 56.500351 25.317956, 56.497623 25.311124, 56.494714 25.304608, 56.491635 25.298436, 56.4884 25.292635, 56.485022 25.287229, 56.481516 25.282242, 56.479371 25.279548, 56.474822 25.283059, 56.467108 25.287835, 56.459228 25.291572, 56.451259 25.294234, 56.443277 25.295796, 56.43536 25.296243, 56.43145 25.296046, 56.423773 25.294814, 56.416349 25.292476, 56.40925 25.289054, 56.408882 25.288809, 56.406758 25.293449, 56.404463 25.299306, 56.402384 25.305529, 56.40053 25.312093, 56.398909 25.318969, 56.397527 25.326128, 56.396392 25.333539, 56.395507 25.34117, 56.394877 25.348989, 56.394504 25.356963, 56.39439 25.365056, 56.394536 25.373235, 56.39494 25.381464, 56.395602 25.389709, 56.396518 25.397933, 56.397685 25.406102, 56.399098 25.41418, 56.40075 25.422134, 56.402635 25.429929, 56.404744 25.437531, 56.407069 25.444909, 56.409599 25.452029, 56.412325 25.458863, 56.415233 25.465381, 56.418312 25.471554, 56.421549 25.477356, 56.42493 25.482763, 56.428439 25.487752, 56.432063 25.4923, 56.435785 25.496388, 56.43959 25.5, 56.443461 25.503119, 56.447382 25.505732, 56.451335 25.507828, 56.455305 25.509398, 56.459273 25.510435, 56.463223 25.510935, 56.467138 25.510896, 56.471 25.510317, 56.474794 25.509202, 56.478503 25.507554, 56.482111 25.505382, 56.485603 25.502694, 56.488964 25.499503, 56.492179 25.49582, 56.495234 25.491664, 56.498116 25.48705, 56.500814 25.482, 56.503315 25.476534, 56.505608 25.470676, 56.507685 25.464451, 56.509536 25.457886, 56.511152 25.451009, 56.512528 25.443849, 56.513658 25.436437, 56.514536 25.428805, 56.515159 25.420986, 56.515524 25.413012, 56.51563 25.404919, 56.515476 25.39674, 56.515063 25.388511, 56.514393 25.380267, 56.513469 25.372044, 56.512295 25.363876))","fixed analytical water; not an official port, anchorage, route or jurisdiction boundary",post_result_selected_case,,,,,,,,,,,,,,,,,,,,,,,,,,,,,,,
map_port,bandar_abbas_port_approach,,PortWatch provider reference point,,port107,Bandar Abbas,56.20294512,27.14750008,,,,,,,,,,,,,,,,,,,,,,,,,,,
map_port,jebel_ali_port_waiting_area,,PortWatch provider reference point,,port744,Jebel Ali,55.07781687,24.99941947,,,,,,,,,,,,,,,,,,,,,,,,,,,
map_port,fujairah_port_anchorage,,PortWatch provider reference point,,port362,Fujairah,56.35942059,25.20017278,,,,,,,,,,,,,,,,,,,,,,,,,,,
map_port,sohar_port_anchorage,,PortWatch provider reference point,,port988,Port of Sohar,56.6127179,24.51168743,,,,,,,,,,,,,,,,,,,,,,,,,,,
map_port,khor_fakkan_fujairah_adjacent_secondary_water,,PortWatch provider reference point,,port561,Khor Fakkan,56.36875484,25.35368858,,,,,,,,,,,,,,,,,,,,,,,,,,,
portwatch_screen,,,,,,,,,pw_chokepoint6,Strait of Hormuz,Strait of Hormuz,chokepoint6,1,1,1,0,early,0,-95.0042337003,decrease,,2026_window_vs_2026_long_baseline_and_historical_same_calendar,percent change in mean provider-defined calls per UTC day,,,,,,,,,,,,
portwatch_screen,,,,,,,,,pw_chokepoint6,Strait of Hormuz,Strait of Hormuz,chokepoint6,1,1,1,0,F1,1,-94.2013426878,decrease,,2026_window_vs_2026_long_baseline_and_historical_same_calendar,percent change in mean provider-defined calls per UTC day,,,,,,,,,,,,
portwatch_screen,,,,,,,,,pw_chokepoint6,Strait of Hormuz,Strait of Hormuz,chokepoint6,1,1,1,0,F2,2,-89.1163662756,decrease,,2026_window_vs_2026_long_baseline_and_historical_same_calendar,percent change in mean provider-defined calls per UTC day,,,,,,,,,,,,
portwatch_screen,,,,,,,,,pw_chokepoint6,Strait of Hormuz,Strait of Hormuz,chokepoint6,1,1,1,0,F3,3,-87.5105842506,decrease,,2026_window_vs_2026_long_baseline_and_historical_same_calendar,percent change in mean provider-defined calls per UTC day,,,,,,,,,,,,
portwatch_screen,,,,,,,,,pw_chokepoint6,Strait of Hormuz,Strait of Hormuz,chokepoint6,1,1,1,0,F4_tail,4,-95.0042337003,decrease,,2026_window_vs_2026_long_baseline_and_historical_same_calendar,percent change in mean provider-defined calls per UTC day,,,,,,,,,,,,
portwatch_screen,,,,,,,,,pw_chokepoint6,Strait of Hormuz,Strait of Hormuz,chokepoint6,1,1,1,0,May,5,-91.9423124198,decrease,,2026_window_vs_2026_long_baseline_and_historical_same_calendar,percent change in mean provider-defined calls per UTC day,,,,,,,,,,,,
portwatch_screen,,,,,,,,,pw_chokepoint6,Strait of Hormuz,Strait of Hormuz,chokepoint6,1,1,1,0,June,6,-81.1826136043,decrease,,2026_window_vs_2026_long_baseline_and_historical_same_calendar,percent change in mean provider-defined calls per UTC day,,,,,,,,,,,,
portwatch_screen,,,,,,,,,pw_port106,Bandar Shahid Rajaee,Iran,port106,1,1,0,1,early,0,,not_assessed,no_common_window_record,2026_window_vs_2026_long_baseline_and_historical_same_calendar,percent change in mean provider-defined calls per UTC day,,,,,,,,,,,,
portwatch_screen,,,,,,,,,pw_port106,Bandar Shahid Rajaee,Iran,port106,1,1,0,1,F1,1,,not_assessed,no_common_window_record,2026_window_vs_2026_long_baseline_and_historical_same_calendar,percent change in mean provider-defined calls per UTC day,,,,,,,,,,,,
portwatch_screen,,,,,,,,,pw_port106,Bandar Shahid Rajaee,Iran,port106,1,1,0,1,F2,2,,not_assessed,no_common_window_record,2026_window_vs_2026_long_baseline_and_historical_same_calendar,percent change in mean provider-defined calls per UTC day,,,,,,,,,,,,
portwatch_screen,,,,,,,,,pw_port106,Bandar Shahid Rajaee,Iran,port106,1,1,0,1,F3,3,,not_assessed,no_common_window_record,2026_window_vs_2026_long_baseline_and_historical_same_calendar,percent change in mean provider-defined calls per UTC day,,,,,,,,,,,,
portwatch_screen,,,,,,,,,pw_port106,Bandar Shahid Rajaee,Iran,port106,1,1,0,1,F4_tail,4,,not_assessed,no_common_window_record,2026_window_vs_2026_long_baseline_and_historical_same_calendar,percent change in mean provider-defined calls per UTC day,,,,,,,,,,,,
portwatch_screen,,,,,,,,,pw_port106,Bandar Shahid Rajaee,Iran,port106,1,1,0,1,May,5,,not_assessed,no_common_window_record,2026_window_vs_2026_long_baseline_and_historical_same_calendar,percent change in mean provider-defined calls per UTC day,,,,,,,,,,,,
portwatch_screen,,,,,,,,,pw_port106,Bandar Shahid Rajaee,Iran,port106,1,1,0,1,June,6,,not_assessed,no_common_window_record,2026_window_vs_2026_long_baseline_and_historical_same_calendar,percent change in mean provider-defined calls per UTC day,,,,,,,,,,,,
portwatch_screen,,,,,,,,,pw_port107,Bandar Abbas,Iran,port107,1,1,0,2,early,0,261.224489796,increase,,2026_window_vs_2026_long_baseline_and_historical_same_calendar,percent change in mean provider-defined calls per UTC day,,,,,,,,,,,,
portwatch_screen,,,,,,,,,pw_port107,Bandar Abbas,Iran,port107,1,1,0,2,F1,1,201.020408163,increase,,2026_window_vs_2026_long_baseline_and_historical_same_calendar,percent change in mean provider-defined calls per UTC day,,,,,,,,,,,,
portwatch_screen,,,,,,,,,pw_port107,Bandar Abbas,Iran,port107,1,1,0,2,F2,2,20.4081632653,increase,,2026_window_vs_2026_long_baseline_and_historical_same_calendar,percent change in mean provider-defined calls per UTC day,,,,,,,,,,,,
portwatch_screen,,,,,,,,,pw_port107,Bandar Abbas,Iran,port107,1,1,0,2,F3,3,-39.7959183673,decrease,,2026_window_vs_2026_long_baseline_and_historical_same_calendar,percent change in mean provider-defined calls per UTC day,,,,,,,,,,,,
portwatch_screen,,,,,,,,,pw_port107,Bandar Abbas,Iran,port107,1,1,0,2,F4_tail,4,237.142857143,increase,,2026_window_vs_2026_long_baseline_and_historical_same_calendar,percent change in mean provider-defined calls per UTC day,,,,,,,,,,,,
portwatch_screen,,,,,,,,,pw_port107,Bandar Abbas,Iran,port107,1,1,0,2,May,5,226.267281106,increase,,2026_window_vs_2026_long_baseline_and_historical_same_calendar,percent change in mean provider-defined calls per UTC day,,,,,,,,,,,,
portwatch_screen,,,,,,,,,pw_port107,Bandar Abbas,Iran,port107,1,1,0,2,June,6,490,increase,,2026_window_vs_2026_long_baseline_and_historical_same_calendar,percent change in mean provider-defined calls per UTC day,,,,,,,,,,,,
portwatch_screen,,,,,,,,,pw_port1341,Umm Qasr,Iraq,port1341,1,1,0,3,early,0,-43.9931528167,decrease,,2026_window_vs_2026_long_baseline_and_historical_same_calendar,percent change in mean provider-defined calls per UTC day,,,,,,,,,,,,
portwatch_screen,,,,,,,,,pw_port1341,Umm Qasr,Iraq,port1341,1,1,0,3,F1,1,-62.3560535325,decrease,,2026_window_vs_2026_long_baseline_and_historical_same_calendar,percent change in mean provider-defined calls per UTC day,,,,,,,,,,,,
portwatch_screen,,,,,,,,,pw_port1341,Umm Qasr,Iraq,port1341,1,1,0,3,F2,2,-58.6834733894,decrease,,2026_window_vs_2026_long_baseline_and_historical_same_calendar,percent change in mean provider-defined calls per UTC day,,,,,,,,,,,,
portwatch_screen,,,,,,,,,pw_port1341,Umm Qasr,Iraq,port1341,1,1,0,3,F3,3,-55.0108932462,decrease,,2026_window_vs_2026_long_baseline_and_historical_same_calendar,percent change in mean provider-defined calls per UTC day,,,,,,,,,,,,
portwatch_screen,,,,,,,,,pw_port1341,Umm Qasr,Iraq,port1341,1,1,0,3,F4_tail,4,-53.7254901961,decrease,,2026_window_vs_2026_long_baseline_and_historical_same_calendar,percent change in mean provider-defined calls per UTC day,,,,,,,,,,,,
portwatch_screen,,,,,,,,,pw_port1341,Umm Qasr,Iraq,port1341,1,1,0,3,May,5,-60.6086162063,decrease,,2026_window_vs_2026_long_baseline_and_historical_same_calendar,percent change in mean provider-defined calls per UTC day,,,,,,,,,,,,
portwatch_screen,,,,,,,,,pw_port1341,Umm Qasr,Iraq,port1341,1,1,0,3,June,6,-54.5824255628,decrease,,2026_window_vs_2026_long_baseline_and_historical_same_calendar,percent change in mean provider-defined calls per UTC day,,,,,,,,,,,,
portwatch_screen,,,,,,,,,pw_port743,Mina Al Ahmadi,Kuwait,port743,1,1,0,4,early,0,-23.3766233766,decrease,,2026_window_vs_2026_long_baseline_and_historical_same_calendar,percent change in mean provider-defined calls per UTC day,,,,,,,,,,,,
portwatch_screen,,,,,,,,,pw_port743,Mina Al Ahmadi,Kuwait,port743,1,1,0,4,F1,1,-72.6345083488,decrease,,2026_window_vs_2026_long_baseline_and_historical_same_calendar,percent change in mean provider-defined calls per UTC day,,,,,,,,,,,,
portwatch_screen,,,,,,,,,pw_port743,Mina Al Ahmadi,Kuwait,port743,1,1,0,4,F2,2,-94.5269016698,decrease,,2026_window_vs_2026_long_baseline_and_historical_same_calendar,percent change in mean provider-defined calls per UTC day,,,,,,,,,,,,
portwatch_screen,,,,,,,,,pw_port743,Mina Al Ahmadi,Kuwait,port743,1,1,0,4,F3,3,-94.5269016698,decrease,,2026_window_vs_2026_long_baseline_and_historical_same_calendar,percent change in mean provider-defined calls per UTC day,,,,,,,,,,,,
portwatch_screen,,,,,,,,,pw_port743,Mina Al Ahmadi,Kuwait,port743,1,1,0,4,F4_tail,4,-100,decrease,,2026_window_vs_2026_long_baseline_and_historical_same_calendar,percent change in mean provider-defined calls per UTC day,,,,,,,,,,,,
portwatch_screen,,,,,,,,,pw_port743,Mina Al Ahmadi,Kuwait,port743,1,1,0,4,May,5,-100,decrease,,2026_window_vs_2026_long_baseline_and_historical_same_calendar,percent change in mean provider-defined calls per UTC day,,,,,,,,,,,,
portwatch_screen,,,,,,,,,pw_port743,Mina Al Ahmadi,Kuwait,port743,1,1,0,4,June,6,-100,decrease,,2026_window_vs_2026_long_baseline_and_historical_same_calendar,percent change in mean provider-defined calls per UTC day,,,,,,,,,,,,
portwatch_screen,,,,,,,,,pw_unavailable_kuwait,Kuwait,Kuwait,,0,0,0,5,early,0,,provider_series_unavailable,provider_series_unavailable,2026_window_vs_2026_long_baseline_and_historical_same_calendar,percent change in mean provider-defined calls per UTC day,,,,,,,,,,,,
portwatch_screen,,,,,,,,,pw_unavailable_kuwait,Kuwait,Kuwait,,0,0,0,5,F1,1,,provider_series_unavailable,provider_series_unavailable,2026_window_vs_2026_long_baseline_and_historical_same_calendar,percent change in mean provider-defined calls per UTC day,,,,,,,,,,,,
portwatch_screen,,,,,,,,,pw_unavailable_kuwait,Kuwait,Kuwait,,0,0,0,5,F2,2,,provider_series_unavailable,provider_series_unavailable,2026_window_vs_2026_long_baseline_and_historical_same_calendar,percent change in mean provider-defined calls per UTC day,,,,,,,,,,,,
portwatch_screen,,,,,,,,,pw_unavailable_kuwait,Kuwait,Kuwait,,0,0,0,5,F3,3,,provider_series_unavailable,provider_series_unavailable,2026_window_vs_2026_long_baseline_and_historical_same_calendar,percent change in mean provider-defined calls per UTC day,,,,,,,,,,,,
portwatch_screen,,,,,,,,,pw_unavailable_kuwait,Kuwait,Kuwait,,0,0,0,5,F4_tail,4,,provider_series_unavailable,provider_series_unavailable,2026_window_vs_2026_long_baseline_and_historical_same_calendar,percent change in mean provider-defined calls per UTC day,,,,,,,,,,,,
portwatch_screen,,,,,,,,,pw_unavailable_kuwait,Kuwait,Kuwait,,0,0,0,5,May,5,,provider_series_unavailable,provider_series_unavailable,2026_window_vs_2026_long_baseline_and_historical_same_calendar,percent change in mean provider-defined calls per UTC day,,,,,,,,,,,,
portwatch_screen,,,,,,,,,pw_unavailable_kuwait,Kuwait,Kuwait,,0,0,0,5,June,6,,provider_series_unavailable,provider_series_unavailable,2026_window_vs_2026_long_baseline_and_historical_same_calendar,percent change in mean provider-defined calls per UTC day,,,,,,,,,,,,
portwatch_screen,,,,,,,,,pw_port24,Jubail,Saudi Arabia,port24,1,1,0,6,early,0,-48.7451737452,decrease,,2026_window_vs_2026_long_baseline_and_historical_same_calendar,percent change in mean provider-defined calls per UTC day,,,,,,,,,,,,
portwatch_screen,,,,,,,,,pw_port24,Jubail,Saudi Arabia,port24,1,1,0,6,F1,1,-60.1351351351,decrease,,2026_window_vs_2026_long_baseline_and_historical_same_calendar,percent change in mean provider-defined calls per UTC day,,,,,,,,,,,,
portwatch_screen,,,,,,,,,pw_port24,Jubail,Saudi Arabia,port24,1,1,0,6,F2,2,-60.1351351351,decrease,,2026_window_vs_2026_long_baseline_and_historical_same_calendar,percent change in mean provider-defined calls per UTC day,,,,,,,,,,,,
portwatch_screen,,,,,,,,,pw_port24,Jubail,Saudi Arabia,port24,1,1,0,6,F3,3,-84.0540540541,decrease,,2026_window_vs_2026_long_baseline_and_historical_same_calendar,percent change in mean provider-defined calls per UTC day,,,,,,,,,,,,
portwatch_screen,,,,,,,,,pw_port24,Jubail,Saudi Arabia,port24,1,1,0,6,F4_tail,4,-84.0540540541,decrease,,2026_window_vs_2026_long_baseline_and_historical_same_calendar,percent change in mean provider-defined calls per UTC day,,,,,,,,,,,,
portwatch_screen,,,,,,,,,pw_port24,Jubail,Saudi Arabia,port24,1,1,0,6,May,5,-84.0540540541,decrease,,2026_window_vs_2026_long_baseline_and_historical_same_calendar,percent change in mean provider-defined calls per UTC day,,,,,,,,,,,,
portwatch_screen,,,,,,,,,pw_port24,Jubail,Saudi Arabia,port24,1,1,0,6,June,6,-77.6756756757,decrease,,2026_window_vs_2026_long_baseline_and_historical_same_calendar,percent change in mean provider-defined calls per UTC day,,,,,,,,,,,,
portwatch_screen,,,,,,,,,pw_port275,Dammam,Saudi Arabia,port275,1,1,0,7,early,0,-62.7798127798,decrease,,2026_window_vs_2026_long_baseline_and_historical_same_calendar,percent change in mean provider-defined calls per UTC day,,,,,,,,,,,,
portwatch_screen,,,,,,,,,pw_port275,Dammam,Saudi Arabia,port275,1,1,0,7,F1,1,-61.5791615792,decrease,,2026_window_vs_2026_long_baseline_and_historical_same_calendar,percent change in mean provider-defined calls per UTC day,,,,,,,,,,,,
portwatch_screen,,,,,,,,,pw_port275,Dammam,Saudi Arabia,port275,1,1,0,7,F2,2,-65.1811151811,decrease,,2026_window_vs_2026_long_baseline_and_historical_same_calendar,percent change in mean provider-defined calls per UTC day,,,,,,,,,,,,
portwatch_screen,,,,,,,,,pw_port275,Dammam,Saudi Arabia,port275,1,1,0,7,F3,3,-65.1811151811,decrease,,2026_window_vs_2026_long_baseline_and_historical_same_calendar,percent change in mean provider-defined calls per UTC day,,,,,,,,,,,,
portwatch_screen,,,,,,,,,pw_port275,Dammam,Saudi Arabia,port275,1,1,0,7,F4_tail,4,-49.5726495726,decrease,,2026_window_vs_2026_long_baseline_and_historical_same_calendar,percent change in mean provider-defined calls per UTC day,,,,,,,,,,,,
portwatch_screen,,,,,,,,,pw_port275,Dammam,Saudi Arabia,port275,1,1,0,7,May,5,-68.5506846797,decrease,,2026_window_vs_2026_long_baseline_and_historical_same_calendar,percent change in mean provider-defined calls per UTC day,,,,,,,,,,,,
portwatch_screen,,,,,,,,,pw_port275,Dammam,Saudi Arabia,port275,1,1,0,7,June,6,-73.6657169991,decrease,,2026_window_vs_2026_long_baseline_and_historical_same_calendar,percent change in mean provider-defined calls per UTC day,,,,,,,,,,,,
portwatch_screen,,,,,,,,,pw_port1091,Ras Tanura,Saudi Arabia,port1091,1,1,0,8,early,0,-15.7142857143,decrease,,2026_window_vs_2026_long_baseline_and_historical_same_calendar,percent change in mean provider-defined calls per UTC day,,,,,,,,,,,,
portwatch_screen,,,,,,,,,pw_port1091,Ras Tanura,Saudi Arabia,port1091,1,1,0,8,F1,1,-35.5462184874,decrease,,2026_window_vs_2026_long_baseline_and_historical_same_calendar,percent change in mean provider-defined calls per UTC day,,,,,,,,,,,,
portwatch_screen,,,,,,,,,pw_port1091,Ras Tanura,Saudi Arabia,port1091,1,1,0,8,F2,2,-40.5042016807,decrease,,2026_window_vs_2026_long_baseline_and_historical_same_calendar,percent change in mean provider-defined calls per UTC day,,,,,,,,,,,,
portwatch_screen,,,,,,,,,pw_port1091,Ras Tanura,Saudi Arabia,port1091,1,1,0,8,F3,3,-35.5462184874,decrease,,2026_window_vs_2026_long_baseline_and_historical_same_calendar,percent change in mean provider-defined calls per UTC day,,,,,,,,,,,,
portwatch_screen,,,,,,,,,pw_port1091,Ras Tanura,Saudi Arabia,port1091,1,1,0,8,F4_tail,4,-86.1176470588,decrease,,2026_window_vs_2026_long_baseline_and_historical_same_calendar,percent change in mean provider-defined calls per UTC day,,,,,,,,,,,,
portwatch_screen,,,,,,,,,pw_port1091,Ras Tanura,Saudi Arabia,port1091,1,1,0,8,May,5,-44.0227703985,decrease,,2026_window_vs_2026_long_baseline_and_historical_same_calendar,percent change in mean provider-defined calls per UTC day,,,,,,,,,,,,
portwatch_screen,,,,,,,,,pw_port1091,Ras Tanura,Saudi Arabia,port1091,1,1,0,8,June,6,-42.1568627451,decrease,,2026_window_vs_2026_long_baseline_and_historical_same_calendar,percent change in mean provider-defined calls per UTC day,,,,,,,,,,,,
portwatch_screen,,,,,,,,,pw_port1090,Ras Laffan,Qatar,port1090,1,1,0,9,early,0,-60.3002070393,decrease,,2026_window_vs_2026_long_baseline_and_historical_same_calendar,percent change in mean provider-defined calls per UTC day,,,,,,,,,,,,
portwatch_screen,,,,,,,,,pw_port1090,Ras Laffan,Qatar,port1090,1,1,0,9,F1,1,-72.5155279503,decrease,,2026_window_vs_2026_long_baseline_and_historical_same_calendar,percent change in mean provider-defined calls per UTC day,,,,,,,,,,,,
portwatch_screen,,,,,,,,,pw_port1090,Ras Laffan,Qatar,port1090,1,1,0,9,F2,2,-80.1501035197,decrease,,2026_window_vs_2026_long_baseline_and_historical_same_calendar,percent change in mean provider-defined calls per UTC day,,,,,,,,,,,,
portwatch_screen,,,,,,,,,pw_port1090,Ras Laffan,Qatar,port1090,1,1,0,9,F3,3,-78.6231884058,decrease,,2026_window_vs_2026_long_baseline_and_historical_same_calendar,percent change in mean provider-defined calls per UTC day,,,,,,,,,,,,
portwatch_screen,,,,,,,,,pw_port1090,Ras Laffan,Qatar,port1090,1,1,0,9,F4_tail,4,-70.0724637681,decrease,,2026_window_vs_2026_long_baseline_and_historical_same_calendar,percent change in mean provider-defined calls per UTC day,,,,,,,,,,,,
portwatch_screen,,,,,,,,,pw_port1090,Ras Laffan,Qatar,port1090,1,1,0,9,May,5,-70.3482935951,decrease,,2026_window_vs_2026_long_baseline_and_historical_same_calendar,percent change in mean provider-defined calls per UTC day,,,,,,,,,,,,
portwatch_screen,,,,,,,,,pw_port1090,Ras Laffan,Qatar,port1090,1,1,0,9,June,6,-69.3599033816,decrease,,2026_window_vs_2026_long_baseline_and_historical_same_calendar,percent change in mean provider-defined calls per UTC day,,,,,,,,,,,,
portwatch_screen,,,,,,,,,pw_port2026,Hamad Port,Qatar,port2026,1,1,0,10,early,0,-85.1260504202,decrease,,2026_window_vs_2026_long_baseline_and_historical_same_calendar,percent change in mean provider-defined calls per UTC day,,,,,,,,,,,,
portwatch_screen,,,,,,,,,pw_port2026,Hamad Port,Qatar,port2026,1,1,0,10,F1,1,-70.2521008403,decrease,,2026_window_vs_2026_long_baseline_and_historical_same_calendar,percent change in mean provider-defined calls per UTC day,,,,,,,,,,,,
portwatch_screen,,,,,,,,,pw_port2026,Hamad Port,Qatar,port2026,1,1,0,10,F2,2,-67.7731092437,decrease,,2026_window_vs_2026_long_baseline_and_historical_same_calendar,percent change in mean provider-defined calls per UTC day,,,,,,,,,,,,
portwatch_screen,,,,,,,,,pw_port2026,Hamad Port,Qatar,port2026,1,1,0,10,F3,3,-33.0672268908,decrease,,2026_window_vs_2026_long_baseline_and_historical_same_calendar,percent change in mean provider-defined calls per UTC day,,,,,,,,,,,,
portwatch_screen,,,,,,,,,pw_port2026,Hamad Port,Qatar,port2026,1,1,0,10,F4_tail,4,-37.5294117647,decrease,,2026_window_vs_2026_long_baseline_and_historical_same_calendar,percent change in mean provider-defined calls per UTC day,,,,,,,,,,,,
portwatch_screen,,,,,,,,,pw_port2026,Hamad Port,Qatar,port2026,1,1,0,10,May,5,-61.935483871,decrease,,2026_window_vs_2026_long_baseline_and_historical_same_calendar,percent change in mean provider-defined calls per UTC day,,,,,,,,,,,,
portwatch_screen,,,,,,,,,pw_port2026,Hamad Port,Qatar,port2026,1,1,0,10,June,6,-39.8431372549,decrease,,2026_window_vs_2026_long_baseline_and_historical_same_calendar,percent change in mean provider-defined calls per UTC day,,,,,,,,,,,,
portwatch_screen,,,,,,,,,pw_unavailable_mesaieed,Mesaieed,Qatar,,0,0,0,11,early,0,,provider_series_unavailable,provider_series_unavailable,2026_window_vs_2026_long_baseline_and_historical_same_calendar,percent change in mean provider-defined calls per UTC day,,,,,,,,,,,,
portwatch_screen,,,,,,,,,pw_unavailable_mesaieed,Mesaieed,Qatar,,0,0,0,11,F1,1,,provider_series_unavailable,provider_series_unavailable,2026_window_vs_2026_long_baseline_and_historical_same_calendar,percent change in mean provider-defined calls per UTC day,,,,,,,,,,,,
portwatch_screen,,,,,,,,,pw_unavailable_mesaieed,Mesaieed,Qatar,,0,0,0,11,F2,2,,provider_series_unavailable,provider_series_unavailable,2026_window_vs_2026_long_baseline_and_historical_same_calendar,percent change in mean provider-defined calls per UTC day,,,,,,,,,,,,
portwatch_screen,,,,,,,,,pw_unavailable_mesaieed,Mesaieed,Qatar,,0,0,0,11,F3,3,,provider_series_unavailable,provider_series_unavailable,2026_window_vs_2026_long_baseline_and_historical_same_calendar,percent change in mean provider-defined calls per UTC day,,,,,,,,,,,,
portwatch_screen,,,,,,,,,pw_unavailable_mesaieed,Mesaieed,Qatar,,0,0,0,11,F4_tail,4,,provider_series_unavailable,provider_series_unavailable,2026_window_vs_2026_long_baseline_and_historical_same_calendar,percent change in mean provider-defined calls per UTC day,,,,,,,,,,,,
portwatch_screen,,,,,,,,,pw_unavailable_mesaieed,Mesaieed,Qatar,,0,0,0,11,May,5,,provider_series_unavailable,provider_series_unavailable,2026_window_vs_2026_long_baseline_and_historical_same_calendar,percent change in mean provider-defined calls per UTC day,,,,,,,,,,,,
portwatch_screen,,,,,,,,,pw_unavailable_mesaieed,Mesaieed,Qatar,,0,0,0,11,June,6,,provider_series_unavailable,provider_series_unavailable,2026_window_vs_2026_long_baseline_and_historical_same_calendar,percent change in mean provider-defined calls per UTC day,,,,,,,,,,,,
portwatch_screen,,,,,,,,,pw_port5,Abu Dhabi,United Arab Emirates,port5,1,1,0,12,early,0,-12.8078817734,decrease,,2026_window_vs_2026_long_baseline_and_historical_same_calendar,percent change in mean provider-defined calls per UTC day,,,,,,,,,,,,
portwatch_screen,,,,,,,,,pw_port5,Abu Dhabi,United Arab Emirates,port5,1,1,0,12,F1,1,-14.4225506294,decrease,,2026_window_vs_2026_long_baseline_and_historical_same_calendar,percent change in mean provider-defined calls per UTC day,,,,,,,,,,,,
portwatch_screen,,,,,,,,,pw_port5,Abu Dhabi,United Arab Emirates,port5,1,1,0,12,F2,2,-37.0279146141,decrease,,2026_window_vs_2026_long_baseline_and_historical_same_calendar,percent change in mean provider-defined calls per UTC day,,,,,,,,,,,,
portwatch_screen,,,,,,,,,pw_port5,Abu Dhabi,United Arab Emirates,port5,1,1,0,12,F3,3,-3.11986863711,decrease,,2026_window_vs_2026_long_baseline_and_historical_same_calendar,percent change in mean provider-defined calls per UTC day,,,,,,,,,,,,
portwatch_screen,,,,,,,,,pw_port5,Abu Dhabi,United Arab Emirates,port5,1,1,0,12,F4_tail,4,3.9846743295,increase,,2026_window_vs_2026_long_baseline_and_historical_same_calendar,percent change in mean provider-defined calls per UTC day,,,,,,,,,,,,
portwatch_screen,,,,,,,,,pw_port5,Abu Dhabi,United Arab Emirates,port5,1,1,0,12,May,5,-35.1007292053,decrease,,2026_window_vs_2026_long_baseline_and_historical_same_calendar,percent change in mean provider-defined calls per UTC day,,,,,,,,,,,,
portwatch_screen,,,,,,,,,pw_port5,Abu Dhabi,United Arab Emirates,port5,1,1,0,12,June,6,62.7586206897,increase,,2026_window_vs_2026_long_baseline_and_historical_same_calendar,percent change in mean provider-defined calls per UTC day,,,,,,,,,,,,
portwatch_screen,,,,,,,,,pw_port2025,Khalifa Port,United Arab Emirates,port2025,1,1,0,13,early,0,-91.1349976884,decrease,,2026_window_vs_2026_long_baseline_and_historical_same_calendar,percent change in mean provider-defined calls per UTC day,,,,,,,,,,,,
portwatch_screen,,,,,,,,,pw_port2025,Khalifa Port,United Arab Emirates,port2025,1,1,0,13,F1,1,-76.8146093389,decrease,,2026_window_vs_2026_long_baseline_and_historical_same_calendar,percent change in mean provider-defined calls per UTC day,,,,,,,,,,,,
portwatch_screen,,,,,,,,,pw_port2025,Khalifa Port,United Arab Emirates,port2025,1,1,0,13,F2,2,-85.6796116505,decrease,,2026_window_vs_2026_long_baseline_and_historical_same_calendar,percent change in mean provider-defined calls per UTC day,,,,,,,,,,,,
portwatch_screen,,,,,,,,,pw_port2025,Khalifa Port,United Arab Emirates,port2025,1,1,0,13,F3,3,-81.5880721221,decrease,,2026_window_vs_2026_long_baseline_and_historical_same_calendar,percent change in mean provider-defined calls per UTC day,,,,,,,,,,,,
portwatch_screen,,,,,,,,,pw_port2025,Khalifa Port,United Arab Emirates,port2025,1,1,0,13,F4_tail,4,-73.2686084142,decrease,,2026_window_vs_2026_long_baseline_and_historical_same_calendar,percent change in mean provider-defined calls per UTC day,,,,,,,,,,,,
portwatch_screen,,,,,,,,,pw_port2025,Khalifa Port,United Arab Emirates,port2025,1,1,0,13,May,5,-95.6884852281,decrease,,2026_window_vs_2026_long_baseline_and_historical_same_calendar,percent change in mean provider-defined calls per UTC day,,,,,,,,,,,,
portwatch_screen,,,,,,,,,pw_port2025,Khalifa Port,United Arab Emirates,port2025,1,1,0,13,June,6,-89.1801510248,decrease,,2026_window_vs_2026_long_baseline_and_historical_same_calendar,percent change in mean provider-defined calls per UTC day,,,,,,,,,,,,
portwatch_screen,,,,,,,,,pw_port744,Jebel Ali,United Arab Emirates,port744,1,1,0,14,early,0,-94.353213782,decrease,,2026_window_vs_2026_long_baseline_and_historical_same_calendar,percent change in mean provider-defined calls per UTC day,,,,,,,,,,,,
portwatch_screen,,,,,,,,,pw_port744,Jebel Ali,United Arab Emirates,port744,1,1,0,14,F1,1,-93.7588152327,decrease,,2026_window_vs_2026_long_baseline_and_historical_same_calendar,percent change in mean provider-defined calls per UTC day,,,,,,,,,,,,
portwatch_screen,,,,,,,,,pw_port744,Jebel Ali,United Arab Emirates,port744,1,1,0,14,F2,2,-92.2728188596,decrease,,2026_window_vs_2026_long_baseline_and_historical_same_calendar,percent change in mean provider-defined calls per UTC day,,,,,,,,,,,,
portwatch_screen,,,,,,,,,pw_port744,Jebel Ali,United Arab Emirates,port744,1,1,0,14,F3,3,-84.2484384445,decrease,,2026_window_vs_2026_long_baseline_and_historical_same_calendar,percent change in mean provider-defined calls per UTC day,,,,,,,,,,,,
portwatch_screen,,,,,,,,,pw_port744,Jebel Ali,United Arab Emirates,port744,1,1,0,14,F4_tail,4,-81.6925246827,decrease,,2026_window_vs_2026_long_baseline_and_historical_same_calendar,percent change in mean provider-defined calls per UTC day,,,,,,,,,,,,
portwatch_screen,,,,,,,,,pw_port744,Jebel Ali,United Arab Emirates,port744,1,1,0,14,May,5,-88.9940397652,decrease,,2026_window_vs_2026_long_baseline_and_historical_same_calendar,percent change in mean provider-defined calls per UTC day,,,,,,,,,,,,
portwatch_screen,,,,,,,,,pw_port744,Jebel Ali,United Arab Emirates,port744,1,1,0,14,June,6,-86.5467795016,decrease,,2026_window_vs_2026_long_baseline_and_historical_same_calendar,percent change in mean provider-defined calls per UTC day,,,,,,,,,,,,
portwatch_screen,,,,,,,,,pw_port561,Khor Fakkan,United Arab Emirates east coast,port561,1,1,1,15,early,0,-31.195335277,decrease,,2026_window_vs_2026_long_baseline_and_historical_same_calendar,percent change in mean provider-defined calls per UTC day,,,,,,,,,,,,
portwatch_screen,,,,,,,,,pw_port561,Khor Fakkan,United Arab Emirates east coast,port561,1,1,1,15,F1,1,-74.1982507289,decrease,,2026_window_vs_2026_long_baseline_and_historical_same_calendar,percent change in mean provider-defined calls per UTC day,,,,,,,,,,,,
portwatch_screen,,,,,,,,,pw_port561,Khor Fakkan,United Arab Emirates east coast,port561,1,1,1,15,F2,2,-5.39358600583,decrease,,2026_window_vs_2026_long_baseline_and_historical_same_calendar,percent change in mean provider-defined calls per UTC day,,,,,,,,,,,,
portwatch_screen,,,,,,,,,pw_port561,Khor Fakkan,United Arab Emirates east coast,port561,1,1,1,15,F3,3,11.8075801749,increase,,2026_window_vs_2026_long_baseline_and_historical_same_calendar,percent change in mean provider-defined calls per UTC day,,,,,,,,,,,,
portwatch_screen,,,,,,,,,pw_port561,Khor Fakkan,United Arab Emirates east coast,port561,1,1,1,15,F4_tail,4,68.5714285714,increase,,2026_window_vs_2026_long_baseline_and_historical_same_calendar,percent change in mean provider-defined calls per UTC day,,,,,,,,,,,,
portwatch_screen,,,,,,,,,pw_port561,Khor Fakkan,United Arab Emirates east coast,port561,1,1,1,15,May,5,51.4812376564,increase,,2026_window_vs_2026_long_baseline_and_historical_same_calendar,percent change in mean provider-defined calls per UTC day,,,,,,,,,,,,
portwatch_screen,,,,,,,,,pw_port561,Khor Fakkan,United Arab Emirates east coast,port561,1,1,1,15,June,6,100.680272109,increase,,2026_window_vs_2026_long_baseline_and_historical_same_calendar,percent change in mean provider-defined calls per UTC day,,,,,,,,,,,,
portwatch_screen,,,,,,,,,pw_port362,Fujairah,United Arab Emirates east coast,port362,1,1,0,16,early,0,-92.8812741313,decrease,,2026_window_vs_2026_long_baseline_and_historical_same_calendar,percent change in mean provider-defined calls per UTC day,,,,,,,,,,,,
portwatch_screen,,,,,,,,,pw_port362,Fujairah,United Arab Emirates east coast,port362,1,1,0,16,F1,1,-85.7625482625,decrease,,2026_window_vs_2026_long_baseline_and_historical_same_calendar,percent change in mean provider-defined calls per UTC day,,,,,,,,,,,,
portwatch_screen,,,,,,,,,pw_port362,Fujairah,United Arab Emirates east coast,port362,1,1,0,16,F2,2,-61.5588803089,decrease,,2026_window_vs_2026_long_baseline_and_historical_same_calendar,percent change in mean provider-defined calls per UTC day,,,,,,,,,,,,
portwatch_screen,,,,,,,,,pw_port362,Fujairah,United Arab Emirates east coast,port362,1,1,0,16,F3,3,-54.4401544402,decrease,,2026_window_vs_2026_long_baseline_and_historical_same_calendar,percent change in mean provider-defined calls per UTC day,,,,,,,,,,,,
portwatch_screen,,,,,,,,,pw_port362,Fujairah,United Arab Emirates east coast,port362,1,1,0,16,F4_tail,4,-34.222972973,decrease,,2026_window_vs_2026_long_baseline_and_historical_same_calendar,percent change in mean provider-defined calls per UTC day,,,,,,,,,,,,
portwatch_screen,,,,,,,,,pw_port362,Fujairah,United Arab Emirates east coast,port362,1,1,0,16,May,5,-74.6022231909,decrease,,2026_window_vs_2026_long_baseline_and_historical_same_calendar,percent change in mean provider-defined calls per UTC day,,,,,,,,,,,,
portwatch_screen,,,,,,,,,pw_port362,Fujairah,United Arab Emirates east coast,port362,1,1,0,16,June,6,-67.4436936937,decrease,,2026_window_vs_2026_long_baseline_and_historical_same_calendar,percent change in mean provider-defined calls per UTC day,,,,,,,,,,,,
portwatch_screen,,,,,,,,,pw_port988,Port of Sohar,Oman,port988,1,1,0,17,early,0,-54.2894935752,decrease,,2026_window_vs_2026_long_baseline_and_historical_same_calendar,percent change in mean provider-defined calls per UTC day,,,,,,,,,,,,
portwatch_screen,,,,,,,,,pw_port988,Port of Sohar,Oman,port988,1,1,0,17,F1,1,-44.2554799698,decrease,,2026_window_vs_2026_long_baseline_and_historical_same_calendar,percent change in mean provider-defined calls per UTC day,,,,,,,,,,,,
portwatch_screen,,,,,,,,,pw_port988,Port of Sohar,Oman,port988,1,1,0,17,F2,2,-21.9576719577,decrease,,2026_window_vs_2026_long_baseline_and_historical_same_calendar,percent change in mean provider-defined calls per UTC day,,,,,,,,,,,,
portwatch_screen,,,,,,,,,pw_port988,Port of Sohar,Oman,port988,1,1,0,17,F3,3,-25.3023431595,decrease,,2026_window_vs_2026_long_baseline_and_historical_same_calendar,percent change in mean provider-defined calls per UTC day,,,,,,,,,,,,
portwatch_screen,,,,,,,,,pw_port988,Port of Sohar,Oman,port988,1,1,0,17,F4_tail,4,-15.7142857143,decrease,,2026_window_vs_2026_long_baseline_and_historical_same_calendar,percent change in mean provider-defined calls per UTC day,,,,,,,,,,,,
portwatch_screen,,,,,,,,,pw_port988,Port of Sohar,Oman,port988,1,1,0,17,May,5,-24.9786653012,decrease,,2026_window_vs_2026_long_baseline_and_historical_same_calendar,percent change in mean provider-defined calls per UTC day,,,,,,,,,,,,
portwatch_screen,,,,,,,,,pw_port988,Port of Sohar,Oman,port988,1,1,0,17,June,6,-23.5185185185,decrease,,2026_window_vs_2026_long_baseline_and_historical_same_calendar,percent change in mean provider-defined calls per UTC day,,,,,,,,,,,,
portwatch_screen,,,,,,,,,pw_port984,Duqm,Oman,port984,1,1,0,18,early,0,40.4761904762,increase,,2026_window_vs_2026_long_baseline_and_historical_same_calendar,percent change in mean provider-defined calls per UTC day,,,,,,,,,,,,
portwatch_screen,,,,,,,,,pw_port984,Duqm,Oman,port984,1,1,0,18,F1,1,96.6666666667,increase,,2026_window_vs_2026_long_baseline_and_historical_same_calendar,percent change in mean provider-defined calls per UTC day,,,,,,,,,,,,
portwatch_screen,,,,,,,,,pw_port984,Duqm,Oman,port984,1,1,0,18,F2,2,180.952380952,increase,,2026_window_vs_2026_long_baseline_and_historical_same_calendar,percent change in mean provider-defined calls per UTC day,,,,,,,,,,,,
portwatch_screen,,,,,,,,,pw_port984,Duqm,Oman,port984,1,1,0,18,F3,3,180.952380952,increase,,2026_window_vs_2026_long_baseline_and_historical_same_calendar,percent change in mean provider-defined calls per UTC day,,,,,,,,,,,,
portwatch_screen,,,,,,,,,pw_port984,Duqm,Oman,port984,1,1,0,18,F4_tail,4,293.333333333,increase,,2026_window_vs_2026_long_baseline_and_historical_same_calendar,percent change in mean provider-defined calls per UTC day,,,,,,,,,,,,
portwatch_screen,,,,,,,,,pw_port984,Duqm,Oman,port984,1,1,0,18,May,5,229.892473118,increase,,2026_window_vs_2026_long_baseline_and_historical_same_calendar,percent change in mean provider-defined calls per UTC day,,,,,,,,,,,,
portwatch_screen,,,,,,,,,pw_port984,Duqm,Oman,port984,1,1,0,18,June,6,201.555555556,increase,,2026_window_vs_2026_long_baseline_and_historical_same_calendar,percent change in mean provider-defined calls per UTC day,,,,,,,,,,,,
portwatch_screen,,,,,,,,,pw_port746,Salalah,Oman,port746,1,1,0,19,early,0,-32.2049689441,decrease,,2026_window_vs_2026_long_baseline_and_historical_same_calendar,percent change in mean provider-defined calls per UTC day,,,,,,,,,,,,
portwatch_screen,,,,,,,,,pw_port746,Salalah,Oman,port746,1,1,0,19,F1,1,0.776397515528,increase,,2026_window_vs_2026_long_baseline_and_historical_same_calendar,percent change in mean provider-defined calls per UTC day,,,,,,,,,,,,
portwatch_screen,,,,,,,,,pw_port746,Salalah,Oman,port746,1,1,0,19,F2,2,11.7701863354,increase,,2026_window_vs_2026_long_baseline_and_historical_same_calendar,percent change in mean provider-defined calls per UTC day,,,,,,,,,,,,
portwatch_screen,,,,,,,,,pw_port746,Salalah,Oman,port746,1,1,0,19,F3,3,35.5900621118,increase,,2026_window_vs_2026_long_baseline_and_historical_same_calendar,percent change in mean provider-defined calls per UTC day,,,,,,,,,,,,
portwatch_screen,,,,,,,,,pw_port746,Salalah,Oman,port746,1,1,0,19,F4_tail,4,79.5652173913,increase,,2026_window_vs_2026_long_baseline_and_historical_same_calendar,percent change in mean provider-defined calls per UTC day,,,,,,,,,,,,
portwatch_screen,,,,,,,,,pw_port746,Salalah,Oman,port746,1,1,0,19,May,5,35.7082748948,increase,,2026_window_vs_2026_long_baseline_and_historical_same_calendar,percent change in mean provider-defined calls per UTC day,,,,,,,,,,,,
portwatch_screen,,,,,,,,,pw_port746,Salalah,Oman,port746,1,1,0,19,June,6,49.6376811594,increase,,2026_window_vs_2026_long_baseline_and_historical_same_calendar,percent change in mean provider-defined calls per UTC day,,,,,,,,,,,,
portwatch_screen,,,,,,,,,pw_port518,Jeddah,Saudi Arabia Red Sea coast,port518,1,1,0,20,early,0,-7.2377338032,decrease,,2026_window_vs_2026_long_baseline_and_historical_same_calendar,percent change in mean provider-defined calls per UTC day,,,,,,,,,,,,
portwatch_screen,,,,,,,,,pw_port518,Jeddah,Saudi Arabia Red Sea coast,port518,1,1,0,20,F1,1,-1.64001084305,decrease,,2026_window_vs_2026_long_baseline_and_historical_same_calendar,percent change in mean provider-defined calls per UTC day,,,,,,,,,,,,
portwatch_screen,,,,,,,,,pw_port518,Jeddah,Saudi Arabia Red Sea coast,port518,1,1,0,20,F2,2,-0.0406614258607,decrease,,2026_window_vs_2026_long_baseline_and_historical_same_calendar,percent change in mean provider-defined calls per UTC day,,,,,,,,,,,,
portwatch_screen,,,,,,,,,pw_port518,Jeddah,Saudi Arabia Red Sea coast,port518,1,1,0,20,F3,3,17.5521821632,increase,,2026_window_vs_2026_long_baseline_and_historical_same_calendar,percent change in mean provider-defined calls per UTC day,,,,,,,,,,,,
portwatch_screen,,,,,,,,,pw_port518,Jeddah,Saudi Arabia Red Sea coast,port518,1,1,0,20,F4_tail,4,34.3453510436,increase,,2026_window_vs_2026_long_baseline_and_historical_same_calendar,percent change in mean provider-defined calls per UTC day,,,,,,,,,,,,
portwatch_screen,,,,,,,,,pw_port518,Jeddah,Saudi Arabia Red Sea coast,port518,1,1,0,20,May,5,19.8996143723,increase,,2026_window_vs_2026_long_baseline_and_historical_same_calendar,percent change in mean provider-defined calls per UTC day,,,,,,,,,,,,
portwatch_screen,,,,,,,,,pw_port518,Jeddah,Saudi Arabia Red Sea coast,port518,1,1,0,20,June,6,-2.97280202404,decrease,,2026_window_vs_2026_long_baseline_and_historical_same_calendar,percent change in mean provider-defined calls per UTC day,,,,,,,,,,,,
portwatch_screen,,,,,,,,,pw_port294,Djibouti,Djibouti,port294,1,1,0,21,early,0,10.5728429986,increase,,2026_window_vs_2026_long_baseline_and_historical_same_calendar,percent change in mean provider-defined calls per UTC day,,,,,,,,,,,,
portwatch_screen,,,,,,,,,pw_port294,Djibouti,Djibouti,port294,1,1,0,21,F1,1,14.7454031117,increase,,2026_window_vs_2026_long_baseline_and_historical_same_calendar,percent change in mean provider-defined calls per UTC day,,,,,,,,,,,,
portwatch_screen,,,,,,,,,pw_port294,Djibouti,Djibouti,port294,1,1,0,21,F2,2,-8.20367751061,decrease,,2026_window_vs_2026_long_baseline_and_historical_same_calendar,percent change in mean provider-defined calls per UTC day,,,,,,,,,,,,
portwatch_screen,,,,,,,,,pw_port294,Djibouti,Djibouti,port294,1,1,0,21,F3,3,23.090523338,increase,,2026_window_vs_2026_long_baseline_and_historical_same_calendar,percent change in mean provider-defined calls per UTC day,,,,,,,,,,,,
portwatch_screen,,,,,,,,,pw_port294,Djibouti,Djibouti,port294,1,1,0,21,F4_tail,4,16.8316831683,increase,,2026_window_vs_2026_long_baseline_and_historical_same_calendar,percent change in mean provider-defined calls per UTC day,,,,,,,,,,,,
portwatch_screen,,,,,,,,,pw_port294,Djibouti,Djibouti,port294,1,1,0,21,May,5,2.69881826892,increase,,2026_window_vs_2026_long_baseline_and_historical_same_calendar,percent change in mean provider-defined calls per UTC day,,,,,,,,,,,,
portwatch_screen,,,,,,,,,pw_port294,Djibouti,Djibouti,port294,1,1,0,21,June,6,0.280528052805,increase,,2026_window_vs_2026_long_baseline_and_historical_same_calendar,percent change in mean provider-defined calls per UTC day,,,,,,,,,,,,
portwatch_screen,,,,,,,,,pw_port192,Port Said,Egypt Mediterranean coast,port192,1,1,0,22,early,0,-12.8078817734,decrease,,2026_window_vs_2026_long_baseline_and_historical_same_calendar,percent change in mean provider-defined calls per UTC day,,,,,,,,,,,,
portwatch_screen,,,,,,,,,pw_port192,Port Said,Egypt Mediterranean coast,port192,1,1,0,22,F1,1,-18.6206896552,decrease,,2026_window_vs_2026_long_baseline_and_historical_same_calendar,percent change in mean provider-defined calls per UTC day,,,,,,,,,,,,
portwatch_screen,,,,,,,,,pw_port192,Port Said,Egypt Mediterranean coast,port192,1,1,0,22,F2,2,-27.3399014778,decrease,,2026_window_vs_2026_long_baseline_and_historical_same_calendar,percent change in mean provider-defined calls per UTC day,,,,,,,,,,,,
portwatch_screen,,,,,,,,,pw_port192,Port Said,Egypt Mediterranean coast,port192,1,1,0,22,F3,3,-6.99507389163,decrease,,2026_window_vs_2026_long_baseline_and_historical_same_calendar,percent change in mean provider-defined calls per UTC day,,,,,,,,,,,,
portwatch_screen,,,,,,,,,pw_port192,Port Said,Egypt Mediterranean coast,port192,1,1,0,22,F4_tail,4,13.9310344828,increase,,2026_window_vs_2026_long_baseline_and_historical_same_calendar,percent change in mean provider-defined calls per UTC day,,,,,,,,,,,,
portwatch_screen,,,,,,,,,pw_port192,Port Said,Egypt Mediterranean coast,port192,1,1,0,22,May,5,-29.1212458287,decrease,,2026_window_vs_2026_long_baseline_and_historical_same_calendar,percent change in mean provider-defined calls per UTC day,,,,,,,,,,,,
portwatch_screen,,,,,,,,,pw_port192,Port Said,Egypt Mediterranean coast,port192,1,1,0,22,June,6,-17.2643678161,decrease,,2026_window_vs_2026_long_baseline_and_historical_same_calendar,percent change in mean provider-defined calls per UTC day,,,,,,,,,,,,
portwatch_screen,,,,,,,,,pw_unavailable_suez,Suez,Egypt,,0,0,0,23,early,0,,provider_series_unavailable,provider_series_unavailable,2026_window_vs_2026_long_baseline_and_historical_same_calendar,percent change in mean provider-defined calls per UTC day,,,,,,,,,,,,
portwatch_screen,,,,,,,,,pw_unavailable_suez,Suez,Egypt,,0,0,0,23,F1,1,,provider_series_unavailable,provider_series_unavailable,2026_window_vs_2026_long_baseline_and_historical_same_calendar,percent change in mean provider-defined calls per UTC day,,,,,,,,,,,,
portwatch_screen,,,,,,,,,pw_unavailable_suez,Suez,Egypt,,0,0,0,23,F2,2,,provider_series_unavailable,provider_series_unavailable,2026_window_vs_2026_long_baseline_and_historical_same_calendar,percent change in mean provider-defined calls per UTC day,,,,,,,,,,,,
portwatch_screen,,,,,,,,,pw_unavailable_suez,Suez,Egypt,,0,0,0,23,F3,3,,provider_series_unavailable,provider_series_unavailable,2026_window_vs_2026_long_baseline_and_historical_same_calendar,percent change in mean provider-defined calls per UTC day,,,,,,,,,,,,
portwatch_screen,,,,,,,,,pw_unavailable_suez,Suez,Egypt,,0,0,0,23,F4_tail,4,,provider_series_unavailable,provider_series_unavailable,2026_window_vs_2026_long_baseline_and_historical_same_calendar,percent change in mean provider-defined calls per UTC day,,,,,,,,,,,,
portwatch_screen,,,,,,,,,pw_unavailable_suez,Suez,Egypt,,0,0,0,23,May,5,,provider_series_unavailable,provider_series_unavailable,2026_window_vs_2026_long_baseline_and_historical_same_calendar,percent change in mean provider-defined calls per UTC day,,,,,,,,,,,,
portwatch_screen,,,,,,,,,pw_unavailable_suez,Suez,Egypt,,0,0,0,23,June,6,,provider_series_unavailable,provider_series_unavailable,2026_window_vs_2026_long_baseline_and_historical_same_calendar,percent change in mean provider-defined calls per UTC day,,,,,,,,,,,,
sar_scene,,,,,,,,,,,,,,,,,,,,,,,,fujairah_port_anchorage,2022-01-03 02:07:20+00:00,2000-01-03 00:00:00+00:00,2022,long_baseline,B4_fold1,0.3,all,1,325.3536,80,24.5886321836
sar_scene,,,,,,,,,,,,,,,,,,,,,,,,khor_fakkan_fujairah_adjacent_secondary_water,2022-01-03 02:07:20+00:00,2000-01-03 00:00:00+00:00,2022,long_baseline,B4_fold1,0.3,all,1,243.9654,41,16.8056617865
sar_scene,,,,,,,,,,,,,,,,,,,,,,,,sohar_port_anchorage,2022-01-03 02:07:45+00:00,2000-01-03 00:00:00+00:00,2022,long_baseline,B4_fold1,0.3,all,1,250.9679,21,8.36760398441
sar_scene,,,,,,,,,,,,,,,,,,,,,,,,jebel_ali_port_waiting_area,2022-01-05 14:25:03+00:00,2000-01-05 00:00:00+00:00,2022,long_baseline,B4_fold1,0.3,all,1,250.5412,5,1.99567975247
sar_scene,,,,,,,,,,,,,,,,,,,,,,,,bandar_abbas_port_approach,2022-01-08 02:15:17+00:00,2000-01-08 00:00:00+00:00,2022,long_baseline,B4_fold1,0.3,all,0.999425137764,305.6366,45,14.7233675548
sar_scene,,,,,,,,,,,,,,,,,,,,,,,,strait_of_hormuz_transit_gate,2022-01-08 02:15:17+00:00,2000-01-08 00:00:00+00:00,2022,long_baseline,B4_fold1,0.3,all,1,186.2397,7,3.75859711973
sar_scene,,,,,,,,,,,,,,,,,,,,,,,,fujairah_port_anchorage,2022-01-08 02:15:42+00:00,2000-01-08 00:00:00+00:00,2022,long_baseline,B4_fold1,0.3,all,0.978912789039,318.4928,76,23.8623918657
sar_scene,,,,,,,,,,,,,,,,,,,,,,,,jebel_ali_port_waiting_area,2022-01-08 02:15:42+00:00,2000-01-08 00:00:00+00:00,2022,long_baseline,B4_fold1,0.3,all,1,250.5412,1,0.399135950494
sar_scene,,,,,,,,,,,,,,,,,,,,,,,,khor_fakkan_fujairah_adjacent_secondary_water,2022-01-08 02:15:42+00:00,2000-01-08 00:00:00+00:00,2022,long_baseline,B4_fold1,0.3,all,0.987935174414,241.022,36,14.9363958477
sar_scene,,,,,,,,,,,,,,,,,,,,,,,,sohar_port_anchorage,2022-01-12 14:16:26+00:00,2000-01-12 00:00:00+00:00,2022,long_baseline,B4_fold1,0.3,all,1,250.9679,21,8.36760398441
sar_scene,,,,,,,,,,,,,,,,,,,,,,,,fujairah_port_anchorage,2022-01-12 14:16:51+00:00,2000-01-12 00:00:00+00:00,2022,long_baseline,B4_fold1,0.3,all,1,325.3536,81,24.8959900859
sar_scene,,,,,,,,,,,,,,,,,,,,,,,,khor_fakkan_fujairah_adjacent_secondary_water,2022-01-12 14:16:51+00:00,2000-01-12 00:00:00+00:00,2022,long_baseline,B4_fold1,0.3,all,1,243.9654,13,5.32862446888
sar_scene,,,,,,,,,,,,,,,,,,,,,,,,bandar_abbas_port_approach,2022-01-12 14:17:16+00:00,2000-01-12 00:00:00+00:00,2022,long_baseline,B4_fold1,0.3,all,1,305.8124,45,14.7149036468
sar_scene,,,,,,,,,,,,,,,,,,,,,,,,strait_of_hormuz_transit_gate,2022-01-12 14:17:16+00:00,2000-01-12 00:00:00+00:00,2022,long_baseline,B4_fold1,0.3,all,1,186.2397,2,1.07388489135
sar_scene,,,,,,,,,,,,,,,,,,,,,,,,fujairah_port_anchorage,2022-01-15 02:07:19+00:00,2000-01-15 00:00:00+00:00,2022,long_baseline,B4_fold1,0.3,all,1,325.3536,68,20.900337356
sar_scene,,,,,,,,,,,,,,,,,,,,,,,,khor_fakkan_fujairah_adjacent_secondary_water,2022-01-15 02:07:19+00:00,2000-01-15 00:00:00+00:00,2022,long_baseline,B4_fold1,0.3,all,1,243.9654,28,11.4770373176
sar_scene,,,,,,,,,,,,,,,,,,,,,,,,sohar_port_anchorage,2022-01-15 02:07:44+00:00,2000-01-15 00:00:00+00:00,2022,long_baseline,B4_fold1,0.3,all,1,250.9679,26,10.3598906474
sar_scene,,,,,,,,,,,,,,,,,,,,,,,,jebel_ali_port_waiting_area,2022-01-17 14:25:03+00:00,2000-01-17 00:00:00+00:00,2022,long_baseline,B4_fold1,0.3,all,1,250.5412,6,2.39481570297
sar_scene,,,,,,,,,,,,,,,,,,,,,,,,bandar_abbas_port_approach,2022-01-20 02:15:17+00:00,2000-01-20 00:00:00+00:00,2022,long_baseline,B4_fold1,0.3,all,0.999437236685,305.6403,63,20.6124650447
sar_scene,,,,,,,,,,,,,,,,,,,,,,,,strait_of_hormuz_transit_gate,2022-01-20 02:15:17+00:00,2000-01-20 00:00:00+00:00,2022,long_baseline,B4_fold1,0.3,all,1,186.2397,0,0
sar_scene,,,,,,,,,,,,,,,,,,,,,,,,fujairah_port_anchorage,2022-01-20 02:15:42+00:00,2000-01-20 00:00:00+00:00,2022,long_baseline,B4_fold1,0.3,all,0.980163428344,318.8997,77,24.1455228713
sar_scene,,,,,,,,,,,,,,,,,,,,,,,,jebel_ali_port_waiting_area,2022-01-20 02:15:42+00:00,2000-01-20 00:00:00+00:00,2022,long_baseline,B4_fold1,0.3,all,1,250.5412,5,1.99567975247
sar_scene,,,,,,,,,,,,,,,,,,,,,,,,khor_fakkan_fujairah_adjacent_secondary_water,2022-01-20 02:15:42+00:00,2000-01-20 00:00:00+00:00,2022,long_baseline,B4_fold1,0.3,all,0.988026170924,241.0442,30,12.4458501802
sar_scene,,,,,,,,,,,,,,,,,,,,,,,,sohar_port_anchorage,2022-01-24 14:16:26+00:00,2000-01-24 00:00:00+00:00,2022,long_baseline,B4_fold1,0.3,all,1,250.9679,25,9.96143331478
sar_scene,,,,,,,,,,,,,,,,,,,,,,,,fujairah_port_anchorage,2022-01-24 14:16:51+00:00,2000-01-24 00:00:00+00:00,2022,long_baseline,B4_fold1,0.3,all,1,325.3536,73,22.4371268675
sar_scene,,,,,,,,,,,,,,,,,,,,,,,,khor_fakkan_fujairah_adjacent_secondary_water,2022-01-24 14:16:51+00:00,2000-01-24 00:00:00+00:00,2022,long_baseline,B4_fold1,0.3,all,1,243.9654,12,4.91873027897
sar_scene,,,,,,,,,,,,,,,,,,,,,,,,bandar_abbas_port_approach,2022-01-24 14:17:16+00:00,2000-01-24 00:00:00+00:00,2022,long_baseline,B4_fold1,0.3,all,1,305.8124,52,17.0038886585
sar_scene,,,,,,,,,,,,,,,,,,,,,,,,strait_of_hormuz_transit_gate,2022-01-24 14:17:16+00:00,2000-01-24 00:00:00+00:00,2022,long_baseline,B4_fold1,0.3,all,1,186.2397,1,0.536942445676
sar_scene,,,,,,,,,,,,,,,,,,,,,,,,fujairah_port_anchorage,2022-01-27 02:07:19+00:00,2000-01-27 00:00:00+00:00,2022,long_baseline,B4_fold1,0.3,all,1,325.3536,82,25.2033479882
sar_scene,,,,,,,,,,,,,,,,,,,,,,,,khor_fakkan_fujairah_adjacent_secondary_water,2022-01-27 02:07:19+00:00,2000-01-27 00:00:00+00:00,2022,long_baseline,B4_fold1,0.3,all,1,243.9654,31,12.7067198873
sar_scene,,,,,,,,,,,,,,,,,,,,,,,,sohar_port_anchorage,2022-01-27 02:07:44+00:00,2000-01-27 00:00:00+00:00,2022,long_baseline,B4_fold1,0.3,all,1,250.9679,19,7.57068931923
sar_scene,,,,,,,,,,,,,,,,,,,,,,,,jebel_ali_port_waiting_area,2022-01-29 14:25:02+00:00,2000-01-29 00:00:00+00:00,2022,long_baseline,B4_fold1,0.3,all,1,250.5412,4,1.59654380198
sar_scene,,,,,,,,,,,,,,,,,,,,,,,,bandar_abbas_port_approach,2022-02-01 02:15:16+00:00,2000-02-01 00:00:00+00:00,2022,long_baseline,B4_fold1,0.3,all,0.999409768865,305.6319,53,17.3411217874
sar_scene,,,,,,,,,,,,,,,,,,,,,,,,strait_of_hormuz_transit_gate,2022-02-01 02:15:16+00:00,2000-02-01 00:00:00+00:00,2022,long_baseline,B4_fold1,0.3,all,1,186.2397,2,1.07388489135
sar_scene,,,,,,,,,,,,,,,,,,,,,,,,fujairah_port_anchorage,2022-02-01 02:15:41+00:00,2000-02-01 00:00:00+00:00,2022,long_baseline,B4_fold1,0.3,all,0.978853161606,318.4734,39,12.2459206954
sar_scene,,,,,,,,,,,,,,,,,,,,,,,,jebel_ali_port_waiting_area,2022-02-01 02:15:41+00:00,2000-02-01 00:00:00+00:00,2022,long_baseline,B4_fold1,0.3,all,1,250.5412,9,3.59222355445
sar_scene,,,,,,,,,,,,,,,,,,,,,,,,khor_fakkan_fujairah_adjacent_secondary_water,2022-02-01 02:15:41+00:00,2000-02-01 00:00:00+00:00,2022,long_baseline,B4_fold1,0.3,all,0.988091753995,241.0602,33,13.6895265166
sar_scene,,,,,,,,,,,,,,,,,,,,,,,,sohar_port_anchorage,2022-02-05 14:16:25+00:00,2000-02-05 00:00:00+00:00,2022,long_baseline,B4_fold1,0.3,all,1,250.9679,15,5.97685998887
sar_scene,,,,,,,,,,,,,,,,,,,,,,,,fujairah_port_anchorage,2022-02-05 14:16:50+00:00,2000-02-05 00:00:00+00:00,2022,long_baseline,B4_fold1,0.3,all,1,325.3536,79,24.2812742813
sar_scene,,,,,,,,,,,,,,,,,,,,,,,,khor_fakkan_fujairah_adjacent_secondary_water,2022-02-05 14:16:50+00:00,2000-02-05 00:00:00+00:00,2022,long_baseline,B4_fold1,0.3,all,1,243.9654,20,8.19788379828
sar_scene,,,,,,,,,,,,,,,,,,,,,,,,bandar_abbas_port_approach,2022-02-05 14:17:15+00:00,2000-02-05 00:00:00+00:00,2022,long_baseline,B4_fold1,0.3,all,1,305.8124,54,17.6578843762
sar_scene,,,,,,,,,,,,,,,,,,,,,,,,strait_of_hormuz_transit_gate,2022-02-05 14:17:15+00:00,2000-02-05 00:00:00+00:00,2022,long_baseline,B4_fold1,0.3,all,1,186.2397,0,0
sar_scene,,,,,,,,,,,,,,,,,,,,,,,,fujairah_port_anchorage,2022-02-08 02:07:18+00:00,2000-02-08 00:00:00+00:00,2022,long_baseline,B4_fold1,0.3,all,1,325.3536,75,23.0518426721
sar_scene,,,,,,,,,,,,,,,,,,,,,,,,khor_fakkan_fujairah_adjacent_secondary_water,2022-02-08 02:07:18+00:00,2000-02-08 00:00:00+00:00,2022,long_baseline,B4_fold1,0.3,all,1,243.9654,34,13.9364024571
sar_scene,,,,,,,,,,,,,,,,,,,,,,,,sohar_port_anchorage,2022-02-08 02:07:43+00:00,2000-02-08 00:00:00+00:00,2022,long_baseline,B4_fold1,0.3,all,1,250.9679,16,6.37531732146
sar_scene,,,,,,,,,,,,,,,,,,,,,,,,bandar_abbas_port_approach,2022-02-13 02:15:16+00:00,2000-02-13 00:00:00+00:00,2022,long_baseline,B4_fold1,0.3,all,0.999357776205,305.616,39,12.7611119837
sar_scene,,,,,,,,,,,,,,,,,,,,,,,,strait_of_hormuz_transit_gate,2022-02-13 02:15:16+00:00,2000-02-13 00:00:00+00:00,2022,long_baseline,B4_fold1,0.3,all,1,186.2397,0,0
sar_scene,,,,,,,,,,,,,,,,,,,,,,,,fujairah_port_anchorage,2022-02-13 02:15:41+00:00,2000-02-13 00:00:00+00:00,2022,long_baseline,B4_fold1,0.3,all,0.977574860091,318.0575,78,24.5238675397
sar_scene,,,,,,,,,,,,,,,,,,,,,,,,jebel_ali_port_waiting_area,2022-02-13 02:15:41+00:00,2000-02-13 00:00:00+00:00,2022,long_baseline,B4_fold1,0.3,all,1,250.5412,8,3.19308760395
sar_scene,,,,,,,,,,,,,,,,,,,,,,,,khor_fakkan_fujairah_adjacent_secondary_water,2022-02-13 02:15:41+00:00,2000-02-13 00:00:00+00:00,2022,long_baseline,B4_fold1,0.3,all,0.987703584197,240.9655,23,9.54493485582
sar_scene,,,,,,,,,,,,,,,,,,,,,,,,sohar_port_anchorage,2022-02-17 14:16:25+00:00,2000-02-17 00:00:00+00:00,2022,long_baseline,B4_fold1,0.3,all,1,250.9679,20,7.96914665182
sar_scene,,,,,,,,,,,,,,,,,,,,,,,,fujairah_port_anchorage,2022-02-17 14:16:50+00:00,2000-02-17 00:00:00+00:00,2022,long_baseline,B4_fold1,0.3,all,1,325.3536,100,30.7357902295
sar_scene,,,,,,,,,,,,,,,,,,,,,,,,khor_fakkan_fujairah_adjacent_secondary_water,2022-02-17 14:16:50+00:00,2000-02-17 00:00:00+00:00,2022,long_baseline,B4_fold1,0.3,all,1,243.9654,14,5.73851865879
sar_scene,,,,,,,,,,,,,,,,,,,,,,,,bandar_abbas_port_approach,2022-02-17 14:17:15+00:00,2000-02-17 00:00:00+00:00,2022,long_baseline,B4_fold1,0.3,all,1,305.8124,40,13.0799143527
sar_scene,,,,,,,,,,,,,,,,,,,,,,,,strait_of_hormuz_transit_gate,2022-02-17 14:17:15+00:00,2000-02-17 00:00:00+00:00,2022,long_baseline,B4_fold1,0.3,all,1,186.2397,0,0
sar_scene,,,,,,,,,,,,,,,,,,,,,,,,fujairah_port_anchorage,2022-02-20 02:07:18+00:00,2000-02-20 00:00:00+00:00,2022,long_baseline,B4_fold1,0.3,all,1,325.3536,82,25.2033479882
sar_scene,,,,,,,,,,,,,,,,,,,,,,,,khor_fakkan_fujairah_adjacent_secondary_water,2022-02-20 02:07:18+00:00,2000-02-20 00:00:00+00:00,2022,long_baseline,B4_fold1,0.3,all,1,243.9654,35,14.346296647
sar_scene,,,,,,,,,,,,,,,,,,,,,,,,sohar_port_anchorage,2022-02-20 02:07:43+00:00,2000-02-20 00:00:00+00:00,2022,long_baseline,B4_fold1,0.3,all,1,250.9679,21,8.36760398441
sar_scene,,,,,,,,,,,,,,,,,,,,,,,,bandar_abbas_port_approach,2022-02-25 02:15:16+00:00,2000-02-25 00:00:00+00:00,2022,long_baseline,B4_fold1,0.3,all,0.999359738192,305.6166,44,14.3971237164
sar_scene,,,,,,,,,,,,,,,,,,,,,,,,strait_of_hormuz_transit_gate,2022-02-25 02:15:16+00:00,2000-02-25 00:00:00+00:00,2022,long_baseline,B4_fold1,0.3,all,1,186.2397,1,0.536942445676
sar_scene,,,,,,,,,,,,,,,,,,,,,,,,fujairah_port_anchorage,2022-02-25 02:15:41+00:00,2000-02-25 00:00:00+00:00,2022,long_baseline,B4_fold1,0.3,all,0.977732842052,318.1089,63,19.8045386344
sar_scene,,,,,,,,,,,,,,,,,,,,,,,,jebel_ali_port_waiting_area,2022-02-25 02:15:41+00:00,2000-02-25 00:00:00+00:00,2022,long_baseline,B4_fold1,0.3,all,1,250.5412,15,5.98703925742
sar_scene,,,,,,,,,,,,,,,,,,,,,,,,khor_fakkan_fujairah_adjacent_secondary_water,2022-02-25 02:15:41+00:00,2000-02-25 00:00:00+00:00,2022,long_baseline,B4_fold1,0.3,all,0.987687598323,240.9616,29,12.0351126487
sar_scene,,,,,,,,,,,,,,,,,,,,,,,,sohar_port_anchorage,2022-03-01 14:16:25+00:00,2000-03-01 00:00:00+00:00,2022,early,B4_fold1,0.3,all,1,250.9679,24,9.56297598219
sar_scene,,,,,,,,,,,,,,,,,,,,,,,,fujairah_port_anchorage,2022-03-01 14:16:50+00:00,2000-03-01 00:00:00+00:00,2022,early,B4_fold1,0.3,all,1,325.3536,74,22.7444847698
sar_scene,,,,,,,,,,,,,,,,,,,,,,,,khor_fakkan_fujairah_adjacent_secondary_water,2022-03-01 14:16:50+00:00,2000-03-01 00:00:00+00:00,2022,early,B4_fold1,0.3,all,1,243.9654,30,12.2968256974
sar_scene,,,,,,,,,,,,,,,,,,,,,,,,bandar_abbas_port_approach,2022-03-01 14:17:15+00:00,2000-03-01 00:00:00+00:00,2022,early,B4_fold1,0.3,all,1,305.8124,49,16.0228950821
sar_scene,,,,,,,,,,,,,,,,,,,,,,,,strait_of_hormuz_transit_gate,2022-03-01 14:17:15+00:00,2000-03-01 00:00:00+00:00,2022,early,B4_fold1,0.3,all,1,186.2397,1,0.536942445676
sar_scene,,,,,,,,,,,,,,,,,,,,,,,,fujairah_port_anchorage,2022-03-04 02:07:18+00:00,2000-03-04 00:00:00+00:00,2022,early,B4_fold1,0.3,all,1,325.3536,90,27.6622112065
sar_scene,,,,,,,,,,,,,,,,,,,,,,,,khor_fakkan_fujairah_adjacent_secondary_water,2022-03-04 02:07:18+00:00,2000-03-04 00:00:00+00:00,2022,early,B4_fold1,0.3,all,1,243.9654,31,12.7067198873
sar_scene,,,,,,,,,,,,,,,,,,,,,,,,sohar_port_anchorage,2022-03-04 02:07:43+00:00,2000-03-04 00:00:00+00:00,2022,early,B4_fold1,0.3,all,1,250.9679,24,9.56297598219
sar_scene,,,,,,,,,,,,,,,,,,,,,,,,jebel_ali_port_waiting_area,2022-03-06 14:25:02+00:00,2000-03-06 00:00:00+00:00,2022,early,B4_fold1,0.3,all,1,250.5412,9,3.59222355445
sar_scene,,,,,,,,,,,,,,,,,,,,,,,,bandar_abbas_port_approach,2022-03-09 02:15:16+00:00,2000-03-09 00:00:00+00:00,2022,early,B4_fold1,0.3,all,0.999395380959,305.6275,46,15.0510016278
sar_scene,,,,,,,,,,,,,,,,,,,,,,,,strait_of_hormuz_transit_gate,2022-03-09 02:15:16+00:00,2000-03-09 00:00:00+00:00,2022,early,B4_fold1,0.3,all,1,186.2397,1,0.536942445676
sar_scene,,,,,,,,,,,,,,,,,,,,,,,,fujairah_port_anchorage,2022-03-09 02:15:41+00:00,2000-03-09 00:00:00+00:00,2022,early,B4_fold1,0.3,all,0.978223692622,318.2686,66,20.7372012193
sar_scene,,,,,,,,,,,,,,,,,,,,,,,,jebel_ali_port_waiting_area,2022-03-09 02:15:41+00:00,2000-03-09 00:00:00+00:00,2022,early,B4_fold1,0.3,all,1,250.5412,11,4.39049545544
sar_scene,,,,,,,,,,,,,,,,,,,,,,,,khor_fakkan_fujairah_adjacent_secondary_water,2022-03-09 02:15:41+00:00,2000-03-09 00:00:00+00:00,2022,early,B4_fold1,0.3,all,0.987810156686,240.9915,33,13.6934290214
sar_scene,,,,,,,,,,,,,,,,,,,,,,,,sohar_port_anchorage,2022-03-13 14:16:25+00:00,2000-03-13 00:00:00+00:00,2022,early,B4_fold1,0.3,all,1,250.9679,18,7.17223198664
sar_scene,,,,,,,,,,,,,,,,,,,,,,,,fujairah_port_anchorage,2022-03-13 14:16:50+00:00,2000-03-13 00:00:00+00:00,2022,early,B4_fold1,0.3,all,1,325.3536,74,22.7444847698
sar_scene,,,,,,,,,,,,,,,,,,,,,,,,khor_fakkan_fujairah_adjacent_secondary_water,2022-03-13 14:16:50+00:00,2000-03-13 00:00:00+00:00,2022,early,B4_fold1,0.3,all,1,243.9654,33,13.5265082672
sar_scene,,,,,,,,,,,,,,,,,,,,,,,,bandar_abbas_port_approach,2022-03-13 14:17:15+00:00,2000-03-13 00:00:00+00:00,2022,early,B4_fold1,0.3,all,1,305.8124,51,16.6768907997
sar_scene,,,,,,,,,,,,,,,,,,,,,,,,strait_of_hormuz_transit_gate,2022-03-13 14:17:15+00:00,2000-03-13 00:00:00+00:00,2022,early,B4_fold1,0.3,all,1,186.2397,2,1.07388489135
sar_scene,,,,,,,,,,,,,,,,,,,,,,,,fujairah_port_anchorage,2022-03-16 02:07:18+00:00,2000-03-16 00:00:00+00:00,2022,F1,B4_fold1,0.3,all,1,325.3536,72,22.1297689652
sar_scene,,,,,,,,,,,,,,,,,,,,,,,,khor_fakkan_fujairah_adjacent_secondary_water,2022-03-16 02:07:18+00:00,2000-03-16 00:00:00+00:00,2022,F1,B4_fold1,0.3,all,1,243.9654,30,12.2968256974
sar_scene,,,,,,,,,,,,,,,,,,,,,,,,sohar_port_anchorage,2022-03-16 02:07:43+00:00,2000-03-16 00:00:00+00:00,2022,F1,B4_fold1,0.3,all,1,250.9679,20,7.96914665182
sar_scene,,,,,,,,,,,,,,,,,,,,,,,,jebel_ali_port_waiting_area,2022-03-18 14:25:02+00:00,2000-03-18 00:00:00+00:00,2022,F1,B4_fold1,0.3,all,1,250.5412,7,2.79395165346
sar_scene,,,,,,,,,,,,,,,,,,,,,,,,bandar_abbas_port_approach,2022-03-21 02:15:16+00:00,2000-03-21 00:00:00+00:00,2022,F1,B4_fold1,0.3,all,0.998653749815,305.4007,58,18.9914430452
sar_scene,,,,,,,,,,,,,,,,,,,,,,,,strait_of_hormuz_transit_gate,2022-03-21 02:15:16+00:00,2000-03-21 00:00:00+00:00,2022,F1,B4_fold1,0.3,all,1,186.2397,4,2.1477697827
sar_scene,,,,,,,,,,,,,,,,,,,,,,,,fujairah_port_anchorage,2022-03-21 02:15:41+00:00,2000-03-21 00:00:00+00:00,2022,F1,B4_fold1,0.3,all,0.974046391372,316.9095,64,20.1950399089
sar_scene,,,,,,,,,,,,,,,,,,,,,,,,jebel_ali_port_waiting_area,2022-03-21 02:15:41+00:00,2000-03-21 00:00:00+00:00,2022,F1,B4_fold1,0.3,all,1,250.5412,11,4.39049545544
sar_scene,,,,,,,,,,,,,,,,,,,,,,,,khor_fakkan_fujairah_adjacent_secondary_water,2022-03-21 02:15:41+00:00,2000-03-21 00:00:00+00:00,2022,F1,B4_fold1,0.3,all,0.98720105392,240.8429,27,11.2106273426
sar_scene,,,,,,,,,,,,,,,,,,,,,,,,sohar_port_anchorage,2022-03-25 14:16:25+00:00,2000-03-25 00:00:00+00:00,2022,F1,B4_fold1,0.3,all,1,250.9679,20,7.96914665182
sar_scene,,,,,,,,,,,,,,,,,,,,,,,,fujairah_port_anchorage,2022-03-25 14:16:50+00:00,2000-03-25 00:00:00+00:00,2022,F1,B4_fold1,0.3,all,1,325.3536,84,25.8180637927
sar_scene,,,,,,,,,,,,,,,,,,,,,,,,khor_fakkan_fujairah_adjacent_secondary_water,2022-03-25 14:16:50+00:00,2000-03-25 00:00:00+00:00,2022,F1,B4_fold1,0.3,all,1,243.9654,29,11.8869315075
sar_scene,,,,,,,,,,,,,,,,,,,,,,,,bandar_abbas_port_approach,2022-03-25 14:17:15+00:00,2000-03-25 00:00:00+00:00,2022,F1,B4_fold1,0.3,all,1,305.8124,43,14.0609079292
sar_scene,,,,,,,,,,,,,,,,,,,,,,,,strait_of_hormuz_transit_gate,2022-03-25 14:17:15+00:00,2000-03-25 00:00:00+00:00,2022,F1,B4_fold1,0.3,all,1,186.2397,2,1.07388489135
sar_scene,,,,,,,,,,,,,,,,,,,,,,,,fujairah_port_anchorage,2022-03-28 02:07:18+00:00,2000-03-28 00:00:00+00:00,2022,F1,B4_fold1,0.3,all,1,325.3536,88,27.0474954019
sar_scene,,,,,,,,,,,,,,,,,,,,,,,,khor_fakkan_fujairah_adjacent_secondary_water,2022-03-28 02:07:18+00:00,2000-03-28 00:00:00+00:00,2022,F1,B4_fold1,0.3,all,1,243.9654,21,8.60777798819
sar_scene,,,,,,,,,,,,,,,,,,,,,,,,sohar_port_anchorage,2022-03-28 02:07:43+00:00,2000-03-28 00:00:00+00:00,2022,F1,B4_fold1,0.3,all,1,250.9679,14,5.57840265628
sar_scene,,,,,,,,,,,,,,,,,,,,,,,,jebel_ali_port_waiting_area,2022-03-30 14:25:02+00:00,2000-03-30 00:00:00+00:00,2022,F2,B4_fold1,0.3,all,1,250.5412,5,1.99567975247
sar_scene,,,,,,,,,,,,,,,,,,,,,,,,bandar_abbas_port_approach,2022-04-02 02:15:17+00:00,2000-04-02 00:00:00+00:00,2022,F2,B4_fold1,0.3,all,0.999131166689,305.5467,53,17.3459572628
sar_scene,,,,,,,,,,,,,,,,,,,,,,,,strait_of_hormuz_transit_gate,2022-04-02 02:15:17+00:00,2000-04-02 00:00:00+00:00,2022,F2,B4_fold1,0.3,all,1,186.2397,3,1.61082733703
sar_scene,,,,,,,,,,,,,,,,,,,,,,,,fujairah_port_anchorage,2022-04-02 02:15:42+00:00,2000-04-02 00:00:00+00:00,2022,F2,B4_fold1,0.3,all,0.972206546969,316.3109,65,20.5494025024
sar_scene,,,,,,,,,,,,,,,,,,,,,,,,jebel_ali_port_waiting_area,2022-04-02 02:15:42+00:00,2000-04-02 00:00:00+00:00,2022,F2,B4_fold1,0.3,all,1,250.5412,9,3.59222355445
sar_scene,,,,,,,,,,,,,,,,,,,,,,,,khor_fakkan_fujairah_adjacent_secondary_water,2022-04-02 02:15:42+00:00,2000-04-02 00:00:00+00:00,2022,F2,B4_fold1,0.3,all,0.986941181004,240.7795,27,11.2135792291
sar_scene,,,,,,,,,,,,,,,,,,,,,,,,sohar_port_anchorage,2022-04-06 14:16:25+00:00,2000-04-06 00:00:00+00:00,2022,F2,B4_fold1,0.3,all,1,250.9679,11,4.3830306585
sar_scene,,,,,,,,,,,,,,,,,,,,,,,,fujairah_port_anchorage,2022-04-06 14:16:50+00:00,2000-04-06 00:00:00+00:00,2022,F2,B4_fold1,0.3,all,1,325.3536,75,23.0518426721
sar_scene,,,,,,,,,,,,,,,,,,,,,,,,khor_fakkan_fujairah_adjacent_secondary_water,2022-04-06 14:16:50+00:00,2000-04-06 00:00:00+00:00,2022,F2,B4_fold1,0.3,all,1,243.9654,30,12.2968256974
sar_scene,,,,,,,,,,,,,,,,,,,,,,,,bandar_abbas_port_approach,2022-04-06 14:17:15+00:00,2000-04-06 00:00:00+00:00,2022,F2,B4_fold1,0.3,all,1,305.8124,53,17.3308865174
sar_scene,,,,,,,,,,,,,,,,,,,,,,,,strait_of_hormuz_transit_gate,2022-04-06 14:17:15+00:00,2000-04-06 00:00:00+00:00,2022,F2,B4_fold1,0.3,all,1,186.2397,2,1.07388489135
sar_scene,,,,,,,,,,,,,,,,,,,,,,,,fujairah_port_anchorage,2022-04-09 02:07:18+00:00,2000-04-09 00:00:00+00:00,2022,F2,B4_fold1,0.3,all,1,325.3536,67,20.5929794537
sar_scene,,,,,,,,,,,,,,,,,,,,,,,,khor_fakkan_fujairah_adjacent_secondary_water,2022-04-09 02:07:18+00:00,2000-04-09 00:00:00+00:00,2022,F2,B4_fold1,0.3,all,1,243.9654,30,12.2968256974
sar_scene,,,,,,,,,,,,,,,,,,,,,,,,sohar_port_anchorage,2022-04-09 02:07:43+00:00,2000-04-09 00:00:00+00:00,2022,F2,B4_fold1,0.3,all,1,250.9679,16,6.37531732146
sar_scene,,,,,,,,,,,,,,,,,,,,,,,,jebel_ali_port_waiting_area,2022-04-11 14:25:02+00:00,2000-04-11 00:00:00+00:00,2022,F2,B4_fold1,0.3,all,1,250.5412,6,2.39481570297
sar_scene,,,,,,,,,,,,,,,,,,,,,,,,sohar_port_anchorage,2022-04-18 14:16:26+00:00,2000-04-18 00:00:00+00:00,2022,F3,B4_fold1,0.3,all,1,250.9679,15,5.97685998887
sar_scene,,,,,,,,,,,,,,,,,,,,,,,,fujairah_port_anchorage,2022-04-18 14:16:51+00:00,2000-04-18 00:00:00+00:00,2022,F3,B4_fold1,0.3,all,1,325.3536,60,18.4414741377
sar_scene,,,,,,,,,,,,,,,,,,,,,,,,khor_fakkan_fujairah_adjacent_secondary_water,2022-04-18 14:16:51+00:00,2000-04-18 00:00:00+00:00,2022,F3,B4_fold1,0.3,all,1,243.9654,33,13.5265082672
sar_scene,,,,,,,,,,,,,,,,,,,,,,,,bandar_abbas_port_approach,2022-04-18 14:17:16+00:00,2000-04-18 00:00:00+00:00,2022,F3,B4_fold1,0.3,all,1,305.8124,65,21.2548608232
sar_scene,,,,,,,,,,,,,,,,,,,,,,,,strait_of_hormuz_transit_gate,2022-04-18 14:17:16+00:00,2000-04-18 00:00:00+00:00,2022,F3,B4_fold1,0.3,all,1,186.2397,1,0.536942445676
sar_scene,,,,,,,,,,,,,,,,,,,,,,,,fujairah_port_anchorage,2022-04-21 02:07:19+00:00,2000-04-21 00:00:00+00:00,2022,F3,B4_fold1,0.3,all,1,325.3536,73,22.4371268675
sar_scene,,,,,,,,,,,,,,,,,,,,,,,,khor_fakkan_fujairah_adjacent_secondary_water,2022-04-21 02:07:19+00:00,2000-04-21 00:00:00+00:00,2022,F3,B4_fold1,0.3,all,1,243.9654,33,13.5265082672
sar_scene,,,,,,,,,,,,,,,,,,,,,,,,sohar_port_anchorage,2022-04-21 02:07:44+00:00,2000-04-21 00:00:00+00:00,2022,F3,B4_fold1,0.3,all,1,250.9679,25,9.96143331478
sar_scene,,,,,,,,,,,,,,,,,,,,,,,,jebel_ali_port_waiting_area,2022-04-23 14:25:03+00:00,2000-04-23 00:00:00+00:00,2022,F3,B4_fold1,0.3,all,1,250.5412,6,2.39481570297
sar_scene,,,,,,,,,,,,,,,,,,,,,,,,bandar_abbas_port_approach,2022-04-26 02:15:17+00:00,2000-04-26 00:00:00+00:00,2022,F4_tail,B4_fold1,0.3,all,0.999269486783,305.589,50,16.3618454853
sar_scene,,,,,,,,,,,,,,,,,,,,,,,,strait_of_hormuz_transit_gate,2022-04-26 02:15:17+00:00,2000-04-26 00:00:00+00:00,2022,F4_tail,B4_fold1,0.3,all,1,186.2397,2,1.07388489135
sar_scene,,,,,,,,,,,,,,,,,,,,,,,,fujairah_port_anchorage,2022-04-26 02:15:42+00:00,2000-04-26 00:00:00+00:00,2022,F4_tail,B4_fold1,0.3,all,0.975034547028,317.231,77,24.2725332644
sar_scene,,,,,,,,,,,,,,,,,,,,,,,,jebel_ali_port_waiting_area,2022-04-26 02:15:42+00:00,2000-04-26 00:00:00+00:00,2022,F4_tail,B4_fold1,0.3,all,1,250.5412,8,3.19308760395
sar_scene,,,,,,,,,,,,,,,,,,,,,,,,khor_fakkan_fujairah_adjacent_secondary_water,2022-04-26 02:15:42+00:00,2000-04-26 00:00:00+00:00,2022,F4_tail,B4_fold1,0.3,all,0.987169901962,240.8353,29,12.04142416
sar_scene,,,,,,,,,,,,,,,,,,,,,,,,sohar_port_anchorage,2022-04-30 14:16:27+00:00,2000-04-30 00:00:00+00:00,2022,F4_tail,B4_fold1,0.3,all,1,250.9679,18,7.17223198664
sar_scene,,,,,,,,,,,,,,,,,,,,,,,,fujairah_port_anchorage,2022-04-30 14:16:52+00:00,2000-04-30 00:00:00+00:00,2022,F4_tail,B4_fold1,0.3,all,1,325.3536,79,24.2812742813
sar_scene,,,,,,,,,,,,,,,,,,,,,,,,khor_fakkan_fujairah_adjacent_secondary_water,2022-04-30 14:16:52+00:00,2000-04-30 00:00:00+00:00,2022,F4_tail,B4_fold1,0.3,all,1,243.9654,25,10.2473547478
sar_scene,,,,,,,,,,,,,,,,,,,,,,,,bandar_abbas_port_approach,2022-04-30 14:17:17+00:00,2000-04-30 00:00:00+00:00,2022,F4_tail,B4_fold1,0.3,all,1,305.8124,55,17.984882235
sar_scene,,,,,,,,,,,,,,,,,,,,,,,,strait_of_hormuz_transit_gate,2022-04-30 14:17:17+00:00,2000-04-30 00:00:00+00:00,2022,F4_tail,B4_fold1,0.3,all,1,186.2397,1,0.536942445676
sar_scene,,,,,,,,,,,,,,,,,,,,,,,,fujairah_port_anchorage,2022-05-03 02:07:19+00:00,2000-05-03 00:00:00+00:00,2022,May,B4_fold1,0.3,all,1,325.3536,87,26.7401374996
sar_scene,,,,,,,,,,,,,,,,,,,,,,,,khor_fakkan_fujairah_adjacent_secondary_water,2022-05-03 02:07:19+00:00,2000-05-03 00:00:00+00:00,2022,May,B4_fold1,0.3,all,1,243.9654,29,11.8869315075
sar_scene,,,,,,,,,,,,,,,,,,,,,,,,sohar_port_anchorage,2022-05-03 02:07:44+00:00,2000-05-03 00:00:00+00:00,2022,May,B4_fold1,0.3,all,1,250.9679,15,5.97685998887
sar_scene,,,,,,,,,,,,,,,,,,,,,,,,jebel_ali_port_waiting_area,2022-05-05 14:25:03+00:00,2000-05-05 00:00:00+00:00,2022,May,B4_fold1,0.3,all,1,250.5412,10,3.99135950494
sar_scene,,,,,,,,,,,,,,,,,,,,,,,,bandar_abbas_port_approach,2022-05-08 02:15:18+00:00,2000-05-08 00:00:00+00:00,2022,May,B4_fold1,0.3,all,0.999462088522,305.6479,56,18.3217355657
sar_scene,,,,,,,,,,,,,,,,,,,,,,,,strait_of_hormuz_transit_gate,2022-05-08 02:15:18+00:00,2000-05-08 00:00:00+00:00,2022,May,B4_fold1,0.3,all,1,186.2397,0,0
sar_scene,,,,,,,,,,,,,,,,,,,,,,,,fujairah_port_anchorage,2022-05-08 02:15:43+00:00,2000-05-08 00:00:00+00:00,2022,May,B4_fold1,0.3,all,0.982239323616,319.5751,75,23.4686619827
sar_scene,,,,,,,,,,,,,,,,,,,,,,,,jebel_ali_port_waiting_area,2022-05-08 02:15:43+00:00,2000-05-08 00:00:00+00:00,2022,May,B4_fold1,0.3,all,1,250.5412,9,3.59222355445
sar_scene,,,,,,,,,,,,,,,,,,,,,,,,khor_fakkan_fujairah_adjacent_secondary_water,2022-05-08 02:15:43+00:00,2000-05-08 00:00:00+00:00,2022,May,B4_fold1,0.3,all,0.988127004895,241.0688,28,11.6149414607
sar_scene,,,,,,,,,,,,,,,,,,,,,,,,fujairah_port_anchorage,2022-05-15 02:07:20+00:00,2000-05-15 00:00:00+00:00,2022,May,B4_fold1,0.3,all,1,325.3536,78,23.973916379
sar_scene,,,,,,,,,,,,,,,,,,,,,,,,khor_fakkan_fujairah_adjacent_secondary_water,2022-05-15 02:07:20+00:00,2000-05-15 00:00:00+00:00,2022,May,B4_fold1,0.3,all,1,243.9654,28,11.4770373176
sar_scene,,,,,,,,,,,,,,,,,,,,,,,,sohar_port_anchorage,2022-05-15 02:07:45+00:00,2000-05-15 00:00:00+00:00,2022,May,B4_fold1,0.3,all,1,250.9679,21,8.36760398441
sar_scene,,,,,,,,,,,,,,,,,,,,,,,,jebel_ali_port_waiting_area,2022-05-17 14:25:04+00:00,2000-05-17 00:00:00+00:00,2022,May,B4_fold1,0.3,all,1,250.5412,8,3.19308760395
sar_scene,,,,,,,,,,,,,,,,,,,,,,,,bandar_abbas_port_approach,2022-05-20 02:15:19+00:00,2000-05-20 00:00:00+00:00,2022,May,B4_fold1,0.3,all,0.999410422861,305.6321,54,17.6683012027
sar_scene,,,,,,,,,,,,,,,,,,,,,,,,strait_of_hormuz_transit_gate,2022-05-20 02:15:19+00:00,2000-05-20 00:00:00+00:00,2022,May,B4_fold1,0.3,all,1,186.2397,4,2.1477697827
sar_scene,,,,,,,,,,,,,,,,,,,,,,,,fujairah_port_anchorage,2022-05-20 02:15:44+00:00,2000-05-20 00:00:00+00:00,2022,May,B4_fold1,0.3,all,0.982086874096,319.5255,79,24.7241612954
sar_scene,,,,,,,,,,,,,,,,,,,,,,,,jebel_ali_port_waiting_area,2022-05-20 02:15:44+00:00,2000-05-20 00:00:00+00:00,2022,May,B4_fold1,0.3,all,1,250.5412,14,5.58790330692
sar_scene,,,,,,,,,,,,,,,,,,,,,,,,khor_fakkan_fujairah_adjacent_secondary_water,2022-05-20 02:15:44+00:00,2000-05-20 00:00:00+00:00,2022,May,B4_fold1,0.3,all,0.987943782192,241.0241,34,14.1064731701
sar_scene,,,,,,,,,,,,,,,,,,,,,,,,sohar_port_anchorage,2022-05-24 14:16:28+00:00,2000-05-24 00:00:00+00:00,2022,May,B4_fold1,0.3,all,1,250.9679,16,6.37531732146
sar_scene,,,,,,,,,,,,,,,,,,,,,,,,fujairah_port_anchorage,2022-05-24 14:16:53+00:00,2000-05-24 00:00:00+00:00,2022,May,B4_fold1,0.3,all,1,325.3536,72,22.1297689652
sar_scene,,,,,,,,,,,,,,,,,,,,,,,,khor_fakkan_fujairah_adjacent_secondary_water,2022-05-24 14:16:53+00:00,2000-05-24 00:00:00+00:00,2022,May,B4_fold1,0.3,all,1,243.9654,37,15.1660850268
sar_scene,,,,,,,,,,,,,,,,,,,,,,,,bandar_abbas_port_approach,2022-05-24 14:17:18+00:00,2000-05-24 00:00:00+00:00,2022,May,B4_fold1,0.3,all,1,305.8124,45,14.7149036468
sar_scene,,,,,,,,,,,,,,,,,,,,,,,,strait_of_hormuz_transit_gate,2022-05-24 14:17:18+00:00,2000-05-24 00:00:00+00:00,2022,May,B4_fold1,0.3,all,1,186.2397,1,0.536942445676
sar_scene,,,,,,,,,,,,,,,,,,,,,,,,fujairah_port_anchorage,2022-05-27 02:07:21+00:00,2000-05-27 00:00:00+00:00,2022,May,B4_fold1,0.3,all,1,325.3536,79,24.2812742813
sar_scene,,,,,,,,,,,,,,,,,,,,,,,,khor_fakkan_fujairah_adjacent_secondary_water,2022-05-27 02:07:21+00:00,2000-05-27 00:00:00+00:00,2022,May,B4_fold1,0.3,all,1,243.9654,37,15.1660850268
sar_scene,,,,,,,,,,,,,,,,,,,,,,,,sohar_port_anchorage,2022-05-27 02:07:46+00:00,2000-05-27 00:00:00+00:00,2022,May,B4_fold1,0.3,all,1,250.9679,18,7.17223198664
sar_scene,,,,,,,,,,,,,,,,,,,,,,,,jebel_ali_port_waiting_area,2022-05-29 14:25:05+00:00,2000-05-29 00:00:00+00:00,2022,May,B4_fold1,0.3,all,1,250.5412,6,2.39481570297
sar_scene,,,,,,,,,,,,,,,,,,,,,,,,bandar_abbas_port_approach,2022-06-01 02:15:20+00:00,2000-06-01 00:00:00+00:00,2022,June,B4_fold1,0.3,all,0.99923024704,305.577,51,16.6897377748
sar_scene,,,,,,,,,,,,,,,,,,,,,,,,strait_of_hormuz_transit_gate,2022-06-01 02:15:20+00:00,2000-06-01 00:00:00+00:00,2022,June,B4_fold1,0.3,all,1,186.2397,3,1.61082733703
sar_scene,,,,,,,,,,,,,,,,,,,,,,,,fujairah_port_anchorage,2022-06-01 02:15:45+00:00,2000-06-01 00:00:00+00:00,2022,June,B4_fold1,0.3,all,0.975691063508,317.4446,82,25.8312789066
sar_scene,,,,,,,,,,,,,,,,,,,,,,,,jebel_ali_port_waiting_area,2022-06-01 02:15:45+00:00,2000-06-01 00:00:00+00:00,2022,June,B4_fold1,0.3,all,1,250.5412,5,1.99567975247
sar_scene,,,,,,,,,,,,,,,,,,,,,,,,khor_fakkan_fujairah_adjacent_secondary_water,2022-06-01 02:15:45+00:00,2000-06-01 00:00:00+00:00,2022,June,B4_fold1,0.3,all,0.987203513285,240.8435,38,15.7778806569
sar_scene,,,,,,,,,,,,,,,,,,,,,,,,sohar_port_anchorage,2022-06-05 14:16:29+00:00,2000-06-05 00:00:00+00:00,2022,June,B4_fold1,0.3,all,1,250.9679,22,8.76606131701
sar_scene,,,,,,,,,,,,,,,,,,,,,,,,fujairah_port_anchorage,2022-06-05 14:16:54+00:00,2000-06-05 00:00:00+00:00,2022,June,B4_fold1,0.3,all,1,325.3536,98,30.1210744249
sar_scene,,,,,,,,,,,,,,,,,,,,,,,,khor_fakkan_fujairah_adjacent_secondary_water,2022-06-05 14:16:54+00:00,2000-06-05 00:00:00+00:00,2022,June,B4_fold1,0.3,all,1,243.9654,35,14.346296647
sar_scene,,,,,,,,,,,,,,,,,,,,,,,,bandar_abbas_port_approach,2022-06-05 14:17:19+00:00,2000-06-05 00:00:00+00:00,2022,June,B4_fold1,0.3,all,1,305.8124,53,17.3308865174
sar_scene,,,,,,,,,,,,,,,,,,,,,,,,strait_of_hormuz_transit_gate,2022-06-05 14:17:19+00:00,2000-06-05 00:00:00+00:00,2022,June,B4_fold1,0.3,all,1,186.2397,1,0.536942445676
sar_scene,,,,,,,,,,,,,,,,,,,,,,,,fujairah_port_anchorage,2022-06-08 02:07:22+00:00,2000-06-08 00:00:00+00:00,2022,June,B4_fold1,0.3,all,1,325.3536,89,27.3548533042
sar_scene,,,,,,,,,,,,,,,,,,,,,,,,khor_fakkan_fujairah_adjacent_secondary_water,2022-06-08 02:07:22+00:00,2000-06-08 00:00:00+00:00,2022,June,B4_fold1,0.3,all,1,243.9654,35,14.346296647
sar_scene,,,,,,,,,,,,,,,,,,,,,,,,sohar_port_anchorage,2022-06-08 02:07:47+00:00,2000-06-08 00:00:00+00:00,2022,June,B4_fold1,0.3,all,1,250.9679,25,9.96143331478
sar_scene,,,,,,,,,,,,,,,,,,,,,,,,jebel_ali_port_waiting_area,2022-06-10 14:25:06+00:00,2000-06-10 00:00:00+00:00,2022,June,B4_fold1,0.3,all,1,250.5412,6,2.39481570297
sar_scene,,,,,,,,,,,,,,,,,,,,,,,,bandar_abbas_port_approach,2022-06-13 02:15:20+00:00,2000-06-13 00:00:00+00:00,2022,June,B4_fold1,0.3,all,0.999206049199,305.5696,55,17.9991726926
sar_scene,,,,,,,,,,,,,,,,,,,,,,,,strait_of_hormuz_transit_gate,2022-06-13 02:15:20+00:00,2000-06-13 00:00:00+00:00,2022,June,B4_fold1,0.3,all,1,186.2397,2,1.07388489135
sar_scene,,,,,,,,,,,,,,,,,,,,,,,,fujairah_port_anchorage,2022-06-13 02:15:45+00:00,2000-06-13 00:00:00+00:00,2022,June,B4_fold1,0.3,all,0.975062823955,317.2402,84,26.4783593
sar_scene,,,,,,,,,,,,,,,,,,,,,,,,jebel_ali_port_waiting_area,2022-06-13 02:15:45+00:00,2000-06-13 00:00:00+00:00,2022,June,B4_fold1,0.3,all,1,250.5412,6,2.39481570297
sar_scene,,,,,,,,,,,,,,,,,,,,,,,,khor_fakkan_fujairah_adjacent_secondary_water,2022-06-13 02:15:45+00:00,2000-06-13 00:00:00+00:00,2022,June,B4_fold1,0.3,all,0.987174820692,240.8365,26,10.7957058004
sar_scene,,,,,,,,,,,,,,,,,,,,,,,,sohar_port_anchorage,2022-06-17 14:16:30+00:00,2000-06-17 00:00:00+00:00,2022,June,B4_fold1,0.3,all,1,250.9679,18,7.17223198664
sar_scene,,,,,,,,,,,,,,,,,,,,,,,,fujairah_port_anchorage,2022-06-17 14:16:55+00:00,2000-06-17 00:00:00+00:00,2022,June,B4_fold1,0.3,all,1,325.3536,89,27.3548533042
sar_scene,,,,,,,,,,,,,,,,,,,,,,,,khor_fakkan_fujairah_adjacent_secondary_water,2022-06-17 14:16:55+00:00,2000-06-17 00:00:00+00:00,2022,June,B4_fold1,0.3,all,1,243.9654,22,9.0176721781
sar_scene,,,,,,,,,,,,,,,,,,,,,,,,bandar_abbas_port_approach,2022-06-17 14:17:20+00:00,2000-06-17 00:00:00+00:00,2022,June,B4_fold1,0.3,all,1,305.8124,49,16.0228950821
sar_scene,,,,,,,,,,,,,,,,,,,,,,,,strait_of_hormuz_transit_gate,2022-06-17 14:17:20+00:00,2000-06-17 00:00:00+00:00,2022,June,B4_fold1,0.3,all,1,186.2397,2,1.07388489135
sar_scene,,,,,,,,,,,,,,,,,,,,,,,,fujairah_port_anchorage,2022-06-20 02:07:23+00:00,2000-06-20 00:00:00+00:00,2022,June,B4_fold1,0.3,all,1,325.3536,89,27.3548533042
sar_scene,,,,,,,,,,,,,,,,,,,,,,,,khor_fakkan_fujairah_adjacent_secondary_water,2022-06-20 02:07:23+00:00,2000-06-20 00:00:00+00:00,2022,June,B4_fold1,0.3,all,1,243.9654,18,7.37809541845
sar_scene,,,,,,,,,,,,,,,,,,,,,,,,sohar_port_anchorage,2022-06-20 02:07:48+00:00,2000-06-20 00:00:00+00:00,2022,June,B4_fold1,0.3,all,1,250.9679,20,7.96914665182
sar_scene,,,,,,,,,,,,,,,,,,,,,,,,jebel_ali_port_waiting_area,2022-06-22 14:25:07+00:00,2000-06-22 00:00:00+00:00,2022,June,B4_fold1,0.3,all,1,250.5412,8,3.19308760395
sar_scene,,,,,,,,,,,,,,,,,,,,,,,,bandar_abbas_port_approach,2022-06-25 02:15:21+00:00,2000-06-25 00:00:00+00:00,2022,June,B4_fold1,0.3,all,0.999136725653,305.5484,52,17.0185803624
sar_scene,,,,,,,,,,,,,,,,,,,,,,,,strait_of_hormuz_transit_gate,2022-06-25 02:15:21+00:00,2000-06-25 00:00:00+00:00,2022,June,B4_fold1,0.3,all,1,186.2397,1,0.536942445676
sar_scene,,,,,,,,,,,,,,,,,,,,,,,,fujairah_port_anchorage,2022-06-25 02:15:46+00:00,2000-06-25 00:00:00+00:00,2022,June,B4_fold1,0.3,all,0.974245866651,316.9744,83,26.1850799307
sar_scene,,,,,,,,,,,,,,,,,,,,,,,,jebel_ali_port_waiting_area,2022-06-25 02:15:46+00:00,2000-06-25 00:00:00+00:00,2022,June,B4_fold1,0.3,all,1,250.5412,8,3.19308760395
sar_scene,,,,,,,,,,,,,,,,,,,,,,,,khor_fakkan_fujairah_adjacent_secondary_water,2022-06-25 02:15:46+00:00,2000-06-25 00:00:00+00:00,2022,June,B4_fold1,0.3,all,0.987095301219,240.8171,20,8.30505807104
sar_scene,,,,,,,,,,,,,,,,,,,,,,,,sohar_port_anchorage,2022-06-29 14:16:30+00:00,2000-06-29 00:00:00+00:00,2022,June,B4_fold1,0.3,all,1,250.9679,29,11.5552626451
sar_scene,,,,,,,,,,,,,,,,,,,,,,,,fujairah_port_anchorage,2022-06-29 14:16:55+00:00,2000-06-29 00:00:00+00:00,2022,June,B4_fold1,0.3,all,1,325.3536,67,20.5929794537
sar_scene,,,,,,,,,,,,,,,,,,,,,,,,khor_fakkan_fujairah_adjacent_secondary_water,2022-06-29 14:16:55+00:00,2000-06-29 00:00:00+00:00,2022,June,B4_fold1,0.3,all,1,243.9654,27,11.0671431277
sar_scene,,,,,,,,,,,,,,,,,,,,,,,,bandar_abbas_port_approach,2022-06-29 14:17:20+00:00,2000-06-29 00:00:00+00:00,2022,June,B4_fold1,0.3,all,1,305.8124,46,15.0419015056
sar_scene,,,,,,,,,,,,,,,,,,,,,,,,strait_of_hormuz_transit_gate,2022-06-29 14:17:20+00:00,2000-06-29 00:00:00+00:00,2022,June,B4_fold1,0.3,all,1,186.2397,1,0.536942445676
sar_scene,,,,,,,,,,,,,,,,,,,,,,,,bandar_abbas_port_approach,2023-01-03 02:15:24+00:00,2000-01-03 00:00:00+00:00,2023,long_baseline,B4_fold1,0.3,all,0.999436909687,305.6402,55,17.9950150536
sar_scene,,,,,,,,,,,,,,,,,,,,,,,,strait_of_hormuz_transit_gate,2023-01-03 02:15:24+00:00,2000-01-03 00:00:00+00:00,2023,long_baseline,B4_fold1,0.3,all,1,186.2397,0,0
sar_scene,,,,,,,,,,,,,,,,,,,,,,,,fujairah_port_anchorage,2023-01-03 02:15:49+00:00,2000-01-03 00:00:00+00:00,2023,long_baseline,B4_fold1,0.3,all,0.978960429514,318.5083,70,21.9774492533
sar_scene,,,,,,,,,,,,,,,,,,,,,,,,jebel_ali_port_waiting_area,2023-01-03 02:15:49+00:00,2000-01-03 00:00:00+00:00,2023,long_baseline,B4_fold1,0.3,all,1,250.5412,11,4.39049545544
sar_scene,,,,,,,,,,,,,,,,,,,,,,,,khor_fakkan_fujairah_adjacent_secondary_water,2023-01-03 02:15:49+00:00,2000-01-03 00:00:00+00:00,2023,long_baseline,B4_fold1,0.3,all,0.987847866952,241.0007,36,14.9377159485
sar_scene,,,,,,,,,,,,,,,,,,,,,,,,sohar_port_anchorage,2023-01-07 14:16:32+00:00,2000-01-07 00:00:00+00:00,2023,long_baseline,B4_fold1,0.3,all,1,250.9679,15,5.97685998887
sar_scene,,,,,,,,,,,,,,,,,,,,,,,,fujairah_port_anchorage,2023-01-07 14:16:57+00:00,2000-01-07 00:00:00+00:00,2023,long_baseline,B4_fold1,0.3,all,1,325.3536,71,21.8224110629
sar_scene,,,,,,,,,,,,,,,,,,,,,,,,khor_fakkan_fujairah_adjacent_secondary_water,2023-01-07 14:16:57+00:00,2000-01-07 00:00:00+00:00,2023,long_baseline,B4_fold1,0.3,all,1,243.9654,36,14.7561908369
sar_scene,,,,,,,,,,,,,,,,,,,,,,,,bandar_abbas_port_approach,2023-01-07 14:17:22+00:00,2000-01-07 00:00:00+00:00,2023,long_baseline,B4_fold1,0.3,all,1,305.8124,63,20.6008651055
sar_scene,,,,,,,,,,,,,,,,,,,,,,,,strait_of_hormuz_transit_gate,2023-01-07 14:17:22+00:00,2000-01-07 00:00:00+00:00,2023,long_baseline,B4_fold1,0.3,all,1,186.2397,1,0.536942445676
sar_scene,,,,,,,,,,,,,,,,,,,,,,,,fujairah_port_anchorage,2023-01-10 02:07:25+00:00,2000-01-10 00:00:00+00:00,2023,long_baseline,B4_fold1,0.3,all,1,325.3536,71,21.8224110629
sar_scene,,,,,,,,,,,,,,,,,,,,,,,,khor_fakkan_fujairah_adjacent_secondary_water,2023-01-10 02:07:25+00:00,2000-01-10 00:00:00+00:00,2023,long_baseline,B4_fold1,0.3,all,1,243.9654,51,20.9046036856
sar_scene,,,,,,,,,,,,,,,,,,,,,,,,sohar_port_anchorage,2023-01-10 02:07:50+00:00,2000-01-10 00:00:00+00:00,2023,long_baseline,B4_fold1,0.3,all,1,250.9679,22,8.76606131701
sar_scene,,,,,,,,,,,,,,,,,,,,,,,,jebel_ali_port_waiting_area,2023-01-12 14:25:08+00:00,2000-01-12 00:00:00+00:00,2023,long_baseline,B4_fold1,0.3,all,1,250.5412,5,1.99567975247
sar_scene,,,,,,,,,,,,,,,,,,,,,,,,bandar_abbas_port_approach,2023-01-15 02:15:23+00:00,2000-01-15 00:00:00+00:00,2023,long_baseline,B4_fold1,0.3,all,0.999568689824,305.6805,63,20.6097543023
sar_scene,,,,,,,,,,,,,,,,,,,,,,,,strait_of_hormuz_transit_gate,2023-01-15 02:15:23+00:00,2000-01-15 00:00:00+00:00,2023,long_baseline,B4_fold1,0.3,all,1,186.2397,0,0
sar_scene,,,,,,,,,,,,,,,,,,,,,,,,fujairah_port_anchorage,2023-01-15 02:15:48+00:00,2000-01-15 00:00:00+00:00,2023,long_baseline,B4_fold1,0.3,all,0.983865861635,320.1043,63,19.6810851963
sar_scene,,,,,,,,,,,,,,,,,,,,,,,,jebel_ali_port_waiting_area,2023-01-15 02:15:48+00:00,2000-01-15 00:00:00+00:00,2023,long_baseline,B4_fold1,0.3,all,1,250.5412,2,0.798271900989
sar_scene,,,,,,,,,,,,,,,,,,,,,,,,khor_fakkan_fujairah_adjacent_secondary_water,2023-01-15 02:15:48+00:00,2000-01-15 00:00:00+00:00,2023,long_baseline,B4_fold1,0.3,all,0.988555754218,241.1734,38,15.7562981656
sar_scene,,,,,,,,,,,,,,,,,,,,,,,,sohar_port_anchorage,2023-01-19 14:16:31+00:00,2000-01-19 00:00:00+00:00,2023,long_baseline,B4_fold1,0.3,all,1,250.9679,23,9.1645186496
sar_scene,,,,,,,,,,,,,,,,,,,,,,,,fujairah_port_anchorage,2023-01-19 14:16:56+00:00,2000-01-19 00:00:00+00:00,2023,long_baseline,B4_fold1,0.3,all,1,325.3536,65,19.9782636491
sar_scene,,,,,,,,,,,,,,,,,,,,,,,,khor_fakkan_fujairah_adjacent_secondary_water,2023-01-19 14:16:56+00:00,2000-01-19 00:00:00+00:00,2023,long_baseline,B4_fold1,0.3,all,1,243.9654,29,11.8869315075
sar_scene,,,,,,,,,,,,,,,,,,,,,,,,bandar_abbas_port_approach,2023-01-19 14:17:21+00:00,2000-01-19 00:00:00+00:00,2023,long_baseline,B4_fold1,0.3,all,1,305.8124,78,25.5058329878
sar_scene,,,,,,,,,,,,,,,,,,,,,,,,strait_of_hormuz_transit_gate,2023-01-19 14:17:21+00:00,2000-01-19 00:00:00+00:00,2023,long_baseline,B4_fold1,0.3,all,1,186.2397,1,0.536942445676
sar_scene,,,,,,,,,,,,,,,,,,,,,,,,fujairah_port_anchorage,2023-01-22 02:07:25+00:00,2000-01-22 00:00:00+00:00,2023,long_baseline,B4_fold1,0.3,all,1,325.3536,77,23.6665584767
sar_scene,,,,,,,,,,,,,,,,,,,,,,,,khor_fakkan_fujairah_adjacent_secondary_water,2023-01-22 02:07:25+00:00,2000-01-22 00:00:00+00:00,2023,long_baseline,B4_fold1,0.3,all,1,243.9654,32,13.1166140772
sar_scene,,,,,,,,,,,,,,,,,,,,,,,,sohar_port_anchorage,2023-01-22 02:07:50+00:00,2000-01-22 00:00:00+00:00,2023,long_baseline,B4_fold1,0.3,all,1,250.9679,29,11.5552626451
sar_scene,,,,,,,,,,,,,,,,,,,,,,,,jebel_ali_port_waiting_area,2023-01-24 14:25:09+00:00,2000-01-24 00:00:00+00:00,2023,long_baseline,B4_fold1,0.3,all,1,250.5412,5,1.99567975247
sar_scene,,,,,,,,,,,,,,,,,,,,,,,,bandar_abbas_port_approach,2023-01-27 02:15:23+00:00,2000-01-27 00:00:00+00:00,2023,long_baseline,B4_fold1,0.3,all,0.999391783983,305.6264,61,19.9590087767
sar_scene,,,,,,,,,,,,,,,,,,,,,,,,strait_of_hormuz_transit_gate,2023-01-27 02:15:23+00:00,2000-01-27 00:00:00+00:00,2023,long_baseline,B4_fold1,0.3,all,1,186.2397,0,0
sar_scene,,,,,,,,,,,,,,,,,,,,,,,,fujairah_port_anchorage,2023-01-27 02:15:48+00:00,2000-01-27 00:00:00+00:00,2023,long_baseline,B4_fold1,0.3,all,0.977768495569,318.1205,43,13.5168906122
sar_scene,,,,,,,,,,,,,,,,,,,,,,,,jebel_ali_port_waiting_area,2023-01-27 02:15:48+00:00,2000-01-27 00:00:00+00:00,2023,long_baseline,B4_fold1,0.3,all,1,250.5412,2,0.798271900989
sar_scene,,,,,,,,,,,,,,,,,,,,,,,,khor_fakkan_fujairah_adjacent_secondary_water,2023-01-27 02:15:48+00:00,2000-01-27 00:00:00+00:00,2023,long_baseline,B4_fold1,0.3,all,0.987817534782,240.9933,32,13.2783774487
sar_scene,,,,,,,,,,,,,,,,,,,,,,,,sohar_port_anchorage,2023-01-31 14:16:31+00:00,2000-01-31 00:00:00+00:00,2023,long_baseline,B4_fold1,0.3,all,1,250.9679,26,10.3598906474
sar_scene,,,,,,,,,,,,,,,,,,,,,,,,fujairah_port_anchorage,2023-01-31 14:16:56+00:00,2000-01-31 00:00:00+00:00,2023,long_baseline,B4_fold1,0.3,all,1,325.3536,74,22.7444847698
sar_scene,,,,,,,,,,,,,,,,,,,,,,,,khor_fakkan_fujairah_adjacent_secondary_water,2023-01-31 14:16:56+00:00,2000-01-31 00:00:00+00:00,2023,long_baseline,B4_fold1,0.3,all,1,243.9654,44,18.0353443562
sar_scene,,,,,,,,,,,,,,,,,,,,,,,,bandar_abbas_port_approach,2023-01-31 14:17:21+00:00,2000-01-31 00:00:00+00:00,2023,long_baseline,B4_fold1,0.3,all,1,305.8124,64,20.9278629644
sar_scene,,,,,,,,,,,,,,,,,,,,,,,,strait_of_hormuz_transit_gate,2023-01-31 14:17:21+00:00,2000-01-31 00:00:00+00:00,2023,long_baseline,B4_fold1,0.3,all,1,186.2397,0,0
sar_scene,,,,,,,,,,,,,,,,,,,,,,,,fujairah_port_anchorage,2023-02-03 02:07:24+00:00,2000-02-03 00:00:00+00:00,2023,long_baseline,B4_fold1,0.3,all,1,325.3536,73,22.4371268675
sar_scene,,,,,,,,,,,,,,,,,,,,,,,,khor_fakkan_fujairah_adjacent_secondary_water,2023-02-03 02:07:24+00:00,2000-02-03 00:00:00+00:00,2023,long_baseline,B4_fold1,0.3,all,1,243.9654,36,14.7561908369
sar_scene,,,,,,,,,,,,,,,,,,,,,,,,sohar_port_anchorage,2023-02-03 02:07:49+00:00,2000-02-03 00:00:00+00:00,2023,long_baseline,B4_fold1,0.3,all,1,250.9679,19,7.57068931923
sar_scene,,,,,,,,,,,,,,,,,,,,,,,,jebel_ali_port_waiting_area,2023-02-05 14:25:08+00:00,2000-02-05 00:00:00+00:00,2023,long_baseline,B4_fold1,0.3,all,1,250.5412,8,3.19308760395
sar_scene,,,,,,,,,,,,,,,,,,,,,,,,bandar_abbas_port_approach,2023-02-08 02:15:22+00:00,2000-02-08 00:00:00+00:00,2023,long_baseline,B4_fold1,0.3,all,0.99939832394,305.6284,56,18.3229045468
sar_scene,,,,,,,,,,,,,,,,,,,,,,,,strait_of_hormuz_transit_gate,2023-02-08 02:15:22+00:00,2000-02-08 00:00:00+00:00,2023,long_baseline,B4_fold1,0.3,all,1,186.2397,1,0.536942445676
sar_scene,,,,,,,,,,,,,,,,,,,,,,,,fujairah_port_anchorage,2023-02-08 02:15:47+00:00,2000-02-08 00:00:00+00:00,2023,long_baseline,B4_fold1,0.3,all,0.979795520935,318.78,52,16.3121902252
sar_scene,,,,,,,,,,,,,,,,,,,,,,,,jebel_ali_port_waiting_area,2023-02-08 02:15:47+00:00,2000-02-08 00:00:00+00:00,2023,long_baseline,B4_fold1,0.3,all,1,250.5412,10,3.99135950494
sar_scene,,,,,,,,,,,,,,,,,,,,,,,,khor_fakkan_fujairah_adjacent_secondary_water,2023-02-08 02:15:47+00:00,2000-02-08 00:00:00+00:00,2023,long_baseline,B4_fold1,0.3,all,0.987885577217,241.0099,33,13.6923835909
sar_scene,,,,,,,,,,,,,,,,,,,,,,,,sohar_port_anchorage,2023-02-12 14:16:31+00:00,2000-02-12 00:00:00+00:00,2023,long_baseline,B4_fold1,0.3,all,1,250.9679,23,9.1645186496
sar_scene,,,,,,,,,,,,,,,,,,,,,,,,fujairah_port_anchorage,2023-02-12 14:16:56+00:00,2000-02-12 00:00:00+00:00,2023,long_baseline,B4_fold1,0.3,all,1,325.3536,58,17.8267583331
sar_scene,,,,,,,,,,,,,,,,,,,,,,,,khor_fakkan_fujairah_adjacent_secondary_water,2023-02-12 14:16:56+00:00,2000-02-12 00:00:00+00:00,2023,long_baseline,B4_fold1,0.3,all,1,243.9654,52,21.3144978755
sar_scene,,,,,,,,,,,,,,,,,,,,,,,,bandar_abbas_port_approach,2023-02-12 14:17:21+00:00,2000-02-12 00:00:00+00:00,2023,long_baseline,B4_fold1,0.3,all,1,305.8124,49,16.0228950821
sar_scene,,,,,,,,,,,,,,,,,,,,,,,,strait_of_hormuz_transit_gate,2023-02-12 14:17:21+00:00,2000-02-12 00:00:00+00:00,2023,long_baseline,B4_fold1,0.3,all,1,186.2397,1,0.536942445676
sar_scene,,,,,,,,,,,,,,,,,,,,,,,,fujairah_port_anchorage,2023-02-15 02:07:24+00:00,2000-02-15 00:00:00+00:00,2023,long_baseline,B4_fold1,0.3,all,1,325.3536,63,19.3635478446
sar_scene,,,,,,,,,,,,,,,,,,,,,,,,khor_fakkan_fujairah_adjacent_secondary_water,2023-02-15 02:07:24+00:00,2000-02-15 00:00:00+00:00,2023,long_baseline,B4_fold1,0.3,all,1,243.9654,43,17.6254501663
sar_scene,,,,,,,,,,,,,,,,,,,,,,,,sohar_port_anchorage,2023-02-15 02:07:49+00:00,2000-02-15 00:00:00+00:00,2023,long_baseline,B4_fold1,0.3,all,1,250.9679,21,8.36760398441
sar_scene,,,,,,,,,,,,,,,,,,,,,,,,jebel_ali_port_waiting_area,2023-02-17 14:25:08+00:00,2000-02-17 00:00:00+00:00,2023,long_baseline,B4_fold1,0.3,all,1,250.5412,9,3.59222355445
sar_scene,,,,,,,,,,,,,,,,,,,,,,,,bandar_abbas_port_approach,2023-02-20 02:15:22+00:00,2000-02-20 00:00:00+00:00,2023,long_baseline,B4_fold1,0.3,all,0.999350582252,305.6138,65,21.2686730769
sar_scene,,,,,,,,,,,,,,,,,,,,,,,,strait_of_hormuz_transit_gate,2023-02-20 02:15:22+00:00,2000-02-20 00:00:00+00:00,2023,long_baseline,B4_fold1,0.3,all,1,186.2397,3,1.61082733703
sar_scene,,,,,,,,,,,,,,,,,,,,,,,,fujairah_port_anchorage,2023-02-20 02:15:47+00:00,2000-02-20 00:00:00+00:00,2023,long_baseline,B4_fold1,0.3,all,0.978156381242,318.2467,70,21.9955148003
sar_scene,,,,,,,,,,,,,,,,,,,,,,,,jebel_ali_port_waiting_area,2023-02-20 02:15:47+00:00,2000-02-20 00:00:00+00:00,2023,long_baseline,B4_fold1,0.3,all,1,250.5412,2,0.798271900989
sar_scene,,,,,,,,,,,,,,,,,,,,,,,,khor_fakkan_fujairah_adjacent_secondary_water,2023-02-20 02:15:47+00:00,2000-02-20 00:00:00+00:00,2023,long_baseline,B4_fold1,0.3,all,0.987866722084,241.0053,30,12.4478590305
sar_scene,,,,,,,,,,,,,,,,,,,,,,,,sohar_port_anchorage,2023-02-24 14:16:31+00:00,2000-02-24 00:00:00+00:00,2023,long_baseline,B4_fold1,0.3,all,1,250.9679,23,9.1645186496
sar_scene,,,,,,,,,,,,,,,,,,,,,,,,fujairah_port_anchorage,2023-02-24 14:16:56+00:00,2000-02-24 00:00:00+00:00,2023,long_baseline,B4_fold1,0.3,all,1,325.3536,69,21.2076952583
sar_scene,,,,,,,,,,,,,,,,,,,,,,,,khor_fakkan_fujairah_adjacent_secondary_water,2023-02-24 14:16:56+00:00,2000-02-24 00:00:00+00:00,2023,long_baseline,B4_fold1,0.3,all,1,243.9654,43,17.6254501663
sar_scene,,,,,,,,,,,,,,,,,,,,,,,,bandar_abbas_port_approach,2023-02-24 14:17:21+00:00,2000-02-24 00:00:00+00:00,2023,long_baseline,B4_fold1,0.3,all,1,305.8124,58,18.9658758114
sar_scene,,,,,,,,,,,,,,,,,,,,,,,,strait_of_hormuz_transit_gate,2023-02-24 14:17:21+00:00,2000-02-24 00:00:00+00:00,2023,long_baseline,B4_fold1,0.3,all,1,186.2397,1,0.536942445676
sar_scene,,,,,,,,,,,,,,,,,,,,,,,,fujairah_port_anchorage,2023-02-27 02:07:24+00:00,2000-02-27 00:00:00+00:00,2023,long_baseline,B4_fold1,0.3,all,1,325.3536,65,19.9782636491
sar_scene,,,,,,,,,,,,,,,,,,,,,,,,khor_fakkan_fujairah_adjacent_secondary_water,2023-02-27 02:07:24+00:00,2000-02-27 00:00:00+00:00,2023,long_baseline,B4_fold1,0.3,all,1,243.9654,36,14.7561908369
sar_scene,,,,,,,,,,,,,,,,,,,,,,,,sohar_port_anchorage,2023-02-27 02:07:49+00:00,2000-02-27 00:00:00+00:00,2023,long_baseline,B4_fold1,0.3,all,1,250.9679,23,9.1645186496
sar_scene,,,,,,,,,,,,,,,,,,,,,,,,jebel_ali_port_waiting_area,2023-03-01 14:25:08+00:00,2000-03-01 00:00:00+00:00,2023,early,B4_fold1,0.3,all,1,250.5412,3,1.19740785148
sar_scene,,,,,,,,,,,,,,,,,,,,,,,,bandar_abbas_port_approach,2023-03-04 02:15:22+00:00,2000-03-04 00:00:00+00:00,2023,early,B4_fold1,0.3,all,0.999188064317,305.5641,44,14.3995973349
sar_scene,,,,,,,,,,,,,,,,,,,,,,,,strait_of_hormuz_transit_gate,2023-03-04 02:15:22+00:00,2000-03-04 00:00:00+00:00,2023,early,B4_fold1,0.3,all,1,186.2397,2,1.07388489135
sar_scene,,,,,,,,,,,,,,,,,,,,,,,,fujairah_port_anchorage,2023-03-04 02:15:47+00:00,2000-03-04 00:00:00+00:00,2023,early,B4_fold1,0.3,all,0.972713687508,316.4759,59,18.6428097685
sar_scene,,,,,,,,,,,,,,,,,,,,,,,,jebel_ali_port_waiting_area,2023-03-04 02:15:47+00:00,2000-03-04 00:00:00+00:00,2023,early,B4_fold1,0.3,all,1,250.5412,9,3.59222355445
sar_scene,,,,,,,,,,,,,,,,,,,,,,,,khor_fakkan_fujairah_adjacent_secondary_water,2023-03-04 02:15:47+00:00,2000-03-04 00:00:00+00:00,2023,early,B4_fold1,0.3,all,0.9870543118,240.8071,33,13.7039148763
sar_scene,,,,,,,,,,,,,,,,,,,,,,,,sohar_port_anchorage,2023-03-08 14:16:30+00:00,2000-03-08 00:00:00+00:00,2023,early,B4_fold1,0.3,all,1,250.9679,14,5.57840265628
sar_scene,,,,,,,,,,,,,,,,,,,,,,,,fujairah_port_anchorage,2023-03-08 14:16:55+00:00,2000-03-08 00:00:00+00:00,2023,early,B4_fold1,0.3,all,1,325.3536,80,24.5886321836
sar_scene,,,,,,,,,,,,,,,,,,,,,,,,khor_fakkan_fujairah_adjacent_secondary_water,2023-03-08 14:16:55+00:00,2000-03-08 00:00:00+00:00,2023,early,B4_fold1,0.3,all,1,243.9654,42,17.2155559764
sar_scene,,,,,,,,,,,,,,,,,,,,,,,,bandar_abbas_port_approach,2023-03-08 14:17:20+00:00,2000-03-08 00:00:00+00:00,2023,early,B4_fold1,0.3,all,1,305.8124,51,16.6768907997
sar_scene,,,,,,,,,,,,,,,,,,,,,,,,strait_of_hormuz_transit_gate,2023-03-08 14:17:20+00:00,2000-03-08 00:00:00+00:00,2023,early,B4_fold1,0.3,all,1,186.2397,1,0.536942445676
sar_scene,,,,,,,,,,,,,,,,,,,,,,,,fujairah_port_anchorage,2023-03-11 02:07:24+00:00,2000-03-11 00:00:00+00:00,2023,early,B4_fold1,0.3,all,1,325.3536,67,20.5929794537
sar_scene,,,,,,,,,,,,,,,,,,,,,,,,khor_fakkan_fujairah_adjacent_secondary_water,2023-03-11 02:07:24+00:00,2000-03-11 00:00:00+00:00,2023,early,B4_fold1,0.3,all,1,243.9654,52,21.3144978755
sar_scene,,,,,,,,,,,,,,,,,,,,,,,,sohar_port_anchorage,2023-03-11 02:07:49+00:00,2000-03-11 00:00:00+00:00,2023,early,B4_fold1,0.3,all,1,250.9679,13,5.17994532368
sar_scene,,,,,,,,,,,,,,,,,,,,,,,,jebel_ali_port_waiting_area,2023-03-13 14:25:08+00:00,2000-03-13 00:00:00+00:00,2023,early,B4_fold1,0.3,all,1,250.5412,3,1.19740785148
sar_scene,,,,,,,,,,,,,,,,,,,,,,,,bandar_abbas_port_approach,2023-03-16 02:15:21+00:00,2000-03-16 00:00:00+00:00,2023,F1,B4_fold1,0.3,all,0.999582423734,305.6847,63,20.6094711315
sar_scene,,,,,,,,,,,,,,,,,,,,,,,,strait_of_hormuz_transit_gate,2023-03-16 02:15:21+00:00,2000-03-16 00:00:00+00:00,2023,F1,B4_fold1,0.3,all,1,186.2397,0,0
sar_scene,,,,,,,,,,,,,,,,,,,,,,,,fujairah_port_anchorage,2023-03-16 02:15:46+00:00,2000-03-16 00:00:00+00:00,2023,F1,B4_fold1,0.3,all,0.986606879408,320.9961,63,19.626406676
sar_scene,,,,,,,,,,,,,,,,,,,,,,,,jebel_ali_port_waiting_area,2023-03-16 02:15:46+00:00,2000-03-16 00:00:00+00:00,2023,F1,B4_fold1,0.3,all,1,250.5412,7,2.79395165346
sar_scene,,,,,,,,,,,,,,,,,,,,,,,,khor_fakkan_fujairah_adjacent_secondary_water,2023-03-16 02:15:46+00:00,2000-03-16 00:00:00+00:00,2023,F1,B4_fold1,0.3,all,0.988656588188,241.198,30,12.4379140789
sar_scene,,,,,,,,,,,,,,,,,,,,,,,,sohar_port_anchorage,2023-03-20 14:16:31+00:00,2000-03-20 00:00:00+00:00,2023,F1,B4_fold1,0.3,all,1,250.9679,18,7.17223198664
sar_scene,,,,,,,,,,,,,,,,,,,,,,,,fujairah_port_anchorage,2023-03-20 14:16:56+00:00,2000-03-20 00:00:00+00:00,2023,F1,B4_fold1,0.3,all,1,325.3536,67,20.5929794537
sar_scene,,,,,,,,,,,,,,,,,,,,,,,,khor_fakkan_fujairah_adjacent_secondary_water,2023-03-20 14:16:56+00:00,2000-03-20 00:00:00+00:00,2023,F1,B4_fold1,0.3,all,1,243.9654,44,18.0353443562
sar_scene,,,,,,,,,,,,,,,,,,,,,,,,bandar_abbas_port_approach,2023-03-20 14:17:21+00:00,2000-03-20 00:00:00+00:00,2023,F1,B4_fold1,0.3,all,1,305.8124,58,18.9658758114
sar_scene,,,,,,,,,,,,,,,,,,,,,,,,strait_of_hormuz_transit_gate,2023-03-20 14:17:21+00:00,2000-03-20 00:00:00+00:00,2023,F1,B4_fold1,0.3,all,1,186.2397,1,0.536942445676
sar_scene,,,,,,,,,,,,,,,,,,,,,,,,fujairah_port_anchorage,2023-03-23 02:07:24+00:00,2000-03-23 00:00:00+00:00,2023,F1,B4_fold1,0.3,all,1,325.3536,76,23.3592005744
sar_scene,,,,,,,,,,,,,,,,,,,,,,,,khor_fakkan_fujairah_adjacent_secondary_water,2023-03-23 02:07:24+00:00,2000-03-23 00:00:00+00:00,2023,F1,B4_fold1,0.3,all,1,243.9654,39,15.9858734066
sar_scene,,,,,,,,,,,,,,,,,,,,,,,,sohar_port_anchorage,2023-03-23 02:07:49+00:00,2000-03-23 00:00:00+00:00,2023,F1,B4_fold1,0.3,all,1,250.9679,18,7.17223198664
sar_scene,,,,,,,,,,,,,,,,,,,,,,,,jebel_ali_port_waiting_area,2023-03-25 14:25:08+00:00,2000-03-25 00:00:00+00:00,2023,F1,B4_fold1,0.3,all,1,250.5412,12,4.78963140593
sar_scene,,,,,,,,,,,,,,,,,,,,,,,,bandar_abbas_port_approach,2023-03-28 02:15:22+00:00,2000-03-28 00:00:00+00:00,2023,F1,B4_fold1,0.3,all,0.99926392782,305.5873,61,19.9615625388
sar_scene,,,,,,,,,,,,,,,,,,,,,,,,strait_of_hormuz_transit_gate,2023-03-28 02:15:22+00:00,2000-03-28 00:00:00+00:00,2023,F1,B4_fold1,0.3,all,1,186.2397,2,1.07388489135
sar_scene,,,,,,,,,,,,,,,,,,,,,,,,fujairah_port_anchorage,2023-03-28 02:15:47+00:00,2000-03-28 00:00:00+00:00,2023,F1,B4_fold1,0.3,all,0.97660053554,317.7405,46,14.4772227651
sar_scene,,,,,,,,,,,,,,,,,,,,,,,,jebel_ali_port_waiting_area,2023-03-28 02:15:47+00:00,2000-03-28 00:00:00+00:00,2023,F1,B4_fold1,0.3,all,1,250.5412,7,2.79395165346
sar_scene,,,,,,,,,,,,,,,,,,,,,,,,khor_fakkan_fujairah_adjacent_secondary_water,2023-03-28 02:15:47+00:00,2000-03-28 00:00:00+00:00,2023,F1,B4_fold1,0.3,all,0.987342057521,240.8773,35,14.5302193274
sar_scene,,,,,,,,,,,,,,,,,,,,,,,,sohar_port_anchorage,2023-04-01 14:16:31+00:00,2000-04-01 00:00:00+00:00,2023,F2,B4_fold1,0.3,all,1,250.9679,17,6.77377465405
sar_scene,,,,,,,,,,,,,,,,,,,,,,,,fujairah_port_anchorage,2023-04-01 14:16:56+00:00,2000-04-01 00:00:00+00:00,2023,F2,B4_fold1,0.3,all,1,325.3536,63,19.3635478446
sar_scene,,,,,,,,,,,,,,,,,,,,,,,,khor_fakkan_fujairah_adjacent_secondary_water,2023-04-01 14:16:56+00:00,2000-04-01 00:00:00+00:00,2023,F2,B4_fold1,0.3,all,1,243.9654,35,14.346296647
sar_scene,,,,,,,,,,,,,,,,,,,,,,,,bandar_abbas_port_approach,2023-04-01 14:17:21+00:00,2000-04-01 00:00:00+00:00,2023,F2,B4_fold1,0.3,all,1,305.8124,63,20.6008651055
sar_scene,,,,,,,,,,,,,,,,,,,,,,,,strait_of_hormuz_transit_gate,2023-04-01 14:17:21+00:00,2000-04-01 00:00:00+00:00,2023,F2,B4_fold1,0.3,all,1,186.2397,3,1.61082733703
sar_scene,,,,,,,,,,,,,,,,,,,,,,,,fujairah_port_anchorage,2023-04-04 02:07:24+00:00,2000-04-04 00:00:00+00:00,2023,F2,B4_fold1,0.3,all,1,325.3536,70,21.5150531606
sar_scene,,,,,,,,,,,,,,,,,,,,,,,,khor_fakkan_fujairah_adjacent_secondary_water,2023-04-04 02:07:24+00:00,2000-04-04 00:00:00+00:00,2023,F2,B4_fold1,0.3,all,1,243.9654,36,14.7561908369
sar_scene,,,,,,,,,,,,,,,,,,,,,,,,sohar_port_anchorage,2023-04-04 02:07:49+00:00,2000-04-04 00:00:00+00:00,2023,F2,B4_fold1,0.3,all,1,250.9679,20,7.96914665182
sar_scene,,,,,,,,,,,,,,,,,,,,,,,,jebel_ali_port_waiting_area,2023-04-06 14:25:08+00:00,2000-04-06 00:00:00+00:00,2023,F2,B4_fold1,0.3,all,1,250.5412,7,2.79395165346
sar_scene,,,,,,,,,,,,,,,,,,,,,,,,bandar_abbas_port_approach,2023-04-09 02:15:23+00:00,2000-04-09 00:00:00+00:00,2023,F2,B4_fold1,0.3,all,0.998967340762,305.4966,74,24.222855508
sar_scene,,,,,,,,,,,,,,,,,,,,,,,,strait_of_hormuz_transit_gate,2023-04-09 02:15:23+00:00,2000-04-09 00:00:00+00:00,2023,F2,B4_fold1,0.3,all,1,186.2397,3,1.61082733703
sar_scene,,,,,,,,,,,,,,,,,,,,,,,,fujairah_port_anchorage,2023-04-09 02:15:48+00:00,2000-04-09 00:00:00+00:00,2023,F2,B4_fold1,0.3,all,0.971817124507,316.1842,60,18.9762802822
sar_scene,,,,,,,,,,,,,,,,,,,,,,,,jebel_ali_port_waiting_area,2023-04-09 02:15:48+00:00,2000-04-09 00:00:00+00:00,2023,F2,B4_fold1,0.3,all,1,250.5412,7,2.79395165346
sar_scene,,,,,,,,,,,,,,,,,,,,,,,,khor_fakkan_fujairah_adjacent_secondary_water,2023-04-09 02:15:48+00:00,2000-04-09 00:00:00+00:00,2023,F2,B4_fold1,0.3,all,0.986880926558,240.7648,38,15.7830380521
sar_scene,,,,,,,,,,,,,,,,,,,,,,,,sohar_port_anchorage,2023-04-13 14:16:32+00:00,2000-04-13 00:00:00+00:00,2023,F3,B4_fold1,0.3,all,1,250.9679,14,5.57840265628
sar_scene,,,,,,,,,,,,,,,,,,,,,,,,fujairah_port_anchorage,2023-04-13 14:16:57+00:00,2000-04-13 00:00:00+00:00,2023,F3,B4_fold1,0.3,all,1,325.3536,88,27.0474954019
sar_scene,,,,,,,,,,,,,,,,,,,,,,,,khor_fakkan_fujairah_adjacent_secondary_water,2023-04-13 14:16:57+00:00,2000-04-13 00:00:00+00:00,2023,F3,B4_fold1,0.3,all,1,243.9654,41,16.8056617865
sar_scene,,,,,,,,,,,,,,,,,,,,,,,,bandar_abbas_port_approach,2023-04-13 14:17:22+00:00,2000-04-13 00:00:00+00:00,2023,F3,B4_fold1,0.3,all,1,305.8124,60,19.6198715291
sar_scene,,,,,,,,,,,,,,,,,,,,,,,,strait_of_hormuz_transit_gate,2023-04-13 14:17:22+00:00,2000-04-13 00:00:00+00:00,2023,F3,B4_fold1,0.3,all,1,186.2397,2,1.07388489135
sar_scene,,,,,,,,,,,,,,,,,,,,,,,,fujairah_port_anchorage,2023-04-16 02:07:25+00:00,2000-04-16 00:00:00+00:00,2023,F3,B4_fold1,0.3,all,1,325.3536,84,25.8180637927
sar_scene,,,,,,,,,,,,,,,,,,,,,,,,khor_fakkan_fujairah_adjacent_secondary_water,2023-04-16 02:07:25+00:00,2000-04-16 00:00:00+00:00,2023,F3,B4_fold1,0.3,all,1,243.9654,37,15.1660850268
sar_scene,,,,,,,,,,,,,,,,,,,,,,,,sohar_port_anchorage,2023-04-16 02:07:50+00:00,2000-04-16 00:00:00+00:00,2023,F3,B4_fold1,0.3,all,1,250.9679,22,8.76606131701
sar_scene,,,,,,,,,,,,,,,,,,,,,,,,jebel_ali_port_waiting_area,2023-04-18 14:25:08+00:00,2000-04-18 00:00:00+00:00,2023,F3,B4_fold1,0.3,all,1,250.5412,6,2.39481570297
sar_scene,,,,,,,,,,,,,,,,,,,,,,,,bandar_abbas_port_approach,2023-04-21 02:15:22+00:00,2000-04-21 00:00:00+00:00,2023,F3,B4_fold1,0.3,all,0.999400939923,305.6292,59,19.3044381885
sar_scene,,,,,,,,,,,,,,,,,,,,,,,,strait_of_hormuz_transit_gate,2023-04-21 02:15:22+00:00,2000-04-21 00:00:00+00:00,2023,F3,B4_fold1,0.3,all,1,186.2397,1,0.536942445676
sar_scene,,,,,,,,,,,,,,,,,,,,,,,,fujairah_port_anchorage,2023-04-21 02:15:47+00:00,2000-04-21 00:00:00+00:00,2023,F3,B4_fold1,0.3,all,0.981336306099,319.2813,57,17.8525958144
sar_scene,,,,,,,,,,,,,,,,,,,,,,,,jebel_ali_port_waiting_area,2023-04-21 02:15:47+00:00,2000-04-21 00:00:00+00:00,2023,F3,B4_fold1,0.3,all,1,250.5412,8,3.19308760395
sar_scene,,,,,,,,,,,,,,,,,,,,,,,,khor_fakkan_fujairah_adjacent_secondary_water,2023-04-21 02:15:47+00:00,2000-04-21 00:00:00+00:00,2023,F3,B4_fold1,0.3,all,0.987949930605,241.0256,32,13.2765980045
sar_scene,,,,,,,,,,,,,,,,,,,,,,,,sohar_port_anchorage,2023-04-25 14:16:32+00:00,2000-04-25 00:00:00+00:00,2023,F3,B4_fold1,0.3,all,1,250.9679,15,5.97685998887
sar_scene,,,,,,,,,,,,,,,,,,,,,,,,fujairah_port_anchorage,2023-04-25 14:16:57+00:00,2000-04-25 00:00:00+00:00,2023,F3,B4_fold1,0.3,all,1,325.3536,72,22.1297689652
sar_scene,,,,,,,,,,,,,,,,,,,,,,,,khor_fakkan_fujairah_adjacent_secondary_water,2023-04-25 14:16:57+00:00,2000-04-25 00:00:00+00:00,2023,F3,B4_fold1,0.3,all,1,243.9654,46,18.855132736
sar_scene,,,,,,,,,,,,,,,,,,,,,,,,bandar_abbas_port_approach,2023-04-25 14:17:22+00:00,2000-04-25 00:00:00+00:00,2023,F3,B4_fold1,0.3,all,1,305.8124,59,19.2928736703
sar_scene,,,,,,,,,,,,,,,,,,,,,,,,strait_of_hormuz_transit_gate,2023-04-25 14:17:22+00:00,2000-04-25 00:00:00+00:00,2023,F3,B4_fold1,0.3,all,1,186.2397,1,0.536942445676
sar_scene,,,,,,,,,,,,,,,,,,,,,,,,fujairah_port_anchorage,2023-04-28 02:07:25+00:00,2000-04-28 00:00:00+00:00,2023,F4_tail,B4_fold1,0.3,all,1,325.3536,83,25.5107058905
sar_scene,,,,,,,,,,,,,,,,,,,,,,,,khor_fakkan_fujairah_adjacent_secondary_water,2023-04-28 02:07:25+00:00,2000-04-28 00:00:00+00:00,2023,F4_tail,B4_fold1,0.3,all,1,243.9654,39,15.9858734066
sar_scene,,,,,,,,,,,,,,,,,,,,,,,,sohar_port_anchorage,2023-04-28 02:07:50+00:00,2000-04-28 00:00:00+00:00,2023,F4_tail,B4_fold1,0.3,all,1,250.9679,16,6.37531732146
sar_scene,,,,,,,,,,,,,,,,,,,,,,,,jebel_ali_port_waiting_area,2023-04-30 14:25:09+00:00,2000-04-30 00:00:00+00:00,2023,F4_tail,B4_fold1,0.3,all,1,250.5412,11,4.39049545544
sar_scene,,,,,,,,,,,,,,,,,,,,,,,,bandar_abbas_port_approach,2023-05-03 02:15:23+00:00,2000-05-03 00:00:00+00:00,2023,May,B4_fold1,0.3,all,0.999215532137,305.5725,56,18.3262564531
sar_scene,,,,,,,,,,,,,,,,,,,,,,,,strait_of_hormuz_transit_gate,2023-05-03 02:15:23+00:00,2000-05-03 00:00:00+00:00,2023,May,B4_fold1,0.3,all,1,186.2397,2,1.07388489135
sar_scene,,,,,,,,,,,,,,,,,,,,,,,,fujairah_port_anchorage,2023-05-03 02:15:48+00:00,2000-05-03 00:00:00+00:00,2023,May,B4_fold1,0.3,all,0.974802184454,317.1554,61,19.233473559
sar_scene,,,,,,,,,,,,,,,,,,,,,,,,jebel_ali_port_waiting_area,2023-05-03 02:15:48+00:00,2000-05-03 00:00:00+00:00,2023,May,B4_fold1,0.3,all,1,250.5412,15,5.98703925742
sar_scene,,,,,,,,,,,,,,,,,,,,,,,,khor_fakkan_fujairah_adjacent_secondary_water,2023-05-03 02:15:48+00:00,2000-05-03 00:00:00+00:00,2023,May,B4_fold1,0.3,all,0.987179329528,240.8376,40,16.6087022957
sar_scene,,,,,,,,,,,,,,,,,,,,,,,,sohar_port_anchorage,2023-05-07 14:16:33+00:00,2000-05-07 00:00:00+00:00,2023,May,B4_fold1,0.3,all,1,250.9679,11,4.3830306585
sar_scene,,,,,,,,,,,,,,,,,,,,,,,,fujairah_port_anchorage,2023-05-07 14:16:58+00:00,2000-05-07 00:00:00+00:00,2023,May,B4_fold1,0.3,all,1,325.3536,73,22.4371268675
sar_scene,,,,,,,,,,,,,,,,,,,,,,,,khor_fakkan_fujairah_adjacent_secondary_water,2023-05-07 14:16:58+00:00,2000-05-07 00:00:00+00:00,2023,May,B4_fold1,0.3,all,1,243.9654,49,20.0848153058
sar_scene,,,,,,,,,,,,,,,,,,,,,,,,bandar_abbas_port_approach,2023-05-07 14:17:23+00:00,2000-05-07 00:00:00+00:00,2023,May,B4_fold1,0.3,all,1,305.8124,55,17.984882235
sar_scene,,,,,,,,,,,,,,,,,,,,,,,,strait_of_hormuz_transit_gate,2023-05-07 14:17:23+00:00,2000-05-07 00:00:00+00:00,2023,May,B4_fold1,0.3,all,1,186.2397,0,0
sar_scene,,,,,,,,,,,,,,,,,,,,,,,,fujairah_port_anchorage,2023-05-10 02:07:26+00:00,2000-05-10 00:00:00+00:00,2023,May,B4_fold1,0.3,all,1,325.3536,71,21.8224110629
sar_scene,,,,,,,,,,,,,,,,,,,,,,,,khor_fakkan_fujairah_adjacent_secondary_water,2023-05-10 02:07:26+00:00,2000-05-10 00:00:00+00:00,2023,May,B4_fold1,0.3,all,1,243.9654,37,15.1660850268
sar_scene,,,,,,,,,,,,,,,,,,,,,,,,sohar_port_anchorage,2023-05-10 02:07:51+00:00,2000-05-10 00:00:00+00:00,2023,May,B4_fold1,0.3,all,1,250.9679,18,7.17223198664
sar_scene,,,,,,,,,,,,,,,,,,,,,,,,jebel_ali_port_waiting_area,2023-05-12 14:25:10+00:00,2000-05-12 00:00:00+00:00,2023,May,B4_fold1,0.3,all,1,250.5412,9,3.59222355445
sar_scene,,,,,,,,,,,,,,,,,,,,,,,,bandar_abbas_port_approach,2023-05-15 02:15:24+00:00,2000-05-15 00:00:00+00:00,2023,May,B4_fold1,0.3,all,0.999222072094,305.5745,57,18.6533889444
sar_scene,,,,,,,,,,,,,,,,,,,,,,,,strait_of_hormuz_transit_gate,2023-05-15 02:15:24+00:00,2000-05-15 00:00:00+00:00,2023,May,B4_fold1,0.3,all,1,186.2397,0,0
sar_scene,,,,,,,,,,,,,,,,,,,,,,,,fujairah_port_anchorage,2023-05-15 02:15:49+00:00,2000-05-15 00:00:00+00:00,2023,May,B4_fold1,0.3,all,0.974118313121,316.9329,78,24.6108876674
sar_scene,,,,,,,,,,,,,,,,,,,,,,,,jebel_ali_port_waiting_area,2023-05-15 02:15:49+00:00,2000-05-15 00:00:00+00:00,2023,May,B4_fold1,0.3,all,1,250.5412,8,3.19308760395
sar_scene,,,,,,,,,,,,,,,,,,,,,,,,khor_fakkan_fujairah_adjacent_secondary_water,2023-05-15 02:15:49+00:00,2000-05-15 00:00:00+00:00,2023,May,B4_fold1,0.3,all,0.987191216459,240.8405,41,17.0237148652
sar_scene,,,,,,,,,,,,,,,,,,,,,,,,sohar_port_anchorage,2023-05-19 14:16:33+00:00,2000-05-19 00:00:00+00:00,2023,May,B4_fold1,0.3,all,1,250.9679,12,4.78148799109
sar_scene,,,,,,,,,,,,,,,,,,,,,,,,fujairah_port_anchorage,2023-05-19 14:16:58+00:00,2000-05-19 00:00:00+00:00,2023,May,B4_fold1,0.3,all,1,325.3536,83,25.5107058905
sar_scene,,,,,,,,,,,,,,,,,,,,,,,,khor_fakkan_fujairah_adjacent_secondary_water,2023-05-19 14:16:58+00:00,2000-05-19 00:00:00+00:00,2023,May,B4_fold1,0.3,all,1,243.9654,30,12.2968256974
sar_scene,,,,,,,,,,,,,,,,,,,,,,,,bandar_abbas_port_approach,2023-05-19 14:17:23+00:00,2000-05-19 00:00:00+00:00,2023,May,B4_fold1,0.3,all,1,305.8124,50,16.3498929409
sar_scene,,,,,,,,,,,,,,,,,,,,,,,,strait_of_hormuz_transit_gate,2023-05-19 14:17:23+00:00,2000-05-19 00:00:00+00:00,2023,May,B4_fold1,0.3,all,1,186.2397,0,0
sar_scene,,,,,,,,,,,,,,,,,,,,,,,,strait_of_hormuz_transit_gate,2023-05-22 02:07:10+00:00,2000-05-22 00:00:00+00:00,2023,May,B4_fold1,0.3,all,1,186.2397,2,1.07388489135
sar_scene,,,,,,,,,,,,,,,,,,,,,,,,fujairah_port_anchorage,2023-05-22 02:07:35+00:00,2000-05-22 00:00:00+00:00,2023,May,B4_fold1,0.3,all,1,325.3536,69,21.2076952583
sar_scene,,,,,,,,,,,,,,,,,,,,,,,,khor_fakkan_fujairah_adjacent_secondary_water,2023-05-22 02:07:35+00:00,2000-05-22 00:00:00+00:00,2023,May,B4_fold1,0.3,all,1,243.9654,39,15.9858734066
sar_scene,,,,,,,,,,,,,,,,,,,,,,,,sohar_port_anchorage,2023-05-22 02:07:35+00:00,2000-05-22 00:00:00+00:00,2023,May,B4_fold1,0.3,all,1,250.9679,19,7.57068931923
sar_scene,,,,,,,,,,,,,,,,,,,,,,,,jebel_ali_port_waiting_area,2023-05-24 14:25:10+00:00,2000-05-24 00:00:00+00:00,2023,May,B4_fold1,0.3,all,1,250.5412,6,2.39481570297
sar_scene,,,,,,,,,,,,,,,,,,,,,,,,bandar_abbas_port_approach,2023-05-27 02:15:25+00:00,2000-05-27 00:00:00+00:00,2023,May,B4_fold1,0.3,all,0.99925019391,305.5831,64,20.9435665781
sar_scene,,,,,,,,,,,,,,,,,,,,,,,,strait_of_hormuz_transit_gate,2023-05-27 02:15:25+00:00,2000-05-27 00:00:00+00:00,2023,May,B4_fold1,0.3,all,1,186.2397,2,1.07388489135
sar_scene,,,,,,,,,,,,,,,,,,,,,,,,fujairah_port_anchorage,2023-05-27 02:15:50+00:00,2000-05-27 00:00:00+00:00,2023,May,B4_fold1,0.3,all,0.976614059288,317.7449,61,19.1977904287
sar_scene,,,,,,,,,,,,,,,,,,,,,,,,jebel_ali_port_waiting_area,2023-05-27 02:15:50+00:00,2000-05-27 00:00:00+00:00,2023,May,B4_fold1,0.3,all,1,250.5412,9,3.59222355445
sar_scene,,,,,,,,,,,,,,,,,,,,,,,,khor_fakkan_fujairah_adjacent_secondary_water,2023-05-27 02:15:50+00:00,2000-05-27 00:00:00+00:00,2023,May,B4_fold1,0.3,all,0.987356813712,240.8809,44,18.2662884438
sar_scene,,,,,,,,,,,,,,,,,,,,,,,,sohar_port_anchorage,2023-05-31 14:16:34+00:00,2000-05-31 00:00:00+00:00,2023,May,B4_fold1,0.3,all,1,250.9679,11,4.3830306585
sar_scene,,,,,,,,,,,,,,,,,,,,,,,,fujairah_port_anchorage,2023-05-31 14:16:59+00:00,2000-05-31 00:00:00+00:00,2023,May,B4_fold1,0.3,all,1,325.3536,69,21.2076952583
sar_scene,,,,,,,,,,,,,,,,,,,,,,,,khor_fakkan_fujairah_adjacent_secondary_water,2023-05-31 14:16:59+00:00,2000-05-31 00:00:00+00:00,2023,May,B4_fold1,0.3,all,1,243.9654,46,18.855132736
sar_scene,,,,,,,,,,,,,,,,,,,,,,,,bandar_abbas_port_approach,2023-05-31 14:17:24+00:00,2000-05-31 00:00:00+00:00,2023,May,B4_fold1,0.3,all,1,305.8124,53,17.3308865174
sar_scene,,,,,,,,,,,,,,,,,,,,,,,,strait_of_hormuz_transit_gate,2023-05-31 14:17:24+00:00,2000-05-31 00:00:00+00:00,2023,May,B4_fold1,0.3,all,1,186.2397,1,0.536942445676
sar_scene,,,,,,,,,,,,,,,,,,,,,,,,strait_of_hormuz_transit_gate,2023-06-03 02:07:10+00:00,2000-06-03 00:00:00+00:00,2023,June,B4_fold1,0.3,all,1,186.2397,4,2.1477697827
sar_scene,,,,,,,,,,,,,,,,,,,,,,,,fujairah_port_anchorage,2023-06-03 02:07:35+00:00,2000-06-03 00:00:00+00:00,2023,June,B4_fold1,0.3,all,1,325.3536,72,22.1297689652
sar_scene,,,,,,,,,,,,,,,,,,,,,,,,khor_fakkan_fujairah_adjacent_secondary_water,2023-06-03 02:07:35+00:00,2000-06-03 00:00:00+00:00,2023,June,B4_fold1,0.3,all,1,243.9654,40,16.3957675966
sar_scene,,,,,,,,,,,,,,,,,,,,,,,,sohar_port_anchorage,2023-06-03 02:07:35+00:00,2000-06-03 00:00:00+00:00,2023,June,B4_fold1,0.3,all,1,250.9679,19,7.57068931923
sar_scene,,,,,,,,,,,,,,,,,,,,,,,,jebel_ali_port_waiting_area,2023-06-05 14:25:11+00:00,2000-06-05 00:00:00+00:00,2023,June,B4_fold1,0.3,all,1,250.5412,14,5.58790330692
sar_scene,,,,,,,,,,,,,,,,,,,,,,,,bandar_abbas_port_approach,2023-06-08 02:15:25+00:00,2000-06-08 00:00:00+00:00,2023,June,B4_fold1,0.3,all,0.999457510552,305.6465,70,22.9022743594
sar_scene,,,,,,,,,,,,,,,,,,,,,,,,strait_of_hormuz_transit_gate,2023-06-08 02:15:25+00:00,2000-06-08 00:00:00+00:00,2023,June,B4_fold1,0.3,all,1,186.2397,0,0
sar_scene,,,,,,,,,,,,,,,,,,,,,,,,fujairah_port_anchorage,2023-06-08 02:15:50+00:00,2000-06-08 00:00:00+00:00,2023,June,B4_fold1,0.3,all,0.98470033834,320.3758,66,20.6008069274
sar_scene,,,,,,,,,,,,,,,,,,,,,,,,jebel_ali_port_waiting_area,2023-06-08 02:15:50+00:00,2000-06-08 00:00:00+00:00,2023,June,B4_fold1,0.3,all,1,250.5412,4,1.59654380198
sar_scene,,,,,,,,,,,,,,,,,,,,,,,,khor_fakkan_fujairah_adjacent_secondary_water,2023-06-08 02:15:50+00:00,2000-06-08 00:00:00+00:00,2023,June,B4_fold1,0.3,all,0.988141761086,241.0724,41,17.0073388741
sar_scene,,,,,,,,,,,,,,,,,,,,,,,,sohar_port_anchorage,2023-06-12 14:16:34+00:00,2000-06-12 00:00:00+00:00,2023,June,B4_fold1,0.3,all,1,250.9679,30,11.9537199777
sar_scene,,,,,,,,,,,,,,,,,,,,,,,,fujairah_port_anchorage,2023-06-12 14:16:59+00:00,2000-06-12 00:00:00+00:00,2023,June,B4_fold1,0.3,all,1,325.3536,76,23.3592005744
sar_scene,,,,,,,,,,,,,,,,,,,,,,,,khor_fakkan_fujairah_adjacent_secondary_water,2023-06-12 14:16:59+00:00,2000-06-12 00:00:00+00:00,2023,June,B4_fold1,0.3,all,1,243.9654,41,16.8056617865
sar_scene,,,,,,,,,,,,,,,,,,,,,,,,bandar_abbas_port_approach,2023-06-12 14:17:24+00:00,2000-06-12 00:00:00+00:00,2023,June,B4_fold1,0.3,all,1,305.8124,63,20.6008651055
sar_scene,,,,,,,,,,,,,,,,,,,,,,,,strait_of_hormuz_transit_gate,2023-06-12 14:17:24+00:00,2000-06-12 00:00:00+00:00,2023,June,B4_fold1,0.3,all,1,186.2397,1,0.536942445676
sar_scene,,,,,,,,,,,,,,,,,,,,,,,,strait_of_hormuz_transit_gate,2023-06-15 02:07:11+00:00,2000-06-15 00:00:00+00:00,2023,June,B4_fold1,0.3,all,1,186.2397,1,0.536942445676
sar_scene,,,,,,,,,,,,,,,,,,,,,,,,fujairah_port_anchorage,2023-06-15 02:07:36+00:00,2000-06-15 00:00:00+00:00,2023,June,B4_fold1,0.3,all,1,325.3536,75,23.0518426721
sar_scene,,,,,,,,,,,,,,,,,,,,,,,,khor_fakkan_fujairah_adjacent_secondary_water,2023-06-15 02:07:36+00:00,2000-06-15 00:00:00+00:00,2023,June,B4_fold1,0.3,all,1,243.9654,48,19.6749211159
sar_scene,,,,,,,,,,,,,,,,,,,,,,,,sohar_port_anchorage,2023-06-15 02:07:36+00:00,2000-06-15 00:00:00+00:00,2023,June,B4_fold1,0.3,all,1,250.9679,26,10.3598906474
sar_scene,,,,,,,,,,,,,,,,,,,,,,,,jebel_ali_port_waiting_area,2023-06-17 14:25:12+00:00,2000-06-17 00:00:00+00:00,2023,June,B4_fold1,0.3,all,1,250.5412,2,0.798271900989
sar_scene,,,,,,,,,,,,,,,,,,,,,,,,bandar_abbas_port_approach,2023-06-20 02:15:26+00:00,2000-06-20 00:00:00+00:00,2023,June,B4_fold1,0.3,all,0.999223380085,305.5749,61,19.962372564
sar_scene,,,,,,,,,,,,,,,,,,,,,,,,strait_of_hormuz_transit_gate,2023-06-20 02:15:26+00:00,2000-06-20 00:00:00+00:00,2023,June,B4_fold1,0.3,all,1,186.2397,4,2.1477697827
sar_scene,,,,,,,,,,,,,,,,,,,,,,,,fujairah_port_anchorage,2023-06-20 02:15:51+00:00,2000-06-20 00:00:00+00:00,2023,June,B4_fold1,0.3,all,0.976318995702,317.6489,56,17.6295274437
sar_scene,,,,,,,,,,,,,,,,,,,,,,,,jebel_ali_port_waiting_area,2023-06-20 02:15:51+00:00,2000-06-20 00:00:00+00:00,2023,June,B4_fold1,0.3,all,1,250.5412,18,7.1844471089
sar_scene,,,,,,,,,,,,,,,,,,,,,,,,khor_fakkan_fujairah_adjacent_secondary_water,2023-06-20 02:15:51+00:00,2000-06-20 00:00:00+00:00,2023,June,B4_fold1,0.3,all,0.987236714714,240.8516,43,17.8533171463
sar_scene,,,,,,,,,,,,,,,,,,,,,,,,sohar_port_anchorage,2023-06-24 14:16:35+00:00,2000-06-24 00:00:00+00:00,2023,June,B4_fold1,0.3,all,1,250.9679,18,7.17223198664
sar_scene,,,,,,,,,,,,,,,,,,,,,,,,fujairah_port_anchorage,2023-06-24 14:17:00+00:00,2000-06-24 00:00:00+00:00,2023,June,B4_fold1,0.3,all,1,325.3536,61,18.74883204
sar_scene,,,,,,,,,,,,,,,,,,,,,,,,khor_fakkan_fujairah_adjacent_secondary_water,2023-06-24 14:17:00+00:00,2000-06-24 00:00:00+00:00,2023,June,B4_fold1,0.3,all,1,243.9654,38,15.5759792167
sar_scene,,,,,,,,,,,,,,,,,,,,,,,,bandar_abbas_port_approach,2023-06-24 14:17:25+00:00,2000-06-24 00:00:00+00:00,2023,June,B4_fold1,0.3,all,1,305.8124,61,19.9468693879
sar_scene,,,,,,,,,,,,,,,,,,,,,,,,strait_of_hormuz_transit_gate,2023-06-24 14:17:25+00:00,2000-06-24 00:00:00+00:00,2023,June,B4_fold1,0.3,all,1,186.2397,3,1.61082733703
sar_scene,,,,,,,,,,,,,,,,,,,,,,,,strait_of_hormuz_transit_gate,2023-06-27 02:07:11+00:00,2000-06-27 00:00:00+00:00,2023,June,B4_fold1,0.3,all,1,186.2397,0,0
sar_scene,,,,,,,,,,,,,,,,,,,,,,,,fujairah_port_anchorage,2023-06-27 02:07:36+00:00,2000-06-27 00:00:00+00:00,2023,June,B4_fold1,0.3,all,1,325.3536,85,26.125421695
sar_scene,,,,,,,,,,,,,,,,,,,,,,,,khor_fakkan_fujairah_adjacent_secondary_water,2023-06-27 02:07:36+00:00,2000-06-27 00:00:00+00:00,2023,June,B4_fold1,0.3,all,1,243.9654,48,19.6749211159
sar_scene,,,,,,,,,,,,,,,,,,,,,,,,sohar_port_anchorage,2023-06-27 02:07:36+00:00,2000-06-27 00:00:00+00:00,2023,June,B4_fold1,0.3,all,1,250.9679,29,11.5552626451
sar_scene,,,,,,,,,,,,,,,,,,,,,,,,jebel_ali_port_waiting_area,2023-06-29 14:25:12+00:00,2000-06-29 00:00:00+00:00,2023,June,B4_fold1,0.3,all,1,250.5412,16,6.38617520791
sar_scene,,,,,,,,,,,,,,,,,,,,,,,,sohar_port_anchorage,2024-01-02 14:16:37+00:00,2000-01-02 00:00:00+00:00,2024,long_baseline,B4_fold1,0.3,all,1,250.9679,10,3.98457332591
sar_scene,,,,,,,,,,,,,,,,,,,,,,,,fujairah_port_anchorage,2024-01-02 14:17:02+00:00,2000-01-02 00:00:00+00:00,2024,long_baseline,B4_fold1,0.3,all,1,325.3536,67,20.5929794537
sar_scene,,,,,,,,,,,,,,,,,,,,,,,,khor_fakkan_fujairah_adjacent_secondary_water,2024-01-02 14:17:02+00:00,2000-01-02 00:00:00+00:00,2024,long_baseline,B4_fold1,0.3,all,1,243.9654,49,20.0848153058
sar_scene,,,,,,,,,,,,,,,,,,,,,,,,bandar_abbas_port_approach,2024-01-02 14:17:27+00:00,2000-01-02 00:00:00+00:00,2024,long_baseline,B4_fold1,0.3,all,1,305.8124,34,11.1179271998
sar_scene,,,,,,,,,,,,,,,,,,,,,,,,strait_of_hormuz_transit_gate,2024-01-02 14:17:27+00:00,2000-01-02 00:00:00+00:00,2024,long_baseline,B4_fold1,0.3,all,1,186.2397,0,0
sar_scene,,,,,,,,,,,,,,,,,,,,,,,,strait_of_hormuz_transit_gate,2024-01-05 02:07:14+00:00,2000-01-05 00:00:00+00:00,2024,long_baseline,B4_fold1,0.3,all,1,186.2397,2,1.07388489135
sar_scene,,,,,,,,,,,,,,,,,,,,,,,,fujairah_port_anchorage,2024-01-05 02:07:39+00:00,2000-01-05 00:00:00+00:00,2024,long_baseline,B4_fold1,0.3,all,1,325.3536,84,25.8180637927
sar_scene,,,,,,,,,,,,,,,,,,,,,,,,khor_fakkan_fujairah_adjacent_secondary_water,2024-01-05 02:07:39+00:00,2000-01-05 00:00:00+00:00,2024,long_baseline,B4_fold1,0.3,all,1,243.9654,41,16.8056617865
sar_scene,,,,,,,,,,,,,,,,,,,,,,,,sohar_port_anchorage,2024-01-05 02:07:39+00:00,2000-01-05 00:00:00+00:00,2024,long_baseline,B4_fold1,0.3,all,1,250.9679,16,6.37531732146
sar_scene,,,,,,,,,,,,,,,,,,,,,,,,jebel_ali_port_waiting_area,2024-01-07 14:25:14+00:00,2000-01-07 00:00:00+00:00,2024,long_baseline,B4_fold1,0.3,all,1,250.5412,3,1.19740785148
sar_scene,,,,,,,,,,,,,,,,,,,,,,,,bandar_abbas_port_approach,2024-01-10 02:15:28+00:00,2000-01-10 00:00:00+00:00,2024,long_baseline,B4_fold1,0.3,all,0.999303821559,305.5995,49,16.0340576473
sar_scene,,,,,,,,,,,,,,,,,,,,,,,,strait_of_hormuz_transit_gate,2024-01-10 02:15:28+00:00,2000-01-10 00:00:00+00:00,2024,long_baseline,B4_fold1,0.3,all,1,186.2397,2,1.07388489135
sar_scene,,,,,,,,,,,,,,,,,,,,,,,,fujairah_port_anchorage,2024-01-10 02:15:53+00:00,2000-01-10 00:00:00+00:00,2024,long_baseline,B4_fold1,0.3,all,0.978508920756,318.3614,68,21.3593733411
sar_scene,,,,,,,,,,,,,,,,,,,,,,,,jebel_ali_port_waiting_area,2024-01-10 02:15:53+00:00,2000-01-10 00:00:00+00:00,2024,long_baseline,B4_fold1,0.3,all,1,250.5412,9,3.59222355445
sar_scene,,,,,,,,,,,,,,,,,,,,,,,,khor_fakkan_fujairah_adjacent_secondary_water,2024-01-10 02:15:53+00:00,2000-01-10 00:00:00+00:00,2024,long_baseline,B4_fold1,0.3,all,0.987553562923,240.9289,47,19.5078299033
sar_scene,,,,,,,,,,,,,,,,,,,,,,,,sohar_port_anchorage,2024-01-14 14:16:37+00:00,2000-01-14 00:00:00+00:00,2024,long_baseline,B4_fold1,0.3,all,1,250.9679,15,5.97685998887
sar_scene,,,,,,,,,,,,,,,,,,,,,,,,fujairah_port_anchorage,2024-01-14 14:17:02+00:00,2000-01-14 00:00:00+00:00,2024,long_baseline,B4_fold1,0.3,all,1,325.3536,70,21.5150531606
sar_scene,,,,,,,,,,,,,,,,,,,,,,,,khor_fakkan_fujairah_adjacent_secondary_water,2024-01-14 14:17:02+00:00,2000-01-14 00:00:00+00:00,2024,long_baseline,B4_fold1,0.3,all,1,243.9654,43,17.6254501663
sar_scene,,,,,,,,,,,,,,,,,,,,,,,,bandar_abbas_port_approach,2024-01-14 14:17:27+00:00,2000-01-14 00:00:00+00:00,2024,long_baseline,B4_fold1,0.3,all,1,305.8124,41,13.4069122115
sar_scene,,,,,,,,,,,,,,,,,,,,,,,,strait_of_hormuz_transit_gate,2024-01-14 14:17:27+00:00,2000-01-14 00:00:00+00:00,2024,long_baseline,B4_fold1,0.3,all,1,186.2397,0,0
sar_scene,,,,,,,,,,,,,,,,,,,,,,,,strait_of_hormuz_transit_gate,2024-01-17 02:07:13+00:00,2000-01-17 00:00:00+00:00,2024,long_baseline,B4_fold1,0.3,all,1,186.2397,1,0.536942445676
sar_scene,,,,,,,,,,,,,,,,,,,,,,,,fujairah_port_anchorage,2024-01-17 02:07:38+00:00,2000-01-17 00:00:00+00:00,2024,long_baseline,B4_fold1,0.3,all,1,325.3536,76,23.3592005744
sar_scene,,,,,,,,,,,,,,,,,,,,,,,,khor_fakkan_fujairah_adjacent_secondary_water,2024-01-17 02:07:38+00:00,2000-01-17 00:00:00+00:00,2024,long_baseline,B4_fold1,0.3,all,1,243.9654,40,16.3957675966
sar_scene,,,,,,,,,,,,,,,,,,,,,,,,sohar_port_anchorage,2024-01-17 02:07:38+00:00,2000-01-17 00:00:00+00:00,2024,long_baseline,B4_fold1,0.3,all,1,250.9679,12,4.78148799109
sar_scene,,,,,,,,,,,,,,,,,,,,,,,,jebel_ali_port_waiting_area,2024-01-19 14:25:13+00:00,2000-01-19 00:00:00+00:00,2024,long_baseline,B4_fold1,0.3,all,1,250.5412,6,2.39481570297
sar_scene,,,,,,,,,,,,,,,,,,,,,,,,bandar_abbas_port_approach,2024-01-22 02:15:28+00:00,2000-01-22 00:00:00+00:00,2024,long_baseline,B4_fold1,0.3,all,0.999368894132,305.6194,45,14.7241961734
sar_scene,,,,,,,,,,,,,,,,,,,,,,,,strait_of_hormuz_transit_gate,2024-01-22 02:15:28+00:00,2000-01-22 00:00:00+00:00,2024,long_baseline,B4_fold1,0.3,all,1,186.2397,1,0.536942445676
sar_scene,,,,,,,,,,,,,,,,,,,,,,,,fujairah_port_anchorage,2024-01-22 02:15:53+00:00,2000-01-22 00:00:00+00:00,2024,long_baseline,B4_fold1,0.3,all,0.977911724352,318.1671,55,17.2865139105
sar_scene,,,,,,,,,,,,,,,,,,,,,,,,jebel_ali_port_waiting_area,2024-01-22 02:15:53+00:00,2000-01-22 00:00:00+00:00,2024,long_baseline,B4_fold1,0.3,all,1,250.5412,5,1.99567975247
sar_scene,,,,,,,,,,,,,,,,,,,,,,,,khor_fakkan_fujairah_adjacent_secondary_water,2024-01-22 02:15:53+00:00,2000-01-22 00:00:00+00:00,2024,long_baseline,B4_fold1,0.3,all,0.987703584197,240.9655,45,18.674872544
sar_scene,,,,,,,,,,,,,,,,,,,,,,,,sohar_port_anchorage,2024-01-26 14:16:36+00:00,2000-01-26 00:00:00+00:00,2024,long_baseline,B4_fold1,0.3,all,1,250.9679,14,5.57840265628
sar_scene,,,,,,,,,,,,,,,,,,,,,,,,fujairah_port_anchorage,2024-01-26 14:17:01+00:00,2000-01-26 00:00:00+00:00,2024,long_baseline,B4_fold1,0.3,all,1,325.3536,58,17.8267583331
sar_scene,,,,,,,,,,,,,,,,,,,,,,,,khor_fakkan_fujairah_adjacent_secondary_water,2024-01-26 14:17:01+00:00,2000-01-26 00:00:00+00:00,2024,long_baseline,B4_fold1,0.3,all,1,243.9654,41,16.8056617865
sar_scene,,,,,,,,,,,,,,,,,,,,,,,,bandar_abbas_port_approach,2024-01-26 14:17:26+00:00,2000-01-26 00:00:00+00:00,2024,long_baseline,B4_fold1,0.3,all,1,305.8124,49,16.0228950821
sar_scene,,,,,,,,,,,,,,,,,,,,,,,,strait_of_hormuz_transit_gate,2024-01-26 14:17:26+00:00,2000-01-26 00:00:00+00:00,2024,long_baseline,B4_fold1,0.3,all,1,186.2397,0,0
sar_scene,,,,,,,,,,,,,,,,,,,,,,,,strait_of_hormuz_transit_gate,2024-01-29 02:07:13+00:00,2000-01-29 00:00:00+00:00,2024,long_baseline,B4_fold1,0.3,all,1,186.2397,3,1.61082733703
sar_scene,,,,,,,,,,,,,,,,,,,,,,,,fujairah_port_anchorage,2024-01-29 02:07:38+00:00,2000-01-29 00:00:00+00:00,2024,long_baseline,B4_fold1,0.3,all,1,325.3536,63,19.3635478446
sar_scene,,,,,,,,,,,,,,,,,,,,,,,,khor_fakkan_fujairah_adjacent_secondary_water,2024-01-29 02:07:38+00:00,2000-01-29 00:00:00+00:00,2024,long_baseline,B4_fold1,0.3,all,1,243.9654,38,15.5759792167
sar_scene,,,,,,,,,,,,,,,,,,,,,,,,sohar_port_anchorage,2024-01-29 02:07:38+00:00,2000-01-29 00:00:00+00:00,2024,long_baseline,B4_fold1,0.3,all,1,250.9679,18,7.17223198664
sar_scene,,,,,,,,,,,,,,,,,,,,,,,,jebel_ali_port_waiting_area,2024-01-31 14:25:13+00:00,2000-01-31 00:00:00+00:00,2024,long_baseline,B4_fold1,0.3,all,1,250.5412,8,3.19308760395
sar_scene,,,,,,,,,,,,,,,,,,,,,,,,bandar_abbas_port_approach,2024-02-03 02:15:27+00:00,2000-02-03 00:00:00+00:00,2024,long_baseline,B4_fold1,0.3,all,0.99938459003,305.6242,66,21.5951485517
sar_scene,,,,,,,,,,,,,,,,,,,,,,,,strait_of_hormuz_transit_gate,2024-02-03 02:15:27+00:00,2000-02-03 00:00:00+00:00,2024,long_baseline,B4_fold1,0.3,all,1,186.2397,2,1.07388489135
sar_scene,,,,,,,,,,,,,,,,,,,,,,,,fujairah_port_anchorage,2024-02-03 02:15:52+00:00,2000-02-03 00:00:00+00:00,2024,long_baseline,B4_fold1,0.3,all,0.979887728305,318.81,54,16.9379881434
sar_scene,,,,,,,,,,,,,,,,,,,,,,,,jebel_ali_port_waiting_area,2024-02-03 02:15:52+00:00,2000-02-03 00:00:00+00:00,2024,long_baseline,B4_fold1,0.3,all,1,250.5412,2,0.798271900989
sar_scene,,,,,,,,,,,,,,,,,,,,,,,,khor_fakkan_fujairah_adjacent_secondary_water,2024-02-03 02:15:52+00:00,2000-02-03 00:00:00+00:00,2024,long_baseline,B4_fold1,0.3,all,0.987805237956,240.9903,50,20.7477230411
sar_scene,,,,,,,,,,,,,,,,,,,,,,,,sohar_port_anchorage,2024-02-07 14:16:36+00:00,2000-02-07 00:00:00+00:00,2024,long_baseline,B4_fold1,0.3,all,1,250.9679,16,6.37531732146
sar_scene,,,,,,,,,,,,,,,,,,,,,,,,fujairah_port_anchorage,2024-02-07 14:17:01+00:00,2000-02-07 00:00:00+00:00,2024,long_baseline,B4_fold1,0.3,all,1,325.3536,62,19.0561899423
sar_scene,,,,,,,,,,,,,,,,,,,,,,,,khor_fakkan_fujairah_adjacent_secondary_water,2024-02-07 14:17:01+00:00,2000-02-07 00:00:00+00:00,2024,long_baseline,B4_fold1,0.3,all,1,243.9654,54,22.1342862553
sar_scene,,,,,,,,,,,,,,,,,,,,,,,,bandar_abbas_port_approach,2024-02-07 14:17:26+00:00,2000-02-07 00:00:00+00:00,2024,long_baseline,B4_fold1,0.3,all,1,305.8124,51,16.6768907997
sar_scene,,,,,,,,,,,,,,,,,,,,,,,,strait_of_hormuz_transit_gate,2024-02-07 14:17:26+00:00,2000-02-07 00:00:00+00:00,2024,long_baseline,B4_fold1,0.3,all,1,186.2397,1,0.536942445676
sar_scene,,,,,,,,,,,,,,,,,,,,,,,,strait_of_hormuz_transit_gate,2024-02-10 02:07:12+00:00,2000-02-10 00:00:00+00:00,2024,long_baseline,B4_fold1,0.3,all,1,186.2397,1,0.536942445676
sar_scene,,,,,,,,,,,,,,,,,,,,,,,,fujairah_port_anchorage,2024-02-10 02:07:37+00:00,2000-02-10 00:00:00+00:00,2024,long_baseline,B4_fold1,0.3,all,1,325.3536,61,18.74883204
sar_scene,,,,,,,,,,,,,,,,,,,,,,,,khor_fakkan_fujairah_adjacent_secondary_water,2024-02-10 02:07:37+00:00,2000-02-10 00:00:00+00:00,2024,long_baseline,B4_fold1,0.3,all,1,243.9654,46,18.855132736
sar_scene,,,,,,,,,,,,,,,,,,,,,,,,sohar_port_anchorage,2024-02-10 02:07:37+00:00,2000-02-10 00:00:00+00:00,2024,long_baseline,B4_fold1,0.3,all,1,250.9679,19,7.57068931923
sar_scene,,,,,,,,,,,,,,,,,,,,,,,,jebel_ali_port_waiting_area,2024-02-12 14:25:13+00:00,2000-02-12 00:00:00+00:00,2024,long_baseline,B4_fold1,0.3,all,1,250.5412,6,2.39481570297
sar_scene,,,,,,,,,,,,,,,,,,,,,,,,bandar_abbas_port_approach,2024-02-15 02:15:27+00:00,2000-02-15 00:00:00+00:00,2024,long_baseline,B4_fold1,0.3,all,0.999264254818,305.5874,57,18.6526015143
sar_scene,,,,,,,,,,,,,,,,,,,,,,,,strait_of_hormuz_transit_gate,2024-02-15 02:15:27+00:00,2000-02-15 00:00:00+00:00,2024,long_baseline,B4_fold1,0.3,all,1,186.2397,0,0
sar_scene,,,,,,,,,,,,,,,,,,,,,,,,fujairah_port_anchorage,2024-02-15 02:15:52+00:00,2000-02-15 00:00:00+00:00,2024,long_baseline,B4_fold1,0.3,all,0.977549656743,318.0493,41,12.8910832377
sar_scene,,,,,,,,,,,,,,,,,,,,,,,,jebel_ali_port_waiting_area,2024-02-15 02:15:52+00:00,2000-02-15 00:00:00+00:00,2024,long_baseline,B4_fold1,0.3,all,1,250.5412,4,1.59654380198
sar_scene,,,,,,,,,,,,,,,,,,,,,,,,khor_fakkan_fujairah_adjacent_secondary_water,2024-02-15 02:15:52+00:00,2000-02-15 00:00:00+00:00,2024,long_baseline,B4_fold1,0.3,all,0.987515852658,240.9197,39,16.1879663639
sar_scene,,,,,,,,,,,,,,,,,,,,,,,,sohar_port_anchorage,2024-02-19 14:16:36+00:00,2000-02-19 00:00:00+00:00,2024,long_baseline,B4_fold1,0.3,all,1,250.9679,8,3.18765866073
sar_scene,,,,,,,,,,,,,,,,,,,,,,,,fujairah_port_anchorage,2024-02-19 14:17:01+00:00,2000-02-19 00:00:00+00:00,2024,long_baseline,B4_fold1,0.3,all,1,325.3536,51,15.675253017
sar_scene,,,,,,,,,,,,,,,,,,,,,,,,khor_fakkan_fujairah_adjacent_secondary_water,2024-02-19 14:17:01+00:00,2000-02-19 00:00:00+00:00,2024,long_baseline,B4_fold1,0.3,all,1,243.9654,44,18.0353443562
sar_scene,,,,,,,,,,,,,,,,,,,,,,,,bandar_abbas_port_approach,2024-02-19 14:17:26+00:00,2000-02-19 00:00:00+00:00,2024,long_baseline,B4_fold1,0.3,all,1,305.8124,57,18.6388779526
sar_scene,,,,,,,,,,,,,,,,,,,,,,,,strait_of_hormuz_transit_gate,2024-02-19 14:17:26+00:00,2000-02-19 00:00:00+00:00,2024,long_baseline,B4_fold1,0.3,all,1,186.2397,4,2.1477697827
sar_scene,,,,,,,,,,,,,,,,,,,,,,,,strait_of_hormuz_transit_gate,2024-02-22 02:07:12+00:00,2000-02-22 00:00:00+00:00,2024,long_baseline,B4_fold1,0.3,all,1,186.2397,2,1.07388489135
sar_scene,,,,,,,,,,,,,,,,,,,,,,,,fujairah_port_anchorage,2024-02-22 02:07:37+00:00,2000-02-22 00:00:00+00:00,2024,long_baseline,B4_fold1,0.3,all,1,325.3536,73,22.4371268675
sar_scene,,,,,,,,,,,,,,,,,,,,,,,,khor_fakkan_fujairah_adjacent_secondary_water,2024-02-22 02:07:37+00:00,2000-02-22 00:00:00+00:00,2024,long_baseline,B4_fold1,0.3,all,1,243.9654,43,17.6254501663
sar_scene,,,,,,,,,,,,,,,,,,,,,,,,sohar_port_anchorage,2024-02-22 02:07:37+00:00,2000-02-22 00:00:00+00:00,2024,long_baseline,B4_fold1,0.3,all,1,250.9679,8,3.18765866073
sar_scene,,,,,,,,,,,,,,,,,,,,,,,,jebel_ali_port_waiting_area,2024-02-24 14:25:13+00:00,2000-02-24 00:00:00+00:00,2024,long_baseline,B4_fold1,0.3,all,1,250.5412,3,1.19740785148
sar_scene,,,,,,,,,,,,,,,,,,,,,,,,bandar_abbas_port_approach,2024-02-27 02:15:27+00:00,2000-02-27 00:00:00+00:00,2024,long_baseline,B4_fold1,0.3,all,0.999130839691,305.5466,62,20.2915038164
sar_scene,,,,,,,,,,,,,,,,,,,,,,,,strait_of_hormuz_transit_gate,2024-02-27 02:15:27+00:00,2000-02-27 00:00:00+00:00,2024,long_baseline,B4_fold1,0.3,all,1,186.2397,0,0
sar_scene,,,,,,,,,,,,,,,,,,,,,,,,fujairah_port_anchorage,2024-02-27 02:15:52+00:00,2000-02-27 00:00:00+00:00,2024,long_baseline,B4_fold1,0.3,all,0.974179477344,316.9528,55,17.3527414808
sar_scene,,,,,,,,,,,,,,,,,,,,,,,,jebel_ali_port_waiting_area,2024-02-27 02:15:52+00:00,2000-02-27 00:00:00+00:00,2024,long_baseline,B4_fold1,0.3,all,1,250.5412,5,1.99567975247
sar_scene,,,,,,,,,,,,,,,,,,,,,,,,khor_fakkan_fujairah_adjacent_secondary_water,2024-02-27 02:15:52+00:00,2000-02-27 00:00:00+00:00,2024,long_baseline,B4_fold1,0.3,all,0.987064149261,240.8095,43,17.856438388
sar_scene,,,,,,,,,,,,,,,,,,,,,,,,sohar_port_anchorage,2024-03-02 14:16:36+00:00,2000-03-02 00:00:00+00:00,2024,early,B4_fold1,0.3,all,1,250.9679,17,6.77377465405
sar_scene,,,,,,,,,,,,,,,,,,,,,,,,fujairah_port_anchorage,2024-03-02 14:17:01+00:00,2000-03-02 00:00:00+00:00,2024,early,B4_fold1,0.3,all,1,325.3536,72,22.1297689652
sar_scene,,,,,,,,,,,,,,,,,,,,,,,,khor_fakkan_fujairah_adjacent_secondary_water,2024-03-02 14:17:01+00:00,2000-03-02 00:00:00+00:00,2024,early,B4_fold1,0.3,all,1,243.9654,54,22.1342862553
sar_scene,,,,,,,,,,,,,,,,,,,,,,,,bandar_abbas_port_approach,2024-03-02 14:17:26+00:00,2000-03-02 00:00:00+00:00,2024,early,B4_fold1,0.3,all,1,305.8124,68,22.2358543996
sar_scene,,,,,,,,,,,,,,,,,,,,,,,,strait_of_hormuz_transit_gate,2024-03-02 14:17:26+00:00,2000-03-02 00:00:00+00:00,2024,early,B4_fold1,0.3,all,1,186.2397,1,0.536942445676
sar_scene,,,,,,,,,,,,,,,,,,,,,,,,strait_of_hormuz_transit_gate,2024-03-05 02:07:13+00:00,2000-03-05 00:00:00+00:00,2024,early,B4_fold1,0.3,all,1,186.2397,1,0.536942445676
sar_scene,,,,,,,,,,,,,,,,,,,,,,,,fujairah_port_anchorage,2024-03-05 02:07:38+00:00,2000-03-05 00:00:00+00:00,2024,early,B4_fold1,0.3,all,1,325.3536,73,22.4371268675
sar_scene,,,,,,,,,,,,,,,,,,,,,,,,khor_fakkan_fujairah_adjacent_secondary_water,2024-03-05 02:07:38+00:00,2000-03-05 00:00:00+00:00,2024,early,B4_fold1,0.3,all,1,243.9654,51,20.9046036856
sar_scene,,,,,,,,,,,,,,,,,,,,,,,,sohar_port_anchorage,2024-03-05 02:07:38+00:00,2000-03-05 00:00:00+00:00,2024,early,B4_fold1,0.3,all,1,250.9679,18,7.17223198664
sar_scene,,,,,,,,,,,,,,,,,,,,,,,,jebel_ali_port_waiting_area,2024-03-07 14:25:13+00:00,2000-03-07 00:00:00+00:00,2024,early,B4_fold1,0.3,all,1,250.5412,10,3.99135950494
sar_scene,,,,,,,,,,,,,,,,,,,,,,,,bandar_abbas_port_approach,2024-03-10 02:15:27+00:00,2000-03-10 00:00:00+00:00,2024,early,B4_fold1,0.3,all,0.999225342072,305.5755,59,19.3078306343
sar_scene,,,,,,,,,,,,,,,,,,,,,,,,strait_of_hormuz_transit_gate,2024-03-10 02:15:27+00:00,2000-03-10 00:00:00+00:00,2024,early,B4_fold1,0.3,all,1,186.2397,1,0.536942445676
sar_scene,,,,,,,,,,,,,,,,,,,,,,,,fujairah_port_anchorage,2024-03-10 02:15:52+00:00,2000-03-10 00:00:00+00:00,2024,early,B4_fold1,0.3,all,0.977000715529,317.8707,51,16.0442595055
sar_scene,,,,,,,,,,,,,,,,,,,,,,,,jebel_ali_port_waiting_area,2024-03-10 02:15:52+00:00,2000-03-10 00:00:00+00:00,2024,early,B4_fold1,0.3,all,1,250.5412,5,1.99567975247
sar_scene,,,,,,,,,,,,,,,,,,,,,,,,khor_fakkan_fujairah_adjacent_secondary_water,2024-03-10 02:15:52+00:00,2000-03-10 00:00:00+00:00,2024,early,B4_fold1,0.3,all,0.98723917408,240.8522,50,20.7596193848
sar_scene,,,,,,,,,,,,,,,,,,,,,,,,sohar_port_anchorage,2024-03-14 14:16:36+00:00,2000-03-14 00:00:00+00:00,2024,early,B4_fold1,0.3,all,1,250.9679,14,5.57840265628
sar_scene,,,,,,,,,,,,,,,,,,,,,,,,fujairah_port_anchorage,2024-03-14 14:17:01+00:00,2000-03-14 00:00:00+00:00,2024,early,B4_fold1,0.3,all,1,325.3536,62,19.0561899423
sar_scene,,,,,,,,,,,,,,,,,,,,,,,,khor_fakkan_fujairah_adjacent_secondary_water,2024-03-14 14:17:01+00:00,2000-03-14 00:00:00+00:00,2024,early,B4_fold1,0.3,all,1,243.9654,50,20.4947094957
sar_scene,,,,,,,,,,,,,,,,,,,,,,,,bandar_abbas_port_approach,2024-03-14 14:17:26+00:00,2000-03-14 00:00:00+00:00,2024,early,B4_fold1,0.3,all,1,305.8124,62,20.2738672467
sar_scene,,,,,,,,,,,,,,,,,,,,,,,,strait_of_hormuz_transit_gate,2024-03-14 14:17:26+00:00,2000-03-14 00:00:00+00:00,2024,early,B4_fold1,0.3,all,1,186.2397,0,0
sar_scene,,,,,,,,,,,,,,,,,,,,,,,,strait_of_hormuz_transit_gate,2024-03-17 02:07:13+00:00,2000-03-17 00:00:00+00:00,2024,F1,B4_fold1,0.3,all,1,186.2397,6,3.22165467406
sar_scene,,,,,,,,,,,,,,,,,,,,,,,,fujairah_port_anchorage,2024-03-17 02:07:38+00:00,2000-03-17 00:00:00+00:00,2024,F1,B4_fold1,0.3,all,1,325.3536,67,20.5929794537
sar_scene,,,,,,,,,,,,,,,,,,,,,,,,khor_fakkan_fujairah_adjacent_secondary_water,2024-03-17 02:07:38+00:00,2000-03-17 00:00:00+00:00,2024,F1,B4_fold1,0.3,all,1,243.9654,55,22.5441804453
sar_scene,,,,,,,,,,,,,,,,,,,,,,,,sohar_port_anchorage,2024-03-17 02:07:38+00:00,2000-03-17 00:00:00+00:00,2024,F1,B4_fold1,0.3,all,1,250.9679,15,5.97685998887
sar_scene,,,,,,,,,,,,,,,,,,,,,,,,jebel_ali_port_waiting_area,2024-03-19 14:25:13+00:00,2000-03-19 00:00:00+00:00,2024,F1,B4_fold1,0.3,all,1,250.5412,9,3.59222355445
sar_scene,,,,,,,,,,,,,,,,,,,,,,,,bandar_abbas_port_approach,2024-03-22 02:15:27+00:00,2000-03-22 00:00:00+00:00,2024,F1,B4_fold1,0.3,all,0.999166809456,305.5576,60,19.6362322521
sar_scene,,,,,,,,,,,,,,,,,,,,,,,,strait_of_hormuz_transit_gate,2024-03-22 02:15:27+00:00,2000-03-22 00:00:00+00:00,2024,F1,B4_fold1,0.3,all,1,186.2397,0,0
sar_scene,,,,,,,,,,,,,,,,,,,,,,,,fujairah_port_anchorage,2024-03-22 02:15:52+00:00,2000-03-22 00:00:00+00:00,2024,F1,B4_fold1,0.3,all,0.974543696458,317.0713,48,15.1385508559
sar_scene,,,,,,,,,,,,,,,,,,,,,,,,jebel_ali_port_waiting_area,2024-03-22 02:15:52+00:00,2000-03-22 00:00:00+00:00,2024,F1,B4_fold1,0.3,all,1,250.5412,6,2.39481570297
sar_scene,,,,,,,,,,,,,,,,,,,,,,,,khor_fakkan_fujairah_adjacent_secondary_water,2024-03-22 02:15:52+00:00,2000-03-22 00:00:00+00:00,2024,F1,B4_fold1,0.3,all,0.986992007883,240.7919,36,14.9506690217
sar_scene,,,,,,,,,,,,,,,,,,,,,,,,sohar_port_anchorage,2024-03-26 14:16:36+00:00,2000-03-26 00:00:00+00:00,2024,F1,B4_fold1,0.3,all,1,250.9679,17,6.77377465405
sar_scene,,,,,,,,,,,,,,,,,,,,,,,,fujairah_port_anchorage,2024-03-26 14:17:01+00:00,2000-03-26 00:00:00+00:00,2024,F1,B4_fold1,0.3,all,1,325.3536,53,16.2899688216
sar_scene,,,,,,,,,,,,,,,,,,,,,,,,khor_fakkan_fujairah_adjacent_secondary_water,2024-03-26 14:17:01+00:00,2000-03-26 00:00:00+00:00,2024,F1,B4_fold1,0.3,all,1,243.9654,42,17.2155559764
sar_scene,,,,,,,,,,,,,,,,,,,,,,,,bandar_abbas_port_approach,2024-03-26 14:17:26+00:00,2000-03-26 00:00:00+00:00,2024,F1,B4_fold1,0.3,all,1,305.8124,54,17.6578843762
sar_scene,,,,,,,,,,,,,,,,,,,,,,,,strait_of_hormuz_transit_gate,2024-03-26 14:17:26+00:00,2000-03-26 00:00:00+00:00,2024,F1,B4_fold1,0.3,all,1,186.2397,1,0.536942445676
sar_scene,,,,,,,,,,,,,,,,,,,,,,,,strait_of_hormuz_transit_gate,2024-03-29 02:07:13+00:00,2000-03-29 00:00:00+00:00,2024,F2,B4_fold1,0.3,all,1,186.2397,2,1.07388489135
sar_scene,,,,,,,,,,,,,,,,,,,,,,,,fujairah_port_anchorage,2024-03-29 02:07:38+00:00,2000-03-29 00:00:00+00:00,2024,F2,B4_fold1,0.3,all,1,325.3536,51,15.675253017
sar_scene,,,,,,,,,,,,,,,,,,,,,,,,khor_fakkan_fujairah_adjacent_secondary_water,2024-03-29 02:07:38+00:00,2000-03-29 00:00:00+00:00,2024,F2,B4_fold1,0.3,all,1,243.9654,42,17.2155559764
sar_scene,,,,,,,,,,,,,,,,,,,,,,,,sohar_port_anchorage,2024-03-29 02:07:38+00:00,2000-03-29 00:00:00+00:00,2024,F2,B4_fold1,0.3,all,1,250.9679,15,5.97685998887
sar_scene,,,,,,,,,,,,,,,,,,,,,,,,jebel_ali_port_waiting_area,2024-03-31 14:25:14+00:00,2000-03-31 00:00:00+00:00,2024,F2,B4_fold1,0.3,all,1,250.5412,5,1.99567975247
sar_scene,,,,,,,,,,,,,,,,,,,,,,,,bandar_abbas_port_approach,2024-04-03 02:15:28+00:00,2000-04-03 00:00:00+00:00,2024,F2,B4_fold1,0.3,all,0.999237767991,305.5793,69,22.5800635056
sar_scene,,,,,,,,,,,,,,,,,,,,,,,,strait_of_hormuz_transit_gate,2024-04-03 02:15:28+00:00,2000-04-03 00:00:00+00:00,2024,F2,B4_fold1,0.3,all,1,186.2397,1,0.536942445676
sar_scene,,,,,,,,,,,,,,,,,,,,,,,,fujairah_port_anchorage,2024-04-03 02:15:53+00:00,2000-04-03 00:00:00+00:00,2024,F2,B4_fold1,0.3,all,0.976287952554,317.6388,45,14.1670350096
sar_scene,,,,,,,,,,,,,,,,,,,,,,,,jebel_ali_port_waiting_area,2024-04-03 02:15:53+00:00,2000-04-03 00:00:00+00:00,2024,F2,B4_fold1,0.3,all,1,250.5412,6,2.39481570297
sar_scene,,,,,,,,,,,,,,,,,,,,,,,,khor_fakkan_fujairah_adjacent_secondary_water,2024-04-03 02:15:53+00:00,2000-04-03 00:00:00+00:00,2024,F2,B4_fold1,0.3,all,0.987240403762,240.8525,50,20.7595935272
sar_scene,,,,,,,,,,,,,,,,,,,,,,,,sohar_port_anchorage,2024-04-07 14:16:37+00:00,2000-04-07 00:00:00+00:00,2024,F2,B4_fold1,0.3,all,1,250.9679,19,7.57068931923
sar_scene,,,,,,,,,,,,,,,,,,,,,,,,fujairah_port_anchorage,2024-04-07 14:17:02+00:00,2000-04-07 00:00:00+00:00,2024,F2,B4_fold1,0.3,all,1,325.3536,67,20.5929794537
sar_scene,,,,,,,,,,,,,,,,,,,,,,,,khor_fakkan_fujairah_adjacent_secondary_water,2024-04-07 14:17:02+00:00,2000-04-07 00:00:00+00:00,2024,F2,B4_fold1,0.3,all,1,243.9654,53,21.7243920654
sar_scene,,,,,,,,,,,,,,,,,,,,,,,,bandar_abbas_port_approach,2024-04-07 14:17:27+00:00,2000-04-07 00:00:00+00:00,2024,F2,B4_fold1,0.3,all,1,305.8124,61,19.9468693879
sar_scene,,,,,,,,,,,,,,,,,,,,,,,,strait_of_hormuz_transit_gate,2024-04-07 14:17:27+00:00,2000-04-07 00:00:00+00:00,2024,F2,B4_fold1,0.3,all,1,186.2397,1,0.536942445676
sar_scene,,,,,,,,,,,,,,,,,,,,,,,,strait_of_hormuz_transit_gate,2024-04-10 02:07:12+00:00,2000-04-10 00:00:00+00:00,2024,F2,B4_fold1,0.3,all,1,186.2397,0,0
sar_scene,,,,,,,,,,,,,,,,,,,,,,,,fujairah_port_anchorage,2024-04-10 02:07:37+00:00,2000-04-10 00:00:00+00:00,2024,F2,B4_fold1,0.3,all,1,325.3536,67,20.5929794537
sar_scene,,,,,,,,,,,,,,,,,,,,,,,,khor_fakkan_fujairah_adjacent_secondary_water,2024-04-10 02:07:37+00:00,2000-04-10 00:00:00+00:00,2024,F2,B4_fold1,0.3,all,1,243.9654,49,20.0848153058
sar_scene,,,,,,,,,,,,,,,,,,,,,,,,sohar_port_anchorage,2024-04-10 02:07:37+00:00,2000-04-10 00:00:00+00:00,2024,F2,B4_fold1,0.3,all,1,250.9679,23,9.1645186496
sar_scene,,,,,,,,,,,,,,,,,,,,,,,,jebel_ali_port_waiting_area,2024-04-12 14:25:12+00:00,2000-04-12 00:00:00+00:00,2024,F3,B4_fold1,0.3,all,1,250.5412,5,1.99567975247
sar_scene,,,,,,,,,,,,,,,,,,,,,,,,bandar_abbas_port_approach,2024-04-15 02:15:27+00:00,2000-04-15 00:00:00+00:00,2024,F3,B4_fold1,0.3,all,0.999580788745,305.6842,61,19.9552348469
sar_scene,,,,,,,,,,,,,,,,,,,,,,,,strait_of_hormuz_transit_gate,2024-04-15 02:15:27+00:00,2000-04-15 00:00:00+00:00,2024,F3,B4_fold1,0.3,all,1,186.2397,2,1.07388489135
sar_scene,,,,,,,,,,,,,,,,,,,,,,,,fujairah_port_anchorage,2024-04-15 02:15:52+00:00,2000-04-15 00:00:00+00:00,2024,F3,B4_fold1,0.3,all,0.987835696301,321.3959,57,17.7351360114
sar_scene,,,,,,,,,,,,,,,,,,,,,,,,jebel_ali_port_waiting_area,2024-04-15 02:15:52+00:00,2000-04-15 00:00:00+00:00,2024,F3,B4_fold1,0.3,all,1,250.5412,9,3.59222355445
sar_scene,,,,,,,,,,,,,,,,,,,,,,,,khor_fakkan_fujairah_adjacent_secondary_water,2024-04-15 02:15:52+00:00,2000-04-15 00:00:00+00:00,2024,F3,B4_fold1,0.3,all,0.98868118184,241.204,48,19.9001674931
sar_scene,,,,,,,,,,,,,,,,,,,,,,,,sohar_port_anchorage,2024-04-19 14:16:37+00:00,2000-04-19 00:00:00+00:00,2024,F3,B4_fold1,0.3,all,1,250.9679,20,7.96914665182
sar_scene,,,,,,,,,,,,,,,,,,,,,,,,fujairah_port_anchorage,2024-04-19 14:17:02+00:00,2000-04-19 00:00:00+00:00,2024,F3,B4_fold1,0.3,all,1,325.3536,73,22.4371268675
sar_scene,,,,,,,,,,,,,,,,,,,,,,,,khor_fakkan_fujairah_adjacent_secondary_water,2024-04-19 14:17:02+00:00,2000-04-19 00:00:00+00:00,2024,F3,B4_fold1,0.3,all,1,243.9654,49,20.0848153058
sar_scene,,,,,,,,,,,,,,,,,,,,,,,,bandar_abbas_port_approach,2024-04-19 14:17:27+00:00,2000-04-19 00:00:00+00:00,2024,F3,B4_fold1,0.3,all,1,305.8124,59,19.2928736703
sar_scene,,,,,,,,,,,,,,,,,,,,,,,,strait_of_hormuz_transit_gate,2024-04-19 14:17:27+00:00,2000-04-19 00:00:00+00:00,2024,F3,B4_fold1,0.3,all,1,186.2397,1,0.536942445676
sar_scene,,,,,,,,,,,,,,,,,,,,,,,,strait_of_hormuz_transit_gate,2024-04-22 02:07:14+00:00,2000-04-22 00:00:00+00:00,2024,F3,B4_fold1,0.3,all,1,186.2397,8,4.29553956541
sar_scene,,,,,,,,,,,,,,,,,,,,,,,,fujairah_port_anchorage,2024-04-22 02:07:39+00:00,2000-04-22 00:00:00+00:00,2024,F3,B4_fold1,0.3,all,1,325.3536,68,20.900337356
sar_scene,,,,,,,,,,,,,,,,,,,,,,,,khor_fakkan_fujairah_adjacent_secondary_water,2024-04-22 02:07:39+00:00,2000-04-22 00:00:00+00:00,2024,F3,B4_fold1,0.3,all,1,243.9654,59,24.1837572049
sar_scene,,,,,,,,,,,,,,,,,,,,,,,,sohar_port_anchorage,2024-04-22 02:07:39+00:00,2000-04-22 00:00:00+00:00,2024,F3,B4_fold1,0.3,all,1,250.9679,15,5.97685998887
sar_scene,,,,,,,,,,,,,,,,,,,,,,,,jebel_ali_port_waiting_area,2024-04-24 14:25:14+00:00,2000-04-24 00:00:00+00:00,2024,F3,B4_fold1,0.3,all,1,250.5412,9,3.59222355445
sar_scene,,,,,,,,,,,,,,,,,,,,,,,,bandar_abbas_port_approach,2024-04-27 02:15:28+00:00,2000-04-27 00:00:00+00:00,2024,F4_tail,B4_fold1,0.3,all,0.999205395203,305.5694,48,15.7083791767
sar_scene,,,,,,,,,,,,,,,,,,,,,,,,strait_of_hormuz_transit_gate,2024-04-27 02:15:28+00:00,2000-04-27 00:00:00+00:00,2024,F4_tail,B4_fold1,0.3,all,1,186.2397,2,1.07388489135
sar_scene,,,,,,,,,,,,,,,,,,,,,,,,fujairah_port_anchorage,2024-04-27 02:15:53+00:00,2000-04-27 00:00:00+00:00,2024,F4_tail,B4_fold1,0.3,all,0.974589800144,317.0863,56,17.6608071683
sar_scene,,,,,,,,,,,,,,,,,,,,,,,,jebel_ali_port_waiting_area,2024-04-27 02:15:53+00:00,2000-04-27 00:00:00+00:00,2024,F4_tail,B4_fold1,0.3,all,1,250.5412,16,6.38617520791
sar_scene,,,,,,,,,,,,,,,,,,,,,,,,khor_fakkan_fujairah_adjacent_secondary_water,2024-04-27 02:15:53+00:00,2000-04-27 00:00:00+00:00,2024,F4_tail,B4_fold1,0.3,all,0.987180969105,240.838,51,21.1760602563
sar_scene,,,,,,,,,,,,,,,,,,,,,,,,sohar_port_anchorage,2024-05-01 14:16:37+00:00,2000-05-01 00:00:00+00:00,2024,May,B4_fold1,0.3,all,1,250.9679,11,4.3830306585
sar_scene,,,,,,,,,,,,,,,,,,,,,,,,fujairah_port_anchorage,2024-05-01 14:17:02+00:00,2000-05-01 00:00:00+00:00,2024,May,B4_fold1,0.3,all,1,325.3536,60,18.4414741377
sar_scene,,,,,,,,,,,,,,,,,,,,,,,,khor_fakkan_fujairah_adjacent_secondary_water,2024-05-01 14:17:02+00:00,2000-05-01 00:00:00+00:00,2024,May,B4_fold1,0.3,all,1,243.9654,50,20.4947094957
sar_scene,,,,,,,,,,,,,,,,,,,,,,,,bandar_abbas_port_approach,2024-05-01 14:17:27+00:00,2000-05-01 00:00:00+00:00,2024,May,B4_fold1,0.3,all,1,305.8124,48,15.6958972233
sar_scene,,,,,,,,,,,,,,,,,,,,,,,,strait_of_hormuz_transit_gate,2024-05-01 14:17:27+00:00,2000-05-01 00:00:00+00:00,2024,May,B4_fold1,0.3,all,1,186.2397,1,0.536942445676
sar_scene,,,,,,,,,,,,,,,,,,,,,,,,strait_of_hormuz_transit_gate,2024-05-04 02:07:14+00:00,2000-05-04 00:00:00+00:00,2024,May,B4_fold1,0.3,all,1,186.2397,2,1.07388489135
sar_scene,,,,,,,,,,,,,,,,,,,,,,,,fujairah_port_anchorage,2024-05-04 02:07:39+00:00,2000-05-04 00:00:00+00:00,2024,May,B4_fold1,0.3,all,1,325.3536,69,21.2076952583
sar_scene,,,,,,,,,,,,,,,,,,,,,,,,khor_fakkan_fujairah_adjacent_secondary_water,2024-05-04 02:07:39+00:00,2000-05-04 00:00:00+00:00,2024,May,B4_fold1,0.3,all,1,243.9654,49,20.0848153058
sar_scene,,,,,,,,,,,,,,,,,,,,,,,,sohar_port_anchorage,2024-05-04 02:07:39+00:00,2000-05-04 00:00:00+00:00,2024,May,B4_fold1,0.3,all,1,250.9679,22,8.76606131701
sar_scene,,,,,,,,,,,,,,,,,,,,,,,,jebel_ali_port_waiting_area,2024-05-06 14:25:14+00:00,2000-05-06 00:00:00+00:00,2024,May,B4_fold1,0.3,all,1,250.5412,13,5.18876735643
sar_scene,,,,,,,,,,,,,,,,,,,,,,,,bandar_abbas_port_approach,2024-05-09 02:15:29+00:00,2000-05-09 00:00:00+00:00,2024,May,B4_fold1,0.3,all,0.999001348539,305.507,59,19.3121597868
sar_scene,,,,,,,,,,,,,,,,,,,,,,,,strait_of_hormuz_transit_gate,2024-05-09 02:15:29+00:00,2000-05-09 00:00:00+00:00,2024,May,B4_fold1,0.3,all,1,186.2397,3,1.61082733703
sar_scene,,,,,,,,,,,,,,,,,,,,,,,,fujairah_port_anchorage,2024-05-09 02:15:54+00:00,2000-05-09 00:00:00+00:00,2024,May,B4_fold1,0.3,all,0.96908993784,315.2969,53,16.8095531545
sar_scene,,,,,,,,,,,,,,,,,,,,,,,,jebel_ali_port_waiting_area,2024-05-09 02:15:54+00:00,2000-05-09 00:00:00+00:00,2024,May,B4_fold1,0.3,all,1,250.5412,11,4.39049545544
sar_scene,,,,,,,,,,,,,,,,,,,,,,,,khor_fakkan_fujairah_adjacent_secondary_water,2024-05-09 02:15:54+00:00,2000-05-09 00:00:00+00:00,2024,May,B4_fold1,0.3,all,0.986535385756,240.6805,48,19.9434520038
sar_scene,,,,,,,,,,,,,,,,,,,,,,,,sohar_port_anchorage,2024-05-13 14:16:37+00:00,2000-05-13 00:00:00+00:00,2024,May,B4_fold1,0.3,all,1,250.9679,16,6.37531732146
sar_scene,,,,,,,,,,,,,,,,,,,,,,,,fujairah_port_anchorage,2024-05-13 14:17:02+00:00,2000-05-13 00:00:00+00:00,2024,May,B4_fold1,0.3,all,1,325.3536,64,19.6709057469
sar_scene,,,,,,,,,,,,,,,,,,,,,,,,khor_fakkan_fujairah_adjacent_secondary_water,2024-05-13 14:17:02+00:00,2000-05-13 00:00:00+00:00,2024,May,B4_fold1,0.3,all,1,243.9654,47,19.2650269259
sar_scene,,,,,,,,,,,,,,,,,,,,,,,,bandar_abbas_port_approach,2024-05-13 14:17:27+00:00,2000-05-13 00:00:00+00:00,2024,May,B4_fold1,0.3,all,1,305.8124,49,16.0228950821
sar_scene,,,,,,,,,,,,,,,,,,,,,,,,strait_of_hormuz_transit_gate,2024-05-13 14:17:27+00:00,2000-05-13 00:00:00+00:00,2024,May,B4_fold1,0.3,all,1,186.2397,0,0
sar_scene,,,,,,,,,,,,,,,,,,,,,,,,strait_of_hormuz_transit_gate,2024-05-16 02:07:14+00:00,2000-05-16 00:00:00+00:00,2024,May,B4_fold1,0.3,all,1,186.2397,2,1.07388489135
sar_scene,,,,,,,,,,,,,,,,,,,,,,,,fujairah_port_anchorage,2024-05-16 02:07:39+00:00,2000-05-16 00:00:00+00:00,2024,May,B4_fold1,0.3,all,1,325.3536,71,21.8224110629
sar_scene,,,,,,,,,,,,,,,,,,,,,,,,khor_fakkan_fujairah_adjacent_secondary_water,2024-05-16 02:07:39+00:00,2000-05-16 00:00:00+00:00,2024,May,B4_fold1,0.3,all,1,243.9654,42,17.2155559764
sar_scene,,,,,,,,,,,,,,,,,,,,,,,,sohar_port_anchorage,2024-05-16 02:07:39+00:00,2000-05-16 00:00:00+00:00,2024,May,B4_fold1,0.3,all,1,250.9679,13,5.17994532368
sar_scene,,,,,,,,,,,,,,,,,,,,,,,,jebel_ali_port_waiting_area,2024-05-18 14:25:14+00:00,2000-05-18 00:00:00+00:00,2024,May,B4_fold1,0.3,all,1,250.5412,14,5.58790330692
sar_scene,,,,,,,,,,,,,,,,,,,,,,,,bandar_abbas_port_approach,2024-05-21 02:15:28+00:00,2000-05-21 00:00:00+00:00,2024,May,B4_fold1,0.3,all,0.999089964959,305.5341,57,18.6558554348
sar_scene,,,,,,,,,,,,,,,,,,,,,,,,strait_of_hormuz_transit_gate,2024-05-21 02:15:28+00:00,2000-05-21 00:00:00+00:00,2024,May,B4_fold1,0.3,all,1,186.2397,2,1.07388489135
sar_scene,,,,,,,,,,,,,,,,,,,,,,,,fujairah_port_anchorage,2024-05-21 02:15:53+00:00,2000-05-21 00:00:00+00:00,2024,May,B4_fold1,0.3,all,0.972906093555,316.5385,47,14.8481148423
sar_scene,,,,,,,,,,,,,,,,,,,,,,,,jebel_ali_port_waiting_area,2024-05-21 02:15:53+00:00,2000-05-21 00:00:00+00:00,2024,May,B4_fold1,0.3,all,1,250.5412,8,3.19308760395
sar_scene,,,,,,,,,,,,,,,,,,,,,,,,khor_fakkan_fujairah_adjacent_secondary_water,2024-05-21 02:15:53+00:00,2000-05-21 00:00:00+00:00,2024,May,B4_fold1,0.3,all,0.986901421267,240.7698,45,18.6900516593
sar_scene,,,,,,,,,,,,,,,,,,,,,,,,sohar_port_anchorage,2024-05-25 14:16:37+00:00,2000-05-25 00:00:00+00:00,2024,May,B4_fold1,0.3,all,1,250.9679,21,8.36760398441
sar_scene,,,,,,,,,,,,,,,,,,,,,,,,fujairah_port_anchorage,2024-05-25 14:17:02+00:00,2000-05-25 00:00:00+00:00,2024,May,B4_fold1,0.3,all,1,325.3536,61,18.74883204
sar_scene,,,,,,,,,,,,,,,,,,,,,,,,khor_fakkan_fujairah_adjacent_secondary_water,2024-05-25 14:17:02+00:00,2000-05-25 00:00:00+00:00,2024,May,B4_fold1,0.3,all,1,243.9654,48,19.6749211159
sar_scene,,,,,,,,,,,,,,,,,,,,,,,,bandar_abbas_port_approach,2024-05-25 14:17:27+00:00,2000-05-25 00:00:00+00:00,2024,May,B4_fold1,0.3,all,1,305.8124,41,13.4069122115
sar_scene,,,,,,,,,,,,,,,,,,,,,,,,strait_of_hormuz_transit_gate,2024-05-25 14:17:27+00:00,2000-05-25 00:00:00+00:00,2024,May,B4_fold1,0.3,all,1,186.2397,2,1.07388489135
sar_scene,,,,,,,,,,,,,,,,,,,,,,,,strait_of_hormuz_transit_gate,2024-05-28 02:07:14+00:00,2000-05-28 00:00:00+00:00,2024,May,B4_fold1,0.3,all,1,186.2397,2,1.07388489135
sar_scene,,,,,,,,,,,,,,,,,,,,,,,,fujairah_port_anchorage,2024-05-28 02:07:39+00:00,2000-05-28 00:00:00+00:00,2024,May,B4_fold1,0.3,all,1,325.3536,57,17.5194004308
sar_scene,,,,,,,,,,,,,,,,,,,,,,,,khor_fakkan_fujairah_adjacent_secondary_water,2024-05-28 02:07:39+00:00,2000-05-28 00:00:00+00:00,2024,May,B4_fold1,0.3,all,1,243.9654,44,18.0353443562
sar_scene,,,,,,,,,,,,,,,,,,,,,,,,sohar_port_anchorage,2024-05-28 02:07:39+00:00,2000-05-28 00:00:00+00:00,2024,May,B4_fold1,0.3,all,1,250.9679,18,7.17223198664
sar_scene,,,,,,,,,,,,,,,,,,,,,,,,jebel_ali_port_waiting_area,2024-05-30 14:25:14+00:00,2000-05-30 00:00:00+00:00,2024,May,B4_fold1,0.3,all,1,250.5412,12,4.78963140593
sar_scene,,,,,,,,,,,,,,,,,,,,,,,,bandar_abbas_port_approach,2024-06-02 02:15:28+00:00,2000-06-02 00:00:00+00:00,2024,June,B4_fold1,0.3,all,0.999058900162,305.5246,50,16.3652943167
sar_scene,,,,,,,,,,,,,,,,,,,,,,,,strait_of_hormuz_transit_gate,2024-06-02 02:15:28+00:00,2000-06-02 00:00:00+00:00,2024,June,B4_fold1,0.3,all,1,186.2397,1,0.536942445676
sar_scene,,,,,,,,,,,,,,,,,,,,,,,,fujairah_port_anchorage,2024-06-02 02:15:53+00:00,2000-06-02 00:00:00+00:00,2024,June,B4_fold1,0.3,all,0.970743215996,315.8348,52,16.4643034903
sar_scene,,,,,,,,,,,,,,,,,,,,,,,,jebel_ali_port_waiting_area,2024-06-02 02:15:53+00:00,2000-06-02 00:00:00+00:00,2024,June,B4_fold1,0.3,all,1,250.5412,6,2.39481570297
sar_scene,,,,,,,,,,,,,,,,,,,,,,,,khor_fakkan_fujairah_adjacent_secondary_water,2024-06-02 02:15:53+00:00,2000-06-02 00:00:00+00:00,2024,June,B4_fold1,0.3,all,0.986716149093,240.7246,43,17.8627360893
sar_scene,,,,,,,,,,,,,,,,,,,,,,,,sohar_port_anchorage,2024-06-06 14:16:37+00:00,2000-06-06 00:00:00+00:00,2024,June,B4_fold1,0.3,all,1,250.9679,19,7.57068931923
sar_scene,,,,,,,,,,,,,,,,,,,,,,,,fujairah_port_anchorage,2024-06-06 14:17:02+00:00,2000-06-06 00:00:00+00:00,2024,June,B4_fold1,0.3,all,1,325.3536,68,20.900337356
sar_scene,,,,,,,,,,,,,,,,,,,,,,,,khor_fakkan_fujairah_adjacent_secondary_water,2024-06-06 14:17:02+00:00,2000-06-06 00:00:00+00:00,2024,June,B4_fold1,0.3,all,1,243.9654,45,18.4452385461
sar_scene,,,,,,,,,,,,,,,,,,,,,,,,bandar_abbas_port_approach,2024-06-06 14:17:27+00:00,2000-06-06 00:00:00+00:00,2024,June,B4_fold1,0.3,all,1,305.8124,63,20.6008651055
sar_scene,,,,,,,,,,,,,,,,,,,,,,,,strait_of_hormuz_transit_gate,2024-06-06 14:17:27+00:00,2000-06-06 00:00:00+00:00,2024,June,B4_fold1,0.3,all,1,186.2397,1,0.536942445676
sar_scene,,,,,,,,,,,,,,,,,,,,,,,,strait_of_hormuz_transit_gate,2024-06-09 02:07:13+00:00,2000-06-09 00:00:00+00:00,2024,June,B4_fold1,0.3,all,1,186.2397,2,1.07388489135
sar_scene,,,,,,,,,,,,,,,,,,,,,,,,fujairah_port_anchorage,2024-06-09 02:07:38+00:00,2000-06-09 00:00:00+00:00,2024,June,B4_fold1,0.3,all,1,325.3536,68,20.900337356
sar_scene,,,,,,,,,,,,,,,,,,,,,,,,khor_fakkan_fujairah_adjacent_secondary_water,2024-06-09 02:07:38+00:00,2000-06-09 00:00:00+00:00,2024,June,B4_fold1,0.3,all,1,243.9654,49,20.0848153058
sar_scene,,,,,,,,,,,,,,,,,,,,,,,,sohar_port_anchorage,2024-06-09 02:07:38+00:00,2000-06-09 00:00:00+00:00,2024,June,B4_fold1,0.3,all,1,250.9679,17,6.77377465405
sar_scene,,,,,,,,,,,,,,,,,,,,,,,,jebel_ali_port_waiting_area,2024-06-11 14:25:13+00:00,2000-06-11 00:00:00+00:00,2024,June,B4_fold1,0.3,all,1,250.5412,5,1.99567975247
sar_scene,,,,,,,,,,,,,,,,,,,,,,,,bandar_abbas_port_approach,2024-06-14 02:15:27+00:00,2000-06-14 00:00:00+00:00,2024,June,B4_fold1,0.3,all,0.999094869927,305.5356,65,21.2741166659
sar_scene,,,,,,,,,,,,,,,,,,,,,,,,strait_of_hormuz_transit_gate,2024-06-14 02:15:27+00:00,2000-06-14 00:00:00+00:00,2024,June,B4_fold1,0.3,all,1,186.2397,0,0
sar_scene,,,,,,,,,,,,,,,,,,,,,,,,fujairah_port_anchorage,2024-06-14 02:15:52+00:00,2000-06-14 00:00:00+00:00,2024,June,B4_fold1,0.3,all,0.971709549241,316.1492,57,18.0294620388
sar_scene,,,,,,,,,,,,,,,,,,,,,,,,jebel_ali_port_waiting_area,2024-06-14 02:15:52+00:00,2000-06-14 00:00:00+00:00,2024,June,B4_fold1,0.3,all,1,250.5412,10,3.99135950494
sar_scene,,,,,,,,,,,,,,,,,,,,,,,,khor_fakkan_fujairah_adjacent_secondary_water,2024-06-14 02:15:52+00:00,2000-06-14 00:00:00+00:00,2024,June,B4_fold1,0.3,all,0.986865350578,240.761,33,13.7065388497
sar_scene,,,,,,,,,,,,,,,,,,,,,,,,sohar_port_anchorage,2024-06-18 14:16:36+00:00,2000-06-18 00:00:00+00:00,2024,June,B4_fold1,0.3,all,1,250.9679,11,4.3830306585
sar_scene,,,,,,,,,,,,,,,,,,,,,,,,fujairah_port_anchorage,2024-06-18 14:17:01+00:00,2000-06-18 00:00:00+00:00,2024,June,B4_fold1,0.3,all,1,325.3536,74,22.7444847698
sar_scene,,,,,,,,,,,,,,,,,,,,,,,,khor_fakkan_fujairah_adjacent_secondary_water,2024-06-18 14:17:01+00:00,2000-06-18 00:00:00+00:00,2024,June,B4_fold1,0.3,all,1,243.9654,41,16.8056617865
sar_scene,,,,,,,,,,,,,,,,,,,,,,,,bandar_abbas_port_approach,2024-06-18 14:17:26+00:00,2000-06-18 00:00:00+00:00,2024,June,B4_fold1,0.3,all,1,305.8124,61,19.9468693879
sar_scene,,,,,,,,,,,,,,,,,,,,,,,,strait_of_hormuz_transit_gate,2024-06-18 14:17:26+00:00,2000-06-18 00:00:00+00:00,2024,June,B4_fold1,0.3,all,1,186.2397,2,1.07388489135
sar_scene,,,,,,,,,,,,,,,,,,,,,,,,strait_of_hormuz_transit_gate,2024-06-21 02:07:13+00:00,2000-06-21 00:00:00+00:00,2024,June,B4_fold1,0.3,all,1,186.2397,1,0.536942445676
sar_scene,,,,,,,,,,,,,,,,,,,,,,,,fujairah_port_anchorage,2024-06-21 02:07:38+00:00,2000-06-21 00:00:00+00:00,2024,June,B4_fold1,0.3,all,1,325.3536,72,22.1297689652
sar_scene,,,,,,,,,,,,,,,,,,,,,,,,khor_fakkan_fujairah_adjacent_secondary_water,2024-06-21 02:07:38+00:00,2000-06-21 00:00:00+00:00,2024,June,B4_fold1,0.3,all,1,243.9654,42,17.2155559764
sar_scene,,,,,,,,,,,,,,,,,,,,,,,,sohar_port_anchorage,2024-06-21 02:07:38+00:00,2000-06-21 00:00:00+00:00,2024,June,B4_fold1,0.3,all,1,250.9679,16,6.37531732146
sar_scene,,,,,,,,,,,,,,,,,,,,,,,,jebel_ali_port_waiting_area,2024-06-23 14:25:13+00:00,2000-06-23 00:00:00+00:00,2024,June,B4_fold1,0.3,all,1,250.5412,6,2.39481570297
sar_scene,,,,,,,,,,,,,,,,,,,,,,,,bandar_abbas_port_approach,2024-06-26 02:15:27+00:00,2000-06-26 00:00:00+00:00,2024,June,B4_fold1,0.3,all,0.994170282173,304.0296,56,18.4192591774
sar_scene,,,,,,,,,,,,,,,,,,,,,,,,strait_of_hormuz_transit_gate,2024-06-26 02:15:27+00:00,2000-06-26 00:00:00+00:00,2024,June,B4_fold1,0.3,all,1,186.2397,1,0.536942445676
sar_scene,,,,,,,,,,,,,,,,,,,,,,,,fujairah_port_anchorage,2024-06-26 02:15:52+00:00,2000-06-26 00:00:00+00:00,2024,June,B4_fold1,0.3,all,0.974274450936,316.9837,57,17.9819971816
sar_scene,,,,,,,,,,,,,,,,,,,,,,,,jebel_ali_port_waiting_area,2024-06-26 02:15:52+00:00,2000-06-26 00:00:00+00:00,2024,June,B4_fold1,0.3,all,1,250.5412,5,1.99567975247
sar_scene,,,,,,,,,,,,,,,,,,,,,,,,khor_fakkan_fujairah_adjacent_secondary_water,2024-06-26 02:15:52+00:00,2000-06-26 00:00:00+00:00,2024,June,B4_fold1,0.3,all,0.986823541371,240.7508,41,17.0300576364
sar_scene,,,,,,,,,,,,,,,,,,,,,,,,sohar_port_anchorage,2024-06-30 14:16:36+00:00,2000-06-30 00:00:00+00:00,2024,June,B4_fold1,0.3,all,1,250.9679,13,5.17994532368
sar_scene,,,,,,,,,,,,,,,,,,,,,,,,fujairah_port_anchorage,2024-06-30 14:17:01+00:00,2000-06-30 00:00:00+00:00,2024,June,B4_fold1,0.3,all,1,325.3536,71,21.8224110629
sar_scene,,,,,,,,,,,,,,,,,,,,,,,,khor_fakkan_fujairah_adjacent_secondary_water,2024-06-30 14:17:01+00:00,2000-06-30 00:00:00+00:00,2024,June,B4_fold1,0.3,all,1,243.9654,44,18.0353443562
sar_scene,,,,,,,,,,,,,,,,,,,,,,,,bandar_abbas_port_approach,2024-06-30 14:17:26+00:00,2000-06-30 00:00:00+00:00,2024,June,B4_fold1,0.3,all,1,305.8124,63,20.6008651055
sar_scene,,,,,,,,,,,,,,,,,,,,,,,,strait_of_hormuz_transit_gate,2024-06-30 14:17:26+00:00,2000-06-30 00:00:00+00:00,2024,June,B4_fold1,0.3,all,1,186.2397,2,1.07388489135
sar_scene,,,,,,,,,,,,,,,,,,,,,,,,jebel_ali_port_waiting_area,2025-01-01 14:25:09+00:00,2000-01-01 00:00:00+00:00,2025,long_baseline,B4_fold1,0.3,all,1,250.5412,21,8.38185496038
sar_scene,,,,,,,,,,,,,,,,,,,,,,,,bandar_abbas_port_approach,2025-01-04 02:15:22+00:00,2000-01-04 00:00:00+00:00,2025,long_baseline,B4_fold1,0.3,all,0.999435274698,305.6397,58,18.9765923733
sar_scene,,,,,,,,,,,,,,,,,,,,,,,,strait_of_hormuz_transit_gate,2025-01-04 02:15:22+00:00,2000-01-04 00:00:00+00:00,2025,long_baseline,B4_fold1,0.3,all,1,186.2397,2,1.07388489135
sar_scene,,,,,,,,,,,,,,,,,,,,,,,,fujairah_port_anchorage,2025-01-04 02:15:47+00:00,2000-01-04 00:00:00+00:00,2025,long_baseline,B4_fold1,0.3,all,0.980016818624,318.852,51,15.9948816379
sar_scene,,,,,,,,,,,,,,,,,,,,,,,,jebel_ali_port_waiting_area,2025-01-04 02:15:47+00:00,2000-01-04 00:00:00+00:00,2025,long_baseline,B4_fold1,0.3,all,1,250.5412,19,7.58358305939
sar_scene,,,,,,,,,,,,,,,,,,,,,,,,khor_fakkan_fujairah_adjacent_secondary_water,2025-01-04 02:15:47+00:00,2000-01-04 00:00:00+00:00,2025,long_baseline,B4_fold1,0.3,all,0.98803067976,241.0453,49,20.328129194
sar_scene,,,,,,,,,,,,,,,,,,,,,,,,sohar_port_anchorage,2025-01-08 14:16:31+00:00,2000-01-08 00:00:00+00:00,2025,long_baseline,B4_fold1,0.3,all,1,250.9679,21,8.36760398441
sar_scene,,,,,,,,,,,,,,,,,,,,,,,,fujairah_port_anchorage,2025-01-08 14:16:56+00:00,2000-01-08 00:00:00+00:00,2025,long_baseline,B4_fold1,0.3,all,1,325.3536,72,22.1297689652
sar_scene,,,,,,,,,,,,,,,,,,,,,,,,khor_fakkan_fujairah_adjacent_secondary_water,2025-01-08 14:16:56+00:00,2000-01-08 00:00:00+00:00,2025,long_baseline,B4_fold1,0.3,all,1,243.9654,45,18.4452385461
sar_scene,,,,,,,,,,,,,,,,,,,,,,,,bandar_abbas_port_approach,2025-01-08 14:17:21+00:00,2000-01-08 00:00:00+00:00,2025,long_baseline,B4_fold1,0.3,all,1,305.8124,56,18.3118800938
sar_scene,,,,,,,,,,,,,,,,,,,,,,,,strait_of_hormuz_transit_gate,2025-01-08 14:17:21+00:00,2000-01-08 00:00:00+00:00,2025,long_baseline,B4_fold1,0.3,all,1,186.2397,2,1.07388489135
sar_scene,,,,,,,,,,,,,,,,,,,,,,,,strait_of_hormuz_transit_gate,2025-01-11 02:07:08+00:00,2000-01-11 00:00:00+00:00,2025,long_baseline,B4_fold1,0.3,all,1,186.2397,2,1.07388489135
sar_scene,,,,,,,,,,,,,,,,,,,,,,,,fujairah_port_anchorage,2025-01-11 02:07:33+00:00,2000-01-11 00:00:00+00:00,2025,long_baseline,B4_fold1,0.3,all,1,325.3536,63,19.3635478446
sar_scene,,,,,,,,,,,,,,,,,,,,,,,,khor_fakkan_fujairah_adjacent_secondary_water,2025-01-11 02:07:33+00:00,2000-01-11 00:00:00+00:00,2025,long_baseline,B4_fold1,0.3,all,1,243.9654,53,21.7243920654
sar_scene,,,,,,,,,,,,,,,,,,,,,,,,sohar_port_anchorage,2025-01-11 02:07:33+00:00,2000-01-11 00:00:00+00:00,2025,long_baseline,B4_fold1,0.3,all,1,250.9679,18,7.17223198664
sar_scene,,,,,,,,,,,,,,,,,,,,,,,,jebel_ali_port_waiting_area,2025-01-13 14:25:08+00:00,2000-01-13 00:00:00+00:00,2025,long_baseline,B4_fold1,0.3,all,1,250.5412,14,5.58790330692
sar_scene,,,,,,,,,,,,,,,,,,,,,,,,bandar_abbas_port_approach,2025-01-16 02:15:21+00:00,2000-01-16 00:00:00+00:00,2025,long_baseline,B4_fold1,0.3,all,0.99927766173,305.5915,63,20.6157566555
sar_scene,,,,,,,,,,,,,,,,,,,,,,,,strait_of_hormuz_transit_gate,2025-01-16 02:15:21+00:00,2000-01-16 00:00:00+00:00,2025,long_baseline,B4_fold1,0.3,all,1,186.2397,1,0.536942445676
sar_scene,,,,,,,,,,,,,,,,,,,,,,,,fujairah_port_anchorage,2025-01-16 02:15:46+00:00,2000-01-16 00:00:00+00:00,2025,long_baseline,B4_fold1,0.3,all,0.976082330117,317.5719,55,17.318912662
sar_scene,,,,,,,,,,,,,,,,,,,,,,,,jebel_ali_port_waiting_area,2025-01-16 02:15:46+00:00,2000-01-16 00:00:00+00:00,2025,long_baseline,B4_fold1,0.3,all,1,250.5412,10,3.99135950494
sar_scene,,,,,,,,,,,,,,,,,,,,,,,,khor_fakkan_fujairah_adjacent_secondary_water,2025-01-16 02:15:46+00:00,2000-01-16 00:00:00+00:00,2025,long_baseline,B4_fold1,0.3,all,0.987491668901,240.9138,50,20.7543112931
sar_scene,,,,,,,,,,,,,,,,,,,,,,,,sohar_port_anchorage,2025-01-20 14:16:30+00:00,2000-01-20 00:00:00+00:00,2025,long_baseline,B4_fold1,0.3,all,1,250.9679,16,6.37531732146
sar_scene,,,,,,,,,,,,,,,,,,,,,,,,fujairah_port_anchorage,2025-01-20 14:16:55+00:00,2000-01-20 00:00:00+00:00,2025,long_baseline,B4_fold1,0.3,all,1,325.3536,93,28.5842849134
sar_scene,,,,,,,,,,,,,,,,,,,,,,,,khor_fakkan_fujairah_adjacent_secondary_water,2025-01-20 14:16:55+00:00,2000-01-20 00:00:00+00:00,2025,long_baseline,B4_fold1,0.3,all,1,243.9654,44,18.0353443562
sar_scene,,,,,,,,,,,,,,,,,,,,,,,,bandar_abbas_port_approach,2025-01-20 14:17:20+00:00,2000-01-20 00:00:00+00:00,2025,long_baseline,B4_fold1,0.3,all,1,305.8124,57,18.6388779526
sar_scene,,,,,,,,,,,,,,,,,,,,,,,,strait_of_hormuz_transit_gate,2025-01-20 14:17:20+00:00,2000-01-20 00:00:00+00:00,2025,long_baseline,B4_fold1,0.3,all,1,186.2397,1,0.536942445676
sar_scene,,,,,,,,,,,,,,,,,,,,,,,,strait_of_hormuz_transit_gate,2025-01-23 02:07:07+00:00,2000-01-23 00:00:00+00:00,2025,long_baseline,B4_fold1,0.3,all,1,186.2397,1,0.536942445676
sar_scene,,,,,,,,,,,,,,,,,,,,,,,,fujairah_port_anchorage,2025-01-23 02:07:32+00:00,2000-01-23 00:00:00+00:00,2025,long_baseline,B4_fold1,0.3,all,1,325.3536,100,30.7357902295
sar_scene,,,,,,,,,,,,,,,,,,,,,,,,khor_fakkan_fujairah_adjacent_secondary_water,2025-01-23 02:07:32+00:00,2000-01-23 00:00:00+00:00,2025,long_baseline,B4_fold1,0.3,all,1,243.9654,45,18.4452385461
sar_scene,,,,,,,,,,,,,,,,,,,,,,,,sohar_port_anchorage,2025-01-23 02:07:32+00:00,2000-01-23 00:00:00+00:00,2025,long_baseline,B4_fold1,0.3,all,1,250.9679,20,7.96914665182
sar_scene,,,,,,,,,,,,,,,,,,,,,,,,jebel_ali_port_waiting_area,2025-01-25 14:25:07+00:00,2000-01-25 00:00:00+00:00,2025,long_baseline,B4_fold1,0.3,all,1,250.5412,13,5.18876735643
sar_scene,,,,,,,,,,,,,,,,,,,,,,,,bandar_abbas_port_approach,2025-01-28 02:15:21+00:00,2000-01-28 00:00:00+00:00,2025,long_baseline,B4_fold1,0.3,all,0.999200490235,305.5679,67,21.9263869012
sar_scene,,,,,,,,,,,,,,,,,,,,,,,,strait_of_hormuz_transit_gate,2025-01-28 02:15:21+00:00,2000-01-28 00:00:00+00:00,2025,long_baseline,B4_fold1,0.3,all,1,186.2397,1,0.536942445676
sar_scene,,,,,,,,,,,,,,,,,,,,,,,,fujairah_port_anchorage,2025-01-28 02:15:46+00:00,2000-01-28 00:00:00+00:00,2025,long_baseline,B4_fold1,0.3,all,0.972840011606,316.517,59,18.6403889838
sar_scene,,,,,,,,,,,,,,,,,,,,,,,,jebel_ali_port_waiting_area,2025-01-28 02:15:46+00:00,2000-01-28 00:00:00+00:00,2025,long_baseline,B4_fold1,0.3,all,1,250.5412,8,3.19308760395
sar_scene,,,,,,,,,,,,,,,,,,,,,,,,khor_fakkan_fujairah_adjacent_secondary_water,2025-01-28 02:15:46+00:00,2000-01-28 00:00:00+00:00,2025,long_baseline,B4_fold1,0.3,all,0.987147357781,240.8298,48,19.9310882623
sar_scene,,,,,,,,,,,,,,,,,,,,,,,,sohar_port_anchorage,2025-02-01 14:16:29+00:00,2000-02-01 00:00:00+00:00,2025,long_baseline,B4_fold1,0.3,all,1,250.9679,16,6.37531732146
sar_scene,,,,,,,,,,,,,,,,,,,,,,,,fujairah_port_anchorage,2025-02-01 14:16:54+00:00,2000-02-01 00:00:00+00:00,2025,long_baseline,B4_fold1,0.3,all,1,325.3536,67,20.5929794537
sar_scene,,,,,,,,,,,,,,,,,,,,,,,,khor_fakkan_fujairah_adjacent_secondary_water,2025-02-01 14:16:54+00:00,2000-02-01 00:00:00+00:00,2025,long_baseline,B4_fold1,0.3,all,1,243.9654,48,19.6749211159
sar_scene,,,,,,,,,,,,,,,,,,,,,,,,bandar_abbas_port_approach,2025-02-01 14:17:19+00:00,2000-02-01 00:00:00+00:00,2025,long_baseline,B4_fold1,0.3,all,1,305.8124,58,18.9658758114
sar_scene,,,,,,,,,,,,,,,,,,,,,,,,strait_of_hormuz_transit_gate,2025-02-01 14:17:19+00:00,2000-02-01 00:00:00+00:00,2025,long_baseline,B4_fold1,0.3,all,1,186.2397,3,1.61082733703
sar_scene,,,,,,,,,,,,,,,,,,,,,,,,strait_of_hormuz_transit_gate,2025-02-04 02:07:06+00:00,2000-02-04 00:00:00+00:00,2025,long_baseline,B4_fold1,0.3,all,1,186.2397,2,1.07388489135
sar_scene,,,,,,,,,,,,,,,,,,,,,,,,fujairah_port_anchorage,2025-02-04 02:07:31+00:00,2000-02-04 00:00:00+00:00,2025,long_baseline,B4_fold1,0.3,all,1,325.3536,89,27.3548533042
sar_scene,,,,,,,,,,,,,,,,,,,,,,,,khor_fakkan_fujairah_adjacent_secondary_water,2025-02-04 02:07:31+00:00,2000-02-04 00:00:00+00:00,2025,long_baseline,B4_fold1,0.3,all,1,243.9654,62,25.4134397747
sar_scene,,,,,,,,,,,,,,,,,,,,,,,,sohar_port_anchorage,2025-02-04 02:07:31+00:00,2000-02-04 00:00:00+00:00,2025,long_baseline,B4_fold1,0.3,all,1,250.9679,27,10.75834798
sar_scene,,,,,,,,,,,,,,,,,,,,,,,,jebel_ali_port_waiting_area,2025-02-06 14:25:06+00:00,2000-02-06 00:00:00+00:00,2025,long_baseline,B4_fold1,0.3,all,1,250.5412,12,4.78963140593
sar_scene,,,,,,,,,,,,,,,,,,,,,,,,bandar_abbas_port_approach,2025-02-09 02:15:21+00:00,2000-02-09 00:00:00+00:00,2025,long_baseline,B4_fold1,0.3,all,0.999205395203,305.5694,55,17.9991844733
sar_scene,,,,,,,,,,,,,,,,,,,,,,,,strait_of_hormuz_transit_gate,2025-02-09 02:15:21+00:00,2000-02-09 00:00:00+00:00,2025,long_baseline,B4_fold1,0.3,all,1,186.2397,5,2.68471222838
sar_scene,,,,,,,,,,,,,,,,,,,,,,,,fujairah_port_anchorage,2025-02-09 02:15:46+00:00,2000-02-09 00:00:00+00:00,2025,long_baseline,B4_fold1,0.3,all,0.973664652858,316.7853,53,16.7305743038
sar_scene,,,,,,,,,,,,,,,,,,,,,,,,jebel_ali_port_waiting_area,2025-02-09 02:15:46+00:00,2000-02-09 00:00:00+00:00,2025,long_baseline,B4_fold1,0.3,all,1,250.5412,4,1.59654380198
sar_scene,,,,,,,,,,,,,,,,,,,,,,,,khor_fakkan_fujairah_adjacent_secondary_water,2025-02-09 02:15:46+00:00,2000-02-09 00:00:00+00:00,2025,long_baseline,B4_fold1,0.3,all,0.98715022704,240.8305,47,19.5158005319
sar_scene,,,,,,,,,,,,,,,,,,,,,,,,sohar_port_anchorage,2025-02-13 14:16:29+00:00,2000-02-13 00:00:00+00:00,2025,long_baseline,B4_fold1,0.3,all,1,250.9679,20,7.96914665182
sar_scene,,,,,,,,,,,,,,,,,,,,,,,,fujairah_port_anchorage,2025-02-13 14:16:54+00:00,2000-02-13 00:00:00+00:00,2025,long_baseline,B4_fold1,0.3,all,1,325.3536,61,18.74883204
sar_scene,,,,,,,,,,,,,,,,,,,,,,,,khor_fakkan_fujairah_adjacent_secondary_water,2025-02-13 14:16:54+00:00,2000-02-13 00:00:00+00:00,2025,long_baseline,B4_fold1,0.3,all,1,243.9654,52,21.3144978755
sar_scene,,,,,,,,,,,,,,,,,,,,,,,,bandar_abbas_port_approach,2025-02-13 14:17:19+00:00,2000-02-13 00:00:00+00:00,2025,long_baseline,B4_fold1,0.3,all,1,305.8124,58,18.9658758114
sar_scene,,,,,,,,,,,,,,,,,,,,,,,,strait_of_hormuz_transit_gate,2025-02-13 14:17:19+00:00,2000-02-13 00:00:00+00:00,2025,long_baseline,B4_fold1,0.3,all,1,186.2397,1,0.536942445676
sar_scene,,,,,,,,,,,,,,,,,,,,,,,,strait_of_hormuz_transit_gate,2025-02-16 02:07:06+00:00,2000-02-16 00:00:00+00:00,2025,long_baseline,B4_fold1,0.3,all,1,186.2397,1,0.536942445676
sar_scene,,,,,,,,,,,,,,,,,,,,,,,,fujairah_port_anchorage,2025-02-16 02:07:31+00:00,2000-02-16 00:00:00+00:00,2025,long_baseline,B4_fold1,0.3,all,1,325.3536,58,17.8267583331
sar_scene,,,,,,,,,,,,,,,,,,,,,,,,khor_fakkan_fujairah_adjacent_secondary_water,2025-02-16 02:07:31+00:00,2000-02-16 00:00:00+00:00,2025,long_baseline,B4_fold1,0.3,all,1,243.9654,57,23.3639688251
sar_scene,,,,,,,,,,,,,,,,,,,,,,,,sohar_port_anchorage,2025-02-16 02:07:31+00:00,2000-02-16 00:00:00+00:00,2025,long_baseline,B4_fold1,0.3,all,1,250.9679,19,7.57068931923
sar_scene,,,,,,,,,,,,,,,,,,,,,,,,jebel_ali_port_waiting_area,2025-02-18 14:25:06+00:00,2000-02-18 00:00:00+00:00,2025,long_baseline,B4_fold1,0.3,all,1,250.5412,13,5.18876735643
sar_scene,,,,,,,,,,,,,,,,,,,,,,,,bandar_abbas_port_approach,2025-02-21 02:15:20+00:00,2000-02-21 00:00:00+00:00,2025,long_baseline,B4_fold1,0.3,all,0.999355160222,305.6152,55,17.9964870857
sar_scene,,,,,,,,,,,,,,,,,,,,,,,,strait_of_hormuz_transit_gate,2025-02-21 02:15:20+00:00,2000-02-21 00:00:00+00:00,2025,long_baseline,B4_fold1,0.3,all,1,186.2397,1,0.536942445676
sar_scene,,,,,,,,,,,,,,,,,,,,,,,,fujairah_port_anchorage,2025-02-21 02:15:45+00:00,2000-02-21 00:00:00+00:00,2025,long_baseline,B4_fold1,0.3,all,0.980130541048,318.889,55,17.24738075
sar_scene,,,,,,,,,,,,,,,,,,,,,,,,jebel_ali_port_waiting_area,2025-02-21 02:15:45+00:00,2000-02-21 00:00:00+00:00,2025,long_baseline,B4_fold1,0.3,all,1,250.5412,17,6.7853111584
sar_scene,,,,,,,,,,,,,,,,,,,,,,,,khor_fakkan_fujairah_adjacent_secondary_water,2025-02-21 02:15:45+00:00,2000-02-21 00:00:00+00:00,2025,long_baseline,B4_fold1,0.3,all,0.987867541873,241.0055,51,21.1613427909
sar_scene,,,,,,,,,,,,,,,,,,,,,,,,sohar_port_anchorage,2025-02-25 14:16:29+00:00,2000-02-25 00:00:00+00:00,2025,long_baseline,B4_fold1,0.3,all,1,250.9679,17,6.77377465405
sar_scene,,,,,,,,,,,,,,,,,,,,,,,,fujairah_port_anchorage,2025-02-25 14:16:54+00:00,2000-02-25 00:00:00+00:00,2025,long_baseline,B4_fold1,0.3,all,1,325.3536,73,22.4371268675
sar_scene,,,,,,,,,,,,,,,,,,,,,,,,khor_fakkan_fujairah_adjacent_secondary_water,2025-02-25 14:16:54+00:00,2000-02-25 00:00:00+00:00,2025,long_baseline,B4_fold1,0.3,all,1,243.9654,42,17.2155559764
sar_scene,,,,,,,,,,,,,,,,,,,,,,,,bandar_abbas_port_approach,2025-02-25 14:17:19+00:00,2000-02-25 00:00:00+00:00,2025,long_baseline,B4_fold1,0.3,all,1,305.8124,68,22.2358543996
sar_scene,,,,,,,,,,,,,,,,,,,,,,,,strait_of_hormuz_transit_gate,2025-02-25 14:17:19+00:00,2000-02-25 00:00:00+00:00,2025,long_baseline,B4_fold1,0.3,all,1,186.2397,1,0.536942445676
sar_scene,,,,,,,,,,,,,,,,,,,,,,,,strait_of_hormuz_transit_gate,2025-02-28 02:07:05+00:00,2000-02-28 00:00:00+00:00,2025,long_baseline,B4_fold1,0.3,all,1,186.2397,1,0.536942445676
sar_scene,,,,,,,,,,,,,,,,,,,,,,,,fujairah_port_anchorage,2025-02-28 02:07:30+00:00,2000-02-28 00:00:00+00:00,2025,long_baseline,B4_fold1,0.3,all,1,325.3536,77,23.6665584767
sar_scene,,,,,,,,,,,,,,,,,,,,,,,,khor_fakkan_fujairah_adjacent_secondary_water,2025-02-28 02:07:30+00:00,2000-02-28 00:00:00+00:00,2025,long_baseline,B4_fold1,0.3,all,1,243.9654,55,22.5441804453
sar_scene,,,,,,,,,,,,,,,,,,,,,,,,sohar_port_anchorage,2025-02-28 02:07:30+00:00,2000-02-28 00:00:00+00:00,2025,long_baseline,B4_fold1,0.3,all,1,250.9679,30,11.9537199777
sar_scene,,,,,,,,,,,,,,,,,,,,,,,,jebel_ali_port_waiting_area,2025-03-02 14:25:06+00:00,2000-03-02 00:00:00+00:00,2025,early,B4_fold1,0.3,all,1,250.5412,15,5.98703925742
sar_scene,,,,,,,,,,,,,,,,,,,,,,,,bandar_abbas_port_approach,2025-03-05 02:15:20+00:00,2000-03-05 00:00:00+00:00,2025,early,B4_fold1,0.3,all,0.999388841002,305.6255,62,20.2862653803
sar_scene,,,,,,,,,,,,,,,,,,,,,,,,strait_of_hormuz_transit_gate,2025-03-05 02:15:20+00:00,2000-03-05 00:00:00+00:00,2025,early,B4_fold1,0.3,all,1,186.2397,0,0
sar_scene,,,,,,,,,,,,,,,,,,,,,,,,fujairah_port_anchorage,2025-03-05 02:15:45+00:00,2000-03-05 00:00:00+00:00,2025,early,B4_fold1,0.3,all,0.980088125658,318.8752,54,16.9345248549
sar_scene,,,,,,,,,,,,,,,,,,,,,,,,jebel_ali_port_waiting_area,2025-03-05 02:15:45+00:00,2000-03-05 00:00:00+00:00,2025,early,B4_fold1,0.3,all,1,250.5412,14,5.58790330692
sar_scene,,,,,,,,,,,,,,,,,,,,,,,,khor_fakkan_fujairah_adjacent_secondary_water,2025-03-05 02:15:45+00:00,2000-03-05 00:00:00+00:00,2025,early,B4_fold1,0.3,all,0.987993379389,241.0362,37,15.350391352
sar_scene,,,,,,,,,,,,,,,,,,,,,,,,sohar_port_anchorage,2025-03-09 14:16:29+00:00,2000-03-09 00:00:00+00:00,2025,early,B4_fold1,0.3,all,1,250.9679,16,6.37531732146
sar_scene,,,,,,,,,,,,,,,,,,,,,,,,fujairah_port_anchorage,2025-03-09 14:16:54+00:00,2000-03-09 00:00:00+00:00,2025,early,B4_fold1,0.3,all,1,325.3536,61,18.74883204
sar_scene,,,,,,,,,,,,,,,,,,,,,,,,khor_fakkan_fujairah_adjacent_secondary_water,2025-03-09 14:16:54+00:00,2000-03-09 00:00:00+00:00,2025,early,B4_fold1,0.3,all,1,243.9654,47,19.2650269259
sar_scene,,,,,,,,,,,,,,,,,,,,,,,,bandar_abbas_port_approach,2025-03-09 14:17:19+00:00,2000-03-09 00:00:00+00:00,2025,early,B4_fold1,0.3,all,1,305.8124,68,22.2358543996
sar_scene,,,,,,,,,,,,,,,,,,,,,,,,strait_of_hormuz_transit_gate,2025-03-09 14:17:19+00:00,2000-03-09 00:00:00+00:00,2025,early,B4_fold1,0.3,all,1,186.2397,1,0.536942445676
sar_scene,,,,,,,,,,,,,,,,,,,,,,,,strait_of_hormuz_transit_gate,2025-03-12 02:07:05+00:00,2000-03-12 00:00:00+00:00,2025,early,B4_fold1,0.3,all,1,186.2397,3,1.61082733703
sar_scene,,,,,,,,,,,,,,,,,,,,,,,,fujairah_port_anchorage,2025-03-12 02:07:30+00:00,2000-03-12 00:00:00+00:00,2025,early,B4_fold1,0.3,all,1,325.3536,70,21.5150531606
sar_scene,,,,,,,,,,,,,,,,,,,,,,,,khor_fakkan_fujairah_adjacent_secondary_water,2025-03-12 02:07:30+00:00,2000-03-12 00:00:00+00:00,2025,early,B4_fold1,0.3,all,1,243.9654,49,20.0848153058
sar_scene,,,,,,,,,,,,,,,,,,,,,,,,sohar_port_anchorage,2025-03-12 02:07:30+00:00,2000-03-12 00:00:00+00:00,2025,early,B4_fold1,0.3,all,1,250.9679,19,7.57068931923
sar_scene,,,,,,,,,,,,,,,,,,,,,,,,jebel_ali_port_waiting_area,2025-03-14 14:25:06+00:00,2000-03-14 00:00:00+00:00,2025,early,B4_fold1,0.3,all,1,250.5412,10,3.99135950494
sar_scene,,,,,,,,,,,,,,,,,,,,,,,,bandar_abbas_port_approach,2025-03-17 02:15:20+00:00,2000-03-17 00:00:00+00:00,2025,F1,B4_fold1,0.3,all,0.999220110107,305.5739,77,25.1984871745
sar_scene,,,,,,,,,,,,,,,,,,,,,,,,strait_of_hormuz_transit_gate,2025-03-17 02:15:20+00:00,2000-03-17 00:00:00+00:00,2025,F1,B4_fold1,0.3,all,1,186.2397,3,1.61082733703
sar_scene,,,,,,,,,,,,,,,,,,,,,,,,fujairah_port_anchorage,2025-03-17 02:15:45+00:00,2000-03-17 00:00:00+00:00,2025,F1,B4_fold1,0.3,all,0.973980002065,316.8879,49,15.4628813533
sar_scene,,,,,,,,,,,,,,,,,,,,,,,,jebel_ali_port_waiting_area,2025-03-17 02:15:45+00:00,2000-03-17 00:00:00+00:00,2025,F1,B4_fold1,0.3,all,1,250.5412,13,5.18876735643
sar_scene,,,,,,,,,,,,,,,,,,,,,,,,khor_fakkan_fujairah_adjacent_secondary_water,2025-03-17 02:15:45+00:00,2000-03-17 00:00:00+00:00,2025,F1,B4_fold1,0.3,all,0.98719613519,240.8417,46,19.0996824885
sar_scene,,,,,,,,,,,,,,,,,,,,,,,,sohar_port_anchorage,2025-03-21 14:16:29+00:00,2000-03-21 00:00:00+00:00,2025,F1,B4_fold1,0.3,all,1,250.9679,17,6.77377465405
sar_scene,,,,,,,,,,,,,,,,,,,,,,,,fujairah_port_anchorage,2025-03-21 14:16:54+00:00,2000-03-21 00:00:00+00:00,2025,F1,B4_fold1,0.3,all,1,325.3536,71,21.8224110629
sar_scene,,,,,,,,,,,,,,,,,,,,,,,,khor_fakkan_fujairah_adjacent_secondary_water,2025-03-21 14:16:54+00:00,2000-03-21 00:00:00+00:00,2025,F1,B4_fold1,0.3,all,1,243.9654,49,20.0848153058
sar_scene,,,,,,,,,,,,,,,,,,,,,,,,bandar_abbas_port_approach,2025-03-21 14:17:19+00:00,2000-03-21 00:00:00+00:00,2025,F1,B4_fold1,0.3,all,1,305.8124,60,19.6198715291
sar_scene,,,,,,,,,,,,,,,,,,,,,,,,strait_of_hormuz_transit_gate,2025-03-21 14:17:19+00:00,2000-03-21 00:00:00+00:00,2025,F1,B4_fold1,0.3,all,1,186.2397,1,0.536942445676
sar_scene,,,,,,,,,,,,,,,,,,,,,,,,strait_of_hormuz_transit_gate,2025-03-24 02:07:06+00:00,2000-03-24 00:00:00+00:00,2025,F1,B4_fold1,0.3,all,1,186.2397,2,1.07388489135
sar_scene,,,,,,,,,,,,,,,,,,,,,,,,fujairah_port_anchorage,2025-03-24 02:07:31+00:00,2000-03-24 00:00:00+00:00,2025,F1,B4_fold1,0.3,all,1,325.3536,76,23.3592005744
sar_scene,,,,,,,,,,,,,,,,,,,,,,,,khor_fakkan_fujairah_adjacent_secondary_water,2025-03-24 02:07:31+00:00,2000-03-24 00:00:00+00:00,2025,F1,B4_fold1,0.3,all,1,243.9654,51,20.9046036856
sar_scene,,,,,,,,,,,,,,,,,,,,,,,,sohar_port_anchorage,2025-03-24 02:07:31+00:00,2000-03-24 00:00:00+00:00,2025,F1,B4_fold1,0.3,all,1,250.9679,14,5.57840265628
sar_scene,,,,,,,,,,,,,,,,,,,,,,,,jebel_ali_port_waiting_area,2025-03-26 14:25:06+00:00,2000-03-26 00:00:00+00:00,2025,F1,B4_fold1,0.3,all,1,250.5412,10,3.99135950494
sar_scene,,,,,,,,,,,,,,,,,,,,,,,,bandar_abbas_port_approach,2025-03-29 02:15:20+00:00,2000-03-29 00:00:00+00:00,2025,F2,B4_fold1,0.3,all,0.999146535588,305.5514,72,23.5639568334
sar_scene,,,,,,,,,,,,,,,,,,,,,,,,strait_of_hormuz_transit_gate,2025-03-29 02:15:20+00:00,2000-03-29 00:00:00+00:00,2025,F2,B4_fold1,0.3,all,1,186.2397,0,0
sar_scene,,,,,,,,,,,,,,,,,,,,,,,,fujairah_port_anchorage,2025-03-29 02:15:45+00:00,2000-03-29 00:00:00+00:00,2025,F2,B4_fold1,0.3,all,0.971176897997,315.9759,42,13.2921529775
sar_scene,,,,,,,,,,,,,,,,,,,,,,,,jebel_ali_port_waiting_area,2025-03-29 02:15:45+00:00,2000-03-29 00:00:00+00:00,2025,F2,B4_fold1,0.3,all,1,250.5412,11,4.39049545544
sar_scene,,,,,,,,,,,,,,,,,,,,,,,,khor_fakkan_fujairah_adjacent_secondary_water,2025-03-29 02:15:45+00:00,2000-03-29 00:00:00+00:00,2025,F2,B4_fold1,0.3,all,0.986967004338,240.7858,44,18.2735028395
sar_scene,,,,,,,,,,,,,,,,,,,,,,,,sohar_port_anchorage,2025-04-02 14:16:30+00:00,2000-04-02 00:00:00+00:00,2025,F2,B4_fold1,0.3,all,1,250.9679,25,9.96143331478
sar_scene,,,,,,,,,,,,,,,,,,,,,,,,fujairah_port_anchorage,2025-04-02 14:16:55+00:00,2000-04-02 00:00:00+00:00,2025,F2,B4_fold1,0.3,all,1,325.3536,69,21.2076952583
sar_scene,,,,,,,,,,,,,,,,,,,,,,,,khor_fakkan_fujairah_adjacent_secondary_water,2025-04-02 14:16:55+00:00,2000-04-02 00:00:00+00:00,2025,F2,B4_fold1,0.3,all,1,243.9654,43,17.6254501663
sar_scene,,,,,,,,,,,,,,,,,,,,,,,,bandar_abbas_port_approach,2025-04-02 14:17:20+00:00,2000-04-02 00:00:00+00:00,2025,F2,B4_fold1,0.3,all,1,305.8124,71,23.2168479761
sar_scene,,,,,,,,,,,,,,,,,,,,,,,,strait_of_hormuz_transit_gate,2025-04-02 14:17:20+00:00,2000-04-02 00:00:00+00:00,2025,F2,B4_fold1,0.3,all,1,186.2397,3,1.61082733703
sar_scene,,,,,,,,,,,,,,,,,,,,,,,,strait_of_hormuz_transit_gate,2025-04-05 02:07:06+00:00,2000-04-05 00:00:00+00:00,2025,F2,B4_fold1,0.3,all,1,186.2397,4,2.1477697827
sar_scene,,,,,,,,,,,,,,,,,,,,,,,,fujairah_port_anchorage,2025-04-05 02:07:31+00:00,2000-04-05 00:00:00+00:00,2025,F2,B4_fold1,0.3,all,1,325.3536,81,24.8959900859
sar_scene,,,,,,,,,,,,,,,,,,,,,,,,khor_fakkan_fujairah_adjacent_secondary_water,2025-04-05 02:07:31+00:00,2000-04-05 00:00:00+00:00,2025,F2,B4_fold1,0.3,all,1,243.9654,56,22.9540746352
sar_scene,,,,,,,,,,,,,,,,,,,,,,,,sohar_port_anchorage,2025-04-05 02:07:31+00:00,2000-04-05 00:00:00+00:00,2025,F2,B4_fold1,0.3,all,1,250.9679,15,5.97685998887
sar_scene,,,,,,,,,,,,,,,,,,,,,,,,jebel_ali_port_waiting_area,2025-04-07 14:25:06+00:00,2000-04-07 00:00:00+00:00,2025,F2,B4_fold1,0.3,all,1,250.5412,9,3.59222355445
sar_scene,,,,,,,,,,,,,,,,,,,,,,,,bandar_abbas_port_approach,2025-04-10 02:15:20+00:00,2000-04-10 00:00:00+00:00,2025,F2,B4_fold1,0.3,all,0.999167136454,305.5577,64,20.9453075475
sar_scene,,,,,,,,,,,,,,,,,,,,,,,,strait_of_hormuz_transit_gate,2025-04-10 02:15:20+00:00,2000-04-10 00:00:00+00:00,2025,F2,B4_fold1,0.3,all,1,186.2397,1,0.536942445676
sar_scene,,,,,,,,,,,,,,,,,,,,,,,,fujairah_port_anchorage,2025-04-10 02:15:45+00:00,2000-04-10 00:00:00+00:00,2025,F2,B4_fold1,0.3,all,0.974309182379,316.995,61,19.2432057288
sar_scene,,,,,,,,,,,,,,,,,,,,,,,,jebel_ali_port_waiting_area,2025-04-10 02:15:45+00:00,2000-04-10 00:00:00+00:00,2025,F2,B4_fold1,0.3,all,1,250.5412,12,4.78963140593
sar_scene,,,,,,,,,,,,,,,,,,,,,,,,khor_fakkan_fujairah_adjacent_secondary_water,2025-04-10 02:15:45+00:00,2000-04-10 00:00:00+00:00,2025,F2,B4_fold1,0.3,all,0.987043244657,240.8044,53,22.0095646093
sar_scene,,,,,,,,,,,,,,,,,,,,,,,,sohar_port_anchorage,2025-04-14 14:16:29+00:00,2000-04-14 00:00:00+00:00,2025,F3,B4_fold1,0.3,all,1,250.9679,30,11.9537199777
sar_scene,,,,,,,,,,,,,,,,,,,,,,,,fujairah_port_anchorage,2025-04-14 14:16:54+00:00,2000-04-14 00:00:00+00:00,2025,F3,B4_fold1,0.3,all,1,325.3536,70,21.5150531606
sar_scene,,,,,,,,,,,,,,,,,,,,,,,,khor_fakkan_fujairah_adjacent_secondary_water,2025-04-14 14:16:54+00:00,2000-04-14 00:00:00+00:00,2025,F3,B4_fold1,0.3,all,1,243.9654,61,25.0035455847
sar_scene,,,,,,,,,,,,,,,,,,,,,,,,bandar_abbas_port_approach,2025-04-14 14:17:19+00:00,2000-04-14 00:00:00+00:00,2025,F3,B4_fold1,0.3,all,1,305.8124,68,22.2358543996
sar_scene,,,,,,,,,,,,,,,,,,,,,,,,strait_of_hormuz_transit_gate,2025-04-14 14:17:19+00:00,2000-04-14 00:00:00+00:00,2025,F3,B4_fold1,0.3,all,1,186.2397,1,0.536942445676
sar_scene,,,,,,,,,,,,,,,,,,,,,,,,strait_of_hormuz_transit_gate,2025-04-17 02:07:06+00:00,2000-04-17 00:00:00+00:00,2025,F3,B4_fold1,0.3,all,1,186.2397,2,1.07388489135
sar_scene,,,,,,,,,,,,,,,,,,,,,,,,fujairah_port_anchorage,2025-04-17 02:07:31+00:00,2000-04-17 00:00:00+00:00,2025,F3,B4_fold1,0.3,all,1,325.3536,57,17.5194004308
sar_scene,,,,,,,,,,,,,,,,,,,,,,,,khor_fakkan_fujairah_adjacent_secondary_water,2025-04-17 02:07:31+00:00,2000-04-17 00:00:00+00:00,2025,F3,B4_fold1,0.3,all,1,243.9654,55,22.5441804453
sar_scene,,,,,,,,,,,,,,,,,,,,,,,,sohar_port_anchorage,2025-04-17 02:07:31+00:00,2000-04-17 00:00:00+00:00,2025,F3,B4_fold1,0.3,all,1,250.9679,18,7.17223198664
sar_scene,,,,,,,,,,,,,,,,,,,,,,,,jebel_ali_port_waiting_area,2025-04-19 14:25:06+00:00,2000-04-19 00:00:00+00:00,2025,F3,B4_fold1,0.3,all,1,250.5412,13,5.18876735643
sar_scene,,,,,,,,,,,,,,,,,,,,,,,,bandar_abbas_port_approach,2025-04-22 02:15:21+00:00,2000-04-22 00:00:00+00:00,2025,F3,B4_fold1,0.3,all,0.999253790886,305.5842,62,20.2890070887
sar_scene,,,,,,,,,,,,,,,,,,,,,,,,strait_of_hormuz_transit_gate,2025-04-22 02:15:21+00:00,2000-04-22 00:00:00+00:00,2025,F3,B4_fold1,0.3,all,1,186.2397,0,0
sar_scene,,,,,,,,,,,,,,,,,,,,,,,,fujairah_port_anchorage,2025-04-22 02:15:46+00:00,2000-04-22 00:00:00+00:00,2025,F3,B4_fold1,0.3,all,0.975877322396,317.5052,45,14.1729962218
sar_scene,,,,,,,,,,,,,,,,,,,,,,,,jebel_ali_port_waiting_area,2025-04-22 02:15:46+00:00,2000-04-22 00:00:00+00:00,2025,F3,B4_fold1,0.3,all,1,250.5412,19,7.58358305939
sar_scene,,,,,,,,,,,,,,,,,,,,,,,,khor_fakkan_fujairah_adjacent_secondary_water,2025-04-22 02:15:46+00:00,2000-04-22 00:00:00+00:00,2025,F3,B4_fold1,0.3,all,0.987337958579,240.8763,54,22.4181457453
sar_scene,,,,,,,,,,,,,,,,,,,,,,,,sohar_port_anchorage,2025-04-26 14:16:30+00:00,2000-04-26 00:00:00+00:00,2025,F4_tail,B4_fold1,0.3,all,1,250.9679,23,9.1645186496
sar_scene,,,,,,,,,,,,,,,,,,,,,,,,fujairah_port_anchorage,2025-04-26 14:16:55+00:00,2000-04-26 00:00:00+00:00,2025,F4_tail,B4_fold1,0.3,all,1,325.3536,73,22.4371268675
sar_scene,,,,,,,,,,,,,,,,,,,,,,,,khor_fakkan_fujairah_adjacent_secondary_water,2025-04-26 14:16:55+00:00,2000-04-26 00:00:00+00:00,2025,F4_tail,B4_fold1,0.3,all,1,243.9654,54,22.1342862553
sar_scene,,,,,,,,,,,,,,,,,,,,,,,,bandar_abbas_port_approach,2025-04-26 14:17:20+00:00,2000-04-26 00:00:00+00:00,2025,F4_tail,B4_fold1,0.3,all,1,305.8124,70,22.8898501173
sar_scene,,,,,,,,,,,,,,,,,,,,,,,,strait_of_hormuz_transit_gate,2025-04-26 14:17:20+00:00,2000-04-26 00:00:00+00:00,2025,F4_tail,B4_fold1,0.3,all,1,186.2397,1,0.536942445676
sar_scene,,,,,,,,,,,,,,,,,,,,,,,,strait_of_hormuz_transit_gate,2025-04-29 02:07:07+00:00,2000-04-29 00:00:00+00:00,2025,F4_tail,B4_fold1,0.3,all,1,186.2397,1,0.536942445676
sar_scene,,,,,,,,,,,,,,,,,,,,,,,,fujairah_port_anchorage,2025-04-29 02:07:32+00:00,2000-04-29 00:00:00+00:00,2025,F4_tail,B4_fold1,0.3,all,1,325.3536,74,22.7444847698
sar_scene,,,,,,,,,,,,,,,,,,,,,,,,khor_fakkan_fujairah_adjacent_secondary_water,2025-04-29 02:07:32+00:00,2000-04-29 00:00:00+00:00,2025,F4_tail,B4_fold1,0.3,all,1,243.9654,58,23.773863015
sar_scene,,,,,,,,,,,,,,,,,,,,,,,,sohar_port_anchorage,2025-04-29 02:07:32+00:00,2000-04-29 00:00:00+00:00,2025,F4_tail,B4_fold1,0.3,all,1,250.9679,25,9.96143331478
sar_scene,,,,,,,,,,,,,,,,,,,,,,,,jebel_ali_port_waiting_area,2025-05-01 14:25:07+00:00,2000-05-01 00:00:00+00:00,2025,May,B4_fold1,0.3,all,1,250.5412,18,7.1844471089
sar_scene,,,,,,,,,,,,,,,,,,,,,,,,bandar_abbas_port_approach,2025-05-04 02:15:21+00:00,2000-05-04 00:00:00+00:00,2025,May,B4_fold1,0.3,all,0.999139995631,305.5494,68,22.2549937915
sar_scene,,,,,,,,,,,,,,,,,,,,,,,,strait_of_hormuz_transit_gate,2025-05-04 02:15:21+00:00,2000-05-04 00:00:00+00:00,2025,May,B4_fold1,0.3,all,1,186.2397,2,1.07388489135
sar_scene,,,,,,,,,,,,,,,,,,,,,,,,fujairah_port_anchorage,2025-05-04 02:15:46+00:00,2000-05-04 00:00:00+00:00,2025,May,B4_fold1,0.3,all,0.973355450808,316.6847,62,19.5778324624
sar_scene,,,,,,,,,,,,,,,,,,,,,,,,jebel_ali_port_waiting_area,2025-05-04 02:15:46+00:00,2000-05-04 00:00:00+00:00,2025,May,B4_fold1,0.3,all,1,250.5412,13,5.18876735643
sar_scene,,,,,,,,,,,,,,,,,,,,,,,,khor_fakkan_fujairah_adjacent_secondary_water,2025-05-04 02:15:46+00:00,2000-05-04 00:00:00+00:00,2025,May,B4_fold1,0.3,all,0.986976841798,240.7882,45,18.6886234458
sar_scene,,,,,,,,,,,,,,,,,,,,,,,,sohar_port_anchorage,2025-05-08 14:16:30+00:00,2000-05-08 00:00:00+00:00,2025,May,B4_fold1,0.3,all,1,250.9679,20,7.96914665182
sar_scene,,,,,,,,,,,,,,,,,,,,,,,,fujairah_port_anchorage,2025-05-08 14:16:55+00:00,2000-05-08 00:00:00+00:00,2025,May,B4_fold1,0.3,all,1,325.3536,82,25.2033479882
sar_scene,,,,,,,,,,,,,,,,,,,,,,,,khor_fakkan_fujairah_adjacent_secondary_water,2025-05-08 14:16:55+00:00,2000-05-08 00:00:00+00:00,2025,May,B4_fold1,0.3,all,1,243.9654,65,26.6431223444
sar_scene,,,,,,,,,,,,,,,,,,,,,,,,bandar_abbas_port_approach,2025-05-08 14:17:20+00:00,2000-05-08 00:00:00+00:00,2025,May,B4_fold1,0.3,all,1,305.8124,53,17.3308865174
sar_scene,,,,,,,,,,,,,,,,,,,,,,,,strait_of_hormuz_transit_gate,2025-05-08 14:17:20+00:00,2000-05-08 00:00:00+00:00,2025,May,B4_fold1,0.3,all,1,186.2397,1,0.536942445676
sar_scene,,,,,,,,,,,,,,,,,,,,,,,,strait_of_hormuz_transit_gate,2025-05-11 02:07:06+00:00,2000-05-11 00:00:00+00:00,2025,May,B4_fold1,0.3,all,1,186.2397,3,1.61082733703
sar_scene,,,,,,,,,,,,,,,,,,,,,,,,fujairah_port_anchorage,2025-05-11 02:07:31+00:00,2000-05-11 00:00:00+00:00,2025,May,B4_fold1,0.3,all,1,325.3536,75,23.0518426721
sar_scene,,,,,,,,,,,,,,,,,,,,,,,,khor_fakkan_fujairah_adjacent_secondary_water,2025-05-11 02:07:31+00:00,2000-05-11 00:00:00+00:00,2025,May,B4_fold1,0.3,all,1,243.9654,62,25.4134397747
sar_scene,,,,,,,,,,,,,,,,,,,,,,,,sohar_port_anchorage,2025-05-11 02:07:31+00:00,2000-05-11 00:00:00+00:00,2025,May,B4_fold1,0.3,all,1,250.9679,26,10.3598906474
sar_scene,,,,,,,,,,,,,,,,,,,,,,,,jebel_ali_port_waiting_area,2025-05-13 14:25:06+00:00,2000-05-13 00:00:00+00:00,2025,May,B4_fold1,0.3,all,1,250.5412,13,5.18876735643
sar_scene,,,,,,,,,,,,,,,,,,,,,,,,bandar_abbas_port_approach,2025-05-16 02:15:20+00:00,2000-05-16 00:00:00+00:00,2025,May,B4_fold1,0.3,all,0.999015082449,305.5112,55,18.0026133248
sar_scene,,,,,,,,,,,,,,,,,,,,,,,,strait_of_hormuz_transit_gate,2025-05-16 02:15:20+00:00,2000-05-16 00:00:00+00:00,2025,May,B4_fold1,0.3,all,1,186.2397,1,0.536942445676
sar_scene,,,,,,,,,,,,,,,,,,,,,,,,fujairah_port_anchorage,2025-05-16 02:15:45+00:00,2000-05-16 00:00:00+00:00,2025,May,B4_fold1,0.3,all,0.971207941145,315.986,45,14.2411372656
sar_scene,,,,,,,,,,,,,,,,,,,,,,,,jebel_ali_port_waiting_area,2025-05-16 02:15:45+00:00,2000-05-16 00:00:00+00:00,2025,May,B4_fold1,0.3,all,1,250.5412,11,4.39049545544
sar_scene,,,,,,,,,,,,,,,,,,,,,,,,khor_fakkan_fujairah_adjacent_secondary_water,2025-05-16 02:15:45+00:00,2000-05-16 00:00:00+00:00,2025,May,B4_fold1,0.3,all,0.986659583695,240.7108,60,24.9261769725
sar_scene,,,,,,,,,,,,,,,,,,,,,,,,sohar_port_anchorage,2025-05-20 14:16:29+00:00,2000-05-20 00:00:00+00:00,2025,May,B4_fold1,0.3,all,1,250.9679,20,7.96914665182
sar_scene,,,,,,,,,,,,,,,,,,,,,,,,fujairah_port_anchorage,2025-05-20 14:16:54+00:00,2000-05-20 00:00:00+00:00,2025,May,B4_fold1,0.3,all,1,325.3536,76,23.3592005744
sar_scene,,,,,,,,,,,,,,,,,,,,,,,,khor_fakkan_fujairah_adjacent_secondary_water,2025-05-20 14:16:54+00:00,2000-05-20 00:00:00+00:00,2025,May,B4_fold1,0.3,all,1,243.9654,55,22.5441804453
sar_scene,,,,,,,,,,,,,,,,,,,,,,,,bandar_abbas_port_approach,2025-05-20 14:17:19+00:00,2000-05-20 00:00:00+00:00,2025,May,B4_fold1,0.3,all,1,305.8124,54,17.6578843762
sar_scene,,,,,,,,,,,,,,,,,,,,,,,,strait_of_hormuz_transit_gate,2025-05-20 14:17:19+00:00,2000-05-20 00:00:00+00:00,2025,May,B4_fold1,0.3,all,1,186.2397,1,0.536942445676
sar_scene,,,,,,,,,,,,,,,,,,,,,,,,strait_of_hormuz_transit_gate,2025-05-23 02:07:06+00:00,2000-05-23 00:00:00+00:00,2025,May,B4_fold1,0.3,all,1,186.2397,3,1.61082733703
sar_scene,,,,,,,,,,,,,,,,,,,,,,,,fujairah_port_anchorage,2025-05-23 02:07:31+00:00,2000-05-23 00:00:00+00:00,2025,May,B4_fold1,0.3,all,1,325.3536,71,21.8224110629
sar_scene,,,,,,,,,,,,,,,,,,,,,,,,khor_fakkan_fujairah_adjacent_secondary_water,2025-05-23 02:07:31+00:00,2000-05-23 00:00:00+00:00,2025,May,B4_fold1,0.3,all,1,243.9654,59,24.1837572049
sar_scene,,,,,,,,,,,,,,,,,,,,,,,,sohar_port_anchorage,2025-05-23 02:07:31+00:00,2000-05-23 00:00:00+00:00,2025,May,B4_fold1,0.3,all,1,250.9679,28,11.1568053126
sar_scene,,,,,,,,,,,,,,,,,,,,,,,,jebel_ali_port_waiting_area,2025-05-25 14:25:06+00:00,2000-05-25 00:00:00+00:00,2025,May,B4_fold1,0.3,all,1,250.5412,11,4.39049545544
sar_scene,,,,,,,,,,,,,,,,,,,,,,,,bandar_abbas_port_approach,2025-05-28 02:15:20+00:00,2000-05-28 00:00:00+00:00,2025,May,B4_fold1,0.3,all,0.999001348539,305.507,60,19.639484529
sar_scene,,,,,,,,,,,,,,,,,,,,,,,,strait_of_hormuz_transit_gate,2025-05-28 02:15:20+00:00,2000-05-28 00:00:00+00:00,2025,May,B4_fold1,0.3,all,1,186.2397,1,0.536942445676
sar_scene,,,,,,,,,,,,,,,,,,,,,,,,fujairah_port_anchorage,2025-05-28 02:15:45+00:00,2000-05-28 00:00:00+00:00,2025,May,B4_fold1,0.3,all,0.969825752658,315.5363,55,17.4306411021
sar_scene,,,,,,,,,,,,,,,,,,,,,,,,jebel_ali_port_waiting_area,2025-05-28 02:15:45+00:00,2000-05-28 00:00:00+00:00,2025,May,B4_fold1,0.3,all,1,250.5412,12,4.78963140593
sar_scene,,,,,,,,,,,,,,,,,,,,,,,,khor_fakkan_fujairah_adjacent_secondary_water,2025-05-28 02:15:45+00:00,2000-05-28 00:00:00+00:00,2025,May,B4_fold1,0.3,all,0.986571456444,240.6893,52,21.604616408
sar_scene,,,,,,,,,,,,,,,,,,,,,,,,sohar_port_anchorage,2025-06-01 14:16:29+00:00,2000-06-01 00:00:00+00:00,2025,June,B4_fold1,0.3,all,1,250.9679,23,9.1645186496
sar_scene,,,,,,,,,,,,,,,,,,,,,,,,fujairah_port_anchorage,2025-06-01 14:16:54+00:00,2000-06-01 00:00:00+00:00,2025,June,B4_fold1,0.3,all,1,325.3536,68,20.900337356
sar_scene,,,,,,,,,,,,,,,,,,,,,,,,khor_fakkan_fujairah_adjacent_secondary_water,2025-06-01 14:16:54+00:00,2000-06-01 00:00:00+00:00,2025,June,B4_fold1,0.3,all,1,243.9654,58,23.773863015
sar_scene,,,,,,,,,,,,,,,,,,,,,,,,bandar_abbas_port_approach,2025-06-01 14:17:19+00:00,2000-06-01 00:00:00+00:00,2025,June,B4_fold1,0.3,all,1,305.8124,62,20.2738672467
sar_scene,,,,,,,,,,,,,,,,,,,,,,,,strait_of_hormuz_transit_gate,2025-06-01 14:17:19+00:00,2000-06-01 00:00:00+00:00,2025,June,B4_fold1,0.3,all,1,186.2397,2,1.07388489135
sar_scene,,,,,,,,,,,,,,,,,,,,,,,,strait_of_hormuz_transit_gate,2025-06-04 02:07:05+00:00,2000-06-04 00:00:00+00:00,2025,June,B4_fold1,0.3,all,1,186.2397,1,0.536942445676
sar_scene,,,,,,,,,,,,,,,,,,,,,,,,fujairah_port_anchorage,2025-06-04 02:07:30+00:00,2000-06-04 00:00:00+00:00,2025,June,B4_fold1,0.3,all,1,325.3536,58,17.8267583331
sar_scene,,,,,,,,,,,,,,,,,,,,,,,,khor_fakkan_fujairah_adjacent_secondary_water,2025-06-04 02:07:30+00:00,2000-06-04 00:00:00+00:00,2025,June,B4_fold1,0.3,all,1,243.9654,56,22.9540746352
sar_scene,,,,,,,,,,,,,,,,,,,,,,,,sohar_port_anchorage,2025-06-04 02:07:30+00:00,2000-06-04 00:00:00+00:00,2025,June,B4_fold1,0.3,all,1,250.9679,25,9.96143331478
sar_scene,,,,,,,,,,,,,,,,,,,,,,,,jebel_ali_port_waiting_area,2025-06-06 14:25:05+00:00,2000-06-06 00:00:00+00:00,2025,June,B4_fold1,0.3,all,1,250.5412,12,4.78963140593
sar_scene,,,,,,,,,,,,,,,,,,,,,,,,bandar_abbas_port_approach,2025-06-09 02:15:19+00:00,2000-06-09 00:00:00+00:00,2025,June,B4_fold1,0.3,all,0.998956222835,305.4932,61,19.9677112289
sar_scene,,,,,,,,,,,,,,,,,,,,,,,,strait_of_hormuz_transit_gate,2025-06-09 02:15:19+00:00,2000-06-09 00:00:00+00:00,2025,June,B4_fold1,0.3,all,1,186.2397,3,1.61082733703
sar_scene,,,,,,,,,,,,,,,,,,,,,,,,fujairah_port_anchorage,2025-06-09 02:15:44+00:00,2000-06-09 00:00:00+00:00,2025,June,B4_fold1,0.3,all,0.96817124507,314.998,57,18.0953529864
sar_scene,,,,,,,,,,,,,,,,,,,,,,,,jebel_ali_port_waiting_area,2025-06-09 02:15:44+00:00,2000-06-09 00:00:00+00:00,2025,June,B4_fold1,0.3,all,1,250.5412,6,2.39481570297
sar_scene,,,,,,,,,,,,,,,,,,,,,,,,khor_fakkan_fujairah_adjacent_secondary_water,2025-06-09 02:15:44+00:00,2000-06-09 00:00:00+00:00,2025,June,B4_fold1,0.3,all,0.98644971787,240.6596,58,24.1004306498
sar_scene,,,,,,,,,,,,,,,,,,,,,,,,strait_of_hormuz_transit_gate,2025-06-16 02:07:04+00:00,2000-06-16 00:00:00+00:00,2025,June,B4_fold1,0.3,all,1,186.2397,4,2.1477697827
sar_scene,,,,,,,,,,,,,,,,,,,,,,,,fujairah_port_anchorage,2025-06-16 02:07:29+00:00,2000-06-16 00:00:00+00:00,2025,June,B4_fold1,0.3,all,1,325.3536,66,20.2856215514
sar_scene,,,,,,,,,,,,,,,,,,,,,,,,khor_fakkan_fujairah_adjacent_secondary_water,2025-06-16 02:07:29+00:00,2000-06-16 00:00:00+00:00,2025,June,B4_fold1,0.3,all,1,243.9654,49,20.0848153058
sar_scene,,,,,,,,,,,,,,,,,,,,,,,,sohar_port_anchorage,2025-06-16 02:07:29+00:00,2000-06-16 00:00:00+00:00,2025,June,B4_fold1,0.3,all,1,250.9679,24,9.56297598219
sar_scene,,,,,,,,,,,,,,,,,,,,,,,,jebel_ali_port_waiting_area,2025-06-18 14:25:04+00:00,2000-06-18 00:00:00+00:00,2025,June,B4_fold1,0.3,all,1,250.5412,10,3.99135950494
sar_scene,,,,,,,,,,,,,,,,,,,,,,,,bandar_abbas_port_approach,2025-06-21 02:15:19+00:00,2000-06-21 00:00:00+00:00,2025,June,B4_fold1,0.3,all,0.999006253507,305.5085,66,21.6033269123
sar_scene,,,,,,,,,,,,,,,,,,,,,,,,strait_of_hormuz_transit_gate,2025-06-21 02:15:19+00:00,2000-06-21 00:00:00+00:00,2025,June,B4_fold1,0.3,all,1,186.2397,2,1.07388489135
sar_scene,,,,,,,,,,,,,,,,,,,,,,,,fujairah_port_anchorage,2025-06-21 02:15:44+00:00,2000-06-21 00:00:00+00:00,2025,June,B4_fold1,0.3,all,0.970301235333,315.691,44,13.9376795664
sar_scene,,,,,,,,,,,,,,,,,,,,,,,,jebel_ali_port_waiting_area,2025-06-21 02:15:44+00:00,2000-06-21 00:00:00+00:00,2025,June,B4_fold1,0.3,all,1,250.5412,9,3.59222355445
sar_scene,,,,,,,,,,,,,,,,,,,,,,,,khor_fakkan_fujairah_adjacent_secondary_water,2025-06-21 02:15:44+00:00,2000-06-21 00:00:00+00:00,2025,June,B4_fold1,0.3,all,0.986625152583,240.7024,51,21.1879898165
sar_scene,,,,,,,,,,,,,,,,,,,,,,,,sohar_port_anchorage,2025-06-25 14:16:27+00:00,2000-06-25 00:00:00+00:00,2025,June,B4_fold1,0.3,all,1,250.9679,26,10.3598906474
sar_scene,,,,,,,,,,,,,,,,,,,,,,,,fujairah_port_anchorage,2025-06-25 14:16:52+00:00,2000-06-25 00:00:00+00:00,2025,June,B4_fold1,0.3,all,1,325.3536,84,25.8180637927
sar_scene,,,,,,,,,,,,,,,,,,,,,,,,khor_fakkan_fujairah_adjacent_secondary_water,2025-06-25 14:16:52+00:00,2000-06-25 00:00:00+00:00,2025,June,B4_fold1,0.3,all,1,243.9654,67,27.4629107242
sar_scene,,,,,,,,,,,,,,,,,,,,,,,,bandar_abbas_port_approach,2025-06-25 14:17:17+00:00,2000-06-25 00:00:00+00:00,2025,June,B4_fold1,0.3,all,1,305.8124,64,20.9278629644
sar_scene,,,,,,,,,,,,,,,,,,,,,,,,strait_of_hormuz_transit_gate,2025-06-25 14:17:17+00:00,2000-06-25 00:00:00+00:00,2025,June,B4_fold1,0.3,all,1,186.2397,1,0.536942445676
sar_scene,,,,,,,,,,,,,,,,,,,,,,,,strait_of_hormuz_transit_gate,2025-06-28 02:07:04+00:00,2000-06-28 00:00:00+00:00,2025,June,B4_fold1,0.3,all,1,186.2397,1,0.536942445676
sar_scene,,,,,,,,,,,,,,,,,,,,,,,,fujairah_port_anchorage,2025-06-28 02:07:29+00:00,2000-06-28 00:00:00+00:00,2025,June,B4_fold1,0.3,all,1,325.3536,61,18.74883204
sar_scene,,,,,,,,,,,,,,,,,,,,,,,,khor_fakkan_fujairah_adjacent_secondary_water,2025-06-28 02:07:29+00:00,2000-06-28 00:00:00+00:00,2025,June,B4_fold1,0.3,all,1,243.9654,64,26.2332281545
sar_scene,,,,,,,,,,,,,,,,,,,,,,,,sohar_port_anchorage,2025-06-28 02:07:29+00:00,2000-06-28 00:00:00+00:00,2025,June,B4_fold1,0.3,all,1,250.9679,30,11.9537199777
sar_scene,,,,,,,,,,,,,,,,,,,,,,,,jebel_ali_port_waiting_area,2025-06-30 14:25:04+00:00,2000-06-30 00:00:00+00:00,2025,June,B4_fold1,0.3,all,1,250.5412,12,4.78963140593
sar_scene,,,,,,,,,,,,,,,,,,,,,,,,sohar_port_anchorage,2026-01-03 14:16:21+00:00,2000-01-03 00:00:00+00:00,2026,long_baseline,B4_fold1,0.3,all,1,250.9679,13,5.17994532368
sar_scene,,,,,,,,,,,,,,,,,,,,,,,,fujairah_port_anchorage,2026-01-03 14:16:46+00:00,2000-01-03 00:00:00+00:00,2026,long_baseline,B4_fold1,0.3,all,1,325.3536,59,18.1341162354
sar_scene,,,,,,,,,,,,,,,,,,,,,,,,khor_fakkan_fujairah_adjacent_secondary_water,2026-01-03 14:16:46+00:00,2000-01-03 00:00:00+00:00,2026,long_baseline,B4_fold1,0.3,all,1,243.9654,50,20.4947094957
sar_scene,,,,,,,,,,,,,,,,,,,,,,,,bandar_abbas_port_approach,2026-01-03 14:17:11+00:00,2000-01-03 00:00:00+00:00,2026,long_baseline,B4_fold1,0.3,all,1,305.8124,60,19.6198715291
sar_scene,,,,,,,,,,,,,,,,,,,,,,,,strait_of_hormuz_transit_gate,2026-01-03 14:17:11+00:00,2000-01-03 00:00:00+00:00,2026,long_baseline,B4_fold1,0.3,all,1,186.2397,1,0.536942445676
sar_scene,,,,,,,,,,,,,,,,,,,,,,,,strait_of_hormuz_transit_gate,2026-01-06 02:06:57+00:00,2000-01-06 00:00:00+00:00,2026,long_baseline,B4_fold1,0.3,all,1,186.2397,1,0.536942445676
sar_scene,,,,,,,,,,,,,,,,,,,,,,,,fujairah_port_anchorage,2026-01-06 02:07:22+00:00,2000-01-06 00:00:00+00:00,2026,long_baseline,B4_fold1,0.3,all,1,325.3536,62,19.0561899423
sar_scene,,,,,,,,,,,,,,,,,,,,,,,,khor_fakkan_fujairah_adjacent_secondary_water,2026-01-06 02:07:22+00:00,2000-01-06 00:00:00+00:00,2026,long_baseline,B4_fold1,0.3,all,1,243.9654,55,22.5441804453
sar_scene,,,,,,,,,,,,,,,,,,,,,,,,sohar_port_anchorage,2026-01-06 02:07:22+00:00,2000-01-06 00:00:00+00:00,2026,long_baseline,B4_fold1,0.3,all,1,250.9679,17,6.77377465405
sar_scene,,,,,,,,,,,,,,,,,,,,,,,,jebel_ali_port_waiting_area,2026-01-08 14:24:57+00:00,2000-01-08 00:00:00+00:00,2026,long_baseline,B4_fold1,0.3,all,1,250.5412,15,5.98703925742
sar_scene,,,,,,,,,,,,,,,,,,,,,,,,bandar_abbas_port_approach,2026-01-11 02:15:11+00:00,2000-01-11 00:00:00+00:00,2026,long_baseline,B4_fold1,0.3,all,0.999335540351,305.6092,64,20.9417779308
sar_scene,,,,,,,,,,,,,,,,,,,,,,,,strait_of_hormuz_transit_gate,2026-01-11 02:15:11+00:00,2000-01-11 00:00:00+00:00,2026,long_baseline,B4_fold1,0.3,all,1,186.2397,3,1.61082733703
sar_scene,,,,,,,,,,,,,,,,,,,,,,,,fujairah_port_anchorage,2026-01-11 02:15:36+00:00,2000-01-11 00:00:00+00:00,2026,long_baseline,B4_fold1,0.3,all,0.976566111455,317.7293,56,17.6250663694
sar_scene,,,,,,,,,,,,,,,,,,,,,,,,jebel_ali_port_waiting_area,2026-01-11 02:15:36+00:00,2000-01-11 00:00:00+00:00,2026,long_baseline,B4_fold1,0.3,all,1,250.5412,11,4.39049545544
sar_scene,,,,,,,,,,,,,,,,,,,,,,,,khor_fakkan_fujairah_adjacent_secondary_water,2026-01-11 02:15:36+00:00,2000-01-11 00:00:00+00:00,2026,long_baseline,B4_fold1,0.3,all,0.98764906827,240.9522,44,18.2608832789
sar_scene,,,,,,,,,,,,,,,,,,,,,,,,sohar_port_anchorage,2026-01-15 14:16:20+00:00,2000-01-15 00:00:00+00:00,2026,long_baseline,B4_fold1,0.3,all,1,250.9679,23,9.1645186496
sar_scene,,,,,,,,,,,,,,,,,,,,,,,,fujairah_port_anchorage,2026-01-15 14:16:45+00:00,2000-01-15 00:00:00+00:00,2026,long_baseline,B4_fold1,0.3,all,1,325.3536,58,17.8267583331
sar_scene,,,,,,,,,,,,,,,,,,,,,,,,khor_fakkan_fujairah_adjacent_secondary_water,2026-01-15 14:16:45+00:00,2000-01-15 00:00:00+00:00,2026,long_baseline,B4_fold1,0.3,all,1,243.9654,43,17.6254501663
sar_scene,,,,,,,,,,,,,,,,,,,,,,,,bandar_abbas_port_approach,2026-01-15 14:17:10+00:00,2000-01-15 00:00:00+00:00,2026,long_baseline,B4_fold1,0.3,all,1,305.8124,63,20.6008651055
sar_scene,,,,,,,,,,,,,,,,,,,,,,,,strait_of_hormuz_transit_gate,2026-01-15 14:17:10+00:00,2000-01-15 00:00:00+00:00,2026,long_baseline,B4_fold1,0.3,all,1,186.2397,2,1.07388489135
sar_scene,,,,,,,,,,,,,,,,,,,,,,,,strait_of_hormuz_transit_gate,2026-01-18 02:06:56+00:00,2000-01-18 00:00:00+00:00,2026,long_baseline,B4_fold1,0.3,all,1,186.2397,1,0.536942445676
sar_scene,,,,,,,,,,,,,,,,,,,,,,,,fujairah_port_anchorage,2026-01-18 02:07:21+00:00,2000-01-18 00:00:00+00:00,2026,long_baseline,B4_fold1,0.3,all,1,325.3536,78,23.973916379
sar_scene,,,,,,,,,,,,,,,,,,,,,,,,khor_fakkan_fujairah_adjacent_secondary_water,2026-01-18 02:07:21+00:00,2000-01-18 00:00:00+00:00,2026,long_baseline,B4_fold1,0.3,all,1,243.9654,48,19.6749211159
sar_scene,,,,,,,,,,,,,,,,,,,,,,,,sohar_port_anchorage,2026-01-18 02:07:21+00:00,2000-01-18 00:00:00+00:00,2026,long_baseline,B4_fold1,0.3,all,1,250.9679,26,10.3598906474
sar_scene,,,,,,,,,,,,,,,,,,,,,,,,jebel_ali_port_waiting_area,2026-01-20 14:24:56+00:00,2000-01-20 00:00:00+00:00,2026,long_baseline,B4_fold1,0.3,all,1,250.5412,14,5.58790330692
sar_scene,,,,,,,,,,,,,,,,,,,,,,,,bandar_abbas_port_approach,2026-01-23 02:15:10+00:00,2000-01-23 00:00:00+00:00,2026,long_baseline,B4_fold1,0.3,all,0.999417289816,305.6342,54,17.6681798045
sar_scene,,,,,,,,,,,,,,,,,,,,,,,,strait_of_hormuz_transit_gate,2026-01-23 02:15:10+00:00,2000-01-23 00:00:00+00:00,2026,long_baseline,B4_fold1,0.3,all,1,186.2397,0,0
sar_scene,,,,,,,,,,,,,,,,,,,,,,,,fujairah_port_anchorage,2026-01-23 02:15:35+00:00,2000-01-23 00:00:00+00:00,2026,long_baseline,B4_fold1,0.3,all,0.980158510617,318.8981,59,18.5012077526
sar_scene,,,,,,,,,,,,,,,,,,,,,,,,jebel_ali_port_waiting_area,2026-01-23 02:15:35+00:00,2000-01-23 00:00:00+00:00,2026,long_baseline,B4_fold1,0.3,all,1,250.5412,11,4.39049545544
sar_scene,,,,,,,,,,,,,,,,,,,,,,,,khor_fakkan_fujairah_adjacent_secondary_water,2026-01-23 02:15:35+00:00,2000-01-23 00:00:00+00:00,2026,long_baseline,B4_fold1,0.3,all,0.987990100236,241.0354,60,24.8926091354
sar_scene,,,,,,,,,,,,,,,,,,,,,,,,sohar_port_anchorage,2026-01-27 14:16:19+00:00,2000-01-27 00:00:00+00:00,2026,long_baseline,B4_fold1,0.3,all,1,250.9679,27,10.75834798
sar_scene,,,,,,,,,,,,,,,,,,,,,,,,fujairah_port_anchorage,2026-01-27 14:16:44+00:00,2000-01-27 00:00:00+00:00,2026,long_baseline,B4_fold1,0.3,all,1,325.3536,70,21.5150531606
sar_scene,,,,,,,,,,,,,,,,,,,,,,,,khor_fakkan_fujairah_adjacent_secondary_water,2026-01-27 14:16:44+00:00,2000-01-27 00:00:00+00:00,2026,long_baseline,B4_fold1,0.3,all,1,243.9654,44,18.0353443562
sar_scene,,,,,,,,,,,,,,,,,,,,,,,,bandar_abbas_port_approach,2026-01-27 14:17:09+00:00,2000-01-27 00:00:00+00:00,2026,long_baseline,B4_fold1,0.3,all,1,305.8124,76,24.8518372702
sar_scene,,,,,,,,,,,,,,,,,,,,,,,,strait_of_hormuz_transit_gate,2026-01-27 14:17:09+00:00,2000-01-27 00:00:00+00:00,2026,long_baseline,B4_fold1,0.3,all,1,186.2397,3,1.61082733703
sar_scene,,,,,,,,,,,,,,,,,,,,,,,,strait_of_hormuz_transit_gate,2026-01-30 02:06:56+00:00,2000-01-30 00:00:00+00:00,2026,long_baseline,B4_fold1,0.3,all,1,186.2397,3,1.61082733703
sar_scene,,,,,,,,,,,,,,,,,,,,,,,,fujairah_port_anchorage,2026-01-30 02:07:21+00:00,2000-01-30 00:00:00+00:00,2026,long_baseline,B4_fold1,0.3,all,1,325.3536,81,24.8959900859
sar_scene,,,,,,,,,,,,,,,,,,,,,,,,khor_fakkan_fujairah_adjacent_secondary_water,2026-01-30 02:07:21+00:00,2000-01-30 00:00:00+00:00,2026,long_baseline,B4_fold1,0.3,all,1,243.9654,48,19.6749211159
sar_scene,,,,,,,,,,,,,,,,,,,,,,,,sohar_port_anchorage,2026-01-30 02:07:21+00:00,2000-01-30 00:00:00+00:00,2026,long_baseline,B4_fold1,0.3,all,1,250.9679,17,6.77377465405
sar_scene,,,,,,,,,,,,,,,,,,,,,,,,jebel_ali_port_waiting_area,2026-02-01 14:24:56+00:00,2000-02-01 00:00:00+00:00,2026,long_baseline,B4_fold1,0.3,all,1,250.5412,12,4.78963140593
sar_scene,,,,,,,,,,,,,,,,,,,,,,,,bandar_abbas_port_approach,2026-02-04 02:15:10+00:00,2000-02-04 00:00:00+00:00,2026,long_baseline,B4_fold1,0.3,all,0.999216840128,305.5729,67,21.9260281262
sar_scene,,,,,,,,,,,,,,,,,,,,,,,,strait_of_hormuz_transit_gate,2026-02-04 02:15:10+00:00,2000-02-04 00:00:00+00:00,2026,long_baseline,B4_fold1,0.3,all,1,186.2397,0,0
sar_scene,,,,,,,,,,,,,,,,,,,,,,,,fujairah_port_anchorage,2026-02-04 02:15:35+00:00,2000-02-04 00:00:00+00:00,2026,long_baseline,B4_fold1,0.3,all,0.973734115744,316.8079,59,18.6232729676
sar_scene,,,,,,,,,,,,,,,,,,,,,,,,jebel_ali_port_waiting_area,2026-02-04 02:15:35+00:00,2000-02-04 00:00:00+00:00,2026,long_baseline,B4_fold1,0.3,all,1,250.5412,13,5.18876735643
sar_scene,,,,,,,,,,,,,,,,,,,,,,,,khor_fakkan_fujairah_adjacent_secondary_water,2026-02-04 02:15:35+00:00,2000-02-04 00:00:00+00:00,2026,long_baseline,B4_fold1,0.3,all,0.987241633445,240.8528,47,19.5139936094
sar_scene,,,,,,,,,,,,,,,,,,,,,,,,sohar_port_anchorage,2026-02-08 14:16:19+00:00,2000-02-08 00:00:00+00:00,2026,long_baseline,B4_fold1,0.3,all,1,250.9679,19,7.57068931923
sar_scene,,,,,,,,,,,,,,,,,,,,,,,,fujairah_port_anchorage,2026-02-08 14:16:44+00:00,2000-02-08 00:00:00+00:00,2026,long_baseline,B4_fold1,0.3,all,1,325.3536,72,22.1297689652
sar_scene,,,,,,,,,,,,,,,,,,,,,,,,khor_fakkan_fujairah_adjacent_secondary_water,2026-02-08 14:16:44+00:00,2000-02-08 00:00:00+00:00,2026,long_baseline,B4_fold1,0.3,all,1,243.9654,45,18.4452385461
sar_scene,,,,,,,,,,,,,,,,,,,,,,,,bandar_abbas_port_approach,2026-02-08 14:17:09+00:00,2000-02-08 00:00:00+00:00,2026,long_baseline,B4_fold1,0.3,all,1,305.8124,68,22.2358543996
sar_scene,,,,,,,,,,,,,,,,,,,,,,,,strait_of_hormuz_transit_gate,2026-02-08 14:17:09+00:00,2000-02-08 00:00:00+00:00,2026,long_baseline,B4_fold1,0.3,all,1,186.2397,0,0
sar_scene,,,,,,,,,,,,,,,,,,,,,,,,strait_of_hormuz_transit_gate,2026-02-11 02:06:55+00:00,2000-02-11 00:00:00+00:00,2026,long_baseline,B4_fold1,0.3,all,1,186.2397,2,1.07388489135
sar_scene,,,,,,,,,,,,,,,,,,,,,,,,fujairah_port_anchorage,2026-02-11 02:07:20+00:00,2000-02-11 00:00:00+00:00,2026,long_baseline,B4_fold1,0.3,all,1,325.3536,74,22.7444847698
sar_scene,,,,,,,,,,,,,,,,,,,,,,,,khor_fakkan_fujairah_adjacent_secondary_water,2026-02-11 02:07:20+00:00,2000-02-11 00:00:00+00:00,2026,long_baseline,B4_fold1,0.3,all,1,243.9654,50,20.4947094957
sar_scene,,,,,,,,,,,,,,,,,,,,,,,,sohar_port_anchorage,2026-02-11 02:07:20+00:00,2000-02-11 00:00:00+00:00,2026,long_baseline,B4_fold1,0.3,all,1,250.9679,26,10.3598906474
sar_scene,,,,,,,,,,,,,,,,,,,,,,,,jebel_ali_port_waiting_area,2026-02-13 14:24:55+00:00,2000-02-13 00:00:00+00:00,2026,long_baseline,B4_fold1,0.3,all,1,250.5412,14,5.58790330692
sar_scene,,,,,,,,,,,,,,,,,,,,,,,,bandar_abbas_port_approach,2026-02-16 02:15:09+00:00,2000-02-16 00:00:00+00:00,2026,long_baseline,B4_fold1,0.3,all,0.999279950715,305.5922,76,24.8697447121
sar_scene,,,,,,,,,,,,,,,,,,,,,,,,strait_of_hormuz_transit_gate,2026-02-16 02:15:09+00:00,2000-02-16 00:00:00+00:00,2026,long_baseline,B4_fold1,0.3,all,1,186.2397,1,0.536942445676
sar_scene,,,,,,,,,,,,,,,,,,,,,,,,fujairah_port_anchorage,2026-02-16 02:15:34+00:00,2000-02-16 00:00:00+00:00,2026,long_baseline,B4_fold1,0.3,all,0.975758374888,317.4665,62,19.5296196607
sar_scene,,,,,,,,,,,,,,,,,,,,,,,,jebel_ali_port_waiting_area,2026-02-16 02:15:34+00:00,2000-02-16 00:00:00+00:00,2026,long_baseline,B4_fold1,0.3,all,1,250.5412,14,5.58790330692
sar_scene,,,,,,,,,,,,,,,,,,,,,,,,khor_fakkan_fujairah_adjacent_secondary_water,2026-02-16 02:15:34+00:00,2000-02-16 00:00:00+00:00,2026,long_baseline,B4_fold1,0.3,all,0.987464615884,240.9072,46,19.0944894964
sar_scene,,,,,,,,,,,,,,,,,,,,,,,,sohar_port_anchorage,2026-02-20 14:16:18+00:00,2000-02-20 00:00:00+00:00,2026,long_baseline,B4_fold1,0.3,all,1,250.9679,18,7.17223198664
sar_scene,,,,,,,,,,,,,,,,,,,,,,,,fujairah_port_anchorage,2026-02-20 14:16:43+00:00,2000-02-20 00:00:00+00:00,2026,long_baseline,B4_fold1,0.3,all,1,325.3536,69,21.2076952583
sar_scene,,,,,,,,,,,,,,,,,,,,,,,,khor_fakkan_fujairah_adjacent_secondary_water,2026-02-20 14:16:43+00:00,2000-02-20 00:00:00+00:00,2026,long_baseline,B4_fold1,0.3,all,1,243.9654,50,20.4947094957
sar_scene,,,,,,,,,,,,,,,,,,,,,,,,bandar_abbas_port_approach,2026-02-20 14:17:08+00:00,2000-02-20 00:00:00+00:00,2026,long_baseline,B4_fold1,0.3,all,1,305.8124,65,21.2548608232
sar_scene,,,,,,,,,,,,,,,,,,,,,,,,strait_of_hormuz_transit_gate,2026-02-20 14:17:08+00:00,2000-02-20 00:00:00+00:00,2026,long_baseline,B4_fold1,0.3,all,1,186.2397,0,0
sar_scene,,,,,,,,,,,,,,,,,,,,,,,,strait_of_hormuz_transit_gate,2026-02-23 02:06:55+00:00,2000-02-23 00:00:00+00:00,2026,long_baseline,B4_fold1,0.3,all,1,186.2397,1,0.536942445676
sar_scene,,,,,,,,,,,,,,,,,,,,,,,,fujairah_port_anchorage,2026-02-23 02:07:20+00:00,2000-02-23 00:00:00+00:00,2026,long_baseline,B4_fold1,0.3,all,1,325.3536,73,22.4371268675
sar_scene,,,,,,,,,,,,,,,,,,,,,,,,khor_fakkan_fujairah_adjacent_secondary_water,2026-02-23 02:07:20+00:00,2000-02-23 00:00:00+00:00,2026,long_baseline,B4_fold1,0.3,all,1,243.9654,49,20.0848153058
sar_scene,,,,,,,,,,,,,,,,,,,,,,,,sohar_port_anchorage,2026-02-23 02:07:20+00:00,2000-02-23 00:00:00+00:00,2026,long_baseline,B4_fold1,0.3,all,1,250.9679,17,6.77377465405
sar_scene,,,,,,,,,,,,,,,,,,,,,,,,jebel_ali_port_waiting_area,2026-02-25 14:24:55+00:00,2000-02-25 00:00:00+00:00,2026,long_baseline,B4_fold1,0.3,all,1,250.5412,10,3.99135950494
sar_scene,,,,,,,,,,,,,,,,,,,,,,,,bandar_abbas_port_approach,2026-02-28 02:15:09+00:00,2000-02-28 00:00:00+00:00,2026,long_baseline,B4_fold1,0.3,all,0.99931886346,305.6041,84,27.486542229
sar_scene,,,,,,,,,,,,,,,,,,,,,,,,strait_of_hormuz_transit_gate,2026-02-28 02:15:09+00:00,2000-02-28 00:00:00+00:00,2026,long_baseline,B4_fold1,0.3,all,1,186.2397,1,0.536942445676
sar_scene,,,,,,,,,,,,,,,,,,,,,,,,fujairah_port_anchorage,2026-02-28 02:15:34+00:00,2000-02-28 00:00:00+00:00,2026,long_baseline,B4_fold1,0.3,all,0.977059420889,317.8898,39,12.2684024464
sar_scene,,,,,,,,,,,,,,,,,,,,,,,,jebel_ali_port_waiting_area,2026-02-28 02:15:34+00:00,2000-02-28 00:00:00+00:00,2026,long_baseline,B4_fold1,0.3,all,1,250.5412,8,3.19308760395
sar_scene,,,,,,,,,,,,,,,,,,,,,,,,khor_fakkan_fujairah_adjacent_secondary_water,2026-02-28 02:15:34+00:00,2000-02-28 00:00:00+00:00,2026,long_baseline,B4_fold1,0.3,all,0.987744163722,240.9754,47,19.5040655602
sar_scene,,,,,,,,,,,,,,,,,,,,,,,,sohar_port_anchorage,2026-03-04 14:16:18+00:00,2000-03-04 00:00:00+00:00,2026,early,B4_fold1,0.3,all,1,250.9679,14,5.57840265628
sar_scene,,,,,,,,,,,,,,,,,,,,,,,,fujairah_port_anchorage,2026-03-04 14:16:43+00:00,2000-03-04 00:00:00+00:00,2026,early,B4_fold1,0.3,all,1,325.3536,64,19.6709057469
sar_scene,,,,,,,,,,,,,,,,,,,,,,,,khor_fakkan_fujairah_adjacent_secondary_water,2026-03-04 14:16:43+00:00,2000-03-04 00:00:00+00:00,2026,early,B4_fold1,0.3,all,1,243.9654,67,27.4629107242
sar_scene,,,,,,,,,,,,,,,,,,,,,,,,bandar_abbas_port_approach,2026-03-04 14:17:08+00:00,2000-03-04 00:00:00+00:00,2026,early,B4_fold1,0.3,all,1,305.8124,80,26.1598287054
sar_scene,,,,,,,,,,,,,,,,,,,,,,,,strait_of_hormuz_transit_gate,2026-03-04 14:17:08+00:00,2000-03-04 00:00:00+00:00,2026,early,B4_fold1,0.3,all,1,186.2397,0,0
sar_scene,,,,,,,,,,,,,,,,,,,,,,,,strait_of_hormuz_transit_gate,2026-03-07 02:06:54+00:00,2000-03-07 00:00:00+00:00,2026,early,B4_fold1,0.3,all,1,186.2397,1,0.536942445676
sar_scene,,,,,,,,,,,,,,,,,,,,,,,,fujairah_port_anchorage,2026-03-07 02:07:19+00:00,2000-03-07 00:00:00+00:00,2026,early,B4_fold1,0.3,all,1,325.3536,56,17.2120425285
sar_scene,,,,,,,,,,,,,,,,,,,,,,,,khor_fakkan_fujairah_adjacent_secondary_water,2026-03-07 02:07:19+00:00,2000-03-07 00:00:00+00:00,2026,early,B4_fold1,0.3,all,1,243.9654,85,34.8410061427
sar_scene,,,,,,,,,,,,,,,,,,,,,,,,sohar_port_anchorage,2026-03-07 02:07:19+00:00,2000-03-07 00:00:00+00:00,2026,early,B4_fold1,0.3,all,1,250.9679,20,7.96914665182
sar_scene,,,,,,,,,,,,,,,,,,,,,,,,jebel_ali_port_waiting_area,2026-03-09 14:24:55+00:00,2000-03-09 00:00:00+00:00,2026,early,B4_fold1,0.3,all,1,250.5412,12,4.78963140593
sar_scene,,,,,,,,,,,,,,,,,,,,,,,,bandar_abbas_port_approach,2026-03-12 02:15:09+00:00,2000-03-12 00:00:00+00:00,2026,early,B4_fold1,0.3,all,0.999296300608,305.5972,70,22.9059690337
sar_scene,,,,,,,,,,,,,,,,,,,,,,,,strait_of_hormuz_transit_gate,2026-03-12 02:15:09+00:00,2000-03-12 00:00:00+00:00,2026,early,B4_fold1,0.3,all,1,186.2397,0,0
sar_scene,,,,,,,,,,,,,,,,,,,,,,,,fujairah_port_anchorage,2026-03-12 02:15:34+00:00,2000-03-12 00:00:00+00:00,2026,early,B4_fold1,0.3,all,0.976632500762,317.7509,51,16.0503085908
sar_scene,,,,,,,,,,,,,,,,,,,,,,,,jebel_ali_port_waiting_area,2026-03-12 02:15:34+00:00,2000-03-12 00:00:00+00:00,2026,early,B4_fold1,0.3,all,1,250.5412,11,4.39049545544
sar_scene,,,,,,,,,,,,,,,,,,,,,,,,khor_fakkan_fujairah_adjacent_secondary_water,2026-03-12 02:15:34+00:00,2000-03-12 00:00:00+00:00,2026,early,B4_fold1,0.3,all,0.987480191863,240.911,67,27.8111003649
sar_scene,,,,,,,,,,,,,,,,,,,,,,,,sohar_port_anchorage,2026-03-16 14:16:18+00:00,2000-03-16 00:00:00+00:00,2026,F1,B4_fold1,0.3,all,1,250.9679,18,7.17223198664
sar_scene,,,,,,,,,,,,,,,,,,,,,,,,fujairah_port_anchorage,2026-03-16 14:16:43+00:00,2000-03-16 00:00:00+00:00,2026,F1,B4_fold1,0.3,all,1,325.3536,58,17.8267583331
sar_scene,,,,,,,,,,,,,,,,,,,,,,,,khor_fakkan_fujairah_adjacent_secondary_water,2026-03-16 14:16:43+00:00,2000-03-16 00:00:00+00:00,2026,F1,B4_fold1,0.3,all,1,243.9654,63,25.8233339646
sar_scene,,,,,,,,,,,,,,,,,,,,,,,,bandar_abbas_port_approach,2026-03-16 14:17:08+00:00,2000-03-16 00:00:00+00:00,2026,F1,B4_fold1,0.3,all,1,305.8124,78,25.5058329878
sar_scene,,,,,,,,,,,,,,,,,,,,,,,,strait_of_hormuz_transit_gate,2026-03-16 14:17:08+00:00,2000-03-16 00:00:00+00:00,2026,F1,B4_fold1,0.3,all,1,186.2397,1,0.536942445676
sar_scene,,,,,,,,,,,,,,,,,,,,,,,,strait_of_hormuz_transit_gate,2026-03-19 02:06:54+00:00,2000-03-19 00:00:00+00:00,2026,F1,B4_fold1,0.3,all,1,186.2397,0,0
sar_scene,,,,,,,,,,,,,,,,,,,,,,,,fujairah_port_anchorage,2026-03-19 02:07:19+00:00,2000-03-19 00:00:00+00:00,2026,F1,B4_fold1,0.3,all,1,325.3536,55,16.9046846262
sar_scene,,,,,,,,,,,,,,,,,,,,,,,,khor_fakkan_fujairah_adjacent_secondary_water,2026-03-19 02:07:19+00:00,2000-03-19 00:00:00+00:00,2026,F1,B4_fold1,0.3,all,1,243.9654,80,32.7915351931
sar_scene,,,,,,,,,,,,,,,,,,,,,,,,sohar_port_anchorage,2026-03-19 02:07:19+00:00,2000-03-19 00:00:00+00:00,2026,F1,B4_fold1,0.3,all,1,250.9679,19,7.57068931923
sar_scene,,,,,,,,,,,,,,,,,,,,,,,,jebel_ali_port_waiting_area,2026-03-21 14:24:55+00:00,2000-03-21 00:00:00+00:00,2026,F1,B4_fold1,0.3,all,1,250.5412,12,4.78963140593
sar_scene,,,,,,,,,,,,,,,,,,,,,,,,bandar_abbas_port_approach,2026-03-24 02:15:09+00:00,2000-03-24 00:00:00+00:00,2026,F1,B4_fold1,0.3,all,0.999291068642,305.5956,60,19.6337905389
sar_scene,,,,,,,,,,,,,,,,,,,,,,,,strait_of_hormuz_transit_gate,2026-03-24 02:15:09+00:00,2000-03-24 00:00:00+00:00,2026,F1,B4_fold1,0.3,all,1,186.2397,0,0
sar_scene,,,,,,,,,,,,,,,,,,,,,,,,fujairah_port_anchorage,2026-03-24 02:15:34+00:00,2000-03-24 00:00:00+00:00,2026,F1,B4_fold1,0.3,all,0.975406142732,317.3519,50,15.7553806988
sar_scene,,,,,,,,,,,,,,,,,,,,,,,,jebel_ali_port_waiting_area,2026-03-24 02:15:34+00:00,2000-03-24 00:00:00+00:00,2026,F1,B4_fold1,0.3,all,1,250.5412,5,1.99567975247
sar_scene,,,,,,,,,,,,,,,,,,,,,,,,khor_fakkan_fujairah_adjacent_secondary_water,2026-03-24 02:15:34+00:00,2000-03-24 00:00:00+00:00,2026,F1,B4_fold1,0.3,all,0.987471993979,240.909,67,27.8113312496
sar_scene,,,,,,,,,,,,,,,,,,,,,,,,sohar_port_anchorage,2026-03-28 14:16:18+00:00,2000-03-28 00:00:00+00:00,2026,F1,B4_fold1,0.3,all,1,250.9679,20,7.96914665182
sar_scene,,,,,,,,,,,,,,,,,,,,,,,,fujairah_port_anchorage,2026-03-28 14:16:43+00:00,2000-03-28 00:00:00+00:00,2026,F1,B4_fold1,0.3,all,1,325.3536,47,14.4458214078
sar_scene,,,,,,,,,,,,,,,,,,,,,,,,khor_fakkan_fujairah_adjacent_secondary_water,2026-03-28 14:16:43+00:00,2000-03-28 00:00:00+00:00,2026,F1,B4_fold1,0.3,all,1,243.9654,64,26.2332281545
sar_scene,,,,,,,,,,,,,,,,,,,,,,,,bandar_abbas_port_approach,2026-03-28 14:17:08+00:00,2000-03-28 00:00:00+00:00,2026,F1,B4_fold1,0.3,all,1,305.8124,62,20.2738672467
sar_scene,,,,,,,,,,,,,,,,,,,,,,,,strait_of_hormuz_transit_gate,2026-03-28 14:17:08+00:00,2000-03-28 00:00:00+00:00,2026,F1,B4_fold1,0.3,all,1,186.2397,1,0.536942445676
sar_scene,,,,,,,,,,,,,,,,,,,,,,,,strait_of_hormuz_transit_gate,2026-03-31 02:06:54+00:00,2000-03-31 00:00:00+00:00,2026,F2,B4_fold1,0.3,all,1,186.2397,4,2.1477697827
sar_scene,,,,,,,,,,,,,,,,,,,,,,,,fujairah_port_anchorage,2026-03-31 02:07:19+00:00,2000-03-31 00:00:00+00:00,2026,F2,B4_fold1,0.3,all,1,325.3536,54,16.5973267239
sar_scene,,,,,,,,,,,,,,,,,,,,,,,,khor_fakkan_fujairah_adjacent_secondary_water,2026-03-31 02:07:19+00:00,2000-03-31 00:00:00+00:00,2026,F2,B4_fold1,0.3,all,1,243.9654,65,26.6431223444
sar_scene,,,,,,,,,,,,,,,,,,,,,,,,sohar_port_anchorage,2026-03-31 02:07:19+00:00,2000-03-31 00:00:00+00:00,2026,F2,B4_fold1,0.3,all,1,250.9679,26,10.3598906474
sar_scene,,,,,,,,,,,,,,,,,,,,,,,,jebel_ali_port_waiting_area,2026-04-02 14:24:55+00:00,2000-04-02 00:00:00+00:00,2026,F2,B4_fold1,0.3,all,1,250.5412,6,2.39481570297
sar_scene,,,,,,,,,,,,,,,,,,,,,,,,bandar_abbas_port_approach,2026-04-05 02:15:09+00:00,2000-04-05 00:00:00+00:00,2026,F2,B4_fold1,0.3,all,0.999185121336,305.5632,55,17.999549684
sar_scene,,,,,,,,,,,,,,,,,,,,,,,,strait_of_hormuz_transit_gate,2026-04-05 02:15:09+00:00,2000-04-05 00:00:00+00:00,2026,F2,B4_fold1,0.3,all,1,186.2397,1,0.536942445676
sar_scene,,,,,,,,,,,,,,,,,,,,,,,,fujairah_port_anchorage,2026-04-05 02:15:34+00:00,2000-04-05 00:00:00+00:00,2026,F2,B4_fold1,0.3,all,0.97312216616,316.6088,52,16.4240539113
sar_scene,,,,,,,,,,,,,,,,,,,,,,,,jebel_ali_port_waiting_area,2026-04-05 02:15:34+00:00,2000-04-05 00:00:00+00:00,2026,F2,B4_fold1,0.3,all,1,250.5412,10,3.99135950494
sar_scene,,,,,,,,,,,,,,,,,,,,,,,,khor_fakkan_fujairah_adjacent_secondary_water,2026-04-05 02:15:34+00:00,2000-04-05 00:00:00+00:00,2026,F2,B4_fold1,0.3,all,0.987124813601,240.8243,58,24.0839483391
sar_scene,,,,,,,,,,,,,,,,,,,,,,,,sohar_port_anchorage,2026-04-09 14:16:18+00:00,2000-04-09 00:00:00+00:00,2026,F2,B4_fold1,0.3,all,1,250.9679,27,10.75834798
sar_scene,,,,,,,,,,,,,,,,,,,,,,,,fujairah_port_anchorage,2026-04-09 14:16:43+00:00,2000-04-09 00:00:00+00:00,2026,F2,B4_fold1,0.3,all,1,325.3536,72,22.1297689652
sar_scene,,,,,,,,,,,,,,,,,,,,,,,,khor_fakkan_fujairah_adjacent_secondary_water,2026-04-09 14:16:43+00:00,2000-04-09 00:00:00+00:00,2026,F2,B4_fold1,0.3,all,1,243.9654,63,25.8233339646
sar_scene,,,,,,,,,,,,,,,,,,,,,,,,bandar_abbas_port_approach,2026-04-09 14:17:08+00:00,2000-04-09 00:00:00+00:00,2026,F2,B4_fold1,0.3,all,1,305.8124,50,16.3498929409
sar_scene,,,,,,,,,,,,,,,,,,,,,,,,strait_of_hormuz_transit_gate,2026-04-09 14:17:08+00:00,2000-04-09 00:00:00+00:00,2026,F2,B4_fold1,0.3,all,1,186.2397,1,0.536942445676
sar_scene,,,,,,,,,,,,,,,,,,,,,,,,strait_of_hormuz_transit_gate,2026-04-12 02:06:55+00:00,2000-04-12 00:00:00+00:00,2026,F3,B4_fold1,0.3,all,1,186.2397,2,1.07388489135
sar_scene,,,,,,,,,,,,,,,,,,,,,,,,fujairah_port_anchorage,2026-04-12 02:07:20+00:00,2000-04-12 00:00:00+00:00,2026,F3,B4_fold1,0.3,all,1,325.3536,73,22.4371268675
sar_scene,,,,,,,,,,,,,,,,,,,,,,,,khor_fakkan_fujairah_adjacent_secondary_water,2026-04-12 02:07:20+00:00,2000-04-12 00:00:00+00:00,2026,F3,B4_fold1,0.3,all,1,243.9654,66,27.0530165343
sar_scene,,,,,,,,,,,,,,,,,,,,,,,,sohar_port_anchorage,2026-04-12 02:07:20+00:00,2000-04-12 00:00:00+00:00,2026,F3,B4_fold1,0.3,all,1,250.9679,23,9.1645186496
sar_scene,,,,,,,,,,,,,,,,,,,,,,,,jebel_ali_port_waiting_area,2026-04-14 14:24:55+00:00,2000-04-14 00:00:00+00:00,2026,F3,B4_fold1,0.3,all,1,250.5412,6,2.39481570297
sar_scene,,,,,,,,,,,,,,,,,,,,,,,,jebel_ali_port_waiting_area,2026-04-14 14:24:55+00:00,2000-04-14 00:00:00+00:00,2026,F3,B4_fold1,0.3,all,1,250.5412,6,2.39481570297
sar_scene,,,,,,,,,,,,,,,,,,,,,,,,bandar_abbas_port_approach,2026-04-17 02:15:09+00:00,2000-04-17 00:00:00+00:00,2026,F3,B4_fold1,0.3,all,0.99899055761,305.5037,49,16.039085615
sar_scene,,,,,,,,,,,,,,,,,,,,,,,,strait_of_hormuz_transit_gate,2026-04-17 02:15:09+00:00,2000-04-17 00:00:00+00:00,2026,F3,B4_fold1,0.3,all,1,186.2397,4,2.1477697827
sar_scene,,,,,,,,,,,,,,,,,,,,,,,,fujairah_port_anchorage,2026-04-17 02:15:34+00:00,2000-04-17 00:00:00+00:00,2026,F3,B4_fold1,0.3,all,0.96786788282,314.8993,50,15.8780918217
sar_scene,,,,,,,,,,,,,,,,,,,,,,,,jebel_ali_port_waiting_area,2026-04-17 02:15:34+00:00,2000-04-17 00:00:00+00:00,2026,F3,B4_fold1,0.3,all,1,250.5412,8,3.19308760395
sar_scene,,,,,,,,,,,,,,,,,,,,,,,,khor_fakkan_fujairah_adjacent_secondary_water,2026-04-17 02:15:34+00:00,2000-04-17 00:00:00+00:00,2026,F3,B4_fold1,0.3,all,0.986490707289,240.6696,52,21.6063848529
sar_scene,,,,,,,,,,,,,,,,,,,,,,,,sohar_port_anchorage,2026-04-21 14:16:18+00:00,2000-04-21 00:00:00+00:00,2026,F3,B4_fold1,0.3,all,1,250.9679,32,12.7506346429
sar_scene,,,,,,,,,,,,,,,,,,,,,,,,fujairah_port_anchorage,2026-04-21 14:16:43+00:00,2000-04-21 00:00:00+00:00,2026,F3,B4_fold1,0.3,all,1,325.3536,65,19.9782636491
sar_scene,,,,,,,,,,,,,,,,,,,,,,,,khor_fakkan_fujairah_adjacent_secondary_water,2026-04-21 14:16:43+00:00,2000-04-21 00:00:00+00:00,2026,F3,B4_fold1,0.3,all,1,243.9654,66,27.0530165343
sar_scene,,,,,,,,,,,,,,,,,,,,,,,,bandar_abbas_port_approach,2026-04-21 14:17:08+00:00,2000-04-21 00:00:00+00:00,2026,F3,B4_fold1,0.3,all,1,305.8124,60,19.6198715291
sar_scene,,,,,,,,,,,,,,,,,,,,,,,,strait_of_hormuz_transit_gate,2026-04-21 14:17:08+00:00,2000-04-21 00:00:00+00:00,2026,F3,B4_fold1,0.3,all,1,186.2397,1,0.536942445676
sar_scene,,,,,,,,,,,,,,,,,,,,,,,,strait_of_hormuz_transit_gate,2026-04-24 02:06:55+00:00,2000-04-24 00:00:00+00:00,2026,F3,B4_fold1,0.3,all,1,186.2397,2,1.07388489135
sar_scene,,,,,,,,,,,,,,,,,,,,,,,,fujairah_port_anchorage,2026-04-24 02:07:20+00:00,2000-04-24 00:00:00+00:00,2026,F3,B4_fold1,0.3,all,1,325.3536,77,23.6665584767
sar_scene,,,,,,,,,,,,,,,,,,,,,,,,khor_fakkan_fujairah_adjacent_secondary_water,2026-04-24 02:07:20+00:00,2000-04-24 00:00:00+00:00,2026,F3,B4_fold1,0.3,all,1,243.9654,61,25.0035455847
sar_scene,,,,,,,,,,,,,,,,,,,,,,,,sohar_port_anchorage,2026-04-24 02:07:20+00:00,2000-04-24 00:00:00+00:00,2026,F3,B4_fold1,0.3,all,1,250.9679,29,11.5552626451
sar_scene,,,,,,,,,,,,,,,,,,,,,,,,jebel_ali_port_waiting_area,2026-04-26 14:24:55+00:00,2000-04-26 00:00:00+00:00,2026,F4_tail,B4_fold1,0.3,all,1,250.5412,5,1.99567975247
sar_scene,,,,,,,,,,,,,,,,,,,,,,,,bandar_abbas_port_approach,2026-04-29 02:15:09+00:00,2000-04-29 00:00:00+00:00,2026,F4_tail,B4_fold1,0.3,all,0.999148170578,305.5519,60,19.6365985615
sar_scene,,,,,,,,,,,,,,,,,,,,,,,,strait_of_hormuz_transit_gate,2026-04-29 02:15:09+00:00,2000-04-29 00:00:00+00:00,2026,F4_tail,B4_fold1,0.3,all,1,186.2397,0,0
sar_scene,,,,,,,,,,,,,,,,,,,,,,,,fujairah_port_anchorage,2026-04-29 02:15:34+00:00,2000-04-29 00:00:00+00:00,2026,F4_tail,B4_fold1,0.3,all,0.972843699901,316.5182,44,13.9012543355
sar_scene,,,,,,,,,,,,,,,,,,,,,,,,jebel_ali_port_waiting_area,2026-04-29 02:15:34+00:00,2000-04-29 00:00:00+00:00,2026,F4_tail,B4_fold1,0.3,all,1,250.5412,5,1.99567975247
sar_scene,,,,,,,,,,,,,,,,,,,,,,,,khor_fakkan_fujairah_adjacent_secondary_water,2026-04-29 02:15:34+00:00,2000-04-29 00:00:00+00:00,2026,F4_tail,B4_fold1,0.3,all,0.987017831217,240.7982,66,27.4088427571
sar_scene,,,,,,,,,,,,,,,,,,,,,,,,sohar_port_anchorage,2026-05-03 14:16:18+00:00,2000-05-03 00:00:00+00:00,2026,May,B4_fold1,0.3,all,1,250.9679,38,15.1413786385
sar_scene,,,,,,,,,,,,,,,,,,,,,,,,fujairah_port_anchorage,2026-05-03 14:16:43+00:00,2000-05-03 00:00:00+00:00,2026,May,B4_fold1,0.3,all,1,325.3536,70,21.5150531606
sar_scene,,,,,,,,,,,,,,,,,,,,,,,,khor_fakkan_fujairah_adjacent_secondary_water,2026-05-03 14:16:43+00:00,2000-05-03 00:00:00+00:00,2026,May,B4_fold1,0.3,all,1,243.9654,66,27.0530165343
sar_scene,,,,,,,,,,,,,,,,,,,,,,,,bandar_abbas_port_approach,2026-05-03 14:17:08+00:00,2000-05-03 00:00:00+00:00,2026,May,B4_fold1,0.3,all,1,305.8124,52,17.0038886585
sar_scene,,,,,,,,,,,,,,,,,,,,,,,,strait_of_hormuz_transit_gate,2026-05-03 14:17:08+00:00,2000-05-03 00:00:00+00:00,2026,May,B4_fold1,0.3,all,1,186.2397,1,0.536942445676
sar_scene,,,,,,,,,,,,,,,,,,,,,,,,strait_of_hormuz_transit_gate,2026-05-06 02:06:54+00:00,2000-05-06 00:00:00+00:00,2026,May,B4_fold1,0.3,all,1,186.2397,0,0
sar_scene,,,,,,,,,,,,,,,,,,,,,,,,fujairah_port_anchorage,2026-05-06 02:07:19+00:00,2000-05-06 00:00:00+00:00,2026,May,B4_fold1,0.3,all,1,325.3536,63,19.3635478446
sar_scene,,,,,,,,,,,,,,,,,,,,,,,,khor_fakkan_fujairah_adjacent_secondary_water,2026-05-06 02:07:19+00:00,2000-05-06 00:00:00+00:00,2026,May,B4_fold1,0.3,all,1,243.9654,61,25.0035455847
sar_scene,,,,,,,,,,,,,,,,,,,,,,,,sohar_port_anchorage,2026-05-06 02:07:19+00:00,2000-05-06 00:00:00+00:00,2026,May,B4_fold1,0.3,all,1,250.9679,28,11.1568053126
sar_scene,,,,,,,,,,,,,,,,,,,,,,,,jebel_ali_port_waiting_area,2026-05-08 14:24:55+00:00,2000-05-08 00:00:00+00:00,2026,May,B4_fold1,0.3,all,1,250.5412,3,1.19740785148
sar_scene,,,,,,,,,,,,,,,,,,,,,,,,bandar_abbas_port_approach,2026-05-11 02:15:09+00:00,2000-05-11 00:00:00+00:00,2026,May,B4_fold1,0.3,all,0.999099774895,305.5371,61,19.9648422401
sar_scene,,,,,,,,,,,,,,,,,,,,,,,,strait_of_hormuz_transit_gate,2026-05-11 02:15:09+00:00,2000-05-11 00:00:00+00:00,2026,May,B4_fold1,0.3,all,1,186.2397,3,1.61082733703
sar_scene,,,,,,,,,,,,,,,,,,,,,,,,fujairah_port_anchorage,2026-05-11 02:15:34+00:00,2000-05-11 00:00:00+00:00,2026,May,B4_fold1,0.3,all,0.971547571627,316.0965,55,17.39974976
sar_scene,,,,,,,,,,,,,,,,,,,,,,,,jebel_ali_port_waiting_area,2026-05-11 02:15:34+00:00,2000-05-11 00:00:00+00:00,2026,May,B4_fold1,0.3,all,1,250.5412,5,1.99567975247
sar_scene,,,,,,,,,,,,,,,,,,,,,,,,khor_fakkan_fujairah_adjacent_secondary_water,2026-05-11 02:15:34+00:00,2000-05-11 00:00:00+00:00,2026,May,B4_fold1,0.3,all,0.986867400049,240.7615,67,27.8283695691
sar_scene,,,,,,,,,,,,,,,,,,,,,,,,sohar_port_anchorage,2026-05-15 14:16:17+00:00,2000-05-15 00:00:00+00:00,2026,May,B4_fold1,0.3,all,1,250.9679,34,13.5475493081
sar_scene,,,,,,,,,,,,,,,,,,,,,,,,fujairah_port_anchorage,2026-05-15 14:16:42+00:00,2000-05-15 00:00:00+00:00,2026,May,B4_fold1,0.3,all,1,325.3536,70,21.5150531606
sar_scene,,,,,,,,,,,,,,,,,,,,,,,,khor_fakkan_fujairah_adjacent_secondary_water,2026-05-15 14:16:42+00:00,2000-05-15 00:00:00+00:00,2026,May,B4_fold1,0.3,all,1,243.9654,57,23.3639688251
sar_scene,,,,,,,,,,,,,,,,,,,,,,,,bandar_abbas_port_approach,2026-05-15 14:17:07+00:00,2000-05-15 00:00:00+00:00,2026,May,B4_fold1,0.3,all,1,305.8124,62,20.2738672467
sar_scene,,,,,,,,,,,,,,,,,,,,,,,,strait_of_hormuz_transit_gate,2026-05-15 14:17:07+00:00,2000-05-15 00:00:00+00:00,2026,May,B4_fold1,0.3,all,1,186.2397,1,0.536942445676
sar_scene,,,,,,,,,,,,,,,,,,,,,,,,strait_of_hormuz_transit_gate,2026-05-18 02:06:54+00:00,2000-05-18 00:00:00+00:00,2026,May,B4_fold1,0.3,all,1,186.2397,1,0.536942445676
sar_scene,,,,,,,,,,,,,,,,,,,,,,,,fujairah_port_anchorage,2026-05-18 02:07:19+00:00,2000-05-18 00:00:00+00:00,2026,May,B4_fold1,0.3,all,1,325.3536,80,24.5886321836
sar_scene,,,,,,,,,,,,,,,,,,,,,,,,khor_fakkan_fujairah_adjacent_secondary_water,2026-05-18 02:07:19+00:00,2000-05-18 00:00:00+00:00,2026,May,B4_fold1,0.3,all,1,243.9654,69,28.2826991041
sar_scene,,,,,,,,,,,,,,,,,,,,,,,,sohar_port_anchorage,2026-05-18 02:07:19+00:00,2000-05-18 00:00:00+00:00,2026,May,B4_fold1,0.3,all,1,250.9679,33,13.1490919755
sar_scene,,,,,,,,,,,,,,,,,,,,,,,,jebel_ali_port_waiting_area,2026-05-20 14:24:54+00:00,2000-05-20 00:00:00+00:00,2026,May,B4_fold1,0.3,all,1,250.5412,4,1.59654380198
sar_scene,,,,,,,,,,,,,,,,,,,,,,,,bandar_abbas_port_approach,2026-05-23 02:15:08+00:00,2000-05-23 00:00:00+00:00,2026,May,B4_fold1,0.3,all,0.999122991743,305.5442,55,18.0006689703
sar_scene,,,,,,,,,,,,,,,,,,,,,,,,strait_of_hormuz_transit_gate,2026-05-23 02:15:08+00:00,2000-05-23 00:00:00+00:00,2026,May,B4_fold1,0.3,all,1,186.2397,0,0
sar_scene,,,,,,,,,,,,,,,,,,,,,,,,fujairah_port_anchorage,2026-05-23 02:15:33+00:00,2000-05-23 00:00:00+00:00,2026,May,B4_fold1,0.3,all,0.97122177225,315.9905,56,17.7220517705
sar_scene,,,,,,,,,,,,,,,,,,,,,,,,jebel_ali_port_waiting_area,2026-05-23 02:15:33+00:00,2000-05-23 00:00:00+00:00,2026,May,B4_fold1,0.3,all,1,250.5412,6,2.39481570297
sar_scene,,,,,,,,,,,,,,,,,,,,,,,,khor_fakkan_fujairah_adjacent_secondary_water,2026-05-23 02:15:33+00:00,2000-05-23 00:00:00+00:00,2026,May,B4_fold1,0.3,all,0.986942410686,240.7798,70,29.0722062233
sar_scene,,,,,,,,,,,,,,,,,,,,,,,,sohar_port_anchorage,2026-05-27 14:16:17+00:00,2000-05-27 00:00:00+00:00,2026,May,B4_fold1,0.3,all,1,250.9679,35,13.9460066407
sar_scene,,,,,,,,,,,,,,,,,,,,,,,,fujairah_port_anchorage,2026-05-27 14:16:42+00:00,2000-05-27 00:00:00+00:00,2026,May,B4_fold1,0.3,all,1,325.3536,75,23.0518426721
sar_scene,,,,,,,,,,,,,,,,,,,,,,,,khor_fakkan_fujairah_adjacent_secondary_water,2026-05-27 14:16:42+00:00,2000-05-27 00:00:00+00:00,2026,May,B4_fold1,0.3,all,1,243.9654,59,24.1837572049
sar_scene,,,,,,,,,,,,,,,,,,,,,,,,bandar_abbas_port_approach,2026-05-27 14:17:07+00:00,2000-05-27 00:00:00+00:00,2026,May,B4_fold1,0.3,all,1,305.8124,60,19.6198715291
sar_scene,,,,,,,,,,,,,,,,,,,,,,,,strait_of_hormuz_transit_gate,2026-05-27 14:17:07+00:00,2000-05-27 00:00:00+00:00,2026,May,B4_fold1,0.3,all,1,186.2397,1,0.536942445676
sar_scene,,,,,,,,,,,,,,,,,,,,,,,,strait_of_hormuz_transit_gate,2026-05-30 02:06:53+00:00,2000-05-30 00:00:00+00:00,2026,May,B4_fold1,0.3,all,1,186.2397,1,0.536942445676
sar_scene,,,,,,,,,,,,,,,,,,,,,,,,fujairah_port_anchorage,2026-05-30 02:07:18+00:00,2000-05-30 00:00:00+00:00,2026,May,B4_fold1,0.3,all,1,325.3536,76,23.3592005744
sar_scene,,,,,,,,,,,,,,,,,,,,,,,,khor_fakkan_fujairah_adjacent_secondary_water,2026-05-30 02:07:18+00:00,2000-05-30 00:00:00+00:00,2026,May,B4_fold1,0.3,all,1,243.9654,65,26.6431223444
sar_scene,,,,,,,,,,,,,,,,,,,,,,,,sohar_port_anchorage,2026-05-30 02:07:18+00:00,2000-05-30 00:00:00+00:00,2026,May,B4_fold1,0.3,all,1,250.9679,42,16.7352079688
sar_scene,,,,,,,,,,,,,,,,,,,,,,,,jebel_ali_port_waiting_area,2026-06-01 14:24:54+00:00,2000-06-01 00:00:00+00:00,2026,June,B4_fold1,0.3,all,1,250.5412,5,1.99567975247
sar_scene,,,,,,,,,,,,,,,,,,,,,,,,bandar_abbas_port_approach,2026-06-04 02:15:08+00:00,2000-06-04 00:00:00+00:00,2026,June,B4_fold1,0.3,all,0.998992192599,305.5042,62,20.2943200126
sar_scene,,,,,,,,,,,,,,,,,,,,,,,,strait_of_hormuz_transit_gate,2026-06-04 02:15:08+00:00,2000-06-04 00:00:00+00:00,2026,June,B4_fold1,0.3,all,1,186.2397,1,0.536942445676
sar_scene,,,,,,,,,,,,,,,,,,,,,,,,fujairah_port_anchorage,2026-06-04 02:15:33+00:00,2000-06-04 00:00:00+00:00,2026,June,B4_fold1,0.3,all,0.96872510401,315.1782,61,19.354130457
sar_scene,,,,,,,,,,,,,,,,,,,,,,,,jebel_ali_port_waiting_area,2026-06-04 02:15:33+00:00,2000-06-04 00:00:00+00:00,2026,June,B4_fold1,0.3,all,1,250.5412,6,2.39481570297
sar_scene,,,,,,,,,,,,,,,,,,,,,,,,khor_fakkan_fujairah_adjacent_secondary_water,2026-06-04 02:15:33+00:00,2000-06-04 00:00:00+00:00,2026,June,B4_fold1,0.3,all,0.986364869773,240.6389,63,26.1803058442
sar_scene,,,,,,,,,,,,,,,,,,,,,,,,sohar_port_anchorage,2026-06-08 14:16:16+00:00,2000-06-08 00:00:00+00:00,2026,June,B4_fold1,0.3,all,1,250.9679,59,23.5089826229
sar_scene,,,,,,,,,,,,,,,,,,,,,,,,fujairah_port_anchorage,2026-06-08 14:16:41+00:00,2000-06-08 00:00:00+00:00,2026,June,B4_fold1,0.3,all,1,325.3536,105,32.2725797409
sar_scene,,,,,,,,,,,,,,,,,,,,,,,,khor_fakkan_fujairah_adjacent_secondary_water,2026-06-08 14:16:41+00:00,2000-06-08 00:00:00+00:00,2026,June,B4_fold1,0.3,all,1,243.9654,71,29.1024874839
sar_scene,,,,,,,,,,,,,,,,,,,,,,,,bandar_abbas_port_approach,2026-06-08 14:17:06+00:00,2000-06-08 00:00:00+00:00,2026,June,B4_fold1,0.3,all,1,305.8124,43,14.0609079292
sar_scene,,,,,,,,,,,,,,,,,,,,,,,,strait_of_hormuz_transit_gate,2026-06-08 14:17:06+00:00,2000-06-08 00:00:00+00:00,2026,June,B4_fold1,0.3,all,1,186.2397,0,0
sar_scene,,,,,,,,,,,,,,,,,,,,,,,,strait_of_hormuz_transit_gate,2026-06-11 02:06:53+00:00,2000-06-11 00:00:00+00:00,2026,June,B4_fold1,0.3,all,1,186.2397,2,1.07388489135
sar_scene,,,,,,,,,,,,,,,,,,,,,,,,fujairah_port_anchorage,2026-06-11 02:07:18+00:00,2000-06-11 00:00:00+00:00,2026,June,B4_fold1,0.3,all,1,325.3536,109,33.5020113501
sar_scene,,,,,,,,,,,,,,,,,,,,,,,,khor_fakkan_fujairah_adjacent_secondary_water,2026-06-11 02:07:18+00:00,2000-06-11 00:00:00+00:00,2026,June,B4_fold1,0.3,all,1,243.9654,90,36.8904770922
sar_scene,,,,,,,,,,,,,,,,,,,,,,,,sohar_port_anchorage,2026-06-11 02:07:18+00:00,2000-06-11 00:00:00+00:00,2026,June,B4_fold1,0.3,all,1,250.9679,50,19.9228666296
sar_scene,,,,,,,,,,,,,,,,,,,,,,,,jebel_ali_port_waiting_area,2026-06-13 14:24:53+00:00,2000-06-13 00:00:00+00:00,2026,June,B4_fold1,0.3,all,1,250.5412,4,1.59654380198
sar_scene,,,,,,,,,,,,,,,,,,,,,,,,bandar_abbas_port_approach,2026-06-16 02:15:07+00:00,2000-06-16 00:00:00+00:00,2026,June,B4_fold1,0.3,all,0.998803514835,305.4465,48,15.7146996282
sar_scene,,,,,,,,,,,,,,,,,,,,,,,,strait_of_hormuz_transit_gate,2026-06-16 02:15:07+00:00,2000-06-16 00:00:00+00:00,2026,June,B4_fold1,0.3,all,1,186.2397,0,0
sar_scene,,,,,,,,,,,,,,,,,,,,,,,,fujairah_port_anchorage,2026-06-16 02:15:32+00:00,2000-06-16 00:00:00+00:00,2026,June,B4_fold1,0.3,all,0.964277020448,313.731,64,20.3996417313
sar_scene,,,,,,,,,,,,,,,,,,,,,,,,jebel_ali_port_waiting_area,2026-06-16 02:15:32+00:00,2000-06-16 00:00:00+00:00,2026,June,B4_fold1,0.3,all,1,250.5412,5,1.99567975247
sar_scene,,,,,,,,,,,,,,,,,,,,,,,,khor_fakkan_fujairah_adjacent_secondary_water,2026-06-16 02:15:32+00:00,2000-06-16 00:00:00+00:00,2026,June,B4_fold1,0.3,all,0.985975060398,240.5438,78,32.4265268945
sar_scene,,,,,,,,,,,,,,,,,,,,,,,,sohar_port_anchorage,2026-06-20 14:16:16+00:00,2000-06-20 00:00:00+00:00,2026,June,B4_fold1,0.3,all,1,250.9679,46,18.3290372992
sar_scene,,,,,,,,,,,,,,,,,,,,,,,,fujairah_port_anchorage,2026-06-20 14:16:41+00:00,2000-06-20 00:00:00+00:00,2026,June,B4_fold1,0.3,all,1,325.3536,95,29.199000718
sar_scene,,,,,,,,,,,,,,,,,,,,,,,,khor_fakkan_fujairah_adjacent_secondary_water,2026-06-20 14:16:41+00:00,2000-06-20 00:00:00+00:00,2026,June,B4_fold1,0.3,all,1,243.9654,75,30.7420642435
sar_scene,,,,,,,,,,,,,,,,,,,,,,,,bandar_abbas_port_approach,2026-06-20 14:17:06+00:00,2000-06-20 00:00:00+00:00,2026,June,B4_fold1,0.3,all,1,305.8124,52,17.0038886585
sar_scene,,,,,,,,,,,,,,,,,,,,,,,,strait_of_hormuz_transit_gate,2026-06-20 14:17:06+00:00,2000-06-20 00:00:00+00:00,2026,June,B4_fold1,0.3,all,1,186.2397,0,0
sar_scene,,,,,,,,,,,,,,,,,,,,,,,,strait_of_hormuz_transit_gate,2026-06-23 02:06:52+00:00,2000-06-23 00:00:00+00:00,2026,June,B4_fold1,0.3,all,1,186.2397,0,0
sar_scene,,,,,,,,,,,,,,,,,,,,,,,,fujairah_port_anchorage,2026-06-23 02:07:17+00:00,2000-06-23 00:00:00+00:00,2026,June,B4_fold1,0.3,all,1,325.3536,105,32.2725797409
sar_scene,,,,,,,,,,,,,,,,,,,,,,,,khor_fakkan_fujairah_adjacent_secondary_water,2026-06-23 02:07:17+00:00,2000-06-23 00:00:00+00:00,2026,June,B4_fold1,0.3,all,1,243.9654,73,29.9222758637
sar_scene,,,,,,,,,,,,,,,,,,,,,,,,sohar_port_anchorage,2026-06-23 02:07:17+00:00,2000-06-23 00:00:00+00:00,2026,June,B4_fold1,0.3,all,1,250.9679,45,17.9305799666
sar_scene,,,,,,,,,,,,,,,,,,,,,,,,jebel_ali_port_waiting_area,2026-06-25 14:24:52+00:00,2000-06-25 00:00:00+00:00,2026,June,B4_fold1,0.3,all,1,250.5412,5,1.99567975247
sar_scene,,,,,,,,,,,,,,,,,,,,,,,,bandar_abbas_port_approach,2026-06-28 02:15:06+00:00,2000-06-28 00:00:00+00:00,2026,June,B4_fold1,0.3,all,0.998949682877,305.4912,57,18.6584752687
sar_scene,,,,,,,,,,,,,,,,,,,,,,,,strait_of_hormuz_transit_gate,2026-06-28 02:15:06+00:00,2000-06-28 00:00:00+00:00,2026,June,B4_fold1,0.3,all,1,186.2397,1,0.536942445676
sar_scene,,,,,,,,,,,,,,,,,,,,,,,,fujairah_port_anchorage,2026-06-28 02:15:31+00:00,2000-06-28 00:00:00+00:00,2026,June,B4_fold1,0.3,all,0.967653347005,314.8295,68,21.5989924705
sar_scene,,,,,,,,,,,,,,,,,,,,,,,,jebel_ali_port_waiting_area,2026-06-28 02:15:31+00:00,2000-06-28 00:00:00+00:00,2026,June,B4_fold1,0.3,all,1,250.5412,11,4.39049545544
sar_scene,,,,,,,,,,,,,,,,,,,,,,,,khor_fakkan_fujairah_adjacent_secondary_water,2026-06-28 02:15:31+00:00,2000-06-28 00:00:00+00:00,2026,June,B4_fold1,0.3,all,0.986437830938,240.6567,67,27.840488131
sar_scene,,,,,,,,,,,,,,,,,,,,,,,,jebel_ali_port_waiting_area,2026-01-02 14:23:47+00:00,2000-01-02 00:00:00+00:00,2026,long_baseline,B4_fold1,0.3,all,1,250.5412,15,5.98703925742
sar_scene,,,,,,,,,,,,,,,,,,,,,,,,bandar_abbas_port_approach,2026-01-05 02:14:05+00:00,2000-01-05 00:00:00+00:00,2026,long_baseline,B4_fold1,0.3,all,1,305.8124,75,24.5248394114
sar_scene,,,,,,,,,,,,,,,,,,,,,,,,strait_of_hormuz_transit_gate,2026-01-05 02:14:05+00:00,2000-01-05 00:00:00+00:00,2026,long_baseline,B4_fold1,0.3,all,1,186.2397,1,0.536942445676
sar_scene,,,,,,,,,,,,,,,,,,,,,,,,fujairah_port_anchorage,2026-01-05 02:14:35+00:00,2000-01-05 00:00:00+00:00,2026,long_baseline,B4_fold1,0.3,all,0.975537691914,317.3947,51,16.0683212417
sar_scene,,,,,,,,,,,,,,,,,,,,,,,,jebel_ali_port_waiting_area,2026-01-05 02:14:35+00:00,2000-01-05 00:00:00+00:00,2026,long_baseline,B4_fold1,0.3,all,1,250.5412,14,5.58790330692
sar_scene,,,,,,,,,,,,,,,,,,,,,,,,khor_fakkan_fujairah_adjacent_secondary_water,2026-01-05 02:14:35+00:00,2000-01-05 00:00:00+00:00,2026,long_baseline,B4_fold1,0.3,all,1,243.9654,47,19.2650269259
sar_scene,,,,,,,,,,,,,,,,,,,,,,,,sohar_port_anchorage,2026-01-09 14:15:16+00:00,2000-01-09 00:00:00+00:00,2026,long_baseline,B4_fold1,0.3,all,1,250.9679,29,11.5552626451
sar_scene,,,,,,,,,,,,,,,,,,,,,,,,fujairah_port_anchorage,2026-01-09 14:15:45+00:00,2000-01-09 00:00:00+00:00,2026,long_baseline,B4_fold1,0.3,all,1,325.3536,72,22.1297689652
sar_scene,,,,,,,,,,,,,,,,,,,,,,,,khor_fakkan_fujairah_adjacent_secondary_water,2026-01-09 14:15:45+00:00,2000-01-09 00:00:00+00:00,2026,long_baseline,B4_fold1,0.3,all,1,243.9654,44,18.0353443562
sar_scene,,,,,,,,,,,,,,,,,,,,,,,,bandar_abbas_port_approach,2026-01-09 14:16:10+00:00,2000-01-09 00:00:00+00:00,2026,long_baseline,B4_fold1,0.3,all,1,305.8124,70,22.8898501173
sar_scene,,,,,,,,,,,,,,,,,,,,,,,,strait_of_hormuz_transit_gate,2026-01-09 14:16:10+00:00,2000-01-09 00:00:00+00:00,2026,long_baseline,B4_fold1,0.3,all,1,186.2397,1,0.536942445676
sar_scene,,,,,,,,,,,,,,,,,,,,,,,,strait_of_hormuz_transit_gate,2026-01-12 02:05:56+00:00,2000-01-12 00:00:00+00:00,2026,long_baseline,B4_fold1,0.3,all,1,186.2397,3,1.61082733703
sar_scene,,,,,,,,,,,,,,,,,,,,,,,,fujairah_port_anchorage,2026-01-12 02:06:25+00:00,2000-01-12 00:00:00+00:00,2026,long_baseline,B4_fold1,0.3,all,1,325.3536,67,20.5929794537
sar_scene,,,,,,,,,,,,,,,,,,,,,,,,khor_fakkan_fujairah_adjacent_secondary_water,2026-01-12 02:06:25+00:00,2000-01-12 00:00:00+00:00,2026,long_baseline,B4_fold1,0.3,all,1,243.9654,50,20.4947094957
sar_scene,,,,,,,,,,,,,,,,,,,,,,,,sohar_port_anchorage,2026-01-12 02:06:25+00:00,2000-01-12 00:00:00+00:00,2026,long_baseline,B4_fold1,0.3,all,1,250.9679,23,9.1645186496
sar_scene,,,,,,,,,,,,,,,,,,,,,,,,jebel_ali_port_waiting_area,2026-01-14 14:23:47+00:00,2000-01-14 00:00:00+00:00,2026,long_baseline,B4_fold1,0.3,all,1,250.5412,22,8.78099091088
sar_scene,,,,,,,,,,,,,,,,,,,,,,,,bandar_abbas_port_approach,2026-01-17 02:14:05+00:00,2000-01-17 00:00:00+00:00,2026,long_baseline,B4_fold1,0.3,all,1,305.8124,70,22.8898501173
sar_scene,,,,,,,,,,,,,,,,,,,,,,,,strait_of_hormuz_transit_gate,2026-01-17 02:14:05+00:00,2000-01-17 00:00:00+00:00,2026,long_baseline,B4_fold1,0.3,all,1,186.2397,1,0.536942445676
sar_scene,,,,,,,,,,,,,,,,,,,,,,,,fujairah_port_anchorage,2026-01-17 02:14:34+00:00,2000-01-17 00:00:00+00:00,2026,long_baseline,B4_fold1,0.3,all,0.97553246683,317.393,62,19.5341422149
sar_scene,,,,,,,,,,,,,,,,,,,,,,,,jebel_ali_port_waiting_area,2026-01-17 02:14:34+00:00,2000-01-17 00:00:00+00:00,2026,long_baseline,B4_fold1,0.3,all,1,250.5412,14,5.58790330692
sar_scene,,,,,,,,,,,,,,,,,,,,,,,,khor_fakkan_fujairah_adjacent_secondary_water,2026-01-17 02:14:34+00:00,2000-01-17 00:00:00+00:00,2026,long_baseline,B4_fold1,0.3,all,1,243.9654,49,20.0848153058
sar_scene,,,,,,,,,,,,,,,,,,,,,,,,sohar_port_anchorage,2026-01-21 14:15:15+00:00,2000-01-21 00:00:00+00:00,2026,long_baseline,B4_fold1,0.3,all,1,250.9679,25,9.96143331478
sar_scene,,,,,,,,,,,,,,,,,,,,,,,,fujairah_port_anchorage,2026-01-21 14:15:44+00:00,2000-01-21 00:00:00+00:00,2026,long_baseline,B4_fold1,0.3,all,1,325.3536,65,19.9782636491
sar_scene,,,,,,,,,,,,,,,,,,,,,,,,khor_fakkan_fujairah_adjacent_secondary_water,2026-01-21 14:15:44+00:00,2000-01-21 00:00:00+00:00,2026,long_baseline,B4_fold1,0.3,all,1,243.9654,55,22.5441804453
sar_scene,,,,,,,,,,,,,,,,,,,,,,,,bandar_abbas_port_approach,2026-01-21 14:16:09+00:00,2000-01-21 00:00:00+00:00,2026,long_baseline,B4_fold1,0.3,all,1,305.8124,68,22.2358543996
sar_scene,,,,,,,,,,,,,,,,,,,,,,,,strait_of_hormuz_transit_gate,2026-01-21 14:16:09+00:00,2000-01-21 00:00:00+00:00,2026,long_baseline,B4_fold1,0.3,all,1,186.2397,0,0
sar_scene,,,,,,,,,,,,,,,,,,,,,,,,strait_of_hormuz_transit_gate,2026-01-24 02:05:55+00:00,2000-01-24 00:00:00+00:00,2026,long_baseline,B4_fold1,0.3,all,1,186.2397,5,2.68471222838
sar_scene,,,,,,,,,,,,,,,,,,,,,,,,fujairah_port_anchorage,2026-01-24 02:06:24+00:00,2000-01-24 00:00:00+00:00,2026,long_baseline,B4_fold1,0.3,all,1,325.3536,60,18.4414741377
sar_scene,,,,,,,,,,,,,,,,,,,,,,,,khor_fakkan_fujairah_adjacent_secondary_water,2026-01-24 02:06:24+00:00,2000-01-24 00:00:00+00:00,2026,long_baseline,B4_fold1,0.3,all,1,243.9654,58,23.773863015
sar_scene,,,,,,,,,,,,,,,,,,,,,,,,sohar_port_anchorage,2026-01-24 02:06:24+00:00,2000-01-24 00:00:00+00:00,2026,long_baseline,B4_fold1,0.3,all,1,250.9679,26,10.3598906474
sar_scene,,,,,,,,,,,,,,,,,,,,,,,,jebel_ali_port_waiting_area,2026-01-26 14:23:46+00:00,2000-01-26 00:00:00+00:00,2026,long_baseline,B4_fold1,0.3,all,1,250.5412,17,6.7853111584
sar_scene,,,,,,,,,,,,,,,,,,,,,,,,bandar_abbas_port_approach,2026-01-29 02:14:04+00:00,2000-01-29 00:00:00+00:00,2026,long_baseline,B4_fold1,0.3,all,1,305.8124,75,24.5248394114
sar_scene,,,,,,,,,,,,,,,,,,,,,,,,strait_of_hormuz_transit_gate,2026-01-29 02:14:04+00:00,2000-01-29 00:00:00+00:00,2026,long_baseline,B4_fold1,0.3,all,1,186.2397,3,1.61082733703
sar_scene,,,,,,,,,,,,,,,,,,,,,,,,fujairah_port_anchorage,2026-01-29 02:14:34+00:00,2000-01-29 00:00:00+00:00,2026,long_baseline,B4_fold1,0.3,all,0.977423332645,318.0082,73,22.9553829115
sar_scene,,,,,,,,,,,,,,,,,,,,,,,,jebel_ali_port_waiting_area,2026-01-29 02:14:34+00:00,2000-01-29 00:00:00+00:00,2026,long_baseline,B4_fold1,0.3,all,1,250.5412,16,6.38617520791
sar_scene,,,,,,,,,,,,,,,,,,,,,,,,khor_fakkan_fujairah_adjacent_secondary_water,2026-01-29 02:14:34+00:00,2000-01-29 00:00:00+00:00,2026,long_baseline,B4_fold1,0.3,all,1,243.9654,49,20.0848153058
sar_scene,,,,,,,,,,,,,,,,,,,,,,,,sohar_port_anchorage,2026-02-02 14:15:15+00:00,2000-02-02 00:00:00+00:00,2026,long_baseline,B4_fold1,0.3,all,1,250.9679,18,7.17223198664
sar_scene,,,,,,,,,,,,,,,,,,,,,,,,fujairah_port_anchorage,2026-02-02 14:15:44+00:00,2000-02-02 00:00:00+00:00,2026,long_baseline,B4_fold1,0.3,all,1,325.3536,82,25.2033479882
sar_scene,,,,,,,,,,,,,,,,,,,,,,,,khor_fakkan_fujairah_adjacent_secondary_water,2026-02-02 14:15:44+00:00,2000-02-02 00:00:00+00:00,2026,long_baseline,B4_fold1,0.3,all,1,243.9654,60,24.5936513948
sar_scene,,,,,,,,,,,,,,,,,,,,,,,,bandar_abbas_port_approach,2026-02-02 14:16:09+00:00,2000-02-02 00:00:00+00:00,2026,long_baseline,B4_fold1,0.3,all,1,305.8124,81,26.4868265643
sar_scene,,,,,,,,,,,,,,,,,,,,,,,,strait_of_hormuz_transit_gate,2026-02-02 14:16:09+00:00,2000-02-02 00:00:00+00:00,2026,long_baseline,B4_fold1,0.3,all,1,186.2397,2,1.07388489135
sar_scene,,,,,,,,,,,,,,,,,,,,,,,,strait_of_hormuz_transit_gate,2026-02-05 02:05:55+00:00,2000-02-05 00:00:00+00:00,2026,long_baseline,B4_fold1,0.3,all,1,186.2397,1,0.536942445676
sar_scene,,,,,,,,,,,,,,,,,,,,,,,,fujairah_port_anchorage,2026-02-05 02:06:24+00:00,2000-02-05 00:00:00+00:00,2026,long_baseline,B4_fold1,0.3,all,1,325.3536,82,25.2033479882
sar_scene,,,,,,,,,,,,,,,,,,,,,,,,khor_fakkan_fujairah_adjacent_secondary_water,2026-02-05 02:06:24+00:00,2000-02-05 00:00:00+00:00,2026,long_baseline,B4_fold1,0.3,all,1,243.9654,53,21.7243920654
sar_scene,,,,,,,,,,,,,,,,,,,,,,,,sohar_port_anchorage,2026-02-05 02:06:24+00:00,2000-02-05 00:00:00+00:00,2026,long_baseline,B4_fold1,0.3,all,1,250.9679,25,9.96143331478
sar_scene,,,,,,,,,,,,,,,,,,,,,,,,jebel_ali_port_waiting_area,2026-02-07 14:23:46+00:00,2000-02-07 00:00:00+00:00,2026,long_baseline,B4_fold1,0.3,all,1,250.5412,16,6.38617520791
sar_scene,,,,,,,,,,,,,,,,,,,,,,,,bandar_abbas_port_approach,2026-02-10 02:14:04+00:00,2000-02-10 00:00:00+00:00,2026,long_baseline,B4_fold1,0.3,all,1,305.8124,81,26.4868265643
sar_scene,,,,,,,,,,,,,,,,,,,,,,,,strait_of_hormuz_transit_gate,2026-02-10 02:14:04+00:00,2000-02-10 00:00:00+00:00,2026,long_baseline,B4_fold1,0.3,all,1,186.2397,0,0
sar_scene,,,,,,,,,,,,,,,,,,,,,,,,fujairah_port_anchorage,2026-02-10 02:14:33+00:00,2000-02-10 00:00:00+00:00,2026,long_baseline,B4_fold1,0.3,all,0.98310760969,319.8576,64,20.0089039623
sar_scene,,,,,,,,,,,,,,,,,,,,,,,,jebel_ali_port_waiting_area,2026-02-10 02:14:33+00:00,2000-02-10 00:00:00+00:00,2026,long_baseline,B4_fold1,0.3,all,1,250.5412,14,5.58790330692
sar_scene,,,,,,,,,,,,,,,,,,,,,,,,khor_fakkan_fujairah_adjacent_secondary_water,2026-02-10 02:14:33+00:00,2000-02-10 00:00:00+00:00,2026,long_baseline,B4_fold1,0.3,all,1,243.9654,48,19.6749211159
sar_scene,,,,,,,,,,,,,,,,,,,,,,,,sohar_port_anchorage,2026-02-14 14:15:15+00:00,2000-02-14 00:00:00+00:00,2026,long_baseline,B4_fold1,0.3,all,1,250.9679,22,8.76606131701
sar_scene,,,,,,,,,,,,,,,,,,,,,,,,fujairah_port_anchorage,2026-02-14 14:15:44+00:00,2000-02-14 00:00:00+00:00,2026,long_baseline,B4_fold1,0.3,all,1,325.3536,79,24.2812742813
sar_scene,,,,,,,,,,,,,,,,,,,,,,,,khor_fakkan_fujairah_adjacent_secondary_water,2026-02-14 14:15:44+00:00,2000-02-14 00:00:00+00:00,2026,long_baseline,B4_fold1,0.3,all,1,243.9654,52,21.3144978755
sar_scene,,,,,,,,,,,,,,,,,,,,,,,,bandar_abbas_port_approach,2026-02-14 14:16:09+00:00,2000-02-14 00:00:00+00:00,2026,long_baseline,B4_fold1,0.3,all,1,305.8124,74,24.1978415525
sar_scene,,,,,,,,,,,,,,,,,,,,,,,,strait_of_hormuz_transit_gate,2026-02-14 14:16:09+00:00,2000-02-14 00:00:00+00:00,2026,long_baseline,B4_fold1,0.3,all,1,186.2397,1,0.536942445676
sar_scene,,,,,,,,,,,,,,,,,,,,,,,,strait_of_hormuz_transit_gate,2026-02-17 02:05:55+00:00,2000-02-17 00:00:00+00:00,2026,long_baseline,B4_fold1,0.3,all,1,186.2397,2,1.07388489135
sar_scene,,,,,,,,,,,,,,,,,,,,,,,,fujairah_port_anchorage,2026-02-17 02:06:24+00:00,2000-02-17 00:00:00+00:00,2026,long_baseline,B4_fold1,0.3,all,1,325.3536,82,25.2033479882
sar_scene,,,,,,,,,,,,,,,,,,,,,,,,khor_fakkan_fujairah_adjacent_secondary_water,2026-02-17 02:06:24+00:00,2000-02-17 00:00:00+00:00,2026,long_baseline,B4_fold1,0.3,all,1,243.9654,52,21.3144978755
sar_scene,,,,,,,,,,,,,,,,,,,,,,,,sohar_port_anchorage,2026-02-17 02:06:24+00:00,2000-02-17 00:00:00+00:00,2026,long_baseline,B4_fold1,0.3,all,1,250.9679,15,5.97685998887
sar_scene,,,,,,,,,,,,,,,,,,,,,,,,jebel_ali_port_waiting_area,2026-02-19 14:23:45+00:00,2000-02-19 00:00:00+00:00,2026,long_baseline,B4_fold1,0.3,all,1,250.5412,18,7.1844471089
sar_scene,,,,,,,,,,,,,,,,,,,,,,,,bandar_abbas_port_approach,2026-02-22 02:14:04+00:00,2000-02-22 00:00:00+00:00,2026,long_baseline,B4_fold1,0.3,all,1,305.8124,68,22.2358543996
sar_scene,,,,,,,,,,,,,,,,,,,,,,,,strait_of_hormuz_transit_gate,2026-02-22 02:14:04+00:00,2000-02-22 00:00:00+00:00,2026,long_baseline,B4_fold1,0.3,all,1,186.2397,3,1.61082733703
sar_scene,,,,,,,,,,,,,,,,,,,,,,,,fujairah_port_anchorage,2026-02-22 02:14:33+00:00,2000-02-22 00:00:00+00:00,2026,long_baseline,B4_fold1,0.3,all,0.979436526905,318.6632,73,22.9081990013
sar_scene,,,,,,,,,,,,,,,,,,,,,,,,jebel_ali_port_waiting_area,2026-02-22 02:14:33+00:00,2000-02-22 00:00:00+00:00,2026,long_baseline,B4_fold1,0.3,all,1,250.5412,19,7.58358305939
sar_scene,,,,,,,,,,,,,,,,,,,,,,,,khor_fakkan_fujairah_adjacent_secondary_water,2026-02-22 02:14:33+00:00,2000-02-22 00:00:00+00:00,2026,long_baseline,B4_fold1,0.3,all,1,243.9654,51,20.9046036856
sar_scene,,,,,,,,,,,,,,,,,,,,,,,,sohar_port_anchorage,2026-02-26 14:15:14+00:00,2000-02-26 00:00:00+00:00,2026,long_baseline,B4_fold1,0.3,all,1,250.9679,19,7.57068931923
sar_scene,,,,,,,,,,,,,,,,,,,,,,,,fujairah_port_anchorage,2026-02-26 14:15:44+00:00,2000-02-26 00:00:00+00:00,2026,long_baseline,B4_fold1,0.3,all,1,325.3536,59,18.1341162354
sar_scene,,,,,,,,,,,,,,,,,,,,,,,,khor_fakkan_fujairah_adjacent_secondary_water,2026-02-26 14:15:44+00:00,2000-02-26 00:00:00+00:00,2026,long_baseline,B4_fold1,0.3,all,1,243.9654,65,26.6431223444
sar_scene,,,,,,,,,,,,,,,,,,,,,,,,bandar_abbas_port_approach,2026-02-26 14:16:09+00:00,2000-02-26 00:00:00+00:00,2026,long_baseline,B4_fold1,0.3,all,1,305.8124,84,27.4678201407
sar_scene,,,,,,,,,,,,,,,,,,,,,,,,strait_of_hormuz_transit_gate,2026-02-26 14:16:09+00:00,2000-02-26 00:00:00+00:00,2026,long_baseline,B4_fold1,0.3,all,1,186.2397,0,0
sar_scene,,,,,,,,,,,,,,,,,,,,,,,,strait_of_hormuz_transit_gate,2026-03-01 02:05:55+00:00,2000-03-01 00:00:00+00:00,2026,early,B4_fold1,0.3,all,1,186.2397,2,1.07388489135
sar_scene,,,,,,,,,,,,,,,,,,,,,,,,fujairah_port_anchorage,2026-03-01 02:06:24+00:00,2000-03-01 00:00:00+00:00,2026,early,B4_fold1,0.3,all,1,325.3536,60,18.4414741377
sar_scene,,,,,,,,,,,,,,,,,,,,,,,,khor_fakkan_fujairah_adjacent_secondary_water,2026-03-01 02:06:24+00:00,2000-03-01 00:00:00+00:00,2026,early,B4_fold1,0.3,all,1,243.9654,56,22.9540746352
sar_scene,,,,,,,,,,,,,,,,,,,,,,,,sohar_port_anchorage,2026-03-01 02:06:24+00:00,2000-03-01 00:00:00+00:00,2026,early,B4_fold1,0.3,all,1,250.9679,15,5.97685998887
sar_scene,,,,,,,,,,,,,,,,,,,,,,,,jebel_ali_port_waiting_area,2026-03-03 14:23:45+00:00,2000-03-03 00:00:00+00:00,2026,early,B4_fold1,0.3,all,1,250.5412,13,5.18876735643
sar_scene,,,,,,,,,,,,,,,,,,,,,,,,bandar_abbas_port_approach,2026-03-06 02:14:04+00:00,2000-03-06 00:00:00+00:00,2026,early,B4_fold1,0.3,all,1,305.8124,70,22.8898501173
sar_scene,,,,,,,,,,,,,,,,,,,,,,,,strait_of_hormuz_transit_gate,2026-03-06 02:14:04+00:00,2000-03-06 00:00:00+00:00,2026,early,B4_fold1,0.3,all,1,186.2397,0,0
sar_scene,,,,,,,,,,,,,,,,,,,,,,,,fujairah_port_anchorage,2026-03-06 02:14:33+00:00,2000-03-06 00:00:00+00:00,2026,early,B4_fold1,0.3,all,0.978436999007,318.338,57,17.9054966733
sar_scene,,,,,,,,,,,,,,,,,,,,,,,,jebel_ali_port_waiting_area,2026-03-06 02:14:33+00:00,2000-03-06 00:00:00+00:00,2026,early,B4_fold1,0.3,all,1,250.5412,8,3.19308760395
sar_scene,,,,,,,,,,,,,,,,,,,,,,,,khor_fakkan_fujairah_adjacent_secondary_water,2026-03-06 02:14:33+00:00,2000-03-06 00:00:00+00:00,2026,early,B4_fold1,0.3,all,1,243.9654,74,30.3321700536
sar_scene,,,,,,,,,,,,,,,,,,,,,,,,sohar_port_anchorage,2026-03-10 14:15:15+00:00,2000-03-10 00:00:00+00:00,2026,early,B4_fold1,0.3,all,1,250.9679,29,11.5552626451
sar_scene,,,,,,,,,,,,,,,,,,,,,,,,fujairah_port_anchorage,2026-03-10 14:15:44+00:00,2000-03-10 00:00:00+00:00,2026,early,B4_fold1,0.3,all,1,325.3536,69,21.2076952583
sar_scene,,,,,,,,,,,,,,,,,,,,,,,,khor_fakkan_fujairah_adjacent_secondary_water,2026-03-10 14:15:44+00:00,2000-03-10 00:00:00+00:00,2026,early,B4_fold1,0.3,all,1,243.9654,75,30.7420642435
sar_scene,,,,,,,,,,,,,,,,,,,,,,,,bandar_abbas_port_approach,2026-03-10 14:16:09+00:00,2000-03-10 00:00:00+00:00,2026,early,B4_fold1,0.3,all,1,305.8124,68,22.2358543996
sar_scene,,,,,,,,,,,,,,,,,,,,,,,,strait_of_hormuz_transit_gate,2026-03-10 14:16:09+00:00,2000-03-10 00:00:00+00:00,2026,early,B4_fold1,0.3,all,1,186.2397,1,0.536942445676
sar_scene,,,,,,,,,,,,,,,,,,,,,,,,strait_of_hormuz_transit_gate,2026-03-13 02:05:55+00:00,2000-03-13 00:00:00+00:00,2026,early,B4_fold1,0.3,all,1,186.2397,5,2.68471222838
sar_scene,,,,,,,,,,,,,,,,,,,,,,,,fujairah_port_anchorage,2026-03-13 02:06:24+00:00,2000-03-13 00:00:00+00:00,2026,early,B4_fold1,0.3,all,1,325.3536,76,23.3592005744
sar_scene,,,,,,,,,,,,,,,,,,,,,,,,khor_fakkan_fujairah_adjacent_secondary_water,2026-03-13 02:06:24+00:00,2000-03-13 00:00:00+00:00,2026,early,B4_fold1,0.3,all,1,243.9654,72,29.5123816738
sar_scene,,,,,,,,,,,,,,,,,,,,,,,,sohar_port_anchorage,2026-03-13 02:06:24+00:00,2000-03-13 00:00:00+00:00,2026,early,B4_fold1,0.3,all,1,250.9679,23,9.1645186496
sar_scene,,,,,,,,,,,,,,,,,,,,,,,,jebel_ali_port_waiting_area,2026-03-15 14:23:46+00:00,2000-03-15 00:00:00+00:00,2026,F1,B4_fold1,0.3,all,1,250.5412,14,5.58790330692
sar_scene,,,,,,,,,,,,,,,,,,,,,,,,bandar_abbas_port_approach,2026-03-18 02:14:04+00:00,2000-03-18 00:00:00+00:00,2026,F1,B4_fold1,0.3,all,1,305.8124,87,28.4488137172
sar_scene,,,,,,,,,,,,,,,,,,,,,,,,strait_of_hormuz_transit_gate,2026-03-18 02:14:04+00:00,2000-03-18 00:00:00+00:00,2026,F1,B4_fold1,0.3,all,1,186.2397,2,1.07388489135
sar_scene,,,,,,,,,,,,,,,,,,,,,,,,fujairah_port_anchorage,2026-03-18 02:14:33+00:00,2000-03-18 00:00:00+00:00,2026,F1,B4_fold1,0.3,all,0.976819374367,317.8117,41,12.9007207727
sar_scene,,,,,,,,,,,,,,,,,,,,,,,,jebel_ali_port_waiting_area,2026-03-18 02:14:33+00:00,2000-03-18 00:00:00+00:00,2026,F1,B4_fold1,0.3,all,1,250.5412,10,3.99135950494
sar_scene,,,,,,,,,,,,,,,,,,,,,,,,khor_fakkan_fujairah_adjacent_secondary_water,2026-03-18 02:14:33+00:00,2000-03-18 00:00:00+00:00,2026,F1,B4_fold1,0.3,all,1,243.9654,77,31.5618526234
sar_scene,,,,,,,,,,,,,,,,,,,,,,,,sohar_port_anchorage,2026-03-22 14:15:15+00:00,2000-03-22 00:00:00+00:00,2026,F1,B4_fold1,0.3,all,1,250.9679,25,9.96143331478
sar_scene,,,,,,,,,,,,,,,,,,,,,,,,fujairah_port_anchorage,2026-03-22 14:15:44+00:00,2000-03-22 00:00:00+00:00,2026,F1,B4_fold1,0.3,all,1,325.3536,71,21.8224110629
sar_scene,,,,,,,,,,,,,,,,,,,,,,,,khor_fakkan_fujairah_adjacent_secondary_water,2026-03-22 14:15:44+00:00,2000-03-22 00:00:00+00:00,2026,F1,B4_fold1,0.3,all,1,243.9654,80,32.7915351931
sar_scene,,,,,,,,,,,,,,,,,,,,,,,,bandar_abbas_port_approach,2026-03-22 14:16:09+00:00,2000-03-22 00:00:00+00:00,2026,F1,B4_fold1,0.3,all,1,305.8124,81,26.4868265643
sar_scene,,,,,,,,,,,,,,,,,,,,,,,,strait_of_hormuz_transit_gate,2026-03-22 14:16:09+00:00,2000-03-22 00:00:00+00:00,2026,F1,B4_fold1,0.3,all,1,186.2397,1,0.536942445676
sar_scene,,,,,,,,,,,,,,,,,,,,,,,,strait_of_hormuz_transit_gate,2026-03-25 02:05:55+00:00,2000-03-25 00:00:00+00:00,2026,F1,B4_fold1,0.3,all,1,186.2397,2,1.07388489135
sar_scene,,,,,,,,,,,,,,,,,,,,,,,,fujairah_port_anchorage,2026-03-25 02:06:25+00:00,2000-03-25 00:00:00+00:00,2026,F1,B4_fold1,0.3,all,1,325.3536,57,17.5194004308
sar_scene,,,,,,,,,,,,,,,,,,,,,,,,khor_fakkan_fujairah_adjacent_secondary_water,2026-03-25 02:06:25+00:00,2000-03-25 00:00:00+00:00,2026,F1,B4_fold1,0.3,all,1,243.9654,81,33.201429383
sar_scene,,,,,,,,,,,,,,,,,,,,,,,,sohar_port_anchorage,2026-03-25 02:06:25+00:00,2000-03-25 00:00:00+00:00,2026,F1,B4_fold1,0.3,all,1,250.9679,19,7.57068931923
sar_scene,,,,,,,,,,,,,,,,,,,,,,,,jebel_ali_port_waiting_area,2026-03-27 14:23:46+00:00,2000-03-27 00:00:00+00:00,2026,F1,B4_fold1,0.3,all,1,250.5412,13,5.18876735643
sar_scene,,,,,,,,,,,,,,,,,,,,,,,,bandar_abbas_port_approach,2026-03-30 02:14:04+00:00,2000-03-30 00:00:00+00:00,2026,F2,B4_fold1,0.3,all,1,305.8124,69,22.5628522584
sar_scene,,,,,,,,,,,,,,,,,,,,,,,,strait_of_hormuz_transit_gate,2026-03-30 02:14:04+00:00,2000-03-30 00:00:00+00:00,2026,F2,B4_fold1,0.3,all,1,186.2397,1,0.536942445676
sar_scene,,,,,,,,,,,,,,,,,,,,,,,,fujairah_port_anchorage,2026-03-30 02:14:34+00:00,2000-03-30 00:00:00+00:00,2026,F2,B4_fold1,0.3,all,0.975153801894,317.2698,51,16.0746468778
sar_scene,,,,,,,,,,,,,,,,,,,,,,,,jebel_ali_port_waiting_area,2026-03-30 02:14:34+00:00,2000-03-30 00:00:00+00:00,2026,F2,B4_fold1,0.3,all,1,250.5412,9,3.59222355445
sar_scene,,,,,,,,,,,,,,,,,,,,,,,,khor_fakkan_fujairah_adjacent_secondary_water,2026-03-30 02:14:34+00:00,2000-03-30 00:00:00+00:00,2026,F2,B4_fold1,0.3,all,1,243.9654,63,25.8233339646
sar_scene,,,,,,,,,,,,,,,,,,,,,,,,sohar_port_anchorage,2026-04-03 14:15:15+00:00,2000-04-03 00:00:00+00:00,2026,F2,B4_fold1,0.3,all,1,250.9679,28,11.1568053126
sar_scene,,,,,,,,,,,,,,,,,,,,,,,,fujairah_port_anchorage,2026-04-03 14:15:44+00:00,2000-04-03 00:00:00+00:00,2026,F2,B4_fold1,0.3,all,1,325.3536,78,23.973916379
sar_scene,,,,,,,,,,,,,,,,,,,,,,,,khor_fakkan_fujairah_adjacent_secondary_water,2026-04-03 14:15:44+00:00,2000-04-03 00:00:00+00:00,2026,F2,B4_fold1,0.3,all,1,243.9654,61,25.0035455847
sar_scene,,,,,,,,,,,,,,,,,,,,,,,,bandar_abbas_port_approach,2026-04-03 14:16:09+00:00,2000-04-03 00:00:00+00:00,2026,F2,B4_fold1,0.3,all,1,305.8124,57,18.6388779526
sar_scene,,,,,,,,,,,,,,,,,,,,,,,,strait_of_hormuz_transit_gate,2026-04-03 14:16:09+00:00,2000-04-03 00:00:00+00:00,2026,F2,B4_fold1,0.3,all,1,186.2397,1,0.536942445676
sar_scene,,,,,,,,,,,,,,,,,,,,,,,,strait_of_hormuz_transit_gate,2026-04-06 02:05:56+00:00,2000-04-06 00:00:00+00:00,2026,F2,B4_fold1,0.3,all,1,186.2397,1,0.536942445676
sar_scene,,,,,,,,,,,,,,,,,,,,,,,,fujairah_port_anchorage,2026-04-06 02:06:25+00:00,2000-04-06 00:00:00+00:00,2026,F2,B4_fold1,0.3,all,1,325.3536,76,23.3592005744
sar_scene,,,,,,,,,,,,,,,,,,,,,,,,khor_fakkan_fujairah_adjacent_secondary_water,2026-04-06 02:06:25+00:00,2000-04-06 00:00:00+00:00,2026,F2,B4_fold1,0.3,all,1,243.9654,59,24.1837572049
sar_scene,,,,,,,,,,,,,,,,,,,,,,,,sohar_port_anchorage,2026-04-06 02:06:25+00:00,2000-04-06 00:00:00+00:00,2026,F2,B4_fold1,0.3,all,1,250.9679,23,9.1645186496
sar_scene,,,,,,,,,,,,,,,,,,,,,,,,jebel_ali_port_waiting_area,2026-04-08 14:23:46+00:00,2000-04-08 00:00:00+00:00,2026,F2,B4_fold1,0.3,all,1,250.5412,11,4.39049545544
sar_scene,,,,,,,,,,,,,,,,,,,,,,,,bandar_abbas_port_approach,2026-04-11 02:14:05+00:00,2000-04-11 00:00:00+00:00,2026,F2,B4_fold1,0.3,all,1,305.8124,62,20.2738672467
sar_scene,,,,,,,,,,,,,,,,,,,,,,,,strait_of_hormuz_transit_gate,2026-04-11 02:14:05+00:00,2000-04-11 00:00:00+00:00,2026,F2,B4_fold1,0.3,all,1,186.2397,1,0.536942445676
sar_scene,,,,,,,,,,,,,,,,,,,,,,,,fujairah_port_anchorage,2026-04-11 02:14:34+00:00,2000-04-11 00:00:00+00:00,2026,F2,B4_fold1,0.3,all,0.976566418813,317.7294,53,16.6808611353
sar_scene,,,,,,,,,,,,,,,,,,,,,,,,jebel_ali_port_waiting_area,2026-04-11 02:14:34+00:00,2000-04-11 00:00:00+00:00,2026,F2,B4_fold1,0.3,all,1,250.5412,12,4.78963140593
sar_scene,,,,,,,,,,,,,,,,,,,,,,,,khor_fakkan_fujairah_adjacent_secondary_water,2026-04-11 02:14:34+00:00,2000-04-11 00:00:00+00:00,2026,F2,B4_fold1,0.3,all,1,243.9654,56,22.9540746352
sar_scene,,,,,,,,,,,,,,,,,,,,,,,,sohar_port_anchorage,2026-04-15 14:15:16+00:00,2000-04-15 00:00:00+00:00,2026,F3,B4_fold1,0.3,all,1,250.9679,36,14.3444639733
sar_scene,,,,,,,,,,,,,,,,,,,,,,,,fujairah_port_anchorage,2026-04-15 14:15:45+00:00,2000-04-15 00:00:00+00:00,2026,F3,B4_fold1,0.3,all,1,325.3536,66,20.2856215514
sar_scene,,,,,,,,,,,,,,,,,,,,,,,,khor_fakkan_fujairah_adjacent_secondary_water,2026-04-15 14:15:45+00:00,2000-04-15 00:00:00+00:00,2026,F3,B4_fold1,0.3,all,1,243.9654,64,26.2332281545
sar_scene,,,,,,,,,,,,,,,,,,,,,,,,bandar_abbas_port_approach,2026-04-15 14:16:10+00:00,2000-04-15 00:00:00+00:00,2026,F3,B4_fold1,0.3,all,1,305.8124,62,20.2738672467
sar_scene,,,,,,,,,,,,,,,,,,,,,,,,strait_of_hormuz_transit_gate,2026-04-15 14:16:10+00:00,2000-04-15 00:00:00+00:00,2026,F3,B4_fold1,0.3,all,1,186.2397,1,0.536942445676
sar_scene,,,,,,,,,,,,,,,,,,,,,,,,strait_of_hormuz_transit_gate,2026-04-18 02:05:56+00:00,2000-04-18 00:00:00+00:00,2026,F3,B4_fold1,0.3,all,1,186.2397,3,1.61082733703
sar_scene,,,,,,,,,,,,,,,,,,,,,,,,fujairah_port_anchorage,2026-04-18 02:06:25+00:00,2000-04-18 00:00:00+00:00,2026,F3,B4_fold1,0.3,all,1,325.3536,68,20.900337356
sar_scene,,,,,,,,,,,,,,,,,,,,,,,,khor_fakkan_fujairah_adjacent_secondary_water,2026-04-18 02:06:25+00:00,2000-04-18 00:00:00+00:00,2026,F3,B4_fold1,0.3,all,1,243.9654,64,26.2332281545
sar_scene,,,,,,,,,,,,,,,,,,,,,,,,sohar_port_anchorage,2026-04-18 02:06:25+00:00,2000-04-18 00:00:00+00:00,2026,F3,B4_fold1,0.3,all,1,250.9679,29,11.5552626451
sar_scene,,,,,,,,,,,,,,,,,,,,,,,,jebel_ali_port_waiting_area,2026-04-20 14:23:47+00:00,2000-04-20 00:00:00+00:00,2026,F3,B4_fold1,0.3,all,1,250.5412,14,5.58790330692
sar_scene,,,,,,,,,,,,,,,,,,,,,,,,bandar_abbas_port_approach,2026-04-23 02:14:06+00:00,2000-04-23 00:00:00+00:00,2026,F3,B4_fold1,0.3,all,1,305.8124,62,20.2738672467
sar_scene,,,,,,,,,,,,,,,,,,,,,,,,strait_of_hormuz_transit_gate,2026-04-23 02:14:06+00:00,2000-04-23 00:00:00+00:00,2026,F3,B4_fold1,0.3,all,1,186.2397,2,1.07388489135
sar_scene,,,,,,,,,,,,,,,,,,,,,,,,fujairah_port_anchorage,2026-04-23 02:14:35+00:00,2000-04-23 00:00:00+00:00,2026,F3,B4_fold1,0.3,all,0.978619262243,318.3973,62,19.4725269341
sar_scene,,,,,,,,,,,,,,,,,,,,,,,,jebel_ali_port_waiting_area,2026-04-23 02:14:35+00:00,2000-04-23 00:00:00+00:00,2026,F3,B4_fold1,0.3,all,1,250.5412,11,4.39049545544
sar_scene,,,,,,,,,,,,,,,,,,,,,,,,khor_fakkan_fujairah_adjacent_secondary_water,2026-04-23 02:14:35+00:00,2000-04-23 00:00:00+00:00,2026,F3,B4_fold1,0.3,all,1,243.9654,61,25.0035455847
sar_scene,,,,,,,,,,,,,,,,,,,,,,,,sohar_port_anchorage,2026-04-27 14:15:16+00:00,2000-04-27 00:00:00+00:00,2026,F4_tail,B4_fold1,0.3,all,1,250.9679,39,15.5398359711
sar_scene,,,,,,,,,,,,,,,,,,,,,,,,fujairah_port_anchorage,2026-04-27 14:15:46+00:00,2000-04-27 00:00:00+00:00,2026,F4_tail,B4_fold1,0.3,all,1,325.3536,84,25.8180637927
sar_scene,,,,,,,,,,,,,,,,,,,,,,,,khor_fakkan_fujairah_adjacent_secondary_water,2026-04-27 14:15:46+00:00,2000-04-27 00:00:00+00:00,2026,F4_tail,B4_fold1,0.3,all,1,243.9654,70,28.692593294
sar_scene,,,,,,,,,,,,,,,,,,,,,,,,bandar_abbas_port_approach,2026-04-27 14:16:11+00:00,2000-04-27 00:00:00+00:00,2026,F4_tail,B4_fold1,0.3,all,1,305.8124,68,22.2358543996
sar_scene,,,,,,,,,,,,,,,,,,,,,,,,strait_of_hormuz_transit_gate,2026-04-27 14:16:11+00:00,2000-04-27 00:00:00+00:00,2026,F4_tail,B4_fold1,0.3,all,1,186.2397,1,0.536942445676
sar_scene,,,,,,,,,,,,,,,,,,,,,,,,strait_of_hormuz_transit_gate,2026-04-30 02:05:57+00:00,2000-04-30 00:00:00+00:00,2026,F4_tail,B4_fold1,0.3,all,1,186.2397,0,0
sar_scene,,,,,,,,,,,,,,,,,,,,,,,,fujairah_port_anchorage,2026-04-30 02:06:26+00:00,2000-04-30 00:00:00+00:00,2026,F4_tail,B4_fold1,0.3,all,1,325.3536,71,21.8224110629
sar_scene,,,,,,,,,,,,,,,,,,,,,,,,khor_fakkan_fujairah_adjacent_secondary_water,2026-04-30 02:06:26+00:00,2000-04-30 00:00:00+00:00,2026,F4_tail,B4_fold1,0.3,all,1,243.9654,75,30.7420642435
sar_scene,,,,,,,,,,,,,,,,,,,,,,,,sohar_port_anchorage,2026-04-30 02:06:26+00:00,2000-04-30 00:00:00+00:00,2026,F4_tail,B4_fold1,0.3,all,1,250.9679,44,17.532122634
sar_scene,,,,,,,,,,,,,,,,,,,,,,,,jebel_ali_port_waiting_area,2026-05-02 14:23:48+00:00,2000-05-02 00:00:00+00:00,2026,May,B4_fold1,0.3,all,1,250.5412,12,4.78963140593
sar_scene,,,,,,,,,,,,,,,,,,,,,,,,bandar_abbas_port_approach,2026-05-05 02:14:06+00:00,2000-05-05 00:00:00+00:00,2026,May,B4_fold1,0.3,all,1,305.8124,61,19.9468693879
sar_scene,,,,,,,,,,,,,,,,,,,,,,,,strait_of_hormuz_transit_gate,2026-05-05 02:14:06+00:00,2000-05-05 00:00:00+00:00,2026,May,B4_fold1,0.3,all,1,186.2397,1,0.536942445676
sar_scene,,,,,,,,,,,,,,,,,,,,,,,,fujairah_port_anchorage,2026-05-05 02:14:35+00:00,2000-05-05 00:00:00+00:00,2026,May,B4_fold1,0.3,all,0.979102736223,318.5546,56,17.5794039703
sar_scene,,,,,,,,,,,,,,,,,,,,,,,,jebel_ali_port_waiting_area,2026-05-05 02:14:35+00:00,2000-05-05 00:00:00+00:00,2026,May,B4_fold1,0.3,all,1,250.5412,9,3.59222355445
sar_scene,,,,,,,,,,,,,,,,,,,,,,,,khor_fakkan_fujairah_adjacent_secondary_water,2026-05-05 02:14:35+00:00,2000-05-05 00:00:00+00:00,2026,May,B4_fold1,0.3,all,1,243.9654,63,25.8233339646
sar_scene,,,,,,,,,,,,,,,,,,,,,,,,sohar_port_anchorage,2026-05-09 14:15:17+00:00,2000-05-09 00:00:00+00:00,2026,May,B4_fold1,0.3,all,1,250.9679,32,12.7506346429
sar_scene,,,,,,,,,,,,,,,,,,,,,,,,fujairah_port_anchorage,2026-05-09 14:15:46+00:00,2000-05-09 00:00:00+00:00,2026,May,B4_fold1,0.3,all,1,325.3536,70,21.5150531606
sar_scene,,,,,,,,,,,,,,,,,,,,,,,,khor_fakkan_fujairah_adjacent_secondary_water,2026-05-09 14:15:46+00:00,2000-05-09 00:00:00+00:00,2026,May,B4_fold1,0.3,all,1,243.9654,69,28.2826991041
sar_scene,,,,,,,,,,,,,,,,,,,,,,,,bandar_abbas_port_approach,2026-05-09 14:16:11+00:00,2000-05-09 00:00:00+00:00,2026,May,B4_fold1,0.3,all,1,305.8124,65,21.2548608232
sar_scene,,,,,,,,,,,,,,,,,,,,,,,,strait_of_hormuz_transit_gate,2026-05-09 14:16:11+00:00,2000-05-09 00:00:00+00:00,2026,May,B4_fold1,0.3,all,1,186.2397,1,0.536942445676
sar_scene,,,,,,,,,,,,,,,,,,,,,,,,strait_of_hormuz_transit_gate,2026-05-12 02:05:58+00:00,2000-05-12 00:00:00+00:00,2026,May,B4_fold1,0.3,all,1,186.2397,5,2.68471222838
sar_scene,,,,,,,,,,,,,,,,,,,,,,,,fujairah_port_anchorage,2026-05-12 02:06:27+00:00,2000-05-12 00:00:00+00:00,2026,May,B4_fold1,0.3,all,1,325.3536,76,23.3592005744
sar_scene,,,,,,,,,,,,,,,,,,,,,,,,khor_fakkan_fujairah_adjacent_secondary_water,2026-05-12 02:06:27+00:00,2000-05-12 00:00:00+00:00,2026,May,B4_fold1,0.3,all,1,243.9654,69,28.2826991041
sar_scene,,,,,,,,,,,,,,,,,,,,,,,,sohar_port_anchorage,2026-05-12 02:06:27+00:00,2000-05-12 00:00:00+00:00,2026,May,B4_fold1,0.3,all,1,250.9679,34,13.5475493081
sar_scene,,,,,,,,,,,,,,,,,,,,,,,,jebel_ali_port_waiting_area,2026-05-14 14:23:48+00:00,2000-05-14 00:00:00+00:00,2026,May,B4_fold1,0.3,all,1,250.5412,11,4.39049545544
sar_scene,,,,,,,,,,,,,,,,,,,,,,,,bandar_abbas_port_approach,2026-05-17 02:14:07+00:00,2000-05-17 00:00:00+00:00,2026,May,B4_fold1,0.3,all,1,305.8124,57,18.6388779526
sar_scene,,,,,,,,,,,,,,,,,,,,,,,,strait_of_hormuz_transit_gate,2026-05-17 02:14:07+00:00,2000-05-17 00:00:00+00:00,2026,May,B4_fold1,0.3,all,1,186.2397,1,0.536942445676
sar_scene,,,,,,,,,,,,,,,,,,,,,,,,fujairah_port_anchorage,2026-05-17 02:14:36+00:00,2000-05-17 00:00:00+00:00,2026,May,B4_fold1,0.3,all,0.97513689721,317.2643,60,18.9116771096
sar_scene,,,,,,,,,,,,,,,,,,,,,,,,jebel_ali_port_waiting_area,2026-05-17 02:14:36+00:00,2000-05-17 00:00:00+00:00,2026,May,B4_fold1,0.3,all,1,250.5412,9,3.59222355445
sar_scene,,,,,,,,,,,,,,,,,,,,,,,,khor_fakkan_fujairah_adjacent_secondary_water,2026-05-17 02:14:36+00:00,2000-05-17 00:00:00+00:00,2026,May,B4_fold1,0.3,all,1,243.9654,69,28.2826991041
sar_scene,,,,,,,,,,,,,,,,,,,,,,,,sohar_port_anchorage,2026-05-21 14:15:18+00:00,2000-05-21 00:00:00+00:00,2026,May,B4_fold1,0.3,all,1,250.9679,35,13.9460066407
sar_scene,,,,,,,,,,,,,,,,,,,,,,,,fujairah_port_anchorage,2026-05-21 14:15:47+00:00,2000-05-21 00:00:00+00:00,2026,May,B4_fold1,0.3,all,1,325.3536,82,25.2033479882
sar_scene,,,,,,,,,,,,,,,,,,,,,,,,khor_fakkan_fujairah_adjacent_secondary_water,2026-05-21 14:15:47+00:00,2000-05-21 00:00:00+00:00,2026,May,B4_fold1,0.3,all,1,243.9654,75,30.7420642435
sar_scene,,,,,,,,,,,,,,,,,,,,,,,,bandar_abbas_port_approach,2026-05-21 14:16:12+00:00,2000-05-21 00:00:00+00:00,2026,May,B4_fold1,0.3,all,1,305.8124,55,17.984882235
sar_scene,,,,,,,,,,,,,,,,,,,,,,,,strait_of_hormuz_transit_gate,2026-05-21 14:16:12+00:00,2000-05-21 00:00:00+00:00,2026,May,B4_fold1,0.3,all,1,186.2397,1,0.536942445676
sar_scene,,,,,,,,,,,,,,,,,,,,,,,,strait_of_hormuz_transit_gate,2026-05-24 02:05:58+00:00,2000-05-24 00:00:00+00:00,2026,May,B4_fold1,0.3,all,1,186.2397,6,3.22165467406
sar_scene,,,,,,,,,,,,,,,,,,,,,,,,fujairah_port_anchorage,2026-05-24 02:06:28+00:00,2000-05-24 00:00:00+00:00,2026,May,B4_fold1,0.3,all,1,325.3536,74,22.7444847698
sar_scene,,,,,,,,,,,,,,,,,,,,,,,,khor_fakkan_fujairah_adjacent_secondary_water,2026-05-24 02:06:28+00:00,2000-05-24 00:00:00+00:00,2026,May,B4_fold1,0.3,all,1,243.9654,71,29.1024874839
sar_scene,,,,,,,,,,,,,,,,,,,,,,,,sohar_port_anchorage,2026-05-24 02:06:28+00:00,2000-05-24 00:00:00+00:00,2026,May,B4_fold1,0.3,all,1,250.9679,30,11.9537199777
sar_scene,,,,,,,,,,,,,,,,,,,,,,,,jebel_ali_port_waiting_area,2026-05-26 14:23:49+00:00,2000-05-26 00:00:00+00:00,2026,May,B4_fold1,0.3,all,1,250.5412,10,3.99135950494
sar_scene,,,,,,,,,,,,,,,,,,,,,,,,bandar_abbas_port_approach,2026-05-29 02:14:08+00:00,2000-05-29 00:00:00+00:00,2026,May,B4_fold1,0.3,all,1,305.8124,56,18.3118800938
sar_scene,,,,,,,,,,,,,,,,,,,,,,,,strait_of_hormuz_transit_gate,2026-05-29 02:14:08+00:00,2000-05-29 00:00:00+00:00,2026,May,B4_fold1,0.3,all,1,186.2397,1,0.536942445676
sar_scene,,,,,,,,,,,,,,,,,,,,,,,,fujairah_port_anchorage,2026-05-29 02:14:37+00:00,2000-05-29 00:00:00+00:00,2026,May,B4_fold1,0.3,all,0.976144109056,317.592,70,22.0408574523
sar_scene,,,,,,,,,,,,,,,,,,,,,,,,jebel_ali_port_waiting_area,2026-05-29 02:14:37+00:00,2000-05-29 00:00:00+00:00,2026,May,B4_fold1,0.3,all,1,250.5412,8,3.19308760395
sar_scene,,,,,,,,,,,,,,,,,,,,,,,,khor_fakkan_fujairah_adjacent_secondary_water,2026-05-29 02:14:37+00:00,2000-05-29 00:00:00+00:00,2026,May,B4_fold1,0.3,all,1,243.9654,62,25.4134397747
sar_scene,,,,,,,,,,,,,,,,,,,,,,,,sohar_port_anchorage,2026-06-02 14:15:18+00:00,2000-06-02 00:00:00+00:00,2026,June,B4_fold1,0.3,all,1,250.9679,51,20.3213239621
sar_scene,,,,,,,,,,,,,,,,,,,,,,,,fujairah_port_anchorage,2026-06-02 14:15:48+00:00,2000-06-02 00:00:00+00:00,2026,June,B4_fold1,0.3,all,1,325.3536,93,28.5842849134
sar_scene,,,,,,,,,,,,,,,,,,,,,,,,khor_fakkan_fujairah_adjacent_secondary_water,2026-06-02 14:15:48+00:00,2000-06-02 00:00:00+00:00,2026,June,B4_fold1,0.3,all,1,243.9654,69,28.2826991041
sar_scene,,,,,,,,,,,,,,,,,,,,,,,,bandar_abbas_port_approach,2026-06-02 14:16:13+00:00,2000-06-02 00:00:00+00:00,2026,June,B4_fold1,0.3,all,1,305.8124,66,21.581858682
sar_scene,,,,,,,,,,,,,,,,,,,,,,,,strait_of_hormuz_transit_gate,2026-06-02 14:16:13+00:00,2000-06-02 00:00:00+00:00,2026,June,B4_fold1,0.3,all,1,186.2397,1,0.536942445676
sar_scene,,,,,,,,,,,,,,,,,,,,,,,,strait_of_hormuz_transit_gate,2026-06-05 02:05:59+00:00,2000-06-05 00:00:00+00:00,2026,June,B4_fold1,0.3,all,1,186.2397,2,1.07388489135
sar_scene,,,,,,,,,,,,,,,,,,,,,,,,fujairah_port_anchorage,2026-06-05 02:06:28+00:00,2000-06-05 00:00:00+00:00,2026,June,B4_fold1,0.3,all,1,325.3536,89,27.3548533042
sar_scene,,,,,,,,,,,,,,,,,,,,,,,,khor_fakkan_fujairah_adjacent_secondary_water,2026-06-05 02:06:28+00:00,2000-06-05 00:00:00+00:00,2026,June,B4_fold1,0.3,all,1,243.9654,76,31.1519584334
sar_scene,,,,,,,,,,,,,,,,,,,,,,,,sohar_port_anchorage,2026-06-05 02:06:28+00:00,2000-06-05 00:00:00+00:00,2026,June,B4_fold1,0.3,all,1,250.9679,56,22.3136106251
sar_scene,,,,,,,,,,,,,,,,,,,,,,,,jebel_ali_port_waiting_area,2026-06-07 14:23:50+00:00,2000-06-07 00:00:00+00:00,2026,June,B4_fold1,0.3,all,1,250.5412,12,4.78963140593
sar_scene,,,,,,,,,,,,,,,,,,,,,,,,jebel_ali_port_waiting_area,2026-06-26 14:23:48+00:00,2000-06-26 00:00:00+00:00,2026,June,B4_fold1,0.3,all,1,250.5412,12,4.78963140593
sar_scene,,,,,,,,,,,,,,,,,,,,,,,,bandar_abbas_port_approach,2026-06-29 02:14:06+00:00,2000-06-29 00:00:00+00:00,2026,June,B4_fold1,0.3,all,1,305.8124,70,22.8898501173
sar_scene,,,,,,,,,,,,,,,,,,,,,,,,strait_of_hormuz_transit_gate,2026-06-29 02:14:06+00:00,2000-06-29 00:00:00+00:00,2026,June,B4_fold1,0.3,all,1,186.2397,1,0.536942445676
sar_scene,,,,,,,,,,,,,,,,,,,,,,,,fujairah_port_anchorage,2026-06-29 02:14:36+00:00,2000-06-29 00:00:00+00:00,2026,June,B4_fold1,0.3,all,0.974197304102,316.9586,74,23.3468976705
sar_scene,,,,,,,,,,,,,,,,,,,,,,,,jebel_ali_port_waiting_area,2026-06-29 02:14:36+00:00,2000-06-29 00:00:00+00:00,2026,June,B4_fold1,0.3,all,1,250.5412,6,2.39481570297
sar_scene,,,,,,,,,,,,,,,,,,,,,,,,khor_fakkan_fujairah_adjacent_secondary_water,2026-06-29 02:14:36+00:00,2000-06-29 00:00:00+00:00,2026,June,B4_fold1,0.3,all,1,243.9654,74,30.3321700536
sar_scene,,,,,,,,,,,,,,,,,,,,,,,,sohar_port_anchorage,2026-05-10 14:15:27+00:00,2000-05-10 00:00:00+00:00,2026,May,B4_fold1,0.3,all,1,250.9679,41,16.3367506362
sar_scene,,,,,,,,,,,,,,,,,,,,,,,,fujairah_port_anchorage,2026-05-10 14:15:56+00:00,2000-05-10 00:00:00+00:00,2026,May,B4_fold1,0.3,all,1,325.3536,78,23.973916379
sar_scene,,,,,,,,,,,,,,,,,,,,,,,,khor_fakkan_fujairah_adjacent_secondary_water,2026-05-10 14:15:56+00:00,2000-05-10 00:00:00+00:00,2026,May,B4_fold1,0.3,all,1,243.9654,72,29.5123816738
sar_scene,,,,,,,,,,,,,,,,,,,,,,,,bandar_abbas_port_approach,2026-05-10 14:16:21+00:00,2000-05-10 00:00:00+00:00,2026,May,B4_fold1,0.3,all,1,305.8124,63,20.6008651055
sar_scene,,,,,,,,,,,,,,,,,,,,,,,,strait_of_hormuz_transit_gate,2026-05-10 14:16:21+00:00,2000-05-10 00:00:00+00:00,2026,May,B4_fold1,0.3,all,1,186.2397,1,0.536942445676
sar_scene,,,,,,,,,,,,,,,,,,,,,,,,strait_of_hormuz_transit_gate,2026-05-13 02:06:08+00:00,2000-05-13 00:00:00+00:00,2026,May,B4_fold1,0.3,all,1,186.2397,3,1.61082733703
sar_scene,,,,,,,,,,,,,,,,,,,,,,,,fujairah_port_anchorage,2026-05-13 02:06:37+00:00,2000-05-13 00:00:00+00:00,2026,May,B4_fold1,0.3,all,1,325.3536,79,24.2812742813
sar_scene,,,,,,,,,,,,,,,,,,,,,,,,khor_fakkan_fujairah_adjacent_secondary_water,2026-05-13 02:06:37+00:00,2000-05-13 00:00:00+00:00,2026,May,B4_fold1,0.3,all,1,243.9654,64,26.2332281545
sar_scene,,,,,,,,,,,,,,,,,,,,,,,,sohar_port_anchorage,2026-05-13 02:06:37+00:00,2000-05-13 00:00:00+00:00,2026,May,B4_fold1,0.3,all,1,250.9679,36,14.3444639733
sar_scene,,,,,,,,,,,,,,,,,,,,,,,,jebel_ali_port_waiting_area,2026-05-15 14:23:58+00:00,2000-05-15 00:00:00+00:00,2026,May,B4_fold1,0.3,all,1,250.5412,8,3.19308760395
sar_scene,,,,,,,,,,,,,,,,,,,,,,,,bandar_abbas_port_approach,2026-05-18 02:14:17+00:00,2000-05-18 00:00:00+00:00,2026,May,B4_fold1,0.3,all,1,305.8124,54,17.6578843762
sar_scene,,,,,,,,,,,,,,,,,,,,,,,,strait_of_hormuz_transit_gate,2026-05-18 02:14:17+00:00,2000-05-18 00:00:00+00:00,2026,May,B4_fold1,0.3,all,1,186.2397,1,0.536942445676
sar_scene,,,,,,,,,,,,,,,,,,,,,,,,fujairah_port_anchorage,2026-05-18 02:14:46+00:00,2000-05-18 00:00:00+00:00,2026,May,B4_fold1,0.3,all,0.976148412066,317.5934,70,22.0407602929
sar_scene,,,,,,,,,,,,,,,,,,,,,,,,jebel_ali_port_waiting_area,2026-05-18 02:14:46+00:00,2000-05-18 00:00:00+00:00,2026,May,B4_fold1,0.3,all,1,250.5412,8,3.19308760395
sar_scene,,,,,,,,,,,,,,,,,,,,,,,,khor_fakkan_fujairah_adjacent_secondary_water,2026-05-18 02:14:46+00:00,2000-05-18 00:00:00+00:00,2026,May,B4_fold1,0.3,all,1,243.9654,70,28.692593294
sar_scene,,,,,,,,,,,,,,,,,,,,,,,,sohar_port_anchorage,2026-05-22 14:15:28+00:00,2000-05-22 00:00:00+00:00,2026,May,B4_fold1,0.3,all,1,250.9679,38,15.1413786385
sar_scene,,,,,,,,,,,,,,,,,,,,,,,,fujairah_port_anchorage,2026-05-22 14:15:57+00:00,2000-05-22 00:00:00+00:00,2026,May,B4_fold1,0.3,all,1,325.3536,77,23.6665584767
sar_scene,,,,,,,,,,,,,,,,,,,,,,,,khor_fakkan_fujairah_adjacent_secondary_water,2026-05-22 14:15:57+00:00,2000-05-22 00:00:00+00:00,2026,May,B4_fold1,0.3,all,1,243.9654,74,30.3321700536
sar_scene,,,,,,,,,,,,,,,,,,,,,,,,bandar_abbas_port_approach,2026-05-22 14:16:22+00:00,2000-05-22 00:00:00+00:00,2026,May,B4_fold1,0.3,all,1,305.8124,45,14.7149036468
sar_scene,,,,,,,,,,,,,,,,,,,,,,,,strait_of_hormuz_transit_gate,2026-05-22 14:16:22+00:00,2000-05-22 00:00:00+00:00,2026,May,B4_fold1,0.3,all,1,186.2397,1,0.536942445676
sar_scene,,,,,,,,,,,,,,,,,,,,,,,,strait_of_hormuz_transit_gate,2026-05-25 02:06:08+00:00,2000-05-25 00:00:00+00:00,2026,May,B4_fold1,0.3,all,1,186.2397,3,1.61082733703
sar_scene,,,,,,,,,,,,,,,,,,,,,,,,fujairah_port_anchorage,2026-05-25 02:06:38+00:00,2000-05-25 00:00:00+00:00,2026,May,B4_fold1,0.3,all,1,325.3536,79,24.2812742813
sar_scene,,,,,,,,,,,,,,,,,,,,,,,,khor_fakkan_fujairah_adjacent_secondary_water,2026-05-25 02:06:38+00:00,2000-05-25 00:00:00+00:00,2026,May,B4_fold1,0.3,all,1,243.9654,71,29.1024874839
sar_scene,,,,,,,,,,,,,,,,,,,,,,,,sohar_port_anchorage,2026-05-25 02:06:38+00:00,2000-05-25 00:00:00+00:00,2026,May,B4_fold1,0.3,all,1,250.9679,34,13.5475493081
sar_scene,,,,,,,,,,,,,,,,,,,,,,,,jebel_ali_port_waiting_area,2026-05-27 14:23:59+00:00,2000-05-27 00:00:00+00:00,2026,May,B4_fold1,0.3,all,1,250.5412,9,3.59222355445
sar_scene,,,,,,,,,,,,,,,,,,,,,,,,bandar_abbas_port_approach,2026-05-30 02:14:17+00:00,2000-05-30 00:00:00+00:00,2026,May,B4_fold1,0.3,all,1,305.8124,65,21.2548608232
sar_scene,,,,,,,,,,,,,,,,,,,,,,,,strait_of_hormuz_transit_gate,2026-05-30 02:14:17+00:00,2000-05-30 00:00:00+00:00,2026,May,B4_fold1,0.3,all,1,186.2397,1,0.536942445676
sar_scene,,,,,,,,,,,,,,,,,,,,,,,,fujairah_port_anchorage,2026-05-30 02:14:47+00:00,2000-05-30 00:00:00+00:00,2026,May,B4_fold1,0.3,all,0.976533531518,317.7187,75,23.6057871318
sar_scene,,,,,,,,,,,,,,,,,,,,,,,,jebel_ali_port_waiting_area,2026-05-30 02:14:47+00:00,2000-05-30 00:00:00+00:00,2026,May,B4_fold1,0.3,all,1,250.5412,11,4.39049545544
sar_scene,,,,,,,,,,,,,,,,,,,,,,,,khor_fakkan_fujairah_adjacent_secondary_water,2026-05-30 02:14:47+00:00,2000-05-30 00:00:00+00:00,2026,May,B4_fold1,0.3,all,1,243.9654,64,26.2332281545
sar_scene,,,,,,,,,,,,,,,,,,,,,,,,sohar_port_anchorage,2026-06-03 14:15:28+00:00,2000-06-03 00:00:00+00:00,2026,June,B4_fold1,0.3,all,1,250.9679,50,19.9228666296
sar_scene,,,,,,,,,,,,,,,,,,,,,,,,fujairah_port_anchorage,2026-06-03 14:15:58+00:00,2000-06-03 00:00:00+00:00,2026,June,B4_fold1,0.3,all,1,325.3536,94,28.8916428157
sar_scene,,,,,,,,,,,,,,,,,,,,,,,,khor_fakkan_fujairah_adjacent_secondary_water,2026-06-03 14:15:58+00:00,2000-06-03 00:00:00+00:00,2026,June,B4_fold1,0.3,all,1,243.9654,69,28.2826991041
sar_scene,,,,,,,,,,,,,,,,,,,,,,,,bandar_abbas_port_approach,2026-06-03 14:16:23+00:00,2000-06-03 00:00:00+00:00,2026,June,B4_fold1,0.3,all,1,305.8124,67,21.9088565408
sar_scene,,,,,,,,,,,,,,,,,,,,,,,,strait_of_hormuz_transit_gate,2026-06-03 14:16:23+00:00,2000-06-03 00:00:00+00:00,2026,June,B4_fold1,0.3,all,1,186.2397,2,1.07388489135
sar_scene,,,,,,,,,,,,,,,,,,,,,,,,strait_of_hormuz_transit_gate,2026-06-06 02:06:09+00:00,2000-06-06 00:00:00+00:00,2026,June,B4_fold1,0.3,all,1,186.2397,3,1.61082733703
sar_scene,,,,,,,,,,,,,,,,,,,,,,,,fujairah_port_anchorage,2026-06-06 02:06:38+00:00,2000-06-06 00:00:00+00:00,2026,June,B4_fold1,0.3,all,1,325.3536,95,29.199000718
sar_scene,,,,,,,,,,,,,,,,,,,,,,,,khor_fakkan_fujairah_adjacent_secondary_water,2026-06-06 02:06:38+00:00,2000-06-06 00:00:00+00:00,2026,June,B4_fold1,0.3,all,1,243.9654,84,34.4311119528
sar_scene,,,,,,,,,,,,,,,,,,,,,,,,sohar_port_anchorage,2026-06-06 02:06:38+00:00,2000-06-06 00:00:00+00:00,2026,June,B4_fold1,0.3,all,1,250.9679,51,20.3213239621
sar_scene,,,,,,,,,,,,,,,,,,,,,,,,jebel_ali_port_waiting_area,2026-06-08 14:24:00+00:00,2000-06-08 00:00:00+00:00,2026,June,B4_fold1,0.3,all,1,250.5412,10,3.99135950494
sar_scene,,,,,,,,,,,,,,,,,,,,,,,,bandar_abbas_port_approach,2026-06-11 02:14:18+00:00,2000-06-11 00:00:00+00:00,2026,June,B4_fold1,0.3,all,1,305.8124,55,17.984882235
sar_scene,,,,,,,,,,,,,,,,,,,,,,,,strait_of_hormuz_transit_gate,2026-06-11 02:14:18+00:00,2000-06-11 00:00:00+00:00,2026,June,B4_fold1,0.3,all,1,186.2397,0,0
sar_scene,,,,,,,,,,,,,,,,,,,,,,,,fujairah_port_anchorage,2026-06-11 02:14:48+00:00,2000-06-11 00:00:00+00:00,2026,June,B4_fold1,0.3,all,0.977607747386,318.0682,89,27.9814203369
sar_scene,,,,,,,,,,,,,,,,,,,,,,,,jebel_ali_port_waiting_area,2026-06-11 02:14:48+00:00,2000-06-11 00:00:00+00:00,2026,June,B4_fold1,0.3,all,1,250.5412,5,1.99567975247
sar_scene,,,,,,,,,,,,,,,,,,,,,,,,khor_fakkan_fujairah_adjacent_secondary_water,2026-06-11 02:14:48+00:00,2000-06-11 00:00:00+00:00,2026,June,B4_fold1,0.3,all,1,243.9654,89,36.4805829023
sar_scene,,,,,,,,,,,,,,,,,,,,,,,,sohar_port_anchorage,2026-06-15 14:15:29+00:00,2000-06-15 00:00:00+00:00,2026,June,B4_fold1,0.3,all,1,250.9679,64,25.5012692858
sar_scene,,,,,,,,,,,,,,,,,,,,,,,,fujairah_port_anchorage,2026-06-15 14:15:59+00:00,2000-06-15 00:00:00+00:00,2026,June,B4_fold1,0.3,all,1,325.3536,96,29.5063586203
sar_scene,,,,,,,,,,,,,,,,,,,,,,,,khor_fakkan_fujairah_adjacent_secondary_water,2026-06-15 14:15:59+00:00,2000-06-15 00:00:00+00:00,2026,June,B4_fold1,0.3,all,1,243.9654,83,34.0212177628
sar_scene,,,,,,,,,,,,,,,,,,,,,,,,bandar_abbas_port_approach,2026-06-15 14:16:24+00:00,2000-06-15 00:00:00+00:00,2026,June,B4_fold1,0.3,all,1,305.8124,50,16.3498929409
sar_scene,,,,,,,,,,,,,,,,,,,,,,,,strait_of_hormuz_transit_gate,2026-06-15 14:16:24+00:00,2000-06-15 00:00:00+00:00,2026,June,B4_fold1,0.3,all,1,186.2397,1,0.536942445676
sar_scene,,,,,,,,,,,,,,,,,,,,,,,,strait_of_hormuz_transit_gate,2026-06-18 02:06:10+00:00,2000-06-18 00:00:00+00:00,2026,June,B4_fold1,0.3,all,1,186.2397,1,0.536942445676
sar_scene,,,,,,,,,,,,,,,,,,,,,,,,fujairah_port_anchorage,2026-06-18 02:06:39+00:00,2000-06-18 00:00:00+00:00,2026,June,B4_fold1,0.3,all,1,325.3536,90,27.6622112065
sar_scene,,,,,,,,,,,,,,,,,,,,,,,,khor_fakkan_fujairah_adjacent_secondary_water,2026-06-18 02:06:39+00:00,2000-06-18 00:00:00+00:00,2026,June,B4_fold1,0.3,all,1,243.9654,88,36.0706887124
sar_scene,,,,,,,,,,,,,,,,,,,,,,,,sohar_port_anchorage,2026-06-18 02:06:39+00:00,2000-06-18 00:00:00+00:00,2026,June,B4_fold1,0.3,all,1,250.9679,50,19.9228666296
sar_scene,,,,,,,,,,,,,,,,,,,,,,,,jebel_ali_port_waiting_area,2026-06-20 14:24:01+00:00,2000-06-20 00:00:00+00:00,2026,June,B4_fold1,0.3,all,1,250.5412,13,5.18876735643
sar_scene,,,,,,,,,,,,,,,,,,,,,,,,bandar_abbas_port_approach,2026-06-23 02:14:19+00:00,2000-06-23 00:00:00+00:00,2026,June,B4_fold1,0.3,all,1,305.8124,52,17.0038886585
sar_scene,,,,,,,,,,,,,,,,,,,,,,,,strait_of_hormuz_transit_gate,2026-06-23 02:14:19+00:00,2000-06-23 00:00:00+00:00,2026,June,B4_fold1,0.3,all,1,186.2397,0,0
sar_scene,,,,,,,,,,,,,,,,,,,,,,,,fujairah_port_anchorage,2026-06-23 02:14:49+00:00,2000-06-23 00:00:00+00:00,2026,June,B4_fold1,0.3,all,0.975326844393,317.3261,90,28.3619910244
sar_scene,,,,,,,,,,,,,,,,,,,,,,,,jebel_ali_port_waiting_area,2026-06-23 02:14:49+00:00,2000-06-23 00:00:00+00:00,2026,June,B4_fold1,0.3,all,1,250.5412,15,5.98703925742
sar_scene,,,,,,,,,,,,,,,,,,,,,,,,khor_fakkan_fujairah_adjacent_secondary_water,2026-06-23 02:14:49+00:00,2000-06-23 00:00:00+00:00,2026,June,B4_fold1,0.3,all,1,243.9654,68,27.8728049141
sar_scene,,,,,,,,,,,,,,,,,,,,,,,,sohar_port_anchorage,2026-06-27 14:15:35+00:00,2000-06-27 00:00:00+00:00,2026,June,B4_fold1,0.3,all,1,250.9679,48,19.1259519644
sar_scene,,,,,,,,,,,,,,,,,,,,,,,,fujairah_port_anchorage,2026-06-27 14:16:00+00:00,2000-06-27 00:00:00+00:00,2026,June,B4_fold1,0.3,all,1,325.3536,85,26.125421695
sar_scene,,,,,,,,,,,,,,,,,,,,,,,,khor_fakkan_fujairah_adjacent_secondary_water,2026-06-27 14:16:00+00:00,2000-06-27 00:00:00+00:00,2026,June,B4_fold1,0.3,all,1,243.9654,73,29.9222758637
sar_scene,,,,,,,,,,,,,,,,,,,,,,,,bandar_abbas_port_approach,2026-06-27 14:16:25+00:00,2000-06-27 00:00:00+00:00,2026,June,B4_fold1,0.3,all,1,305.8124,61,19.9468693879
sar_scene,,,,,,,,,,,,,,,,,,,,,,,,strait_of_hormuz_transit_gate,2026-06-27 14:16:25+00:00,2000-06-27 00:00:00+00:00,2026,June,B4_fold1,0.3,all,1,186.2397,1,0.536942445676
sar_scene,,,,,,,,,,,,,,,,,,,,,,,,strait_of_hormuz_transit_gate,2026-06-30 02:06:12+00:00,2000-06-30 00:00:00+00:00,2026,June,B4_fold1,0.3,all,1,186.2397,1,0.536942445676
sar_scene,,,,,,,,,,,,,,,,,,,,,,,,fujairah_port_anchorage,2026-06-30 02:06:37+00:00,2000-06-30 00:00:00+00:00,2026,June,B4_fold1,0.3,all,1,325.3536,84,25.8180637927
sar_scene,,,,,,,,,,,,,,,,,,,,,,,,khor_fakkan_fujairah_adjacent_secondary_water,2026-06-30 02:06:37+00:00,2000-06-30 00:00:00+00:00,2026,June,B4_fold1,0.3,all,1,243.9654,85,34.8410061427
sar_scene,,,,,,,,,,,,,,,,,,,,,,,,sohar_port_anchorage,2026-06-30 02:06:37+00:00,2000-06-30 00:00:00+00:00,2026,June,B4_fold1,0.3,all,1,250.9679,52,20.7197812947
